index,name,prompt,negative_prompt,category,weight,favorite
1,Female/Underwear & Lingerie/Color/Black,"Use a black color palette for the underwear or lingerie, keeping the garment unbranded, fashionable, and clearly readable.","visible brand logo, brand name, advertising text, watermark, random lettering, child, teen, underage, exposed genitals, exposed nipples, wardrobe malfunction, unintended transparency, explicit sexual pose, fetish pose, damaged garment, impossible seams, duplicated clothing, malformed hands, extra fingers, broken anatomy, low detail, blur",Clothing/Female/Underwear & Lingerie/Color,1,False
2,Female/Underwear & Lingerie/Color/White,"Use a white color palette for the underwear or lingerie, keeping the garment unbranded, fashionable, and clearly readable.","visible brand logo, brand name, advertising text, watermark, random lettering, child, teen, underage, exposed genitals, exposed nipples, wardrobe malfunction, unintended transparency, explicit sexual pose, fetish pose, damaged garment, impossible seams, duplicated clothing, malformed hands, extra fingers, broken anatomy, low detail, blur",Clothing/Female/Underwear & Lingerie/Color,1,False
3,Female/Underwear & Lingerie/Color/Ivory,"Use a ivory color palette for the underwear or lingerie, keeping the garment unbranded, fashionable, and clearly readable.","visible brand logo, brand name, advertising text, watermark, random lettering, child, teen, underage, exposed genitals, exposed nipples, wardrobe malfunction, unintended transparency, explicit sexual pose, fetish pose, damaged garment, impossible seams, duplicated clothing, malformed hands, extra fingers, broken anatomy, low detail, blur",Clothing/Female/Underwear & Lingerie/Color,1,False
4,Female/Underwear & Lingerie/Color/Cream,"Use a cream color palette for the underwear or lingerie, keeping the garment unbranded, fashionable, and clearly readable.","visible brand logo, brand name, advertising text, watermark, random lettering, child, teen, underage, exposed genitals, exposed nipples, wardrobe malfunction, unintended transparency, explicit sexual pose, fetish pose, damaged garment, impossible seams, duplicated clothing, malformed hands, extra fingers, broken anatomy, low detail, blur",Clothing/Female/Underwear & Lingerie/Color,1,False
5,Female/Underwear & Lingerie/Color/Champagne,"Use a champagne color palette for the underwear or lingerie, keeping the garment unbranded, fashionable, and clearly readable.","visible brand logo, brand name, advertising text, watermark, random lettering, child, teen, underage, exposed genitals, exposed nipples, wardrobe malfunction, unintended transparency, explicit sexual pose, fetish pose, damaged garment, impossible seams, duplicated clothing, malformed hands, extra fingers, broken anatomy, low detail, blur",Clothing/Female/Underwear & Lingerie/Color,1,False
6,Female/Underwear & Lingerie/Color/Beige,"Use a beige color palette for the underwear or lingerie, keeping the garment unbranded, fashionable, and clearly readable.","visible brand logo, brand name, advertising text, watermark, random lettering, child, teen, underage, exposed genitals, exposed nipples, wardrobe malfunction, unintended transparency, explicit sexual pose, fetish pose, damaged garment, impossible seams, duplicated clothing, malformed hands, extra fingers, broken anatomy, low detail, blur",Clothing/Female/Underwear & Lingerie/Color,1,False
7,Female/Underwear & Lingerie/Color/Nude,"Use a nude color palette for the underwear or lingerie, keeping the garment unbranded, fashionable, and clearly readable.","visible brand logo, brand name, advertising text, watermark, random lettering, child, teen, underage, exposed genitals, exposed nipples, wardrobe malfunction, unintended transparency, explicit sexual pose, fetish pose, damaged garment, impossible seams, duplicated clothing, malformed hands, extra fingers, broken anatomy, low detail, blur",Clothing/Female/Underwear & Lingerie/Color,1,False
8,Female/Underwear & Lingerie/Color/Taupe,"Use a taupe color palette for the underwear or lingerie, keeping the garment unbranded, fashionable, and clearly readable.","visible brand logo, brand name, advertising text, watermark, random lettering, child, teen, underage, exposed genitals, exposed nipples, wardrobe malfunction, unintended transparency, explicit sexual pose, fetish pose, damaged garment, impossible seams, duplicated clothing, malformed hands, extra fingers, broken anatomy, low detail, blur",Clothing/Female/Underwear & Lingerie/Color,1,False
9,Female/Underwear & Lingerie/Color/Chocolate Brown,"Use a chocolate brown color palette for the underwear or lingerie, keeping the garment unbranded, fashionable, and clearly readable.","visible brand logo, brand name, advertising text, watermark, random lettering, child, teen, underage, exposed genitals, exposed nipples, wardrobe malfunction, unintended transparency, explicit sexual pose, fetish pose, damaged garment, impossible seams, duplicated clothing, malformed hands, extra fingers, broken anatomy, low detail, blur",Clothing/Female/Underwear & Lingerie/Color,1,False
10,Female/Underwear & Lingerie/Color/Red,"Use a red color palette for the underwear or lingerie, keeping the garment unbranded, fashionable, and clearly readable.","visible brand logo, brand name, advertising text, watermark, random lettering, child, teen, underage, exposed genitals, exposed nipples, wardrobe malfunction, unintended transparency, explicit sexual pose, fetish pose, damaged garment, impossible seams, duplicated clothing, malformed hands, extra fingers, broken anatomy, low detail, blur",Clothing/Female/Underwear & Lingerie/Color,1,False
11,Female/Underwear & Lingerie/Color/Burgundy,"Use a burgundy color palette for the underwear or lingerie, keeping the garment unbranded, fashionable, and clearly readable.","visible brand logo, brand name, advertising text, watermark, random lettering, child, teen, underage, exposed genitals, exposed nipples, wardrobe malfunction, unintended transparency, explicit sexual pose, fetish pose, damaged garment, impossible seams, duplicated clothing, malformed hands, extra fingers, broken anatomy, low detail, blur",Clothing/Female/Underwear & Lingerie/Color,1,False
12,Female/Underwear & Lingerie/Color/Blush Pink,"Use a blush pink color palette for the underwear or lingerie, keeping the garment unbranded, fashionable, and clearly readable.","visible brand logo, brand name, advertising text, watermark, random lettering, child, teen, underage, exposed genitals, exposed nipples, wardrobe malfunction, unintended transparency, explicit sexual pose, fetish pose, damaged garment, impossible seams, duplicated clothing, malformed hands, extra fingers, broken anatomy, low detail, blur",Clothing/Female/Underwear & Lingerie/Color,1,False
13,Female/Underwear & Lingerie/Color/Hot Pink,"Use a hot pink color palette for the underwear or lingerie, keeping the garment unbranded, fashionable, and clearly readable.","visible brand logo, brand name, advertising text, watermark, random lettering, child, teen, underage, exposed genitals, exposed nipples, wardrobe malfunction, unintended transparency, explicit sexual pose, fetish pose, damaged garment, impossible seams, duplicated clothing, malformed hands, extra fingers, broken anatomy, low detail, blur",Clothing/Female/Underwear & Lingerie/Color,1,False
14,Female/Underwear & Lingerie/Color/Rose,"Use a rose color palette for the underwear or lingerie, keeping the garment unbranded, fashionable, and clearly readable.","visible brand logo, brand name, advertising text, watermark, random lettering, child, teen, underage, exposed genitals, exposed nipples, wardrobe malfunction, unintended transparency, explicit sexual pose, fetish pose, damaged garment, impossible seams, duplicated clothing, malformed hands, extra fingers, broken anatomy, low detail, blur",Clothing/Female/Underwear & Lingerie/Color,1,False
15,Female/Underwear & Lingerie/Color/Peach,"Use a peach color palette for the underwear or lingerie, keeping the garment unbranded, fashionable, and clearly readable.","visible brand logo, brand name, advertising text, watermark, random lettering, child, teen, underage, exposed genitals, exposed nipples, wardrobe malfunction, unintended transparency, explicit sexual pose, fetish pose, damaged garment, impossible seams, duplicated clothing, malformed hands, extra fingers, broken anatomy, low detail, blur",Clothing/Female/Underwear & Lingerie/Color,1,False
16,Female/Underwear & Lingerie/Color/Lavender,"Use a lavender color palette for the underwear or lingerie, keeping the garment unbranded, fashionable, and clearly readable.","visible brand logo, brand name, advertising text, watermark, random lettering, child, teen, underage, exposed genitals, exposed nipples, wardrobe malfunction, unintended transparency, explicit sexual pose, fetish pose, damaged garment, impossible seams, duplicated clothing, malformed hands, extra fingers, broken anatomy, low detail, blur",Clothing/Female/Underwear & Lingerie/Color,1,False
17,Female/Underwear & Lingerie/Color/Lilac,"Use a lilac color palette for the underwear or lingerie, keeping the garment unbranded, fashionable, and clearly readable.","visible brand logo, brand name, advertising text, watermark, random lettering, child, teen, underage, exposed genitals, exposed nipples, wardrobe malfunction, unintended transparency, explicit sexual pose, fetish pose, damaged garment, impossible seams, duplicated clothing, malformed hands, extra fingers, broken anatomy, low detail, blur",Clothing/Female/Underwear & Lingerie/Color,1,False
18,Female/Underwear & Lingerie/Color/Plum,"Use a plum color palette for the underwear or lingerie, keeping the garment unbranded, fashionable, and clearly readable.","visible brand logo, brand name, advertising text, watermark, random lettering, child, teen, underage, exposed genitals, exposed nipples, wardrobe malfunction, unintended transparency, explicit sexual pose, fetish pose, damaged garment, impossible seams, duplicated clothing, malformed hands, extra fingers, broken anatomy, low detail, blur",Clothing/Female/Underwear & Lingerie/Color,1,False
19,Female/Underwear & Lingerie/Color/Royal Blue,"Use a royal blue color palette for the underwear or lingerie, keeping the garment unbranded, fashionable, and clearly readable.","visible brand logo, brand name, advertising text, watermark, random lettering, child, teen, underage, exposed genitals, exposed nipples, wardrobe malfunction, unintended transparency, explicit sexual pose, fetish pose, damaged garment, impossible seams, duplicated clothing, malformed hands, extra fingers, broken anatomy, low detail, blur",Clothing/Female/Underwear & Lingerie/Color,1,False
20,Female/Underwear & Lingerie/Color/Navy,"Use a navy color palette for the underwear or lingerie, keeping the garment unbranded, fashionable, and clearly readable.","visible brand logo, brand name, advertising text, watermark, random lettering, child, teen, underage, exposed genitals, exposed nipples, wardrobe malfunction, unintended transparency, explicit sexual pose, fetish pose, damaged garment, impossible seams, duplicated clothing, malformed hands, extra fingers, broken anatomy, low detail, blur",Clothing/Female/Underwear & Lingerie/Color,1,False
21,Female/Underwear & Lingerie/Color/Baby Blue,"Use a baby blue color palette for the underwear or lingerie, keeping the garment unbranded, fashionable, and clearly readable.","visible brand logo, brand name, advertising text, watermark, random lettering, child, teen, underage, exposed genitals, exposed nipples, wardrobe malfunction, unintended transparency, explicit sexual pose, fetish pose, damaged garment, impossible seams, duplicated clothing, malformed hands, extra fingers, broken anatomy, low detail, blur",Clothing/Female/Underwear & Lingerie/Color,1,False
22,Female/Underwear & Lingerie/Color/Turquoise,"Use a turquoise color palette for the underwear or lingerie, keeping the garment unbranded, fashionable, and clearly readable.","visible brand logo, brand name, advertising text, watermark, random lettering, child, teen, underage, exposed genitals, exposed nipples, wardrobe malfunction, unintended transparency, explicit sexual pose, fetish pose, damaged garment, impossible seams, duplicated clothing, malformed hands, extra fingers, broken anatomy, low detail, blur",Clothing/Female/Underwear & Lingerie/Color,1,False
23,Female/Underwear & Lingerie/Color/Teal,"Use a teal color palette for the underwear or lingerie, keeping the garment unbranded, fashionable, and clearly readable.","visible brand logo, brand name, advertising text, watermark, random lettering, child, teen, underage, exposed genitals, exposed nipples, wardrobe malfunction, unintended transparency, explicit sexual pose, fetish pose, damaged garment, impossible seams, duplicated clothing, malformed hands, extra fingers, broken anatomy, low detail, blur",Clothing/Female/Underwear & Lingerie/Color,1,False
24,Female/Underwear & Lingerie/Color/Mint,"Use a mint color palette for the underwear or lingerie, keeping the garment unbranded, fashionable, and clearly readable.","visible brand logo, brand name, advertising text, watermark, random lettering, child, teen, underage, exposed genitals, exposed nipples, wardrobe malfunction, unintended transparency, explicit sexual pose, fetish pose, damaged garment, impossible seams, duplicated clothing, malformed hands, extra fingers, broken anatomy, low detail, blur",Clothing/Female/Underwear & Lingerie/Color,1,False
25,Female/Underwear & Lingerie/Color/Sage,"Use a sage color palette for the underwear or lingerie, keeping the garment unbranded, fashionable, and clearly readable.","visible brand logo, brand name, advertising text, watermark, random lettering, child, teen, underage, exposed genitals, exposed nipples, wardrobe malfunction, unintended transparency, explicit sexual pose, fetish pose, damaged garment, impossible seams, duplicated clothing, malformed hands, extra fingers, broken anatomy, low detail, blur",Clothing/Female/Underwear & Lingerie/Color,1,False
26,Female/Underwear & Lingerie/Color/Emerald,"Use a emerald color palette for the underwear or lingerie, keeping the garment unbranded, fashionable, and clearly readable.","visible brand logo, brand name, advertising text, watermark, random lettering, child, teen, underage, exposed genitals, exposed nipples, wardrobe malfunction, unintended transparency, explicit sexual pose, fetish pose, damaged garment, impossible seams, duplicated clothing, malformed hands, extra fingers, broken anatomy, low detail, blur",Clothing/Female/Underwear & Lingerie/Color,1,False
27,Female/Underwear & Lingerie/Color/Olive,"Use a olive color palette for the underwear or lingerie, keeping the garment unbranded, fashionable, and clearly readable.","visible brand logo, brand name, advertising text, watermark, random lettering, child, teen, underage, exposed genitals, exposed nipples, wardrobe malfunction, unintended transparency, explicit sexual pose, fetish pose, damaged garment, impossible seams, duplicated clothing, malformed hands, extra fingers, broken anatomy, low detail, blur",Clothing/Female/Underwear & Lingerie/Color,1,False
28,Female/Underwear & Lingerie/Color/Yellow,"Use a yellow color palette for the underwear or lingerie, keeping the garment unbranded, fashionable, and clearly readable.","visible brand logo, brand name, advertising text, watermark, random lettering, child, teen, underage, exposed genitals, exposed nipples, wardrobe malfunction, unintended transparency, explicit sexual pose, fetish pose, damaged garment, impossible seams, duplicated clothing, malformed hands, extra fingers, broken anatomy, low detail, blur",Clothing/Female/Underwear & Lingerie/Color,1,False
29,Female/Underwear & Lingerie/Color/Mustard,"Use a mustard color palette for the underwear or lingerie, keeping the garment unbranded, fashionable, and clearly readable.","visible brand logo, brand name, advertising text, watermark, random lettering, child, teen, underage, exposed genitals, exposed nipples, wardrobe malfunction, unintended transparency, explicit sexual pose, fetish pose, damaged garment, impossible seams, duplicated clothing, malformed hands, extra fingers, broken anatomy, low detail, blur",Clothing/Female/Underwear & Lingerie/Color,1,False
30,Female/Underwear & Lingerie/Color/Orange,"Use a orange color palette for the underwear or lingerie, keeping the garment unbranded, fashionable, and clearly readable.","visible brand logo, brand name, advertising text, watermark, random lettering, child, teen, underage, exposed genitals, exposed nipples, wardrobe malfunction, unintended transparency, explicit sexual pose, fetish pose, damaged garment, impossible seams, duplicated clothing, malformed hands, extra fingers, broken anatomy, low detail, blur",Clothing/Female/Underwear & Lingerie/Color,1,False
31,Female/Underwear & Lingerie/Color/Coral,"Use a coral color palette for the underwear or lingerie, keeping the garment unbranded, fashionable, and clearly readable.","visible brand logo, brand name, advertising text, watermark, random lettering, child, teen, underage, exposed genitals, exposed nipples, wardrobe malfunction, unintended transparency, explicit sexual pose, fetish pose, damaged garment, impossible seams, duplicated clothing, malformed hands, extra fingers, broken anatomy, low detail, blur",Clothing/Female/Underwear & Lingerie/Color,1,False
32,Female/Underwear & Lingerie/Color/Silver,"Use a silver color palette for the underwear or lingerie, keeping the garment unbranded, fashionable, and clearly readable.","visible brand logo, brand name, advertising text, watermark, random lettering, child, teen, underage, exposed genitals, exposed nipples, wardrobe malfunction, unintended transparency, explicit sexual pose, fetish pose, damaged garment, impossible seams, duplicated clothing, malformed hands, extra fingers, broken anatomy, low detail, blur",Clothing/Female/Underwear & Lingerie/Color,1,False
33,Female/Underwear & Lingerie/Color/Gunmetal,"Use a gunmetal color palette for the underwear or lingerie, keeping the garment unbranded, fashionable, and clearly readable.","visible brand logo, brand name, advertising text, watermark, random lettering, child, teen, underage, exposed genitals, exposed nipples, wardrobe malfunction, unintended transparency, explicit sexual pose, fetish pose, damaged garment, impossible seams, duplicated clothing, malformed hands, extra fingers, broken anatomy, low detail, blur",Clothing/Female/Underwear & Lingerie/Color,1,False
34,Female/Underwear & Lingerie/Color/Gold,"Use a gold color palette for the underwear or lingerie, keeping the garment unbranded, fashionable, and clearly readable.","visible brand logo, brand name, advertising text, watermark, random lettering, child, teen, underage, exposed genitals, exposed nipples, wardrobe malfunction, unintended transparency, explicit sexual pose, fetish pose, damaged garment, impossible seams, duplicated clothing, malformed hands, extra fingers, broken anatomy, low detail, blur",Clothing/Female/Underwear & Lingerie/Color,1,False
35,Female/Underwear & Lingerie/Bra/Balconette Bra,"Adult woman wearing a balconette bra, with clean premium styling, realistic fabric behaviour, precise stitching, and no visible logos or text.","visible brand logo, brand name, advertising text, watermark, random lettering, child, teen, underage, exposed genitals, exposed nipples, wardrobe malfunction, unintended transparency, explicit sexual pose, fetish pose, damaged garment, impossible seams, duplicated clothing, malformed hands, extra fingers, broken anatomy, low detail, blur",Clothing/Female/Underwear & Lingerie/Bra,1,False
36,Female/Underwear & Lingerie/Bra/Demi Bra,"Adult woman wearing a demi bra, with clean premium styling, realistic fabric behaviour, precise stitching, and no visible logos or text.","visible brand logo, brand name, advertising text, watermark, random lettering, child, teen, underage, exposed genitals, exposed nipples, wardrobe malfunction, unintended transparency, explicit sexual pose, fetish pose, damaged garment, impossible seams, duplicated clothing, malformed hands, extra fingers, broken anatomy, low detail, blur",Clothing/Female/Underwear & Lingerie/Bra,1,False
37,Female/Underwear & Lingerie/Bra/Push-up Bra,"Adult woman wearing a push-up bra, with clean premium styling, realistic fabric behaviour, precise stitching, and no visible logos or text.","visible brand logo, brand name, advertising text, watermark, random lettering, child, teen, underage, exposed genitals, exposed nipples, wardrobe malfunction, unintended transparency, explicit sexual pose, fetish pose, damaged garment, impossible seams, duplicated clothing, malformed hands, extra fingers, broken anatomy, low detail, blur",Clothing/Female/Underwear & Lingerie/Bra,1,False
38,Female/Underwear & Lingerie/Bra/Triangle Bra,"Adult woman wearing a triangle bra, with clean premium styling, realistic fabric behaviour, precise stitching, and no visible logos or text.","visible brand logo, brand name, advertising text, watermark, random lettering, child, teen, underage, exposed genitals, exposed nipples, wardrobe malfunction, unintended transparency, explicit sexual pose, fetish pose, damaged garment, impossible seams, duplicated clothing, malformed hands, extra fingers, broken anatomy, low detail, blur",Clothing/Female/Underwear & Lingerie/Bra,1,False
39,Female/Underwear & Lingerie/Bra/Plunge Bra,"Adult woman wearing a plunge bra, with clean premium styling, realistic fabric behaviour, precise stitching, and no visible logos or text.","visible brand logo, brand name, advertising text, watermark, random lettering, child, teen, underage, exposed genitals, exposed nipples, wardrobe malfunction, unintended transparency, explicit sexual pose, fetish pose, damaged garment, impossible seams, duplicated clothing, malformed hands, extra fingers, broken anatomy, low detail, blur",Clothing/Female/Underwear & Lingerie/Bra,1,False
40,Female/Underwear & Lingerie/Bra/Full-cup Bra,"Adult woman wearing a full-cup bra, with clean premium styling, realistic fabric behaviour, precise stitching, and no visible logos or text.","visible brand logo, brand name, advertising text, watermark, random lettering, child, teen, underage, exposed genitals, exposed nipples, wardrobe malfunction, unintended transparency, explicit sexual pose, fetish pose, damaged garment, impossible seams, duplicated clothing, malformed hands, extra fingers, broken anatomy, low detail, blur",Clothing/Female/Underwear & Lingerie/Bra,1,False
41,Female/Underwear & Lingerie/Bra/Soft-cup Bra,"Adult woman wearing a soft-cup bra, with clean premium styling, realistic fabric behaviour, precise stitching, and no visible logos or text.","visible brand logo, brand name, advertising text, watermark, random lettering, child, teen, underage, exposed genitals, exposed nipples, wardrobe malfunction, unintended transparency, explicit sexual pose, fetish pose, damaged garment, impossible seams, duplicated clothing, malformed hands, extra fingers, broken anatomy, low detail, blur",Clothing/Female/Underwear & Lingerie/Bra,1,False
42,Female/Underwear & Lingerie/Bra/Bralette,"Adult woman wearing a bralette, with clean premium styling, realistic fabric behaviour, precise stitching, and no visible logos or text.","visible brand logo, brand name, advertising text, watermark, random lettering, child, teen, underage, exposed genitals, exposed nipples, wardrobe malfunction, unintended transparency, explicit sexual pose, fetish pose, damaged garment, impossible seams, duplicated clothing, malformed hands, extra fingers, broken anatomy, low detail, blur",Clothing/Female/Underwear & Lingerie/Bra,1,False
43,Female/Underwear & Lingerie/Bra/Longline Bra,"Adult woman wearing a longline bra, with clean premium styling, realistic fabric behaviour, precise stitching, and no visible logos or text.","visible brand logo, brand name, advertising text, watermark, random lettering, child, teen, underage, exposed genitals, exposed nipples, wardrobe malfunction, unintended transparency, explicit sexual pose, fetish pose, damaged garment, impossible seams, duplicated clothing, malformed hands, extra fingers, broken anatomy, low detail, blur",Clothing/Female/Underwear & Lingerie/Bra,1,False
44,Female/Underwear & Lingerie/Bra/T-shirt Bra,"Adult woman wearing a t-shirt bra, with clean premium styling, realistic fabric behaviour, precise stitching, and no visible logos or text.","visible brand logo, brand name, advertising text, watermark, random lettering, child, teen, underage, exposed genitals, exposed nipples, wardrobe malfunction, unintended transparency, explicit sexual pose, fetish pose, damaged garment, impossible seams, duplicated clothing, malformed hands, extra fingers, broken anatomy, low detail, blur",Clothing/Female/Underwear & Lingerie/Bra,1,False
45,Female/Underwear & Lingerie/Bra/Bandeau Bra,"Adult woman wearing a bandeau bra, with clean premium styling, realistic fabric behaviour, precise stitching, and no visible logos or text.","visible brand logo, brand name, advertising text, watermark, random lettering, child, teen, underage, exposed genitals, exposed nipples, wardrobe malfunction, unintended transparency, explicit sexual pose, fetish pose, damaged garment, impossible seams, duplicated clothing, malformed hands, extra fingers, broken anatomy, low detail, blur",Clothing/Female/Underwear & Lingerie/Bra,1,False
46,Female/Underwear & Lingerie/Bra/Strapless Bra,"Adult woman wearing a strapless bra, with clean premium styling, realistic fabric behaviour, precise stitching, and no visible logos or text.","visible brand logo, brand name, advertising text, watermark, random lettering, child, teen, underage, exposed genitals, exposed nipples, wardrobe malfunction, unintended transparency, explicit sexual pose, fetish pose, damaged garment, impossible seams, duplicated clothing, malformed hands, extra fingers, broken anatomy, low detail, blur",Clothing/Female/Underwear & Lingerie/Bra,1,False
47,Female/Underwear & Lingerie/Bra/Halter Bra,"Adult woman wearing a halter bra, with clean premium styling, realistic fabric behaviour, precise stitching, and no visible logos or text.","visible brand logo, brand name, advertising text, watermark, random lettering, child, teen, underage, exposed genitals, exposed nipples, wardrobe malfunction, unintended transparency, explicit sexual pose, fetish pose, damaged garment, impossible seams, duplicated clothing, malformed hands, extra fingers, broken anatomy, low detail, blur",Clothing/Female/Underwear & Lingerie/Bra,1,False
48,Female/Underwear & Lingerie/Bra/Sports Bra,"Adult woman wearing a sports bra, with clean premium styling, realistic fabric behaviour, precise stitching, and no visible logos or text.","visible brand logo, brand name, advertising text, watermark, random lettering, child, teen, underage, exposed genitals, exposed nipples, wardrobe malfunction, unintended transparency, explicit sexual pose, fetish pose, damaged garment, impossible seams, duplicated clothing, malformed hands, extra fingers, broken anatomy, low detail, blur",Clothing/Female/Underwear & Lingerie/Bra,1,False
49,Female/Underwear & Lingerie/Bra/Underwire Bra,"Adult woman wearing a underwire bra, with clean premium styling, realistic fabric behaviour, precise stitching, and no visible logos or text.","visible brand logo, brand name, advertising text, watermark, random lettering, child, teen, underage, exposed genitals, exposed nipples, wardrobe malfunction, unintended transparency, explicit sexual pose, fetish pose, damaged garment, impossible seams, duplicated clothing, malformed hands, extra fingers, broken anatomy, low detail, blur",Clothing/Female/Underwear & Lingerie/Bra,1,False
50,Female/Underwear & Lingerie/Bra/Wireless Bra,"Adult woman wearing a wireless bra, with clean premium styling, realistic fabric behaviour, precise stitching, and no visible logos or text.","visible brand logo, brand name, advertising text, watermark, random lettering, child, teen, underage, exposed genitals, exposed nipples, wardrobe malfunction, unintended transparency, explicit sexual pose, fetish pose, damaged garment, impossible seams, duplicated clothing, malformed hands, extra fingers, broken anatomy, low detail, blur",Clothing/Female/Underwear & Lingerie/Bra,1,False
51,Female/Underwear & Lingerie/Bra/Caged Bra,"Adult woman wearing a caged bra, with clean premium styling, realistic fabric behaviour, precise stitching, and no visible logos or text.","visible brand logo, brand name, advertising text, watermark, random lettering, child, teen, underage, exposed genitals, exposed nipples, wardrobe malfunction, unintended transparency, explicit sexual pose, fetish pose, damaged garment, impossible seams, duplicated clothing, malformed hands, extra fingers, broken anatomy, low detail, blur",Clothing/Female/Underwear & Lingerie/Bra,1,False
52,Female/Underwear & Lingerie/Bra/Seamless Bra,"Adult woman wearing a seamless bra, with clean premium styling, realistic fabric behaviour, precise stitching, and no visible logos or text.","visible brand logo, brand name, advertising text, watermark, random lettering, child, teen, underage, exposed genitals, exposed nipples, wardrobe malfunction, unintended transparency, explicit sexual pose, fetish pose, damaged garment, impossible seams, duplicated clothing, malformed hands, extra fingers, broken anatomy, low detail, blur",Clothing/Female/Underwear & Lingerie/Bra,1,False
53,Female/Underwear & Lingerie/Bra/Lace Bra,"Adult woman wearing a lace bra, with clean premium styling, realistic fabric behaviour, precise stitching, and no visible logos or text.","visible brand logo, brand name, advertising text, watermark, random lettering, child, teen, underage, exposed genitals, exposed nipples, wardrobe malfunction, unintended transparency, explicit sexual pose, fetish pose, damaged garment, impossible seams, duplicated clothing, malformed hands, extra fingers, broken anatomy, low detail, blur",Clothing/Female/Underwear & Lingerie/Bra,1,False
54,Female/Underwear & Lingerie/Bra/Mesh Bra,"Adult woman wearing a mesh bra, with clean premium styling, realistic fabric behaviour, precise stitching, and no visible logos or text.","visible brand logo, brand name, advertising text, watermark, random lettering, child, teen, underage, exposed genitals, exposed nipples, wardrobe malfunction, unintended transparency, explicit sexual pose, fetish pose, damaged garment, impossible seams, duplicated clothing, malformed hands, extra fingers, broken anatomy, low detail, blur",Clothing/Female/Underwear & Lingerie/Bra,1,False
55,Female/Underwear & Lingerie/Bra/Satin Bra,"Adult woman wearing a satin bra, with clean premium styling, realistic fabric behaviour, precise stitching, and no visible logos or text.","visible brand logo, brand name, advertising text, watermark, random lettering, child, teen, underage, exposed genitals, exposed nipples, wardrobe malfunction, unintended transparency, explicit sexual pose, fetish pose, damaged garment, impossible seams, duplicated clothing, malformed hands, extra fingers, broken anatomy, low detail, blur",Clothing/Female/Underwear & Lingerie/Bra,1,False
56,Female/Underwear & Lingerie/Bra/Corset Bra,"Adult woman wearing a corset bra, with clean premium styling, realistic fabric behaviour, precise stitching, and no visible logos or text.","visible brand logo, brand name, advertising text, watermark, random lettering, child, teen, underage, exposed genitals, exposed nipples, wardrobe malfunction, unintended transparency, explicit sexual pose, fetish pose, damaged garment, impossible seams, duplicated clothing, malformed hands, extra fingers, broken anatomy, low detail, blur",Clothing/Female/Underwear & Lingerie/Bra,1,False
57,Female/Underwear & Lingerie/Bra/Bustier,"Adult woman wearing a bustier, with clean premium styling, realistic fabric behaviour, precise stitching, and no visible logos or text.","visible brand logo, brand name, advertising text, watermark, random lettering, child, teen, underage, exposed genitals, exposed nipples, wardrobe malfunction, unintended transparency, explicit sexual pose, fetish pose, damaged garment, impossible seams, duplicated clothing, malformed hands, extra fingers, broken anatomy, low detail, blur",Clothing/Female/Underwear & Lingerie/Bra,1,False
58,Female/Underwear & Lingerie/Bra/Shelf Bra,"Adult woman wearing a shelf bra, with clean premium styling, realistic fabric behaviour, precise stitching, and no visible logos or text.","visible brand logo, brand name, advertising text, watermark, random lettering, child, teen, underage, exposed genitals, exposed nipples, wardrobe malfunction, unintended transparency, explicit sexual pose, fetish pose, damaged garment, impossible seams, duplicated clothing, malformed hands, extra fingers, broken anatomy, low detail, blur",Clothing/Female/Underwear & Lingerie/Bra,1,False
59,Female/Underwear & Lingerie/Panty/Briefs,"Adult woman wearing briefs, with clean premium styling, realistic fit, precise garment construction, and no visible logos or text.","visible brand logo, brand name, advertising text, watermark, random lettering, child, teen, underage, exposed genitals, exposed nipples, wardrobe malfunction, unintended transparency, explicit sexual pose, fetish pose, damaged garment, impossible seams, duplicated clothing, malformed hands, extra fingers, broken anatomy, low detail, blur",Clothing/Female/Underwear & Lingerie/Panty,1,False
60,Female/Underwear & Lingerie/Panty/High-waist Briefs,"Adult woman wearing high-waist briefs, with clean premium styling, realistic fit, precise garment construction, and no visible logos or text.","visible brand logo, brand name, advertising text, watermark, random lettering, child, teen, underage, exposed genitals, exposed nipples, wardrobe malfunction, unintended transparency, explicit sexual pose, fetish pose, damaged garment, impossible seams, duplicated clothing, malformed hands, extra fingers, broken anatomy, low detail, blur",Clothing/Female/Underwear & Lingerie/Panty,1,False
61,Female/Underwear & Lingerie/Panty/Hipster,"Adult woman wearing hipster, with clean premium styling, realistic fit, precise garment construction, and no visible logos or text.","visible brand logo, brand name, advertising text, watermark, random lettering, child, teen, underage, exposed genitals, exposed nipples, wardrobe malfunction, unintended transparency, explicit sexual pose, fetish pose, damaged garment, impossible seams, duplicated clothing, malformed hands, extra fingers, broken anatomy, low detail, blur",Clothing/Female/Underwear & Lingerie/Panty,1,False
62,Female/Underwear & Lingerie/Panty/Bikini Panty,"Adult woman wearing bikini panty, with clean premium styling, realistic fit, precise garment construction, and no visible logos or text.","visible brand logo, brand name, advertising text, watermark, random lettering, child, teen, underage, exposed genitals, exposed nipples, wardrobe malfunction, unintended transparency, explicit sexual pose, fetish pose, damaged garment, impossible seams, duplicated clothing, malformed hands, extra fingers, broken anatomy, low detail, blur",Clothing/Female/Underwear & Lingerie/Panty,1,False
63,Female/Underwear & Lingerie/Panty/French-cut Panty,"Adult woman wearing french-cut panty, with clean premium styling, realistic fit, precise garment construction, and no visible logos or text.","visible brand logo, brand name, advertising text, watermark, random lettering, child, teen, underage, exposed genitals, exposed nipples, wardrobe malfunction, unintended transparency, explicit sexual pose, fetish pose, damaged garment, impossible seams, duplicated clothing, malformed hands, extra fingers, broken anatomy, low detail, blur",Clothing/Female/Underwear & Lingerie/Panty,1,False
64,Female/Underwear & Lingerie/Panty/Boyshorts,"Adult woman wearing boyshorts, with clean premium styling, realistic fit, precise garment construction, and no visible logos or text.","visible brand logo, brand name, advertising text, watermark, random lettering, child, teen, underage, exposed genitals, exposed nipples, wardrobe malfunction, unintended transparency, explicit sexual pose, fetish pose, damaged garment, impossible seams, duplicated clothing, malformed hands, extra fingers, broken anatomy, low detail, blur",Clothing/Female/Underwear & Lingerie/Panty,1,False
65,Female/Underwear & Lingerie/Panty/Cheeky Panty,"Adult woman wearing cheeky panty, with clean premium styling, realistic fit, precise garment construction, and no visible logos or text.","visible brand logo, brand name, advertising text, watermark, random lettering, child, teen, underage, exposed genitals, exposed nipples, wardrobe malfunction, unintended transparency, explicit sexual pose, fetish pose, damaged garment, impossible seams, duplicated clothing, malformed hands, extra fingers, broken anatomy, low detail, blur",Clothing/Female/Underwear & Lingerie/Panty,1,False
66,Female/Underwear & Lingerie/Panty/Cheekini,"Adult woman wearing cheekini, with clean premium styling, realistic fit, precise garment construction, and no visible logos or text.","visible brand logo, brand name, advertising text, watermark, random lettering, child, teen, underage, exposed genitals, exposed nipples, wardrobe malfunction, unintended transparency, explicit sexual pose, fetish pose, damaged garment, impossible seams, duplicated clothing, malformed hands, extra fingers, broken anatomy, low detail, blur",Clothing/Female/Underwear & Lingerie/Panty,1,False
67,Female/Underwear & Lingerie/Panty/Brazilian Panty,"Adult woman wearing brazilian panty, with clean premium styling, realistic fit, precise garment construction, and no visible logos or text.","visible brand logo, brand name, advertising text, watermark, random lettering, child, teen, underage, exposed genitals, exposed nipples, wardrobe malfunction, unintended transparency, explicit sexual pose, fetish pose, damaged garment, impossible seams, duplicated clothing, malformed hands, extra fingers, broken anatomy, low detail, blur",Clothing/Female/Underwear & Lingerie/Panty,1,False
68,Female/Underwear & Lingerie/Panty/Tanga Panty,"Adult woman wearing tanga panty, with clean premium styling, realistic fit, precise garment construction, and no visible logos or text.","visible brand logo, brand name, advertising text, watermark, random lettering, child, teen, underage, exposed genitals, exposed nipples, wardrobe malfunction, unintended transparency, explicit sexual pose, fetish pose, damaged garment, impossible seams, duplicated clothing, malformed hands, extra fingers, broken anatomy, low detail, blur",Clothing/Female/Underwear & Lingerie/Panty,1,False
69,Female/Underwear & Lingerie/Panty/Thong,"Adult woman wearing thong, with clean premium styling, realistic fit, precise garment construction, and no visible logos or text.","visible brand logo, brand name, advertising text, watermark, random lettering, child, teen, underage, exposed genitals, exposed nipples, wardrobe malfunction, unintended transparency, explicit sexual pose, fetish pose, damaged garment, impossible seams, duplicated clothing, malformed hands, extra fingers, broken anatomy, low detail, blur",Clothing/Female/Underwear & Lingerie/Panty,1,False
70,Female/Underwear & Lingerie/Panty/Mini Thong,"Adult woman wearing mini thong, with clean premium styling, realistic fit, precise garment construction, and no visible logos or text.","visible brand logo, brand name, advertising text, watermark, random lettering, child, teen, underage, exposed genitals, exposed nipples, wardrobe malfunction, unintended transparency, explicit sexual pose, fetish pose, damaged garment, impossible seams, duplicated clothing, malformed hands, extra fingers, broken anatomy, low detail, blur",Clothing/Female/Underwear & Lingerie/Panty,1,False
71,Female/Underwear & Lingerie/Panty/V-string,"Adult woman wearing v-string, with clean premium styling, realistic fit, precise garment construction, and no visible logos or text.","visible brand logo, brand name, advertising text, watermark, random lettering, child, teen, underage, exposed genitals, exposed nipples, wardrobe malfunction, unintended transparency, explicit sexual pose, fetish pose, damaged garment, impossible seams, duplicated clothing, malformed hands, extra fingers, broken anatomy, low detail, blur",Clothing/Female/Underwear & Lingerie/Panty,1,False
72,Female/Underwear & Lingerie/Panty/G-string,"Adult woman wearing g-string, with clean premium styling, realistic fit, precise garment construction, and no visible logos or text.","visible brand logo, brand name, advertising text, watermark, random lettering, child, teen, underage, exposed genitals, exposed nipples, wardrobe malfunction, unintended transparency, explicit sexual pose, fetish pose, damaged garment, impossible seams, duplicated clothing, malformed hands, extra fingers, broken anatomy, low detail, blur",Clothing/Female/Underwear & Lingerie/Panty,1,False
73,Female/Underwear & Lingerie/Panty/Seamless Panty,"Adult woman wearing seamless panty, with clean premium styling, realistic fit, precise garment construction, and no visible logos or text.","visible brand logo, brand name, advertising text, watermark, random lettering, child, teen, underage, exposed genitals, exposed nipples, wardrobe malfunction, unintended transparency, explicit sexual pose, fetish pose, damaged garment, impossible seams, duplicated clothing, malformed hands, extra fingers, broken anatomy, low detail, blur",Clothing/Female/Underwear & Lingerie/Panty,1,False
74,Female/Underwear & Lingerie/Panty/Lace Panty,"Adult woman wearing lace panty, with clean premium styling, realistic fit, precise garment construction, and no visible logos or text.","visible brand logo, brand name, advertising text, watermark, random lettering, child, teen, underage, exposed genitals, exposed nipples, wardrobe malfunction, unintended transparency, explicit sexual pose, fetish pose, damaged garment, impossible seams, duplicated clothing, malformed hands, extra fingers, broken anatomy, low detail, blur",Clothing/Female/Underwear & Lingerie/Panty,1,False
75,Female/Underwear & Lingerie/Panty/Mesh Panty,"Adult woman wearing mesh panty, with clean premium styling, realistic fit, precise garment construction, and no visible logos or text.","visible brand logo, brand name, advertising text, watermark, random lettering, child, teen, underage, exposed genitals, exposed nipples, wardrobe malfunction, unintended transparency, explicit sexual pose, fetish pose, damaged garment, impossible seams, duplicated clothing, malformed hands, extra fingers, broken anatomy, low detail, blur",Clothing/Female/Underwear & Lingerie/Panty,1,False
76,Female/Underwear & Lingerie/Panty/High-leg Panty,"Adult woman wearing high-leg panty, with clean premium styling, realistic fit, precise garment construction, and no visible logos or text.","visible brand logo, brand name, advertising text, watermark, random lettering, child, teen, underage, exposed genitals, exposed nipples, wardrobe malfunction, unintended transparency, explicit sexual pose, fetish pose, damaged garment, impossible seams, duplicated clothing, malformed hands, extra fingers, broken anatomy, low detail, blur",Clothing/Female/Underwear & Lingerie/Panty,1,False
77,Female/Underwear & Lingerie/Panty/Tap Panty,"Adult woman wearing tap panty, with clean premium styling, realistic fit, precise garment construction, and no visible logos or text.","visible brand logo, brand name, advertising text, watermark, random lettering, child, teen, underage, exposed genitals, exposed nipples, wardrobe malfunction, unintended transparency, explicit sexual pose, fetish pose, damaged garment, impossible seams, duplicated clothing, malformed hands, extra fingers, broken anatomy, low detail, blur",Clothing/Female/Underwear & Lingerie/Panty,1,False
78,Female/Underwear & Lingerie/Panty/Control Brief,"Adult woman wearing control brief, with clean premium styling, realistic fit, precise garment construction, and no visible logos or text.","visible brand logo, brand name, advertising text, watermark, random lettering, child, teen, underage, exposed genitals, exposed nipples, wardrobe malfunction, unintended transparency, explicit sexual pose, fetish pose, damaged garment, impossible seams, duplicated clothing, malformed hands, extra fingers, broken anatomy, low detail, blur",Clothing/Female/Underwear & Lingerie/Panty,1,False
79,Female/Underwear & Lingerie/Panty/Shaping Short,"Adult woman wearing shaping short, with clean premium styling, realistic fit, precise garment construction, and no visible logos or text.","visible brand logo, brand name, advertising text, watermark, random lettering, child, teen, underage, exposed genitals, exposed nipples, wardrobe malfunction, unintended transparency, explicit sexual pose, fetish pose, damaged garment, impossible seams, duplicated clothing, malformed hands, extra fingers, broken anatomy, low detail, blur",Clothing/Female/Underwear & Lingerie/Panty,1,False
80,Female/Underwear & Lingerie/Panty/Garter Panty,"Adult woman wearing garter panty, with clean premium styling, realistic fit, precise garment construction, and no visible logos or text.","visible brand logo, brand name, advertising text, watermark, random lettering, child, teen, underage, exposed genitals, exposed nipples, wardrobe malfunction, unintended transparency, explicit sexual pose, fetish pose, damaged garment, impossible seams, duplicated clothing, malformed hands, extra fingers, broken anatomy, low detail, blur",Clothing/Female/Underwear & Lingerie/Panty,1,False
81,Female/Underwear & Lingerie/Panty/Caged Panty,"Adult woman wearing caged panty, with clean premium styling, realistic fit, precise garment construction, and no visible logos or text.","visible brand logo, brand name, advertising text, watermark, random lettering, child, teen, underage, exposed genitals, exposed nipples, wardrobe malfunction, unintended transparency, explicit sexual pose, fetish pose, damaged garment, impossible seams, duplicated clothing, malformed hands, extra fingers, broken anatomy, low detail, blur",Clothing/Female/Underwear & Lingerie/Panty,1,False
82,Female/Underwear & Lingerie/Bra and Panty Set/Balconette Bra and Brief Set,"Adult woman wearing a balconette bra and brief set, unbranded, fashionable, with realistic fabric behaviour, precise stitching, coordinated design, and a flattering but natural fit.","visible brand logo, brand name, advertising text, watermark, random lettering, child, teen, underage, exposed genitals, exposed nipples, wardrobe malfunction, unintended transparency, explicit sexual pose, fetish pose, damaged garment, impossible seams, duplicated clothing, malformed hands, extra fingers, broken anatomy, low detail, blur",Clothing/Female/Underwear & Lingerie/Bra and Panty Set,1,False
83,Female/Underwear & Lingerie/Bra and Panty Set/Balconette Bra and Thong Set,"Adult woman wearing a balconette bra and thong set, unbranded, fashionable, with realistic fabric behaviour, precise stitching, coordinated design, and a flattering but natural fit.","visible brand logo, brand name, advertising text, watermark, random lettering, child, teen, underage, exposed genitals, exposed nipples, wardrobe malfunction, unintended transparency, explicit sexual pose, fetish pose, damaged garment, impossible seams, duplicated clothing, malformed hands, extra fingers, broken anatomy, low detail, blur",Clothing/Female/Underwear & Lingerie/Bra and Panty Set,1,False
84,Female/Underwear & Lingerie/Bra and Panty Set/Plunge Bra and Brazilian Panty Set,"Adult woman wearing a plunge bra and brazilian panty set, unbranded, fashionable, with realistic fabric behaviour, precise stitching, coordinated design, and a flattering but natural fit.","visible brand logo, brand name, advertising text, watermark, random lettering, child, teen, underage, exposed genitals, exposed nipples, wardrobe malfunction, unintended transparency, explicit sexual pose, fetish pose, damaged garment, impossible seams, duplicated clothing, malformed hands, extra fingers, broken anatomy, low detail, blur",Clothing/Female/Underwear & Lingerie/Bra and Panty Set,1,False
85,Female/Underwear & Lingerie/Bra and Panty Set/Triangle Bra and Tanga Set,"Adult woman wearing a triangle bra and tanga set, unbranded, fashionable, with realistic fabric behaviour, precise stitching, coordinated design, and a flattering but natural fit.","visible brand logo, brand name, advertising text, watermark, random lettering, child, teen, underage, exposed genitals, exposed nipples, wardrobe malfunction, unintended transparency, explicit sexual pose, fetish pose, damaged garment, impossible seams, duplicated clothing, malformed hands, extra fingers, broken anatomy, low detail, blur",Clothing/Female/Underwear & Lingerie/Bra and Panty Set,1,False
86,Female/Underwear & Lingerie/Bra and Panty Set/Bralette and Hipster Set,"Adult woman wearing a bralette and hipster set, unbranded, fashionable, with realistic fabric behaviour, precise stitching, coordinated design, and a flattering but natural fit.","visible brand logo, brand name, advertising text, watermark, random lettering, child, teen, underage, exposed genitals, exposed nipples, wardrobe malfunction, unintended transparency, explicit sexual pose, fetish pose, damaged garment, impossible seams, duplicated clothing, malformed hands, extra fingers, broken anatomy, low detail, blur",Clothing/Female/Underwear & Lingerie/Bra and Panty Set,1,False
87,Female/Underwear & Lingerie/Bra and Panty Set/Bralette and Cheeky Panty Set,"Adult woman wearing a bralette and cheeky panty set, unbranded, fashionable, with realistic fabric behaviour, precise stitching, coordinated design, and a flattering but natural fit.","visible brand logo, brand name, advertising text, watermark, random lettering, child, teen, underage, exposed genitals, exposed nipples, wardrobe malfunction, unintended transparency, explicit sexual pose, fetish pose, damaged garment, impossible seams, duplicated clothing, malformed hands, extra fingers, broken anatomy, low detail, blur",Clothing/Female/Underwear & Lingerie/Bra and Panty Set,1,False
88,Female/Underwear & Lingerie/Bra and Panty Set/Longline Bra and High-waist Brief Set,"Adult woman wearing a longline bra and high-waist brief set, unbranded, fashionable, with realistic fabric behaviour, precise stitching, coordinated design, and a flattering but natural fit.","visible brand logo, brand name, advertising text, watermark, random lettering, child, teen, underage, exposed genitals, exposed nipples, wardrobe malfunction, unintended transparency, explicit sexual pose, fetish pose, damaged garment, impossible seams, duplicated clothing, malformed hands, extra fingers, broken anatomy, low detail, blur",Clothing/Female/Underwear & Lingerie/Bra and Panty Set,1,False
89,Female/Underwear & Lingerie/Bra and Panty Set/Push-up Bra and Bikini Panty Set,"Adult woman wearing a push-up bra and bikini panty set, unbranded, fashionable, with realistic fabric behaviour, precise stitching, coordinated design, and a flattering but natural fit.","visible brand logo, brand name, advertising text, watermark, random lettering, child, teen, underage, exposed genitals, exposed nipples, wardrobe malfunction, unintended transparency, explicit sexual pose, fetish pose, damaged garment, impossible seams, duplicated clothing, malformed hands, extra fingers, broken anatomy, low detail, blur",Clothing/Female/Underwear & Lingerie/Bra and Panty Set,1,False
90,Female/Underwear & Lingerie/Bra and Panty Set/Seamless Bra and Seamless Panty Set,"Adult woman wearing a seamless bra and seamless panty set, unbranded, fashionable, with realistic fabric behaviour, precise stitching, coordinated design, and a flattering but natural fit.","visible brand logo, brand name, advertising text, watermark, random lettering, child, teen, underage, exposed genitals, exposed nipples, wardrobe malfunction, unintended transparency, explicit sexual pose, fetish pose, damaged garment, impossible seams, duplicated clothing, malformed hands, extra fingers, broken anatomy, low detail, blur",Clothing/Female/Underwear & Lingerie/Bra and Panty Set,1,False
91,Female/Underwear & Lingerie/Bra and Panty Set/Sports Bra and Brief Set,"Adult woman wearing a sports bra and brief set, unbranded, fashionable, with realistic fabric behaviour, precise stitching, coordinated design, and a flattering but natural fit.","visible brand logo, brand name, advertising text, watermark, random lettering, child, teen, underage, exposed genitals, exposed nipples, wardrobe malfunction, unintended transparency, explicit sexual pose, fetish pose, damaged garment, impossible seams, duplicated clothing, malformed hands, extra fingers, broken anatomy, low detail, blur",Clothing/Female/Underwear & Lingerie/Bra and Panty Set,1,False
92,Female/Underwear & Lingerie/Bra and Panty Set/Lace Bra and Thong Set,"Adult woman wearing a lace bra and thong set, unbranded, fashionable, with realistic fabric behaviour, precise stitching, coordinated design, and a flattering but natural fit.","visible brand logo, brand name, advertising text, watermark, random lettering, child, teen, underage, exposed genitals, exposed nipples, wardrobe malfunction, unintended transparency, explicit sexual pose, fetish pose, damaged garment, impossible seams, duplicated clothing, malformed hands, extra fingers, broken anatomy, low detail, blur",Clothing/Female/Underwear & Lingerie/Bra and Panty Set,1,False
93,Female/Underwear & Lingerie/Bra and Panty Set/Mesh Bra and Cheekini Set,"Adult woman wearing a mesh bra and cheekini set, unbranded, fashionable, with realistic fabric behaviour, precise stitching, coordinated design, and a flattering but natural fit.","visible brand logo, brand name, advertising text, watermark, random lettering, child, teen, underage, exposed genitals, exposed nipples, wardrobe malfunction, unintended transparency, explicit sexual pose, fetish pose, damaged garment, impossible seams, duplicated clothing, malformed hands, extra fingers, broken anatomy, low detail, blur",Clothing/Female/Underwear & Lingerie/Bra and Panty Set,1,False
94,Female/Underwear & Lingerie/Bra and Panty Set/Satin Bra and Brief Set,"Adult woman wearing a satin bra and brief set, unbranded, fashionable, with realistic fabric behaviour, precise stitching, coordinated design, and a flattering but natural fit.","visible brand logo, brand name, advertising text, watermark, random lettering, child, teen, underage, exposed genitals, exposed nipples, wardrobe malfunction, unintended transparency, explicit sexual pose, fetish pose, damaged garment, impossible seams, duplicated clothing, malformed hands, extra fingers, broken anatomy, low detail, blur",Clothing/Female/Underwear & Lingerie/Bra and Panty Set,1,False
95,Female/Underwear & Lingerie/Bra and Panty Set/Caged Bra and Caged Panty Set,"Adult woman wearing a caged bra and caged panty set, unbranded, fashionable, with realistic fabric behaviour, precise stitching, coordinated design, and a flattering but natural fit.","visible brand logo, brand name, advertising text, watermark, random lettering, child, teen, underage, exposed genitals, exposed nipples, wardrobe malfunction, unintended transparency, explicit sexual pose, fetish pose, damaged garment, impossible seams, duplicated clothing, malformed hands, extra fingers, broken anatomy, low detail, blur",Clothing/Female/Underwear & Lingerie/Bra and Panty Set,1,False
96,Female/Underwear & Lingerie/Bra and Panty Set/Corset Bra and Garter Panty Set,"Adult woman wearing a corset bra and garter panty set, unbranded, fashionable, with realistic fabric behaviour, precise stitching, coordinated design, and a flattering but natural fit.","visible brand logo, brand name, advertising text, watermark, random lettering, child, teen, underage, exposed genitals, exposed nipples, wardrobe malfunction, unintended transparency, explicit sexual pose, fetish pose, damaged garment, impossible seams, duplicated clothing, malformed hands, extra fingers, broken anatomy, low detail, blur",Clothing/Female/Underwear & Lingerie/Bra and Panty Set,1,False
97,Female/Underwear & Lingerie/Bra and Panty Set/Bustier and Thong Set,"Adult woman wearing a bustier and thong set, unbranded, fashionable, with realistic fabric behaviour, precise stitching, coordinated design, and a flattering but natural fit.","visible brand logo, brand name, advertising text, watermark, random lettering, child, teen, underage, exposed genitals, exposed nipples, wardrobe malfunction, unintended transparency, explicit sexual pose, fetish pose, damaged garment, impossible seams, duplicated clothing, malformed hands, extra fingers, broken anatomy, low detail, blur",Clothing/Female/Underwear & Lingerie/Bra and Panty Set,1,False
98,Female/Underwear & Lingerie/Bra and Panty Set/Underwire Bra and Boyshort Set,"Adult woman wearing a underwire bra and boyshort set, unbranded, fashionable, with realistic fabric behaviour, precise stitching, coordinated design, and a flattering but natural fit.","visible brand logo, brand name, advertising text, watermark, random lettering, child, teen, underage, exposed genitals, exposed nipples, wardrobe malfunction, unintended transparency, explicit sexual pose, fetish pose, damaged garment, impossible seams, duplicated clothing, malformed hands, extra fingers, broken anatomy, low detail, blur",Clothing/Female/Underwear & Lingerie/Bra and Panty Set,1,False
99,Female/Underwear & Lingerie/Bra and Panty Set/Wireless Bra and Brief Set,"Adult woman wearing a wireless bra and brief set, unbranded, fashionable, with realistic fabric behaviour, precise stitching, coordinated design, and a flattering but natural fit.","visible brand logo, brand name, advertising text, watermark, random lettering, child, teen, underage, exposed genitals, exposed nipples, wardrobe malfunction, unintended transparency, explicit sexual pose, fetish pose, damaged garment, impossible seams, duplicated clothing, malformed hands, extra fingers, broken anatomy, low detail, blur",Clothing/Female/Underwear & Lingerie/Bra and Panty Set,1,False
100,Female/Underwear & Lingerie/Bra and Panty Set/Halter Bra and Brazilian Panty Set,"Adult woman wearing a halter bra and brazilian panty set, unbranded, fashionable, with realistic fabric behaviour, precise stitching, coordinated design, and a flattering but natural fit.","visible brand logo, brand name, advertising text, watermark, random lettering, child, teen, underage, exposed genitals, exposed nipples, wardrobe malfunction, unintended transparency, explicit sexual pose, fetish pose, damaged garment, impossible seams, duplicated clothing, malformed hands, extra fingers, broken anatomy, low detail, blur",Clothing/Female/Underwear & Lingerie/Bra and Panty Set,1,False
101,Female/Underwear & Lingerie/Bra and Panty Set/Strapless Bra and Tanga Set,"Adult woman wearing a strapless bra and tanga set, unbranded, fashionable, with realistic fabric behaviour, precise stitching, coordinated design, and a flattering but natural fit.","visible brand logo, brand name, advertising text, watermark, random lettering, child, teen, underage, exposed genitals, exposed nipples, wardrobe malfunction, unintended transparency, explicit sexual pose, fetish pose, damaged garment, impossible seams, duplicated clothing, malformed hands, extra fingers, broken anatomy, low detail, blur",Clothing/Female/Underwear & Lingerie/Bra and Panty Set,1,False
102,Female/Underwear & Lingerie/Material/Cotton Jersey,"Use cotton jersey as the main underwear or lingerie material, with realistic texture, natural drape, clear seam detail, and no visible logos or text.","visible brand logo, brand name, advertising text, watermark, random lettering, child, teen, underage, exposed genitals, exposed nipples, wardrobe malfunction, unintended transparency, explicit sexual pose, fetish pose, damaged garment, impossible seams, duplicated clothing, malformed hands, extra fingers, broken anatomy, low detail, blur",Clothing/Female/Underwear & Lingerie/Material,1,False
103,Female/Underwear & Lingerie/Material/Cotton Rib,"Use cotton rib as the main underwear or lingerie material, with realistic texture, natural drape, clear seam detail, and no visible logos or text.","visible brand logo, brand name, advertising text, watermark, random lettering, child, teen, underage, exposed genitals, exposed nipples, wardrobe malfunction, unintended transparency, explicit sexual pose, fetish pose, damaged garment, impossible seams, duplicated clothing, malformed hands, extra fingers, broken anatomy, low detail, blur",Clothing/Female/Underwear & Lingerie/Material,1,False
104,Female/Underwear & Lingerie/Material/Modal,"Use modal as the main underwear or lingerie material, with realistic texture, natural drape, clear seam detail, and no visible logos or text.","visible brand logo, brand name, advertising text, watermark, random lettering, child, teen, underage, exposed genitals, exposed nipples, wardrobe malfunction, unintended transparency, explicit sexual pose, fetish pose, damaged garment, impossible seams, duplicated clothing, malformed hands, extra fingers, broken anatomy, low detail, blur",Clothing/Female/Underwear & Lingerie/Material,1,False
105,Female/Underwear & Lingerie/Material/Microfibre,"Use microfibre as the main underwear or lingerie material, with realistic texture, natural drape, clear seam detail, and no visible logos or text.","visible brand logo, brand name, advertising text, watermark, random lettering, child, teen, underage, exposed genitals, exposed nipples, wardrobe malfunction, unintended transparency, explicit sexual pose, fetish pose, damaged garment, impossible seams, duplicated clothing, malformed hands, extra fingers, broken anatomy, low detail, blur",Clothing/Female/Underwear & Lingerie/Material,1,False
106,Female/Underwear & Lingerie/Material/Seamless Microfibre,"Use seamless microfibre as the main underwear or lingerie material, with realistic texture, natural drape, clear seam detail, and no visible logos or text.","visible brand logo, brand name, advertising text, watermark, random lettering, child, teen, underage, exposed genitals, exposed nipples, wardrobe malfunction, unintended transparency, explicit sexual pose, fetish pose, damaged garment, impossible seams, duplicated clothing, malformed hands, extra fingers, broken anatomy, low detail, blur",Clothing/Female/Underwear & Lingerie/Material,1,False
107,Female/Underwear & Lingerie/Material/Stretch Satin,"Use stretch satin as the main underwear or lingerie material, with realistic texture, natural drape, clear seam detail, and no visible logos or text.","visible brand logo, brand name, advertising text, watermark, random lettering, child, teen, underage, exposed genitals, exposed nipples, wardrobe malfunction, unintended transparency, explicit sexual pose, fetish pose, damaged garment, impossible seams, duplicated clothing, malformed hands, extra fingers, broken anatomy, low detail, blur",Clothing/Female/Underwear & Lingerie/Material,1,False
108,Female/Underwear & Lingerie/Material/Silk Charmeuse,"Use silk charmeuse as the main underwear or lingerie material, with realistic texture, natural drape, clear seam detail, and no visible logos or text.","visible brand logo, brand name, advertising text, watermark, random lettering, child, teen, underage, exposed genitals, exposed nipples, wardrobe malfunction, unintended transparency, explicit sexual pose, fetish pose, damaged garment, impossible seams, duplicated clothing, malformed hands, extra fingers, broken anatomy, low detail, blur",Clothing/Female/Underwear & Lingerie/Material,1,False
109,Female/Underwear & Lingerie/Material/Matte Satin,"Use matte satin as the main underwear or lingerie material, with realistic texture, natural drape, clear seam detail, and no visible logos or text.","visible brand logo, brand name, advertising text, watermark, random lettering, child, teen, underage, exposed genitals, exposed nipples, wardrobe malfunction, unintended transparency, explicit sexual pose, fetish pose, damaged garment, impossible seams, duplicated clothing, malformed hands, extra fingers, broken anatomy, low detail, blur",Clothing/Female/Underwear & Lingerie/Material,1,False
110,Female/Underwear & Lingerie/Material/Silk-blend Satin,"Use silk-blend satin as the main underwear or lingerie material, with realistic texture, natural drape, clear seam detail, and no visible logos or text.","visible brand logo, brand name, advertising text, watermark, random lettering, child, teen, underage, exposed genitals, exposed nipples, wardrobe malfunction, unintended transparency, explicit sexual pose, fetish pose, damaged garment, impossible seams, duplicated clothing, malformed hands, extra fingers, broken anatomy, low detail, blur",Clothing/Female/Underwear & Lingerie/Material,1,False
111,Female/Underwear & Lingerie/Material/Lace,"Use lace as the main underwear or lingerie material, with realistic texture, natural drape, clear seam detail, and no visible logos or text.","visible brand logo, brand name, advertising text, watermark, random lettering, child, teen, underage, exposed genitals, exposed nipples, wardrobe malfunction, unintended transparency, explicit sexual pose, fetish pose, damaged garment, impossible seams, duplicated clothing, malformed hands, extra fingers, broken anatomy, low detail, blur",Clothing/Female/Underwear & Lingerie/Material,1,False
112,Female/Underwear & Lingerie/Material/Floral Lace,"Use floral lace as the main underwear or lingerie material, with realistic texture, natural drape, clear seam detail, and no visible logos or text.","visible brand logo, brand name, advertising text, watermark, random lettering, child, teen, underage, exposed genitals, exposed nipples, wardrobe malfunction, unintended transparency, explicit sexual pose, fetish pose, damaged garment, impossible seams, duplicated clothing, malformed hands, extra fingers, broken anatomy, low detail, blur",Clothing/Female/Underwear & Lingerie/Material,1,False
113,Female/Underwear & Lingerie/Material/Scalloped Lace,"Use scalloped lace as the main underwear or lingerie material, with realistic texture, natural drape, clear seam detail, and no visible logos or text.","visible brand logo, brand name, advertising text, watermark, random lettering, child, teen, underage, exposed genitals, exposed nipples, wardrobe malfunction, unintended transparency, explicit sexual pose, fetish pose, damaged garment, impossible seams, duplicated clothing, malformed hands, extra fingers, broken anatomy, low detail, blur",Clothing/Female/Underwear & Lingerie/Material,1,False
114,Female/Underwear & Lingerie/Material/Mesh,"Use mesh as the main underwear or lingerie material, with realistic texture, natural drape, clear seam detail, and no visible logos or text.","visible brand logo, brand name, advertising text, watermark, random lettering, child, teen, underage, exposed genitals, exposed nipples, wardrobe malfunction, unintended transparency, explicit sexual pose, fetish pose, damaged garment, impossible seams, duplicated clothing, malformed hands, extra fingers, broken anatomy, low detail, blur",Clothing/Female/Underwear & Lingerie/Material,1,False
115,Female/Underwear & Lingerie/Material/Power Mesh,"Use power mesh as the main underwear or lingerie material, with realistic texture, natural drape, clear seam detail, and no visible logos or text.","visible brand logo, brand name, advertising text, watermark, random lettering, child, teen, underage, exposed genitals, exposed nipples, wardrobe malfunction, unintended transparency, explicit sexual pose, fetish pose, damaged garment, impossible seams, duplicated clothing, malformed hands, extra fingers, broken anatomy, low detail, blur",Clothing/Female/Underwear & Lingerie/Material,1,False
116,Female/Underwear & Lingerie/Material/Sheer Mesh with Opaque Lining,"Use sheer mesh with opaque lining as the main underwear or lingerie material, with realistic texture, natural drape, clear seam detail, and no visible logos or text.","visible brand logo, brand name, advertising text, watermark, random lettering, child, teen, underage, exposed genitals, exposed nipples, wardrobe malfunction, unintended transparency, explicit sexual pose, fetish pose, damaged garment, impossible seams, duplicated clothing, malformed hands, extra fingers, broken anatomy, low detail, blur",Clothing/Female/Underwear & Lingerie/Material,1,False
117,Female/Underwear & Lingerie/Material/Tulle,"Use tulle as the main underwear or lingerie material, with realistic texture, natural drape, clear seam detail, and no visible logos or text.","visible brand logo, brand name, advertising text, watermark, random lettering, child, teen, underage, exposed genitals, exposed nipples, wardrobe malfunction, unintended transparency, explicit sexual pose, fetish pose, damaged garment, impossible seams, duplicated clothing, malformed hands, extra fingers, broken anatomy, low detail, blur",Clothing/Female/Underwear & Lingerie/Material,1,False
118,Female/Underwear & Lingerie/Material/Stretch Tulle,"Use stretch tulle as the main underwear or lingerie material, with realistic texture, natural drape, clear seam detail, and no visible logos or text.","visible brand logo, brand name, advertising text, watermark, random lettering, child, teen, underage, exposed genitals, exposed nipples, wardrobe malfunction, unintended transparency, explicit sexual pose, fetish pose, damaged garment, impossible seams, duplicated clothing, malformed hands, extra fingers, broken anatomy, low detail, blur",Clothing/Female/Underwear & Lingerie/Material,1,False
119,Female/Underwear & Lingerie/Material/Jersey Knit,"Use jersey knit as the main underwear or lingerie material, with realistic texture, natural drape, clear seam detail, and no visible logos or text.","visible brand logo, brand name, advertising text, watermark, random lettering, child, teen, underage, exposed genitals, exposed nipples, wardrobe malfunction, unintended transparency, explicit sexual pose, fetish pose, damaged garment, impossible seams, duplicated clothing, malformed hands, extra fingers, broken anatomy, low detail, blur",Clothing/Female/Underwear & Lingerie/Material,1,False
120,Female/Underwear & Lingerie/Material/Ribbed Knit,"Use ribbed knit as the main underwear or lingerie material, with realistic texture, natural drape, clear seam detail, and no visible logos or text.","visible brand logo, brand name, advertising text, watermark, random lettering, child, teen, underage, exposed genitals, exposed nipples, wardrobe malfunction, unintended transparency, explicit sexual pose, fetish pose, damaged garment, impossible seams, duplicated clothing, malformed hands, extra fingers, broken anatomy, low detail, blur",Clothing/Female/Underwear & Lingerie/Material,1,False
121,Female/Underwear & Lingerie/Material/Bamboo Viscose,"Use bamboo viscose as the main underwear or lingerie material, with realistic texture, natural drape, clear seam detail, and no visible logos or text.","visible brand logo, brand name, advertising text, watermark, random lettering, child, teen, underage, exposed genitals, exposed nipples, wardrobe malfunction, unintended transparency, explicit sexual pose, fetish pose, damaged garment, impossible seams, duplicated clothing, malformed hands, extra fingers, broken anatomy, low detail, blur",Clothing/Female/Underwear & Lingerie/Material,1,False
122,Female/Underwear & Lingerie/Material/Nylon Spandex,"Use nylon spandex as the main underwear or lingerie material, with realistic texture, natural drape, clear seam detail, and no visible logos or text.","visible brand logo, brand name, advertising text, watermark, random lettering, child, teen, underage, exposed genitals, exposed nipples, wardrobe malfunction, unintended transparency, explicit sexual pose, fetish pose, damaged garment, impossible seams, duplicated clothing, malformed hands, extra fingers, broken anatomy, low detail, blur",Clothing/Female/Underwear & Lingerie/Material,1,False
123,Female/Underwear & Lingerie/Material/Recycled Nylon Stretch,"Use recycled nylon stretch as the main underwear or lingerie material, with realistic texture, natural drape, clear seam detail, and no visible logos or text.","visible brand logo, brand name, advertising text, watermark, random lettering, child, teen, underage, exposed genitals, exposed nipples, wardrobe malfunction, unintended transparency, explicit sexual pose, fetish pose, damaged garment, impossible seams, duplicated clothing, malformed hands, extra fingers, broken anatomy, low detail, blur",Clothing/Female/Underwear & Lingerie/Material,1,False
124,Female/Underwear & Lingerie/Material/Supplex,"Use supplex as the main underwear or lingerie material, with realistic texture, natural drape, clear seam detail, and no visible logos or text.","visible brand logo, brand name, advertising text, watermark, random lettering, child, teen, underage, exposed genitals, exposed nipples, wardrobe malfunction, unintended transparency, explicit sexual pose, fetish pose, damaged garment, impossible seams, duplicated clothing, malformed hands, extra fingers, broken anatomy, low detail, blur",Clothing/Female/Underwear & Lingerie/Material,1,False
125,Female/Underwear & Lingerie/Material/Charmeuse,"Use charmeuse as the main underwear or lingerie material, with realistic texture, natural drape, clear seam detail, and no visible logos or text.","visible brand logo, brand name, advertising text, watermark, random lettering, child, teen, underage, exposed genitals, exposed nipples, wardrobe malfunction, unintended transparency, explicit sexual pose, fetish pose, damaged garment, impossible seams, duplicated clothing, malformed hands, extra fingers, broken anatomy, low detail, blur",Clothing/Female/Underwear & Lingerie/Material,1,False
126,Female/Underwear & Lingerie/Material/Velvet,"Use velvet as the main underwear or lingerie material, with realistic texture, natural drape, clear seam detail, and no visible logos or text.","visible brand logo, brand name, advertising text, watermark, random lettering, child, teen, underage, exposed genitals, exposed nipples, wardrobe malfunction, unintended transparency, explicit sexual pose, fetish pose, damaged garment, impossible seams, duplicated clothing, malformed hands, extra fingers, broken anatomy, low detail, blur",Clothing/Female/Underwear & Lingerie/Material,1,False
127,Female/Underwear & Lingerie/Material/Velour,"Use velour as the main underwear or lingerie material, with realistic texture, natural drape, clear seam detail, and no visible logos or text.","visible brand logo, brand name, advertising text, watermark, random lettering, child, teen, underage, exposed genitals, exposed nipples, wardrobe malfunction, unintended transparency, explicit sexual pose, fetish pose, damaged garment, impossible seams, duplicated clothing, malformed hands, extra fingers, broken anatomy, low detail, blur",Clothing/Female/Underwear & Lingerie/Material,1,False
128,Female/Underwear & Lingerie/Material/Pointelle Cotton,"Use pointelle cotton as the main underwear or lingerie material, with realistic texture, natural drape, clear seam detail, and no visible logos or text.","visible brand logo, brand name, advertising text, watermark, random lettering, child, teen, underage, exposed genitals, exposed nipples, wardrobe malfunction, unintended transparency, explicit sexual pose, fetish pose, damaged garment, impossible seams, duplicated clothing, malformed hands, extra fingers, broken anatomy, low detail, blur",Clothing/Female/Underwear & Lingerie/Material,1,False
129,Female/Underwear & Lingerie/Material/Jacquard Lace,"Use jacquard lace as the main underwear or lingerie material, with realistic texture, natural drape, clear seam detail, and no visible logos or text.","visible brand logo, brand name, advertising text, watermark, random lettering, child, teen, underage, exposed genitals, exposed nipples, wardrobe malfunction, unintended transparency, explicit sexual pose, fetish pose, damaged garment, impossible seams, duplicated clothing, malformed hands, extra fingers, broken anatomy, low detail, blur",Clothing/Female/Underwear & Lingerie/Material,1,False
130,Female/Underwear & Lingerie/Material/Fishnet Overlay with Opaque Lining,"Use fishnet overlay with opaque lining as the main underwear or lingerie material, with realistic texture, natural drape, clear seam detail, and no visible logos or text.","visible brand logo, brand name, advertising text, watermark, random lettering, child, teen, underage, exposed genitals, exposed nipples, wardrobe malfunction, unintended transparency, explicit sexual pose, fetish pose, damaged garment, impossible seams, duplicated clothing, malformed hands, extra fingers, broken anatomy, low detail, blur",Clothing/Female/Underwear & Lingerie/Material,1,False
131,Female/Swimwear/Color/Black,"Use a black color palette for the swimwear, keeping the garment unbranded, fashionable, and clearly readable.","visible brand logo, brand name, advertising text, watermark, random lettering, child, teen, underage, exposed genitals, exposed nipples, wardrobe malfunction, unintended transparency, explicit sexual pose, fetish pose, damaged garment, impossible seams, duplicated clothing, malformed hands, extra fingers, broken anatomy, low detail, blur",Clothing/Female/Swimwear/Color,1,False
132,Female/Swimwear/Color/White,"Use a white color palette for the swimwear, keeping the garment unbranded, fashionable, and clearly readable.","visible brand logo, brand name, advertising text, watermark, random lettering, child, teen, underage, exposed genitals, exposed nipples, wardrobe malfunction, unintended transparency, explicit sexual pose, fetish pose, damaged garment, impossible seams, duplicated clothing, malformed hands, extra fingers, broken anatomy, low detail, blur",Clothing/Female/Swimwear/Color,1,False
133,Female/Swimwear/Color/Ivory,"Use a ivory color palette for the swimwear, keeping the garment unbranded, fashionable, and clearly readable.","visible brand logo, brand name, advertising text, watermark, random lettering, child, teen, underage, exposed genitals, exposed nipples, wardrobe malfunction, unintended transparency, explicit sexual pose, fetish pose, damaged garment, impossible seams, duplicated clothing, malformed hands, extra fingers, broken anatomy, low detail, blur",Clothing/Female/Swimwear/Color,1,False
134,Female/Swimwear/Color/Navy,"Use a navy color palette for the swimwear, keeping the garment unbranded, fashionable, and clearly readable.","visible brand logo, brand name, advertising text, watermark, random lettering, child, teen, underage, exposed genitals, exposed nipples, wardrobe malfunction, unintended transparency, explicit sexual pose, fetish pose, damaged garment, impossible seams, duplicated clothing, malformed hands, extra fingers, broken anatomy, low detail, blur",Clothing/Female/Swimwear/Color,1,False
135,Female/Swimwear/Color/Royal Blue,"Use a royal blue color palette for the swimwear, keeping the garment unbranded, fashionable, and clearly readable.","visible brand logo, brand name, advertising text, watermark, random lettering, child, teen, underage, exposed genitals, exposed nipples, wardrobe malfunction, unintended transparency, explicit sexual pose, fetish pose, damaged garment, impossible seams, duplicated clothing, malformed hands, extra fingers, broken anatomy, low detail, blur",Clothing/Female/Swimwear/Color,1,False
136,Female/Swimwear/Color/Sky Blue,"Use a sky blue color palette for the swimwear, keeping the garment unbranded, fashionable, and clearly readable.","visible brand logo, brand name, advertising text, watermark, random lettering, child, teen, underage, exposed genitals, exposed nipples, wardrobe malfunction, unintended transparency, explicit sexual pose, fetish pose, damaged garment, impossible seams, duplicated clothing, malformed hands, extra fingers, broken anatomy, low detail, blur",Clothing/Female/Swimwear/Color,1,False
137,Female/Swimwear/Color/Turquoise,"Use a turquoise color palette for the swimwear, keeping the garment unbranded, fashionable, and clearly readable.","visible brand logo, brand name, advertising text, watermark, random lettering, child, teen, underage, exposed genitals, exposed nipples, wardrobe malfunction, unintended transparency, explicit sexual pose, fetish pose, damaged garment, impossible seams, duplicated clothing, malformed hands, extra fingers, broken anatomy, low detail, blur",Clothing/Female/Swimwear/Color,1,False
138,Female/Swimwear/Color/Teal,"Use a teal color palette for the swimwear, keeping the garment unbranded, fashionable, and clearly readable.","visible brand logo, brand name, advertising text, watermark, random lettering, child, teen, underage, exposed genitals, exposed nipples, wardrobe malfunction, unintended transparency, explicit sexual pose, fetish pose, damaged garment, impossible seams, duplicated clothing, malformed hands, extra fingers, broken anatomy, low detail, blur",Clothing/Female/Swimwear/Color,1,False
139,Female/Swimwear/Color/Emerald,"Use a emerald color palette for the swimwear, keeping the garment unbranded, fashionable, and clearly readable.","visible brand logo, brand name, advertising text, watermark, random lettering, child, teen, underage, exposed genitals, exposed nipples, wardrobe malfunction, unintended transparency, explicit sexual pose, fetish pose, damaged garment, impossible seams, duplicated clothing, malformed hands, extra fingers, broken anatomy, low detail, blur",Clothing/Female/Swimwear/Color,1,False
140,Female/Swimwear/Color/Mint,"Use a mint color palette for the swimwear, keeping the garment unbranded, fashionable, and clearly readable.","visible brand logo, brand name, advertising text, watermark, random lettering, child, teen, underage, exposed genitals, exposed nipples, wardrobe malfunction, unintended transparency, explicit sexual pose, fetish pose, damaged garment, impossible seams, duplicated clothing, malformed hands, extra fingers, broken anatomy, low detail, blur",Clothing/Female/Swimwear/Color,1,False
141,Female/Swimwear/Color/Sage,"Use a sage color palette for the swimwear, keeping the garment unbranded, fashionable, and clearly readable.","visible brand logo, brand name, advertising text, watermark, random lettering, child, teen, underage, exposed genitals, exposed nipples, wardrobe malfunction, unintended transparency, explicit sexual pose, fetish pose, damaged garment, impossible seams, duplicated clothing, malformed hands, extra fingers, broken anatomy, low detail, blur",Clothing/Female/Swimwear/Color,1,False
142,Female/Swimwear/Color/Olive,"Use a olive color palette for the swimwear, keeping the garment unbranded, fashionable, and clearly readable.","visible brand logo, brand name, advertising text, watermark, random lettering, child, teen, underage, exposed genitals, exposed nipples, wardrobe malfunction, unintended transparency, explicit sexual pose, fetish pose, damaged garment, impossible seams, duplicated clothing, malformed hands, extra fingers, broken anatomy, low detail, blur",Clothing/Female/Swimwear/Color,1,False
143,Female/Swimwear/Color/Red,"Use a red color palette for the swimwear, keeping the garment unbranded, fashionable, and clearly readable.","visible brand logo, brand name, advertising text, watermark, random lettering, child, teen, underage, exposed genitals, exposed nipples, wardrobe malfunction, unintended transparency, explicit sexual pose, fetish pose, damaged garment, impossible seams, duplicated clothing, malformed hands, extra fingers, broken anatomy, low detail, blur",Clothing/Female/Swimwear/Color,1,False
144,Female/Swimwear/Color/Burgundy,"Use a burgundy color palette for the swimwear, keeping the garment unbranded, fashionable, and clearly readable.","visible brand logo, brand name, advertising text, watermark, random lettering, child, teen, underage, exposed genitals, exposed nipples, wardrobe malfunction, unintended transparency, explicit sexual pose, fetish pose, damaged garment, impossible seams, duplicated clothing, malformed hands, extra fingers, broken anatomy, low detail, blur",Clothing/Female/Swimwear/Color,1,False
145,Female/Swimwear/Color/Coral,"Use a coral color palette for the swimwear, keeping the garment unbranded, fashionable, and clearly readable.","visible brand logo, brand name, advertising text, watermark, random lettering, child, teen, underage, exposed genitals, exposed nipples, wardrobe malfunction, unintended transparency, explicit sexual pose, fetish pose, damaged garment, impossible seams, duplicated clothing, malformed hands, extra fingers, broken anatomy, low detail, blur",Clothing/Female/Swimwear/Color,1,False
146,Female/Swimwear/Color/Orange,"Use a orange color palette for the swimwear, keeping the garment unbranded, fashionable, and clearly readable.","visible brand logo, brand name, advertising text, watermark, random lettering, child, teen, underage, exposed genitals, exposed nipples, wardrobe malfunction, unintended transparency, explicit sexual pose, fetish pose, damaged garment, impossible seams, duplicated clothing, malformed hands, extra fingers, broken anatomy, low detail, blur",Clothing/Female/Swimwear/Color,1,False
147,Female/Swimwear/Color/Yellow,"Use a yellow color palette for the swimwear, keeping the garment unbranded, fashionable, and clearly readable.","visible brand logo, brand name, advertising text, watermark, random lettering, child, teen, underage, exposed genitals, exposed nipples, wardrobe malfunction, unintended transparency, explicit sexual pose, fetish pose, damaged garment, impossible seams, duplicated clothing, malformed hands, extra fingers, broken anatomy, low detail, blur",Clothing/Female/Swimwear/Color,1,False
148,Female/Swimwear/Color/Hot Pink,"Use a hot pink color palette for the swimwear, keeping the garment unbranded, fashionable, and clearly readable.","visible brand logo, brand name, advertising text, watermark, random lettering, child, teen, underage, exposed genitals, exposed nipples, wardrobe malfunction, unintended transparency, explicit sexual pose, fetish pose, damaged garment, impossible seams, duplicated clothing, malformed hands, extra fingers, broken anatomy, low detail, blur",Clothing/Female/Swimwear/Color,1,False
149,Female/Swimwear/Color/Rose,"Use a rose color palette for the swimwear, keeping the garment unbranded, fashionable, and clearly readable.","visible brand logo, brand name, advertising text, watermark, random lettering, child, teen, underage, exposed genitals, exposed nipples, wardrobe malfunction, unintended transparency, explicit sexual pose, fetish pose, damaged garment, impossible seams, duplicated clothing, malformed hands, extra fingers, broken anatomy, low detail, blur",Clothing/Female/Swimwear/Color,1,False
150,Female/Swimwear/Color/Lavender,"Use a lavender color palette for the swimwear, keeping the garment unbranded, fashionable, and clearly readable.","visible brand logo, brand name, advertising text, watermark, random lettering, child, teen, underage, exposed genitals, exposed nipples, wardrobe malfunction, unintended transparency, explicit sexual pose, fetish pose, damaged garment, impossible seams, duplicated clothing, malformed hands, extra fingers, broken anatomy, low detail, blur",Clothing/Female/Swimwear/Color,1,False
151,Female/Swimwear/Color/Lilac,"Use a lilac color palette for the swimwear, keeping the garment unbranded, fashionable, and clearly readable.","visible brand logo, brand name, advertising text, watermark, random lettering, child, teen, underage, exposed genitals, exposed nipples, wardrobe malfunction, unintended transparency, explicit sexual pose, fetish pose, damaged garment, impossible seams, duplicated clothing, malformed hands, extra fingers, broken anatomy, low detail, blur",Clothing/Female/Swimwear/Color,1,False
152,Female/Swimwear/Color/Plum,"Use a plum color palette for the swimwear, keeping the garment unbranded, fashionable, and clearly readable.","visible brand logo, brand name, advertising text, watermark, random lettering, child, teen, underage, exposed genitals, exposed nipples, wardrobe malfunction, unintended transparency, explicit sexual pose, fetish pose, damaged garment, impossible seams, duplicated clothing, malformed hands, extra fingers, broken anatomy, low detail, blur",Clothing/Female/Swimwear/Color,1,False
153,Female/Swimwear/Color/Chocolate Brown,"Use a chocolate brown color palette for the swimwear, keeping the garment unbranded, fashionable, and clearly readable.","visible brand logo, brand name, advertising text, watermark, random lettering, child, teen, underage, exposed genitals, exposed nipples, wardrobe malfunction, unintended transparency, explicit sexual pose, fetish pose, damaged garment, impossible seams, duplicated clothing, malformed hands, extra fingers, broken anatomy, low detail, blur",Clothing/Female/Swimwear/Color,1,False
154,Female/Swimwear/Color/Taupe,"Use a taupe color palette for the swimwear, keeping the garment unbranded, fashionable, and clearly readable.","visible brand logo, brand name, advertising text, watermark, random lettering, child, teen, underage, exposed genitals, exposed nipples, wardrobe malfunction, unintended transparency, explicit sexual pose, fetish pose, damaged garment, impossible seams, duplicated clothing, malformed hands, extra fingers, broken anatomy, low detail, blur",Clothing/Female/Swimwear/Color,1,False
155,Female/Swimwear/Color/Silver,"Use a silver color palette for the swimwear, keeping the garment unbranded, fashionable, and clearly readable.","visible brand logo, brand name, advertising text, watermark, random lettering, child, teen, underage, exposed genitals, exposed nipples, wardrobe malfunction, unintended transparency, explicit sexual pose, fetish pose, damaged garment, impossible seams, duplicated clothing, malformed hands, extra fingers, broken anatomy, low detail, blur",Clothing/Female/Swimwear/Color,1,False
156,Female/Swimwear/Color/Gold,"Use a gold color palette for the swimwear, keeping the garment unbranded, fashionable, and clearly readable.","visible brand logo, brand name, advertising text, watermark, random lettering, child, teen, underage, exposed genitals, exposed nipples, wardrobe malfunction, unintended transparency, explicit sexual pose, fetish pose, damaged garment, impossible seams, duplicated clothing, malformed hands, extra fingers, broken anatomy, low detail, blur",Clothing/Female/Swimwear/Color,1,False
157,Female/Swimwear/Style/Triangle Bikini,"Adult woman wearing triangle bikini, with clean fashionable swim styling, realistic fabric behaviour, precise stitching, and no visible logos or text.","visible brand logo, brand name, advertising text, watermark, random lettering, child, teen, underage, exposed genitals, exposed nipples, wardrobe malfunction, unintended transparency, explicit sexual pose, fetish pose, damaged garment, impossible seams, duplicated clothing, malformed hands, extra fingers, broken anatomy, low detail, blur",Clothing/Female/Swimwear/Style,1,False
158,Female/Swimwear/Style/Balconette Bikini,"Adult woman wearing balconette bikini, with clean fashionable swim styling, realistic fabric behaviour, precise stitching, and no visible logos or text.","visible brand logo, brand name, advertising text, watermark, random lettering, child, teen, underage, exposed genitals, exposed nipples, wardrobe malfunction, unintended transparency, explicit sexual pose, fetish pose, damaged garment, impossible seams, duplicated clothing, malformed hands, extra fingers, broken anatomy, low detail, blur",Clothing/Female/Swimwear/Style,1,False
159,Female/Swimwear/Style/Bandeau Bikini,"Adult woman wearing bandeau bikini, with clean fashionable swim styling, realistic fabric behaviour, precise stitching, and no visible logos or text.","visible brand logo, brand name, advertising text, watermark, random lettering, child, teen, underage, exposed genitals, exposed nipples, wardrobe malfunction, unintended transparency, explicit sexual pose, fetish pose, damaged garment, impossible seams, duplicated clothing, malformed hands, extra fingers, broken anatomy, low detail, blur",Clothing/Female/Swimwear/Style,1,False
160,Female/Swimwear/Style/Halter Bikini,"Adult woman wearing halter bikini, with clean fashionable swim styling, realistic fabric behaviour, precise stitching, and no visible logos or text.","visible brand logo, brand name, advertising text, watermark, random lettering, child, teen, underage, exposed genitals, exposed nipples, wardrobe malfunction, unintended transparency, explicit sexual pose, fetish pose, damaged garment, impossible seams, duplicated clothing, malformed hands, extra fingers, broken anatomy, low detail, blur",Clothing/Female/Swimwear/Style,1,False
161,Female/Swimwear/Style/Sport Bikini,"Adult woman wearing sport bikini, with clean fashionable swim styling, realistic fabric behaviour, precise stitching, and no visible logos or text.","visible brand logo, brand name, advertising text, watermark, random lettering, child, teen, underage, exposed genitals, exposed nipples, wardrobe malfunction, unintended transparency, explicit sexual pose, fetish pose, damaged garment, impossible seams, duplicated clothing, malformed hands, extra fingers, broken anatomy, low detail, blur",Clothing/Female/Swimwear/Style,1,False
162,Female/Swimwear/Style/Underwire Bikini,"Adult woman wearing underwire bikini, with clean fashionable swim styling, realistic fabric behaviour, precise stitching, and no visible logos or text.","visible brand logo, brand name, advertising text, watermark, random lettering, child, teen, underage, exposed genitals, exposed nipples, wardrobe malfunction, unintended transparency, explicit sexual pose, fetish pose, damaged garment, impossible seams, duplicated clothing, malformed hands, extra fingers, broken anatomy, low detail, blur",Clothing/Female/Swimwear/Style,1,False
163,Female/Swimwear/Style/Longline Bikini,"Adult woman wearing longline bikini, with clean fashionable swim styling, realistic fabric behaviour, precise stitching, and no visible logos or text.","visible brand logo, brand name, advertising text, watermark, random lettering, child, teen, underage, exposed genitals, exposed nipples, wardrobe malfunction, unintended transparency, explicit sexual pose, fetish pose, damaged garment, impossible seams, duplicated clothing, malformed hands, extra fingers, broken anatomy, low detail, blur",Clothing/Female/Swimwear/Style,1,False
164,Female/Swimwear/Style/String Bikini,"Adult woman wearing string bikini, with clean fashionable swim styling, realistic fabric behaviour, precise stitching, and no visible logos or text.","visible brand logo, brand name, advertising text, watermark, random lettering, child, teen, underage, exposed genitals, exposed nipples, wardrobe malfunction, unintended transparency, explicit sexual pose, fetish pose, damaged garment, impossible seams, duplicated clothing, malformed hands, extra fingers, broken anatomy, low detail, blur",Clothing/Female/Swimwear/Style,1,False
165,Female/Swimwear/Style/High-waist Bikini,"Adult woman wearing high-waist bikini, with clean fashionable swim styling, realistic fabric behaviour, precise stitching, and no visible logos or text.","visible brand logo, brand name, advertising text, watermark, random lettering, child, teen, underage, exposed genitals, exposed nipples, wardrobe malfunction, unintended transparency, explicit sexual pose, fetish pose, damaged garment, impossible seams, duplicated clothing, malformed hands, extra fingers, broken anatomy, low detail, blur",Clothing/Female/Swimwear/Style,1,False
166,Female/Swimwear/Style/Cheeky Bikini Bottom,"Adult woman wearing cheeky bikini bottom, with clean fashionable swim styling, realistic fabric behaviour, precise stitching, and no visible logos or text.","visible brand logo, brand name, advertising text, watermark, random lettering, child, teen, underage, exposed genitals, exposed nipples, wardrobe malfunction, unintended transparency, explicit sexual pose, fetish pose, damaged garment, impossible seams, duplicated clothing, malformed hands, extra fingers, broken anatomy, low detail, blur",Clothing/Female/Swimwear/Style,1,False
167,Female/Swimwear/Style/Brazilian Bikini Bottom,"Adult woman wearing brazilian bikini bottom, with clean fashionable swim styling, realistic fabric behaviour, precise stitching, and no visible logos or text.","visible brand logo, brand name, advertising text, watermark, random lettering, child, teen, underage, exposed genitals, exposed nipples, wardrobe malfunction, unintended transparency, explicit sexual pose, fetish pose, damaged garment, impossible seams, duplicated clothing, malformed hands, extra fingers, broken anatomy, low detail, blur",Clothing/Female/Swimwear/Style,1,False
168,Female/Swimwear/Style/Hipster Bikini Bottom,"Adult woman wearing hipster bikini bottom, with clean fashionable swim styling, realistic fabric behaviour, precise stitching, and no visible logos or text.","visible brand logo, brand name, advertising text, watermark, random lettering, child, teen, underage, exposed genitals, exposed nipples, wardrobe malfunction, unintended transparency, explicit sexual pose, fetish pose, damaged garment, impossible seams, duplicated clothing, malformed hands, extra fingers, broken anatomy, low detail, blur",Clothing/Female/Swimwear/Style,1,False
169,Female/Swimwear/Style/One-piece Swimsuit,"Adult woman wearing one-piece swimsuit, with clean fashionable swim styling, realistic fabric behaviour, precise stitching, and no visible logos or text.","visible brand logo, brand name, advertising text, watermark, random lettering, child, teen, underage, exposed genitals, exposed nipples, wardrobe malfunction, unintended transparency, explicit sexual pose, fetish pose, damaged garment, impossible seams, duplicated clothing, malformed hands, extra fingers, broken anatomy, low detail, blur",Clothing/Female/Swimwear/Style,1,False
170,Female/Swimwear/Style/Cut-out One-piece,"Adult woman wearing cut-out one-piece, with clean fashionable swim styling, realistic fabric behaviour, precise stitching, and no visible logos or text.","visible brand logo, brand name, advertising text, watermark, random lettering, child, teen, underage, exposed genitals, exposed nipples, wardrobe malfunction, unintended transparency, explicit sexual pose, fetish pose, damaged garment, impossible seams, duplicated clothing, malformed hands, extra fingers, broken anatomy, low detail, blur",Clothing/Female/Swimwear/Style,1,False
171,Female/Swimwear/Style/Long-sleeve One-piece,"Adult woman wearing long-sleeve one-piece, with clean fashionable swim styling, realistic fabric behaviour, precise stitching, and no visible logos or text.","visible brand logo, brand name, advertising text, watermark, random lettering, child, teen, underage, exposed genitals, exposed nipples, wardrobe malfunction, unintended transparency, explicit sexual pose, fetish pose, damaged garment, impossible seams, duplicated clothing, malformed hands, extra fingers, broken anatomy, low detail, blur",Clothing/Female/Swimwear/Style,1,False
172,Female/Swimwear/Style/Rash-guard Set,"Adult woman wearing rash-guard set, with clean fashionable swim styling, realistic fabric behaviour, precise stitching, and no visible logos or text.","visible brand logo, brand name, advertising text, watermark, random lettering, child, teen, underage, exposed genitals, exposed nipples, wardrobe malfunction, unintended transparency, explicit sexual pose, fetish pose, damaged garment, impossible seams, duplicated clothing, malformed hands, extra fingers, broken anatomy, low detail, blur",Clothing/Female/Swimwear/Style,1,False
173,Female/Swimwear/Style/Tankini Set,"Adult woman wearing tankini set, with clean fashionable swim styling, realistic fabric behaviour, precise stitching, and no visible logos or text.","visible brand logo, brand name, advertising text, watermark, random lettering, child, teen, underage, exposed genitals, exposed nipples, wardrobe malfunction, unintended transparency, explicit sexual pose, fetish pose, damaged garment, impossible seams, duplicated clothing, malformed hands, extra fingers, broken anatomy, low detail, blur",Clothing/Female/Swimwear/Style,1,False
174,Female/Swimwear/Style/Swim Dress,"Adult woman wearing swim dress, with clean fashionable swim styling, realistic fabric behaviour, precise stitching, and no visible logos or text.","visible brand logo, brand name, advertising text, watermark, random lettering, child, teen, underage, exposed genitals, exposed nipples, wardrobe malfunction, unintended transparency, explicit sexual pose, fetish pose, damaged garment, impossible seams, duplicated clothing, malformed hands, extra fingers, broken anatomy, low detail, blur",Clothing/Female/Swimwear/Style,1,False
175,Female/Swimwear/Style/Surf Suit,"Adult woman wearing surf suit, with clean fashionable swim styling, realistic fabric behaviour, precise stitching, and no visible logos or text.","visible brand logo, brand name, advertising text, watermark, random lettering, child, teen, underage, exposed genitals, exposed nipples, wardrobe malfunction, unintended transparency, explicit sexual pose, fetish pose, damaged garment, impossible seams, duplicated clothing, malformed hands, extra fingers, broken anatomy, low detail, blur",Clothing/Female/Swimwear/Style,1,False
176,Female/Swimwear/Style/Monokini,"Adult woman wearing monokini, with clean fashionable swim styling, realistic fabric behaviour, precise stitching, and no visible logos or text.","visible brand logo, brand name, advertising text, watermark, random lettering, child, teen, underage, exposed genitals, exposed nipples, wardrobe malfunction, unintended transparency, explicit sexual pose, fetish pose, damaged garment, impossible seams, duplicated clothing, malformed hands, extra fingers, broken anatomy, low detail, blur",Clothing/Female/Swimwear/Style,1,False
177,Female/Swimwear/Material/Recycled Nylon Swim Fabric,"Use recycled nylon swim fabric as the main swimwear material, with realistic texture, quick-dry appearance, clear seam detail, and no visible logos or text.","visible brand logo, brand name, advertising text, watermark, random lettering, child, teen, underage, exposed genitals, exposed nipples, wardrobe malfunction, unintended transparency, explicit sexual pose, fetish pose, damaged garment, impossible seams, duplicated clothing, malformed hands, extra fingers, broken anatomy, low detail, blur",Clothing/Female/Swimwear/Material,1,False
178,Female/Swimwear/Material/Microfibre Swim Fabric,"Use microfibre swim fabric as the main swimwear material, with realistic texture, quick-dry appearance, clear seam detail, and no visible logos or text.","visible brand logo, brand name, advertising text, watermark, random lettering, child, teen, underage, exposed genitals, exposed nipples, wardrobe malfunction, unintended transparency, explicit sexual pose, fetish pose, damaged garment, impossible seams, duplicated clothing, malformed hands, extra fingers, broken anatomy, low detail, blur",Clothing/Female/Swimwear/Material,1,False
179,Female/Swimwear/Material/Ribbed Stretch Swim Knit,"Use ribbed stretch swim knit as the main swimwear material, with realistic texture, quick-dry appearance, clear seam detail, and no visible logos or text.","visible brand logo, brand name, advertising text, watermark, random lettering, child, teen, underage, exposed genitals, exposed nipples, wardrobe malfunction, unintended transparency, explicit sexual pose, fetish pose, damaged garment, impossible seams, duplicated clothing, malformed hands, extra fingers, broken anatomy, low detail, blur",Clothing/Female/Swimwear/Material,1,False
180,Female/Swimwear/Material/Matte Nylon Spandex,"Use matte nylon spandex as the main swimwear material, with realistic texture, quick-dry appearance, clear seam detail, and no visible logos or text.","visible brand logo, brand name, advertising text, watermark, random lettering, child, teen, underage, exposed genitals, exposed nipples, wardrobe malfunction, unintended transparency, explicit sexual pose, fetish pose, damaged garment, impossible seams, duplicated clothing, malformed hands, extra fingers, broken anatomy, low detail, blur",Clothing/Female/Swimwear/Material,1,False
181,Female/Swimwear/Material/Glossy Lycra,"Use glossy lycra as the main swimwear material, with realistic texture, quick-dry appearance, clear seam detail, and no visible logos or text.","visible brand logo, brand name, advertising text, watermark, random lettering, child, teen, underage, exposed genitals, exposed nipples, wardrobe malfunction, unintended transparency, explicit sexual pose, fetish pose, damaged garment, impossible seams, duplicated clothing, malformed hands, extra fingers, broken anatomy, low detail, blur",Clothing/Female/Swimwear/Material,1,False
182,Female/Swimwear/Material/Textured Swim Jacquard,"Use textured swim jacquard as the main swimwear material, with realistic texture, quick-dry appearance, clear seam detail, and no visible logos or text.","visible brand logo, brand name, advertising text, watermark, random lettering, child, teen, underage, exposed genitals, exposed nipples, wardrobe malfunction, unintended transparency, explicit sexual pose, fetish pose, damaged garment, impossible seams, duplicated clothing, malformed hands, extra fingers, broken anatomy, low detail, blur",Clothing/Female/Swimwear/Material,1,False
183,Female/Swimwear/Material/Crinkle Swim Fabric,"Use crinkle swim fabric as the main swimwear material, with realistic texture, quick-dry appearance, clear seam detail, and no visible logos or text.","visible brand logo, brand name, advertising text, watermark, random lettering, child, teen, underage, exposed genitals, exposed nipples, wardrobe malfunction, unintended transparency, explicit sexual pose, fetish pose, damaged garment, impossible seams, duplicated clothing, malformed hands, extra fingers, broken anatomy, low detail, blur",Clothing/Female/Swimwear/Material,1,False
184,Female/Swimwear/Material/Compression Swim Fabric,"Use compression swim fabric as the main swimwear material, with realistic texture, quick-dry appearance, clear seam detail, and no visible logos or text.","visible brand logo, brand name, advertising text, watermark, random lettering, child, teen, underage, exposed genitals, exposed nipples, wardrobe malfunction, unintended transparency, explicit sexual pose, fetish pose, damaged garment, impossible seams, duplicated clothing, malformed hands, extra fingers, broken anatomy, low detail, blur",Clothing/Female/Swimwear/Material,1,False
185,Female/Swimwear/Material/Seamless Swim Knit,"Use seamless swim knit as the main swimwear material, with realistic texture, quick-dry appearance, clear seam detail, and no visible logos or text.","visible brand logo, brand name, advertising text, watermark, random lettering, child, teen, underage, exposed genitals, exposed nipples, wardrobe malfunction, unintended transparency, explicit sexual pose, fetish pose, damaged garment, impossible seams, duplicated clothing, malformed hands, extra fingers, broken anatomy, low detail, blur",Clothing/Female/Swimwear/Material,1,False
186,Female/Swimwear/Material/UV-protective Swim Fabric,"Use uv-protective swim fabric as the main swimwear material, with realistic texture, quick-dry appearance, clear seam detail, and no visible logos or text.","visible brand logo, brand name, advertising text, watermark, random lettering, child, teen, underage, exposed genitals, exposed nipples, wardrobe malfunction, unintended transparency, explicit sexual pose, fetish pose, damaged garment, impossible seams, duplicated clothing, malformed hands, extra fingers, broken anatomy, low detail, blur",Clothing/Female/Swimwear/Material,1,False
187,Female/Swimwear/Material/Quick-dry Polyester Blend,"Use quick-dry polyester blend as the main swimwear material, with realistic texture, quick-dry appearance, clear seam detail, and no visible logos or text.","visible brand logo, brand name, advertising text, watermark, random lettering, child, teen, underage, exposed genitals, exposed nipples, wardrobe malfunction, unintended transparency, explicit sexual pose, fetish pose, damaged garment, impossible seams, duplicated clothing, malformed hands, extra fingers, broken anatomy, low detail, blur",Clothing/Female/Swimwear/Material,1,False
188,Female/Swimwear/Material/Eco Swim Jersey,"Use eco swim jersey as the main swimwear material, with realistic texture, quick-dry appearance, clear seam detail, and no visible logos or text.","visible brand logo, brand name, advertising text, watermark, random lettering, child, teen, underage, exposed genitals, exposed nipples, wardrobe malfunction, unintended transparency, explicit sexual pose, fetish pose, damaged garment, impossible seams, duplicated clothing, malformed hands, extra fingers, broken anatomy, low detail, blur",Clothing/Female/Swimwear/Material,1,False
189,Female/Swimwear/Material/Shiny Tricot,"Use shiny tricot as the main swimwear material, with realistic texture, quick-dry appearance, clear seam detail, and no visible logos or text.","visible brand logo, brand name, advertising text, watermark, random lettering, child, teen, underage, exposed genitals, exposed nipples, wardrobe malfunction, unintended transparency, explicit sexual pose, fetish pose, damaged garment, impossible seams, duplicated clothing, malformed hands, extra fingers, broken anatomy, low detail, blur",Clothing/Female/Swimwear/Material,1,False
190,Female/Swimwear/Material/Matte Tricot,"Use matte tricot as the main swimwear material, with realistic texture, quick-dry appearance, clear seam detail, and no visible logos or text.","visible brand logo, brand name, advertising text, watermark, random lettering, child, teen, underage, exposed genitals, exposed nipples, wardrobe malfunction, unintended transparency, explicit sexual pose, fetish pose, damaged garment, impossible seams, duplicated clothing, malformed hands, extra fingers, broken anatomy, low detail, blur",Clothing/Female/Swimwear/Material,1,False
191,Female/Swimwear/Material/Waffle-texture Swim Knit,"Use waffle-texture swim knit as the main swimwear material, with realistic texture, quick-dry appearance, clear seam detail, and no visible logos or text.","visible brand logo, brand name, advertising text, watermark, random lettering, child, teen, underage, exposed genitals, exposed nipples, wardrobe malfunction, unintended transparency, explicit sexual pose, fetish pose, damaged garment, impossible seams, duplicated clothing, malformed hands, extra fingers, broken anatomy, low detail, blur",Clothing/Female/Swimwear/Material,1,False
