name,prompt,negative_prompt,category,weight,favorite
0001 | Male/Polished Culture/London Modern - Outerwear Look / Classic Taper - Day Finish,"adult man, sharp overcoat, fine-gauge knitwear, tailored trousers and polished leather shoes, a structured jacket or coat over layered knitwear, tailored trousers and coordinated footwear, clean classic taper with natural texture, navy, charcoal and white palette, soft matte daytime finish, practical restrained accessories, authentic fabric texture, precise seams and fasteners, natural drape, believable accessories, polished editorial styling","wrong hairstyle, inconsistent hair length, merged hair strands, duplicate accessories, incorrect garment layering, warped clothing, broken seams, broken fasteners, malformed footwear, random logos, misspelled text, poor fit, extra limbs, bad hands, child, teen, underage, watermark, low detail, blur",Male/London Modern,1,False
0002 | Male/Polished Culture/London Modern - Outerwear Look / Classic Taper - Evening Finish,"adult man, sharp overcoat, fine-gauge knitwear, tailored trousers and polished leather shoes, a structured jacket or coat over layered knitwear, tailored trousers and coordinated footwear, clean classic taper with natural texture, navy, charcoal and white palette, richer contrast, polished evening finish and refined statement accessories, authentic fabric texture, precise seams and fasteners, natural drape, believable accessories, polished editorial styling","wrong hairstyle, inconsistent hair length, merged hair strands, duplicate accessories, incorrect garment layering, warped clothing, broken seams, broken fasteners, malformed footwear, random logos, misspelled text, poor fit, extra limbs, bad hands, child, teen, underage, watermark, low detail, blur",Male/London Modern,1,False
0003 | Male/Polished Culture/London Modern - Outerwear Look / Textured Crop - Day Finish,"adult man, sharp overcoat, fine-gauge knitwear, tailored trousers and polished leather shoes, a structured jacket or coat over layered knitwear, tailored trousers and coordinated footwear, textured crop with controlled matte finish, olive, stone and black palette, soft matte daytime finish, practical restrained accessories, authentic fabric texture, precise seams and fasteners, natural drape, believable accessories, polished editorial styling","wrong hairstyle, inconsistent hair length, merged hair strands, duplicate accessories, incorrect garment layering, warped clothing, broken seams, broken fasteners, malformed footwear, random logos, misspelled text, poor fit, extra limbs, bad hands, child, teen, underage, watermark, low detail, blur",Male/London Modern,1,False
0004 | Male/Polished Culture/London Modern - Outerwear Look / Textured Crop - Evening Finish,"adult man, sharp overcoat, fine-gauge knitwear, tailored trousers and polished leather shoes, a structured jacket or coat over layered knitwear, tailored trousers and coordinated footwear, textured crop with controlled matte finish, olive, stone and black palette, richer contrast, polished evening finish and refined statement accessories, authentic fabric texture, precise seams and fasteners, natural drape, believable accessories, polished editorial styling","wrong hairstyle, inconsistent hair length, merged hair strands, duplicate accessories, incorrect garment layering, warped clothing, broken seams, broken fasteners, malformed footwear, random logos, misspelled text, poor fit, extra limbs, bad hands, child, teen, underage, watermark, low detail, blur",Male/London Modern,1,False
0005 | Male/Polished Culture/London Modern - Outerwear Look / Side Part - Day Finish,"adult man, sharp overcoat, fine-gauge knitwear, tailored trousers and polished leather shoes, a structured jacket or coat over layered knitwear, tailored trousers and coordinated footwear, refined side part with soft natural hold, camel, cream and dark brown palette, soft matte daytime finish, practical restrained accessories, authentic fabric texture, precise seams and fasteners, natural drape, believable accessories, polished editorial styling","wrong hairstyle, inconsistent hair length, merged hair strands, duplicate accessories, incorrect garment layering, warped clothing, broken seams, broken fasteners, malformed footwear, random logos, misspelled text, poor fit, extra limbs, bad hands, child, teen, underage, watermark, low detail, blur",Male/London Modern,1,False
0006 | Male/Polished Culture/London Modern - Outerwear Look / Side Part - Evening Finish,"adult man, sharp overcoat, fine-gauge knitwear, tailored trousers and polished leather shoes, a structured jacket or coat over layered knitwear, tailored trousers and coordinated footwear, refined side part with soft natural hold, camel, cream and dark brown palette, richer contrast, polished evening finish and refined statement accessories, authentic fabric texture, precise seams and fasteners, natural drape, believable accessories, polished editorial styling","wrong hairstyle, inconsistent hair length, merged hair strands, duplicate accessories, incorrect garment layering, warped clothing, broken seams, broken fasteners, malformed footwear, random logos, misspelled text, poor fit, extra limbs, bad hands, child, teen, underage, watermark, low detail, blur",Male/London Modern,1,False
0007 | Male/Polished Culture/London Modern - Outerwear Look / Medium Swept Back - Day Finish,"adult man, sharp overcoat, fine-gauge knitwear, tailored trousers and polished leather shoes, a structured jacket or coat over layered knitwear, tailored trousers and coordinated footwear, medium-length hair swept back with realistic movement, black, grey and silver palette, soft matte daytime finish, practical restrained accessories, authentic fabric texture, precise seams and fasteners, natural drape, believable accessories, polished editorial styling","wrong hairstyle, inconsistent hair length, merged hair strands, duplicate accessories, incorrect garment layering, warped clothing, broken seams, broken fasteners, malformed footwear, random logos, misspelled text, poor fit, extra limbs, bad hands, child, teen, underage, watermark, low detail, blur",Male/London Modern,1,False
0008 | Male/Polished Culture/London Modern - Outerwear Look / Medium Swept Back - Evening Finish,"adult man, sharp overcoat, fine-gauge knitwear, tailored trousers and polished leather shoes, a structured jacket or coat over layered knitwear, tailored trousers and coordinated footwear, medium-length hair swept back with realistic movement, black, grey and silver palette, richer contrast, polished evening finish and refined statement accessories, authentic fabric texture, precise seams and fasteners, natural drape, believable accessories, polished editorial styling","wrong hairstyle, inconsistent hair length, merged hair strands, duplicate accessories, incorrect garment layering, warped clothing, broken seams, broken fasteners, malformed footwear, random logos, misspelled text, poor fit, extra limbs, bad hands, child, teen, underage, watermark, low detail, blur",Male/London Modern,1,False
0009 | Male/Polished Culture/London Modern - Outerwear Look / Natural Curls - Day Finish,"adult man, sharp overcoat, fine-gauge knitwear, tailored trousers and polished leather shoes, a structured jacket or coat over layered knitwear, tailored trousers and coordinated footwear, defined natural curls with balanced shape, rust, navy and cream palette, soft matte daytime finish, practical restrained accessories, authentic fabric texture, precise seams and fasteners, natural drape, believable accessories, polished editorial styling","wrong hairstyle, inconsistent hair length, merged hair strands, duplicate accessories, incorrect garment layering, warped clothing, broken seams, broken fasteners, malformed footwear, random logos, misspelled text, poor fit, extra limbs, bad hands, child, teen, underage, watermark, low detail, blur",Male/London Modern,1,False
0010 | Male/Polished Culture/London Modern - Outerwear Look / Natural Curls - Evening Finish,"adult man, sharp overcoat, fine-gauge knitwear, tailored trousers and polished leather shoes, a structured jacket or coat over layered knitwear, tailored trousers and coordinated footwear, defined natural curls with balanced shape, rust, navy and cream palette, richer contrast, polished evening finish and refined statement accessories, authentic fabric texture, precise seams and fasteners, natural drape, believable accessories, polished editorial styling","wrong hairstyle, inconsistent hair length, merged hair strands, duplicate accessories, incorrect garment layering, warped clothing, broken seams, broken fasteners, malformed footwear, random logos, misspelled text, poor fit, extra limbs, bad hands, child, teen, underage, watermark, low detail, blur",Male/London Modern,1,False
0011 | Male/Polished Culture/London Modern - Outerwear Look / Close Buzz Cut - Day Finish,"adult man, sharp overcoat, fine-gauge knitwear, tailored trousers and polished leather shoes, a structured jacket or coat over layered knitwear, tailored trousers and coordinated footwear, precise close buzz cut with clean hairline, black, white and cobalt palette, soft matte daytime finish, practical restrained accessories, authentic fabric texture, precise seams and fasteners, natural drape, believable accessories, polished editorial styling","wrong hairstyle, inconsistent hair length, merged hair strands, duplicate accessories, incorrect garment layering, warped clothing, broken seams, broken fasteners, malformed footwear, random logos, misspelled text, poor fit, extra limbs, bad hands, child, teen, underage, watermark, low detail, blur",Male/London Modern,1,False
0012 | Male/Polished Culture/London Modern - Outerwear Look / Close Buzz Cut - Evening Finish,"adult man, sharp overcoat, fine-gauge knitwear, tailored trousers and polished leather shoes, a structured jacket or coat over layered knitwear, tailored trousers and coordinated footwear, precise close buzz cut with clean hairline, black, white and cobalt palette, richer contrast, polished evening finish and refined statement accessories, authentic fabric texture, precise seams and fasteners, natural drape, believable accessories, polished editorial styling","wrong hairstyle, inconsistent hair length, merged hair strands, duplicate accessories, incorrect garment layering, warped clothing, broken seams, broken fasteners, malformed footwear, random logos, misspelled text, poor fit, extra limbs, bad hands, child, teen, underage, watermark, low detail, blur",Male/London Modern,1,False
0013 | Male/Polished Culture/London Modern - Outerwear Look / Modern Quiff - Day Finish,"adult man, sharp overcoat, fine-gauge knitwear, tailored trousers and polished leather shoes, a structured jacket or coat over layered knitwear, tailored trousers and coordinated footwear, modern quiff with controlled volume, burgundy, charcoal and black palette, soft matte daytime finish, practical restrained accessories, authentic fabric texture, precise seams and fasteners, natural drape, believable accessories, polished editorial styling","wrong hairstyle, inconsistent hair length, merged hair strands, duplicate accessories, incorrect garment layering, warped clothing, broken seams, broken fasteners, malformed footwear, random logos, misspelled text, poor fit, extra limbs, bad hands, child, teen, underage, watermark, low detail, blur",Male/London Modern,1,False
0014 | Male/Polished Culture/London Modern - Outerwear Look / Modern Quiff - Evening Finish,"adult man, sharp overcoat, fine-gauge knitwear, tailored trousers and polished leather shoes, a structured jacket or coat over layered knitwear, tailored trousers and coordinated footwear, modern quiff with controlled volume, burgundy, charcoal and black palette, richer contrast, polished evening finish and refined statement accessories, authentic fabric texture, precise seams and fasteners, natural drape, believable accessories, polished editorial styling","wrong hairstyle, inconsistent hair length, merged hair strands, duplicate accessories, incorrect garment layering, warped clothing, broken seams, broken fasteners, malformed footwear, random logos, misspelled text, poor fit, extra limbs, bad hands, child, teen, underage, watermark, low detail, blur",Male/London Modern,1,False
0015 | Male/Polished Culture/London Modern - Outerwear Look / Shoulder Length Waves - Day Finish,"adult man, sharp overcoat, fine-gauge knitwear, tailored trousers and polished leather shoes, a structured jacket or coat over layered knitwear, tailored trousers and coordinated footwear, shoulder-length waves with natural separation, forest, tan and dark denim palette, soft matte daytime finish, practical restrained accessories, authentic fabric texture, precise seams and fasteners, natural drape, believable accessories, polished editorial styling","wrong hairstyle, inconsistent hair length, merged hair strands, duplicate accessories, incorrect garment layering, warped clothing, broken seams, broken fasteners, malformed footwear, random logos, misspelled text, poor fit, extra limbs, bad hands, child, teen, underage, watermark, low detail, blur",Male/London Modern,1,False
0016 | Male/Polished Culture/London Modern - Outerwear Look / Shoulder Length Waves - Evening Finish,"adult man, sharp overcoat, fine-gauge knitwear, tailored trousers and polished leather shoes, a structured jacket or coat over layered knitwear, tailored trousers and coordinated footwear, shoulder-length waves with natural separation, forest, tan and dark denim palette, richer contrast, polished evening finish and refined statement accessories, authentic fabric texture, precise seams and fasteners, natural drape, believable accessories, polished editorial styling","wrong hairstyle, inconsistent hair length, merged hair strands, duplicate accessories, incorrect garment layering, warped clothing, broken seams, broken fasteners, malformed footwear, random logos, misspelled text, poor fit, extra limbs, bad hands, child, teen, underage, watermark, low detail, blur",Male/London Modern,1,False
0017 | Male/Polished Culture/London Modern - Outerwear Look / Braided Style - Day Finish,"adult man, sharp overcoat, fine-gauge knitwear, tailored trousers and polished leather shoes, a structured jacket or coat over layered knitwear, tailored trousers and coordinated footwear, precise braided style with clean scalp detail, earth tones, black and bronze palette, soft matte daytime finish, practical restrained accessories, authentic fabric texture, precise seams and fasteners, natural drape, believable accessories, polished editorial styling","wrong hairstyle, inconsistent hair length, merged hair strands, duplicate accessories, incorrect garment layering, warped clothing, broken seams, broken fasteners, malformed footwear, random logos, misspelled text, poor fit, extra limbs, bad hands, child, teen, underage, watermark, low detail, blur",Male/London Modern,1,False
0018 | Male/Polished Culture/London Modern - Outerwear Look / Braided Style - Evening Finish,"adult man, sharp overcoat, fine-gauge knitwear, tailored trousers and polished leather shoes, a structured jacket or coat over layered knitwear, tailored trousers and coordinated footwear, precise braided style with clean scalp detail, earth tones, black and bronze palette, richer contrast, polished evening finish and refined statement accessories, authentic fabric texture, precise seams and fasteners, natural drape, believable accessories, polished editorial styling","wrong hairstyle, inconsistent hair length, merged hair strands, duplicate accessories, incorrect garment layering, warped clothing, broken seams, broken fasteners, malformed footwear, random logos, misspelled text, poor fit, extra limbs, bad hands, child, teen, underage, watermark, low detail, blur",Male/London Modern,1,False
0019 | Male/Polished Culture/London Modern - Outerwear Look / Silvered Taper - Day Finish,"adult man, sharp overcoat, fine-gauge knitwear, tailored trousers and polished leather shoes, a structured jacket or coat over layered knitwear, tailored trousers and coordinated footwear, mature silvered taper with refined texture, navy, grey and oxblood palette, soft matte daytime finish, practical restrained accessories, authentic fabric texture, precise seams and fasteners, natural drape, believable accessories, polished editorial styling","wrong hairstyle, inconsistent hair length, merged hair strands, duplicate accessories, incorrect garment layering, warped clothing, broken seams, broken fasteners, malformed footwear, random logos, misspelled text, poor fit, extra limbs, bad hands, child, teen, underage, watermark, low detail, blur",Male/London Modern,1,False
0020 | Male/Polished Culture/London Modern - Outerwear Look / Silvered Taper - Evening Finish,"adult man, sharp overcoat, fine-gauge knitwear, tailored trousers and polished leather shoes, a structured jacket or coat over layered knitwear, tailored trousers and coordinated footwear, mature silvered taper with refined texture, navy, grey and oxblood palette, richer contrast, polished evening finish and refined statement accessories, authentic fabric texture, precise seams and fasteners, natural drape, believable accessories, polished editorial styling","wrong hairstyle, inconsistent hair length, merged hair strands, duplicate accessories, incorrect garment layering, warped clothing, broken seams, broken fasteners, malformed footwear, random logos, misspelled text, poor fit, extra limbs, bad hands, child, teen, underage, watermark, low detail, blur",Male/London Modern,1,False
0021 | Male/Polished Culture/London Modern - Smart Casual / Classic Taper - Day Finish,"adult man, sharp overcoat, fine-gauge knitwear, tailored trousers and polished leather shoes, a refined shirt or polo, lightweight jacket, clean trousers and understated accessories, clean classic taper with natural texture, navy, charcoal and white palette, soft matte daytime finish, practical restrained accessories, authentic fabric texture, precise seams and fasteners, natural drape, believable accessories, polished editorial styling","wrong hairstyle, inconsistent hair length, merged hair strands, duplicate accessories, incorrect garment layering, warped clothing, broken seams, broken fasteners, malformed footwear, random logos, misspelled text, poor fit, extra limbs, bad hands, child, teen, underage, watermark, low detail, blur",Male/London Modern,1,False
0022 | Male/Polished Culture/London Modern - Smart Casual / Classic Taper - Evening Finish,"adult man, sharp overcoat, fine-gauge knitwear, tailored trousers and polished leather shoes, a refined shirt or polo, lightweight jacket, clean trousers and understated accessories, clean classic taper with natural texture, navy, charcoal and white palette, richer contrast, polished evening finish and refined statement accessories, authentic fabric texture, precise seams and fasteners, natural drape, believable accessories, polished editorial styling","wrong hairstyle, inconsistent hair length, merged hair strands, duplicate accessories, incorrect garment layering, warped clothing, broken seams, broken fasteners, malformed footwear, random logos, misspelled text, poor fit, extra limbs, bad hands, child, teen, underage, watermark, low detail, blur",Male/London Modern,1,False
0023 | Male/Polished Culture/London Modern - Smart Casual / Textured Crop - Day Finish,"adult man, sharp overcoat, fine-gauge knitwear, tailored trousers and polished leather shoes, a refined shirt or polo, lightweight jacket, clean trousers and understated accessories, textured crop with controlled matte finish, olive, stone and black palette, soft matte daytime finish, practical restrained accessories, authentic fabric texture, precise seams and fasteners, natural drape, believable accessories, polished editorial styling","wrong hairstyle, inconsistent hair length, merged hair strands, duplicate accessories, incorrect garment layering, warped clothing, broken seams, broken fasteners, malformed footwear, random logos, misspelled text, poor fit, extra limbs, bad hands, child, teen, underage, watermark, low detail, blur",Male/London Modern,1,False
0024 | Male/Polished Culture/London Modern - Smart Casual / Textured Crop - Evening Finish,"adult man, sharp overcoat, fine-gauge knitwear, tailored trousers and polished leather shoes, a refined shirt or polo, lightweight jacket, clean trousers and understated accessories, textured crop with controlled matte finish, olive, stone and black palette, richer contrast, polished evening finish and refined statement accessories, authentic fabric texture, precise seams and fasteners, natural drape, believable accessories, polished editorial styling","wrong hairstyle, inconsistent hair length, merged hair strands, duplicate accessories, incorrect garment layering, warped clothing, broken seams, broken fasteners, malformed footwear, random logos, misspelled text, poor fit, extra limbs, bad hands, child, teen, underage, watermark, low detail, blur",Male/London Modern,1,False
0025 | Male/Polished Culture/London Modern - Smart Casual / Side Part - Day Finish,"adult man, sharp overcoat, fine-gauge knitwear, tailored trousers and polished leather shoes, a refined shirt or polo, lightweight jacket, clean trousers and understated accessories, refined side part with soft natural hold, camel, cream and dark brown palette, soft matte daytime finish, practical restrained accessories, authentic fabric texture, precise seams and fasteners, natural drape, believable accessories, polished editorial styling","wrong hairstyle, inconsistent hair length, merged hair strands, duplicate accessories, incorrect garment layering, warped clothing, broken seams, broken fasteners, malformed footwear, random logos, misspelled text, poor fit, extra limbs, bad hands, child, teen, underage, watermark, low detail, blur",Male/London Modern,1,False
0026 | Male/Polished Culture/London Modern - Smart Casual / Side Part - Evening Finish,"adult man, sharp overcoat, fine-gauge knitwear, tailored trousers and polished leather shoes, a refined shirt or polo, lightweight jacket, clean trousers and understated accessories, refined side part with soft natural hold, camel, cream and dark brown palette, richer contrast, polished evening finish and refined statement accessories, authentic fabric texture, precise seams and fasteners, natural drape, believable accessories, polished editorial styling","wrong hairstyle, inconsistent hair length, merged hair strands, duplicate accessories, incorrect garment layering, warped clothing, broken seams, broken fasteners, malformed footwear, random logos, misspelled text, poor fit, extra limbs, bad hands, child, teen, underage, watermark, low detail, blur",Male/London Modern,1,False
0027 | Male/Polished Culture/London Modern - Smart Casual / Medium Swept Back - Day Finish,"adult man, sharp overcoat, fine-gauge knitwear, tailored trousers and polished leather shoes, a refined shirt or polo, lightweight jacket, clean trousers and understated accessories, medium-length hair swept back with realistic movement, black, grey and silver palette, soft matte daytime finish, practical restrained accessories, authentic fabric texture, precise seams and fasteners, natural drape, believable accessories, polished editorial styling","wrong hairstyle, inconsistent hair length, merged hair strands, duplicate accessories, incorrect garment layering, warped clothing, broken seams, broken fasteners, malformed footwear, random logos, misspelled text, poor fit, extra limbs, bad hands, child, teen, underage, watermark, low detail, blur",Male/London Modern,1,False
0028 | Male/Polished Culture/London Modern - Smart Casual / Medium Swept Back - Evening Finish,"adult man, sharp overcoat, fine-gauge knitwear, tailored trousers and polished leather shoes, a refined shirt or polo, lightweight jacket, clean trousers and understated accessories, medium-length hair swept back with realistic movement, black, grey and silver palette, richer contrast, polished evening finish and refined statement accessories, authentic fabric texture, precise seams and fasteners, natural drape, believable accessories, polished editorial styling","wrong hairstyle, inconsistent hair length, merged hair strands, duplicate accessories, incorrect garment layering, warped clothing, broken seams, broken fasteners, malformed footwear, random logos, misspelled text, poor fit, extra limbs, bad hands, child, teen, underage, watermark, low detail, blur",Male/London Modern,1,False
0029 | Male/Polished Culture/London Modern - Smart Casual / Natural Curls - Day Finish,"adult man, sharp overcoat, fine-gauge knitwear, tailored trousers and polished leather shoes, a refined shirt or polo, lightweight jacket, clean trousers and understated accessories, defined natural curls with balanced shape, rust, navy and cream palette, soft matte daytime finish, practical restrained accessories, authentic fabric texture, precise seams and fasteners, natural drape, believable accessories, polished editorial styling","wrong hairstyle, inconsistent hair length, merged hair strands, duplicate accessories, incorrect garment layering, warped clothing, broken seams, broken fasteners, malformed footwear, random logos, misspelled text, poor fit, extra limbs, bad hands, child, teen, underage, watermark, low detail, blur",Male/London Modern,1,False
0030 | Male/Polished Culture/London Modern - Smart Casual / Natural Curls - Evening Finish,"adult man, sharp overcoat, fine-gauge knitwear, tailored trousers and polished leather shoes, a refined shirt or polo, lightweight jacket, clean trousers and understated accessories, defined natural curls with balanced shape, rust, navy and cream palette, richer contrast, polished evening finish and refined statement accessories, authentic fabric texture, precise seams and fasteners, natural drape, believable accessories, polished editorial styling","wrong hairstyle, inconsistent hair length, merged hair strands, duplicate accessories, incorrect garment layering, warped clothing, broken seams, broken fasteners, malformed footwear, random logos, misspelled text, poor fit, extra limbs, bad hands, child, teen, underage, watermark, low detail, blur",Male/London Modern,1,False
0031 | Male/Polished Culture/London Modern - Smart Casual / Close Buzz Cut - Day Finish,"adult man, sharp overcoat, fine-gauge knitwear, tailored trousers and polished leather shoes, a refined shirt or polo, lightweight jacket, clean trousers and understated accessories, precise close buzz cut with clean hairline, black, white and cobalt palette, soft matte daytime finish, practical restrained accessories, authentic fabric texture, precise seams and fasteners, natural drape, believable accessories, polished editorial styling","wrong hairstyle, inconsistent hair length, merged hair strands, duplicate accessories, incorrect garment layering, warped clothing, broken seams, broken fasteners, malformed footwear, random logos, misspelled text, poor fit, extra limbs, bad hands, child, teen, underage, watermark, low detail, blur",Male/London Modern,1,False
0032 | Male/Polished Culture/London Modern - Smart Casual / Close Buzz Cut - Evening Finish,"adult man, sharp overcoat, fine-gauge knitwear, tailored trousers and polished leather shoes, a refined shirt or polo, lightweight jacket, clean trousers and understated accessories, precise close buzz cut with clean hairline, black, white and cobalt palette, richer contrast, polished evening finish and refined statement accessories, authentic fabric texture, precise seams and fasteners, natural drape, believable accessories, polished editorial styling","wrong hairstyle, inconsistent hair length, merged hair strands, duplicate accessories, incorrect garment layering, warped clothing, broken seams, broken fasteners, malformed footwear, random logos, misspelled text, poor fit, extra limbs, bad hands, child, teen, underage, watermark, low detail, blur",Male/London Modern,1,False
0033 | Male/Polished Culture/London Modern - Smart Casual / Modern Quiff - Day Finish,"adult man, sharp overcoat, fine-gauge knitwear, tailored trousers and polished leather shoes, a refined shirt or polo, lightweight jacket, clean trousers and understated accessories, modern quiff with controlled volume, burgundy, charcoal and black palette, soft matte daytime finish, practical restrained accessories, authentic fabric texture, precise seams and fasteners, natural drape, believable accessories, polished editorial styling","wrong hairstyle, inconsistent hair length, merged hair strands, duplicate accessories, incorrect garment layering, warped clothing, broken seams, broken fasteners, malformed footwear, random logos, misspelled text, poor fit, extra limbs, bad hands, child, teen, underage, watermark, low detail, blur",Male/London Modern,1,False
0034 | Male/Polished Culture/London Modern - Smart Casual / Modern Quiff - Evening Finish,"adult man, sharp overcoat, fine-gauge knitwear, tailored trousers and polished leather shoes, a refined shirt or polo, lightweight jacket, clean trousers and understated accessories, modern quiff with controlled volume, burgundy, charcoal and black palette, richer contrast, polished evening finish and refined statement accessories, authentic fabric texture, precise seams and fasteners, natural drape, believable accessories, polished editorial styling","wrong hairstyle, inconsistent hair length, merged hair strands, duplicate accessories, incorrect garment layering, warped clothing, broken seams, broken fasteners, malformed footwear, random logos, misspelled text, poor fit, extra limbs, bad hands, child, teen, underage, watermark, low detail, blur",Male/London Modern,1,False
0035 | Male/Polished Culture/London Modern - Smart Casual / Shoulder Length Waves - Day Finish,"adult man, sharp overcoat, fine-gauge knitwear, tailored trousers and polished leather shoes, a refined shirt or polo, lightweight jacket, clean trousers and understated accessories, shoulder-length waves with natural separation, forest, tan and dark denim palette, soft matte daytime finish, practical restrained accessories, authentic fabric texture, precise seams and fasteners, natural drape, believable accessories, polished editorial styling","wrong hairstyle, inconsistent hair length, merged hair strands, duplicate accessories, incorrect garment layering, warped clothing, broken seams, broken fasteners, malformed footwear, random logos, misspelled text, poor fit, extra limbs, bad hands, child, teen, underage, watermark, low detail, blur",Male/London Modern,1,False
0036 | Male/Polished Culture/London Modern - Smart Casual / Shoulder Length Waves - Evening Finish,"adult man, sharp overcoat, fine-gauge knitwear, tailored trousers and polished leather shoes, a refined shirt or polo, lightweight jacket, clean trousers and understated accessories, shoulder-length waves with natural separation, forest, tan and dark denim palette, richer contrast, polished evening finish and refined statement accessories, authentic fabric texture, precise seams and fasteners, natural drape, believable accessories, polished editorial styling","wrong hairstyle, inconsistent hair length, merged hair strands, duplicate accessories, incorrect garment layering, warped clothing, broken seams, broken fasteners, malformed footwear, random logos, misspelled text, poor fit, extra limbs, bad hands, child, teen, underage, watermark, low detail, blur",Male/London Modern,1,False
0037 | Male/Polished Culture/London Modern - Smart Casual / Braided Style - Day Finish,"adult man, sharp overcoat, fine-gauge knitwear, tailored trousers and polished leather shoes, a refined shirt or polo, lightweight jacket, clean trousers and understated accessories, precise braided style with clean scalp detail, earth tones, black and bronze palette, soft matte daytime finish, practical restrained accessories, authentic fabric texture, precise seams and fasteners, natural drape, believable accessories, polished editorial styling","wrong hairstyle, inconsistent hair length, merged hair strands, duplicate accessories, incorrect garment layering, warped clothing, broken seams, broken fasteners, malformed footwear, random logos, misspelled text, poor fit, extra limbs, bad hands, child, teen, underage, watermark, low detail, blur",Male/London Modern,1,False
0038 | Male/Polished Culture/London Modern - Smart Casual / Braided Style - Evening Finish,"adult man, sharp overcoat, fine-gauge knitwear, tailored trousers and polished leather shoes, a refined shirt or polo, lightweight jacket, clean trousers and understated accessories, precise braided style with clean scalp detail, earth tones, black and bronze palette, richer contrast, polished evening finish and refined statement accessories, authentic fabric texture, precise seams and fasteners, natural drape, believable accessories, polished editorial styling","wrong hairstyle, inconsistent hair length, merged hair strands, duplicate accessories, incorrect garment layering, warped clothing, broken seams, broken fasteners, malformed footwear, random logos, misspelled text, poor fit, extra limbs, bad hands, child, teen, underage, watermark, low detail, blur",Male/London Modern,1,False
0039 | Male/Polished Culture/London Modern - Smart Casual / Silvered Taper - Day Finish,"adult man, sharp overcoat, fine-gauge knitwear, tailored trousers and polished leather shoes, a refined shirt or polo, lightweight jacket, clean trousers and understated accessories, mature silvered taper with refined texture, navy, grey and oxblood palette, soft matte daytime finish, practical restrained accessories, authentic fabric texture, precise seams and fasteners, natural drape, believable accessories, polished editorial styling","wrong hairstyle, inconsistent hair length, merged hair strands, duplicate accessories, incorrect garment layering, warped clothing, broken seams, broken fasteners, malformed footwear, random logos, misspelled text, poor fit, extra limbs, bad hands, child, teen, underage, watermark, low detail, blur",Male/London Modern,1,False
0040 | Male/Polished Culture/London Modern - Smart Casual / Silvered Taper - Evening Finish,"adult man, sharp overcoat, fine-gauge knitwear, tailored trousers and polished leather shoes, a refined shirt or polo, lightweight jacket, clean trousers and understated accessories, mature silvered taper with refined texture, navy, grey and oxblood palette, richer contrast, polished evening finish and refined statement accessories, authentic fabric texture, precise seams and fasteners, natural drape, believable accessories, polished editorial styling","wrong hairstyle, inconsistent hair length, merged hair strands, duplicate accessories, incorrect garment layering, warped clothing, broken seams, broken fasteners, malformed footwear, random logos, misspelled text, poor fit, extra limbs, bad hands, child, teen, underage, watermark, low detail, blur",Male/London Modern,1,False
0041 | Male/Polished Culture/London Modern - Evening Look / Classic Taper - Day Finish,"adult man, sharp overcoat, fine-gauge knitwear, tailored trousers and polished leather shoes, a polished suit or dinner jacket, precise shirt styling and minimal formal accessories, clean classic taper with natural texture, navy, charcoal and white palette, soft matte daytime finish, practical restrained accessories, authentic fabric texture, precise seams and fasteners, natural drape, believable accessories, polished editorial styling","wrong hairstyle, inconsistent hair length, merged hair strands, duplicate accessories, incorrect garment layering, warped clothing, broken seams, broken fasteners, malformed footwear, random logos, misspelled text, poor fit, extra limbs, bad hands, child, teen, underage, watermark, low detail, blur",Male/London Modern,1,False
0042 | Male/Polished Culture/London Modern - Evening Look / Classic Taper - Evening Finish,"adult man, sharp overcoat, fine-gauge knitwear, tailored trousers and polished leather shoes, a polished suit or dinner jacket, precise shirt styling and minimal formal accessories, clean classic taper with natural texture, navy, charcoal and white palette, richer contrast, polished evening finish and refined statement accessories, authentic fabric texture, precise seams and fasteners, natural drape, believable accessories, polished editorial styling","wrong hairstyle, inconsistent hair length, merged hair strands, duplicate accessories, incorrect garment layering, warped clothing, broken seams, broken fasteners, malformed footwear, random logos, misspelled text, poor fit, extra limbs, bad hands, child, teen, underage, watermark, low detail, blur",Male/London Modern,1,False
0043 | Male/Polished Culture/London Modern - Evening Look / Textured Crop - Day Finish,"adult man, sharp overcoat, fine-gauge knitwear, tailored trousers and polished leather shoes, a polished suit or dinner jacket, precise shirt styling and minimal formal accessories, textured crop with controlled matte finish, olive, stone and black palette, soft matte daytime finish, practical restrained accessories, authentic fabric texture, precise seams and fasteners, natural drape, believable accessories, polished editorial styling","wrong hairstyle, inconsistent hair length, merged hair strands, duplicate accessories, incorrect garment layering, warped clothing, broken seams, broken fasteners, malformed footwear, random logos, misspelled text, poor fit, extra limbs, bad hands, child, teen, underage, watermark, low detail, blur",Male/London Modern,1,False
0044 | Male/Polished Culture/London Modern - Evening Look / Textured Crop - Evening Finish,"adult man, sharp overcoat, fine-gauge knitwear, tailored trousers and polished leather shoes, a polished suit or dinner jacket, precise shirt styling and minimal formal accessories, textured crop with controlled matte finish, olive, stone and black palette, richer contrast, polished evening finish and refined statement accessories, authentic fabric texture, precise seams and fasteners, natural drape, believable accessories, polished editorial styling","wrong hairstyle, inconsistent hair length, merged hair strands, duplicate accessories, incorrect garment layering, warped clothing, broken seams, broken fasteners, malformed footwear, random logos, misspelled text, poor fit, extra limbs, bad hands, child, teen, underage, watermark, low detail, blur",Male/London Modern,1,False
0045 | Male/Polished Culture/London Modern - Evening Look / Side Part - Day Finish,"adult man, sharp overcoat, fine-gauge knitwear, tailored trousers and polished leather shoes, a polished suit or dinner jacket, precise shirt styling and minimal formal accessories, refined side part with soft natural hold, camel, cream and dark brown palette, soft matte daytime finish, practical restrained accessories, authentic fabric texture, precise seams and fasteners, natural drape, believable accessories, polished editorial styling","wrong hairstyle, inconsistent hair length, merged hair strands, duplicate accessories, incorrect garment layering, warped clothing, broken seams, broken fasteners, malformed footwear, random logos, misspelled text, poor fit, extra limbs, bad hands, child, teen, underage, watermark, low detail, blur",Male/London Modern,1,False
0046 | Male/Polished Culture/London Modern - Evening Look / Side Part - Evening Finish,"adult man, sharp overcoat, fine-gauge knitwear, tailored trousers and polished leather shoes, a polished suit or dinner jacket, precise shirt styling and minimal formal accessories, refined side part with soft natural hold, camel, cream and dark brown palette, richer contrast, polished evening finish and refined statement accessories, authentic fabric texture, precise seams and fasteners, natural drape, believable accessories, polished editorial styling","wrong hairstyle, inconsistent hair length, merged hair strands, duplicate accessories, incorrect garment layering, warped clothing, broken seams, broken fasteners, malformed footwear, random logos, misspelled text, poor fit, extra limbs, bad hands, child, teen, underage, watermark, low detail, blur",Male/London Modern,1,False
0047 | Male/Polished Culture/London Modern - Evening Look / Medium Swept Back - Day Finish,"adult man, sharp overcoat, fine-gauge knitwear, tailored trousers and polished leather shoes, a polished suit or dinner jacket, precise shirt styling and minimal formal accessories, medium-length hair swept back with realistic movement, black, grey and silver palette, soft matte daytime finish, practical restrained accessories, authentic fabric texture, precise seams and fasteners, natural drape, believable accessories, polished editorial styling","wrong hairstyle, inconsistent hair length, merged hair strands, duplicate accessories, incorrect garment layering, warped clothing, broken seams, broken fasteners, malformed footwear, random logos, misspelled text, poor fit, extra limbs, bad hands, child, teen, underage, watermark, low detail, blur",Male/London Modern,1,False
0048 | Male/Polished Culture/London Modern - Evening Look / Medium Swept Back - Evening Finish,"adult man, sharp overcoat, fine-gauge knitwear, tailored trousers and polished leather shoes, a polished suit or dinner jacket, precise shirt styling and minimal formal accessories, medium-length hair swept back with realistic movement, black, grey and silver palette, richer contrast, polished evening finish and refined statement accessories, authentic fabric texture, precise seams and fasteners, natural drape, believable accessories, polished editorial styling","wrong hairstyle, inconsistent hair length, merged hair strands, duplicate accessories, incorrect garment layering, warped clothing, broken seams, broken fasteners, malformed footwear, random logos, misspelled text, poor fit, extra limbs, bad hands, child, teen, underage, watermark, low detail, blur",Male/London Modern,1,False
0049 | Male/Polished Culture/London Modern - Evening Look / Natural Curls - Day Finish,"adult man, sharp overcoat, fine-gauge knitwear, tailored trousers and polished leather shoes, a polished suit or dinner jacket, precise shirt styling and minimal formal accessories, defined natural curls with balanced shape, rust, navy and cream palette, soft matte daytime finish, practical restrained accessories, authentic fabric texture, precise seams and fasteners, natural drape, believable accessories, polished editorial styling","wrong hairstyle, inconsistent hair length, merged hair strands, duplicate accessories, incorrect garment layering, warped clothing, broken seams, broken fasteners, malformed footwear, random logos, misspelled text, poor fit, extra limbs, bad hands, child, teen, underage, watermark, low detail, blur",Male/London Modern,1,False
0050 | Male/Polished Culture/London Modern - Evening Look / Natural Curls - Evening Finish,"adult man, sharp overcoat, fine-gauge knitwear, tailored trousers and polished leather shoes, a polished suit or dinner jacket, precise shirt styling and minimal formal accessories, defined natural curls with balanced shape, rust, navy and cream palette, richer contrast, polished evening finish and refined statement accessories, authentic fabric texture, precise seams and fasteners, natural drape, believable accessories, polished editorial styling","wrong hairstyle, inconsistent hair length, merged hair strands, duplicate accessories, incorrect garment layering, warped clothing, broken seams, broken fasteners, malformed footwear, random logos, misspelled text, poor fit, extra limbs, bad hands, child, teen, underage, watermark, low detail, blur",Male/London Modern,1,False
0051 | Male/Polished Culture/London Modern - Evening Look / Close Buzz Cut - Day Finish,"adult man, sharp overcoat, fine-gauge knitwear, tailored trousers and polished leather shoes, a polished suit or dinner jacket, precise shirt styling and minimal formal accessories, precise close buzz cut with clean hairline, black, white and cobalt palette, soft matte daytime finish, practical restrained accessories, authentic fabric texture, precise seams and fasteners, natural drape, believable accessories, polished editorial styling","wrong hairstyle, inconsistent hair length, merged hair strands, duplicate accessories, incorrect garment layering, warped clothing, broken seams, broken fasteners, malformed footwear, random logos, misspelled text, poor fit, extra limbs, bad hands, child, teen, underage, watermark, low detail, blur",Male/London Modern,1,False
0052 | Male/Polished Culture/London Modern - Evening Look / Close Buzz Cut - Evening Finish,"adult man, sharp overcoat, fine-gauge knitwear, tailored trousers and polished leather shoes, a polished suit or dinner jacket, precise shirt styling and minimal formal accessories, precise close buzz cut with clean hairline, black, white and cobalt palette, richer contrast, polished evening finish and refined statement accessories, authentic fabric texture, precise seams and fasteners, natural drape, believable accessories, polished editorial styling","wrong hairstyle, inconsistent hair length, merged hair strands, duplicate accessories, incorrect garment layering, warped clothing, broken seams, broken fasteners, malformed footwear, random logos, misspelled text, poor fit, extra limbs, bad hands, child, teen, underage, watermark, low detail, blur",Male/London Modern,1,False
0053 | Male/Polished Culture/London Modern - Evening Look / Modern Quiff - Day Finish,"adult man, sharp overcoat, fine-gauge knitwear, tailored trousers and polished leather shoes, a polished suit or dinner jacket, precise shirt styling and minimal formal accessories, modern quiff with controlled volume, burgundy, charcoal and black palette, soft matte daytime finish, practical restrained accessories, authentic fabric texture, precise seams and fasteners, natural drape, believable accessories, polished editorial styling","wrong hairstyle, inconsistent hair length, merged hair strands, duplicate accessories, incorrect garment layering, warped clothing, broken seams, broken fasteners, malformed footwear, random logos, misspelled text, poor fit, extra limbs, bad hands, child, teen, underage, watermark, low detail, blur",Male/London Modern,1,False
0054 | Male/Polished Culture/London Modern - Evening Look / Modern Quiff - Evening Finish,"adult man, sharp overcoat, fine-gauge knitwear, tailored trousers and polished leather shoes, a polished suit or dinner jacket, precise shirt styling and minimal formal accessories, modern quiff with controlled volume, burgundy, charcoal and black palette, richer contrast, polished evening finish and refined statement accessories, authentic fabric texture, precise seams and fasteners, natural drape, believable accessories, polished editorial styling","wrong hairstyle, inconsistent hair length, merged hair strands, duplicate accessories, incorrect garment layering, warped clothing, broken seams, broken fasteners, malformed footwear, random logos, misspelled text, poor fit, extra limbs, bad hands, child, teen, underage, watermark, low detail, blur",Male/London Modern,1,False
0055 | Male/Polished Culture/London Modern - Evening Look / Shoulder Length Waves - Day Finish,"adult man, sharp overcoat, fine-gauge knitwear, tailored trousers and polished leather shoes, a polished suit or dinner jacket, precise shirt styling and minimal formal accessories, shoulder-length waves with natural separation, forest, tan and dark denim palette, soft matte daytime finish, practical restrained accessories, authentic fabric texture, precise seams and fasteners, natural drape, believable accessories, polished editorial styling","wrong hairstyle, inconsistent hair length, merged hair strands, duplicate accessories, incorrect garment layering, warped clothing, broken seams, broken fasteners, malformed footwear, random logos, misspelled text, poor fit, extra limbs, bad hands, child, teen, underage, watermark, low detail, blur",Male/London Modern,1,False
0056 | Male/Polished Culture/London Modern - Evening Look / Shoulder Length Waves - Evening Finish,"adult man, sharp overcoat, fine-gauge knitwear, tailored trousers and polished leather shoes, a polished suit or dinner jacket, precise shirt styling and minimal formal accessories, shoulder-length waves with natural separation, forest, tan and dark denim palette, richer contrast, polished evening finish and refined statement accessories, authentic fabric texture, precise seams and fasteners, natural drape, believable accessories, polished editorial styling","wrong hairstyle, inconsistent hair length, merged hair strands, duplicate accessories, incorrect garment layering, warped clothing, broken seams, broken fasteners, malformed footwear, random logos, misspelled text, poor fit, extra limbs, bad hands, child, teen, underage, watermark, low detail, blur",Male/London Modern,1,False
0057 | Male/Polished Culture/London Modern - Evening Look / Braided Style - Day Finish,"adult man, sharp overcoat, fine-gauge knitwear, tailored trousers and polished leather shoes, a polished suit or dinner jacket, precise shirt styling and minimal formal accessories, precise braided style with clean scalp detail, earth tones, black and bronze palette, soft matte daytime finish, practical restrained accessories, authentic fabric texture, precise seams and fasteners, natural drape, believable accessories, polished editorial styling","wrong hairstyle, inconsistent hair length, merged hair strands, duplicate accessories, incorrect garment layering, warped clothing, broken seams, broken fasteners, malformed footwear, random logos, misspelled text, poor fit, extra limbs, bad hands, child, teen, underage, watermark, low detail, blur",Male/London Modern,1,False
0058 | Male/Polished Culture/London Modern - Evening Look / Braided Style - Evening Finish,"adult man, sharp overcoat, fine-gauge knitwear, tailored trousers and polished leather shoes, a polished suit or dinner jacket, precise shirt styling and minimal formal accessories, precise braided style with clean scalp detail, earth tones, black and bronze palette, richer contrast, polished evening finish and refined statement accessories, authentic fabric texture, precise seams and fasteners, natural drape, believable accessories, polished editorial styling","wrong hairstyle, inconsistent hair length, merged hair strands, duplicate accessories, incorrect garment layering, warped clothing, broken seams, broken fasteners, malformed footwear, random logos, misspelled text, poor fit, extra limbs, bad hands, child, teen, underage, watermark, low detail, blur",Male/London Modern,1,False
0059 | Male/Polished Culture/London Modern - Evening Look / Silvered Taper - Day Finish,"adult man, sharp overcoat, fine-gauge knitwear, tailored trousers and polished leather shoes, a polished suit or dinner jacket, precise shirt styling and minimal formal accessories, mature silvered taper with refined texture, navy, grey and oxblood palette, soft matte daytime finish, practical restrained accessories, authentic fabric texture, precise seams and fasteners, natural drape, believable accessories, polished editorial styling","wrong hairstyle, inconsistent hair length, merged hair strands, duplicate accessories, incorrect garment layering, warped clothing, broken seams, broken fasteners, malformed footwear, random logos, misspelled text, poor fit, extra limbs, bad hands, child, teen, underage, watermark, low detail, blur",Male/London Modern,1,False
0060 | Male/Polished Culture/London Modern - Evening Look / Silvered Taper - Evening Finish,"adult man, sharp overcoat, fine-gauge knitwear, tailored trousers and polished leather shoes, a polished suit or dinner jacket, precise shirt styling and minimal formal accessories, mature silvered taper with refined texture, navy, grey and oxblood palette, richer contrast, polished evening finish and refined statement accessories, authentic fabric texture, precise seams and fasteners, natural drape, believable accessories, polished editorial styling","wrong hairstyle, inconsistent hair length, merged hair strands, duplicate accessories, incorrect garment layering, warped clothing, broken seams, broken fasteners, malformed footwear, random logos, misspelled text, poor fit, extra limbs, bad hands, child, teen, underage, watermark, low detail, blur",Male/London Modern,1,False
0061 | Male/Polished Culture/British Heritage - Outerwear Look / Classic Taper - Day Finish,"adult man, tweed or waxed outerwear, textured knit, sturdy trousers and refined country boots, a structured jacket or coat over layered knitwear, tailored trousers and coordinated footwear, clean classic taper with natural texture, navy, charcoal and white palette, soft matte daytime finish, practical restrained accessories, authentic fabric texture, precise seams and fasteners, natural drape, believable accessories, polished editorial styling","wrong hairstyle, inconsistent hair length, merged hair strands, duplicate accessories, incorrect garment layering, warped clothing, broken seams, broken fasteners, malformed footwear, random logos, misspelled text, poor fit, extra limbs, bad hands, child, teen, underage, watermark, low detail, blur",Male/British Heritage,1,False
0062 | Male/Polished Culture/British Heritage - Outerwear Look / Classic Taper - Evening Finish,"adult man, tweed or waxed outerwear, textured knit, sturdy trousers and refined country boots, a structured jacket or coat over layered knitwear, tailored trousers and coordinated footwear, clean classic taper with natural texture, navy, charcoal and white palette, richer contrast, polished evening finish and refined statement accessories, authentic fabric texture, precise seams and fasteners, natural drape, believable accessories, polished editorial styling","wrong hairstyle, inconsistent hair length, merged hair strands, duplicate accessories, incorrect garment layering, warped clothing, broken seams, broken fasteners, malformed footwear, random logos, misspelled text, poor fit, extra limbs, bad hands, child, teen, underage, watermark, low detail, blur",Male/British Heritage,1,False
0063 | Male/Polished Culture/British Heritage - Outerwear Look / Textured Crop - Day Finish,"adult man, tweed or waxed outerwear, textured knit, sturdy trousers and refined country boots, a structured jacket or coat over layered knitwear, tailored trousers and coordinated footwear, textured crop with controlled matte finish, olive, stone and black palette, soft matte daytime finish, practical restrained accessories, authentic fabric texture, precise seams and fasteners, natural drape, believable accessories, polished editorial styling","wrong hairstyle, inconsistent hair length, merged hair strands, duplicate accessories, incorrect garment layering, warped clothing, broken seams, broken fasteners, malformed footwear, random logos, misspelled text, poor fit, extra limbs, bad hands, child, teen, underage, watermark, low detail, blur",Male/British Heritage,1,False
0064 | Male/Polished Culture/British Heritage - Outerwear Look / Textured Crop - Evening Finish,"adult man, tweed or waxed outerwear, textured knit, sturdy trousers and refined country boots, a structured jacket or coat over layered knitwear, tailored trousers and coordinated footwear, textured crop with controlled matte finish, olive, stone and black palette, richer contrast, polished evening finish and refined statement accessories, authentic fabric texture, precise seams and fasteners, natural drape, believable accessories, polished editorial styling","wrong hairstyle, inconsistent hair length, merged hair strands, duplicate accessories, incorrect garment layering, warped clothing, broken seams, broken fasteners, malformed footwear, random logos, misspelled text, poor fit, extra limbs, bad hands, child, teen, underage, watermark, low detail, blur",Male/British Heritage,1,False
0065 | Male/Polished Culture/British Heritage - Outerwear Look / Side Part - Day Finish,"adult man, tweed or waxed outerwear, textured knit, sturdy trousers and refined country boots, a structured jacket or coat over layered knitwear, tailored trousers and coordinated footwear, refined side part with soft natural hold, camel, cream and dark brown palette, soft matte daytime finish, practical restrained accessories, authentic fabric texture, precise seams and fasteners, natural drape, believable accessories, polished editorial styling","wrong hairstyle, inconsistent hair length, merged hair strands, duplicate accessories, incorrect garment layering, warped clothing, broken seams, broken fasteners, malformed footwear, random logos, misspelled text, poor fit, extra limbs, bad hands, child, teen, underage, watermark, low detail, blur",Male/British Heritage,1,False
0066 | Male/Polished Culture/British Heritage - Outerwear Look / Side Part - Evening Finish,"adult man, tweed or waxed outerwear, textured knit, sturdy trousers and refined country boots, a structured jacket or coat over layered knitwear, tailored trousers and coordinated footwear, refined side part with soft natural hold, camel, cream and dark brown palette, richer contrast, polished evening finish and refined statement accessories, authentic fabric texture, precise seams and fasteners, natural drape, believable accessories, polished editorial styling","wrong hairstyle, inconsistent hair length, merged hair strands, duplicate accessories, incorrect garment layering, warped clothing, broken seams, broken fasteners, malformed footwear, random logos, misspelled text, poor fit, extra limbs, bad hands, child, teen, underage, watermark, low detail, blur",Male/British Heritage,1,False
0067 | Male/Polished Culture/British Heritage - Outerwear Look / Medium Swept Back - Day Finish,"adult man, tweed or waxed outerwear, textured knit, sturdy trousers and refined country boots, a structured jacket or coat over layered knitwear, tailored trousers and coordinated footwear, medium-length hair swept back with realistic movement, black, grey and silver palette, soft matte daytime finish, practical restrained accessories, authentic fabric texture, precise seams and fasteners, natural drape, believable accessories, polished editorial styling","wrong hairstyle, inconsistent hair length, merged hair strands, duplicate accessories, incorrect garment layering, warped clothing, broken seams, broken fasteners, malformed footwear, random logos, misspelled text, poor fit, extra limbs, bad hands, child, teen, underage, watermark, low detail, blur",Male/British Heritage,1,False
0068 | Male/Polished Culture/British Heritage - Outerwear Look / Medium Swept Back - Evening Finish,"adult man, tweed or waxed outerwear, textured knit, sturdy trousers and refined country boots, a structured jacket or coat over layered knitwear, tailored trousers and coordinated footwear, medium-length hair swept back with realistic movement, black, grey and silver palette, richer contrast, polished evening finish and refined statement accessories, authentic fabric texture, precise seams and fasteners, natural drape, believable accessories, polished editorial styling","wrong hairstyle, inconsistent hair length, merged hair strands, duplicate accessories, incorrect garment layering, warped clothing, broken seams, broken fasteners, malformed footwear, random logos, misspelled text, poor fit, extra limbs, bad hands, child, teen, underage, watermark, low detail, blur",Male/British Heritage,1,False
0069 | Male/Polished Culture/British Heritage - Outerwear Look / Natural Curls - Day Finish,"adult man, tweed or waxed outerwear, textured knit, sturdy trousers and refined country boots, a structured jacket or coat over layered knitwear, tailored trousers and coordinated footwear, defined natural curls with balanced shape, rust, navy and cream palette, soft matte daytime finish, practical restrained accessories, authentic fabric texture, precise seams and fasteners, natural drape, believable accessories, polished editorial styling","wrong hairstyle, inconsistent hair length, merged hair strands, duplicate accessories, incorrect garment layering, warped clothing, broken seams, broken fasteners, malformed footwear, random logos, misspelled text, poor fit, extra limbs, bad hands, child, teen, underage, watermark, low detail, blur",Male/British Heritage,1,False
0070 | Male/Polished Culture/British Heritage - Outerwear Look / Natural Curls - Evening Finish,"adult man, tweed or waxed outerwear, textured knit, sturdy trousers and refined country boots, a structured jacket or coat over layered knitwear, tailored trousers and coordinated footwear, defined natural curls with balanced shape, rust, navy and cream palette, richer contrast, polished evening finish and refined statement accessories, authentic fabric texture, precise seams and fasteners, natural drape, believable accessories, polished editorial styling","wrong hairstyle, inconsistent hair length, merged hair strands, duplicate accessories, incorrect garment layering, warped clothing, broken seams, broken fasteners, malformed footwear, random logos, misspelled text, poor fit, extra limbs, bad hands, child, teen, underage, watermark, low detail, blur",Male/British Heritage,1,False
0071 | Male/Polished Culture/British Heritage - Outerwear Look / Close Buzz Cut - Day Finish,"adult man, tweed or waxed outerwear, textured knit, sturdy trousers and refined country boots, a structured jacket or coat over layered knitwear, tailored trousers and coordinated footwear, precise close buzz cut with clean hairline, black, white and cobalt palette, soft matte daytime finish, practical restrained accessories, authentic fabric texture, precise seams and fasteners, natural drape, believable accessories, polished editorial styling","wrong hairstyle, inconsistent hair length, merged hair strands, duplicate accessories, incorrect garment layering, warped clothing, broken seams, broken fasteners, malformed footwear, random logos, misspelled text, poor fit, extra limbs, bad hands, child, teen, underage, watermark, low detail, blur",Male/British Heritage,1,False
0072 | Male/Polished Culture/British Heritage - Outerwear Look / Close Buzz Cut - Evening Finish,"adult man, tweed or waxed outerwear, textured knit, sturdy trousers and refined country boots, a structured jacket or coat over layered knitwear, tailored trousers and coordinated footwear, precise close buzz cut with clean hairline, black, white and cobalt palette, richer contrast, polished evening finish and refined statement accessories, authentic fabric texture, precise seams and fasteners, natural drape, believable accessories, polished editorial styling","wrong hairstyle, inconsistent hair length, merged hair strands, duplicate accessories, incorrect garment layering, warped clothing, broken seams, broken fasteners, malformed footwear, random logos, misspelled text, poor fit, extra limbs, bad hands, child, teen, underage, watermark, low detail, blur",Male/British Heritage,1,False
0073 | Male/Polished Culture/British Heritage - Outerwear Look / Modern Quiff - Day Finish,"adult man, tweed or waxed outerwear, textured knit, sturdy trousers and refined country boots, a structured jacket or coat over layered knitwear, tailored trousers and coordinated footwear, modern quiff with controlled volume, burgundy, charcoal and black palette, soft matte daytime finish, practical restrained accessories, authentic fabric texture, precise seams and fasteners, natural drape, believable accessories, polished editorial styling","wrong hairstyle, inconsistent hair length, merged hair strands, duplicate accessories, incorrect garment layering, warped clothing, broken seams, broken fasteners, malformed footwear, random logos, misspelled text, poor fit, extra limbs, bad hands, child, teen, underage, watermark, low detail, blur",Male/British Heritage,1,False
0074 | Male/Polished Culture/British Heritage - Outerwear Look / Modern Quiff - Evening Finish,"adult man, tweed or waxed outerwear, textured knit, sturdy trousers and refined country boots, a structured jacket or coat over layered knitwear, tailored trousers and coordinated footwear, modern quiff with controlled volume, burgundy, charcoal and black palette, richer contrast, polished evening finish and refined statement accessories, authentic fabric texture, precise seams and fasteners, natural drape, believable accessories, polished editorial styling","wrong hairstyle, inconsistent hair length, merged hair strands, duplicate accessories, incorrect garment layering, warped clothing, broken seams, broken fasteners, malformed footwear, random logos, misspelled text, poor fit, extra limbs, bad hands, child, teen, underage, watermark, low detail, blur",Male/British Heritage,1,False
0075 | Male/Polished Culture/British Heritage - Outerwear Look / Shoulder Length Waves - Day Finish,"adult man, tweed or waxed outerwear, textured knit, sturdy trousers and refined country boots, a structured jacket or coat over layered knitwear, tailored trousers and coordinated footwear, shoulder-length waves with natural separation, forest, tan and dark denim palette, soft matte daytime finish, practical restrained accessories, authentic fabric texture, precise seams and fasteners, natural drape, believable accessories, polished editorial styling","wrong hairstyle, inconsistent hair length, merged hair strands, duplicate accessories, incorrect garment layering, warped clothing, broken seams, broken fasteners, malformed footwear, random logos, misspelled text, poor fit, extra limbs, bad hands, child, teen, underage, watermark, low detail, blur",Male/British Heritage,1,False
0076 | Male/Polished Culture/British Heritage - Outerwear Look / Shoulder Length Waves - Evening Finish,"adult man, tweed or waxed outerwear, textured knit, sturdy trousers and refined country boots, a structured jacket or coat over layered knitwear, tailored trousers and coordinated footwear, shoulder-length waves with natural separation, forest, tan and dark denim palette, richer contrast, polished evening finish and refined statement accessories, authentic fabric texture, precise seams and fasteners, natural drape, believable accessories, polished editorial styling","wrong hairstyle, inconsistent hair length, merged hair strands, duplicate accessories, incorrect garment layering, warped clothing, broken seams, broken fasteners, malformed footwear, random logos, misspelled text, poor fit, extra limbs, bad hands, child, teen, underage, watermark, low detail, blur",Male/British Heritage,1,False
0077 | Male/Polished Culture/British Heritage - Outerwear Look / Braided Style - Day Finish,"adult man, tweed or waxed outerwear, textured knit, sturdy trousers and refined country boots, a structured jacket or coat over layered knitwear, tailored trousers and coordinated footwear, precise braided style with clean scalp detail, earth tones, black and bronze palette, soft matte daytime finish, practical restrained accessories, authentic fabric texture, precise seams and fasteners, natural drape, believable accessories, polished editorial styling","wrong hairstyle, inconsistent hair length, merged hair strands, duplicate accessories, incorrect garment layering, warped clothing, broken seams, broken fasteners, malformed footwear, random logos, misspelled text, poor fit, extra limbs, bad hands, child, teen, underage, watermark, low detail, blur",Male/British Heritage,1,False
0078 | Male/Polished Culture/British Heritage - Outerwear Look / Braided Style - Evening Finish,"adult man, tweed or waxed outerwear, textured knit, sturdy trousers and refined country boots, a structured jacket or coat over layered knitwear, tailored trousers and coordinated footwear, precise braided style with clean scalp detail, earth tones, black and bronze palette, richer contrast, polished evening finish and refined statement accessories, authentic fabric texture, precise seams and fasteners, natural drape, believable accessories, polished editorial styling","wrong hairstyle, inconsistent hair length, merged hair strands, duplicate accessories, incorrect garment layering, warped clothing, broken seams, broken fasteners, malformed footwear, random logos, misspelled text, poor fit, extra limbs, bad hands, child, teen, underage, watermark, low detail, blur",Male/British Heritage,1,False
0079 | Male/Polished Culture/British Heritage - Outerwear Look / Silvered Taper - Day Finish,"adult man, tweed or waxed outerwear, textured knit, sturdy trousers and refined country boots, a structured jacket or coat over layered knitwear, tailored trousers and coordinated footwear, mature silvered taper with refined texture, navy, grey and oxblood palette, soft matte daytime finish, practical restrained accessories, authentic fabric texture, precise seams and fasteners, natural drape, believable accessories, polished editorial styling","wrong hairstyle, inconsistent hair length, merged hair strands, duplicate accessories, incorrect garment layering, warped clothing, broken seams, broken fasteners, malformed footwear, random logos, misspelled text, poor fit, extra limbs, bad hands, child, teen, underage, watermark, low detail, blur",Male/British Heritage,1,False
0080 | Male/Polished Culture/British Heritage - Outerwear Look / Silvered Taper - Evening Finish,"adult man, tweed or waxed outerwear, textured knit, sturdy trousers and refined country boots, a structured jacket or coat over layered knitwear, tailored trousers and coordinated footwear, mature silvered taper with refined texture, navy, grey and oxblood palette, richer contrast, polished evening finish and refined statement accessories, authentic fabric texture, precise seams and fasteners, natural drape, believable accessories, polished editorial styling","wrong hairstyle, inconsistent hair length, merged hair strands, duplicate accessories, incorrect garment layering, warped clothing, broken seams, broken fasteners, malformed footwear, random logos, misspelled text, poor fit, extra limbs, bad hands, child, teen, underage, watermark, low detail, blur",Male/British Heritage,1,False
0081 | Male/Polished Culture/British Heritage - Smart Casual / Classic Taper - Day Finish,"adult man, tweed or waxed outerwear, textured knit, sturdy trousers and refined country boots, a refined shirt or polo, lightweight jacket, clean trousers and understated accessories, clean classic taper with natural texture, navy, charcoal and white palette, soft matte daytime finish, practical restrained accessories, authentic fabric texture, precise seams and fasteners, natural drape, believable accessories, polished editorial styling","wrong hairstyle, inconsistent hair length, merged hair strands, duplicate accessories, incorrect garment layering, warped clothing, broken seams, broken fasteners, malformed footwear, random logos, misspelled text, poor fit, extra limbs, bad hands, child, teen, underage, watermark, low detail, blur",Male/British Heritage,1,False
0082 | Male/Polished Culture/British Heritage - Smart Casual / Classic Taper - Evening Finish,"adult man, tweed or waxed outerwear, textured knit, sturdy trousers and refined country boots, a refined shirt or polo, lightweight jacket, clean trousers and understated accessories, clean classic taper with natural texture, navy, charcoal and white palette, richer contrast, polished evening finish and refined statement accessories, authentic fabric texture, precise seams and fasteners, natural drape, believable accessories, polished editorial styling","wrong hairstyle, inconsistent hair length, merged hair strands, duplicate accessories, incorrect garment layering, warped clothing, broken seams, broken fasteners, malformed footwear, random logos, misspelled text, poor fit, extra limbs, bad hands, child, teen, underage, watermark, low detail, blur",Male/British Heritage,1,False
0083 | Male/Polished Culture/British Heritage - Smart Casual / Textured Crop - Day Finish,"adult man, tweed or waxed outerwear, textured knit, sturdy trousers and refined country boots, a refined shirt or polo, lightweight jacket, clean trousers and understated accessories, textured crop with controlled matte finish, olive, stone and black palette, soft matte daytime finish, practical restrained accessories, authentic fabric texture, precise seams and fasteners, natural drape, believable accessories, polished editorial styling","wrong hairstyle, inconsistent hair length, merged hair strands, duplicate accessories, incorrect garment layering, warped clothing, broken seams, broken fasteners, malformed footwear, random logos, misspelled text, poor fit, extra limbs, bad hands, child, teen, underage, watermark, low detail, blur",Male/British Heritage,1,False
0084 | Male/Polished Culture/British Heritage - Smart Casual / Textured Crop - Evening Finish,"adult man, tweed or waxed outerwear, textured knit, sturdy trousers and refined country boots, a refined shirt or polo, lightweight jacket, clean trousers and understated accessories, textured crop with controlled matte finish, olive, stone and black palette, richer contrast, polished evening finish and refined statement accessories, authentic fabric texture, precise seams and fasteners, natural drape, believable accessories, polished editorial styling","wrong hairstyle, inconsistent hair length, merged hair strands, duplicate accessories, incorrect garment layering, warped clothing, broken seams, broken fasteners, malformed footwear, random logos, misspelled text, poor fit, extra limbs, bad hands, child, teen, underage, watermark, low detail, blur",Male/British Heritage,1,False
0085 | Male/Polished Culture/British Heritage - Smart Casual / Side Part - Day Finish,"adult man, tweed or waxed outerwear, textured knit, sturdy trousers and refined country boots, a refined shirt or polo, lightweight jacket, clean trousers and understated accessories, refined side part with soft natural hold, camel, cream and dark brown palette, soft matte daytime finish, practical restrained accessories, authentic fabric texture, precise seams and fasteners, natural drape, believable accessories, polished editorial styling","wrong hairstyle, inconsistent hair length, merged hair strands, duplicate accessories, incorrect garment layering, warped clothing, broken seams, broken fasteners, malformed footwear, random logos, misspelled text, poor fit, extra limbs, bad hands, child, teen, underage, watermark, low detail, blur",Male/British Heritage,1,False
0086 | Male/Polished Culture/British Heritage - Smart Casual / Side Part - Evening Finish,"adult man, tweed or waxed outerwear, textured knit, sturdy trousers and refined country boots, a refined shirt or polo, lightweight jacket, clean trousers and understated accessories, refined side part with soft natural hold, camel, cream and dark brown palette, richer contrast, polished evening finish and refined statement accessories, authentic fabric texture, precise seams and fasteners, natural drape, believable accessories, polished editorial styling","wrong hairstyle, inconsistent hair length, merged hair strands, duplicate accessories, incorrect garment layering, warped clothing, broken seams, broken fasteners, malformed footwear, random logos, misspelled text, poor fit, extra limbs, bad hands, child, teen, underage, watermark, low detail, blur",Male/British Heritage,1,False
0087 | Male/Polished Culture/British Heritage - Smart Casual / Medium Swept Back - Day Finish,"adult man, tweed or waxed outerwear, textured knit, sturdy trousers and refined country boots, a refined shirt or polo, lightweight jacket, clean trousers and understated accessories, medium-length hair swept back with realistic movement, black, grey and silver palette, soft matte daytime finish, practical restrained accessories, authentic fabric texture, precise seams and fasteners, natural drape, believable accessories, polished editorial styling","wrong hairstyle, inconsistent hair length, merged hair strands, duplicate accessories, incorrect garment layering, warped clothing, broken seams, broken fasteners, malformed footwear, random logos, misspelled text, poor fit, extra limbs, bad hands, child, teen, underage, watermark, low detail, blur",Male/British Heritage,1,False
0088 | Male/Polished Culture/British Heritage - Smart Casual / Medium Swept Back - Evening Finish,"adult man, tweed or waxed outerwear, textured knit, sturdy trousers and refined country boots, a refined shirt or polo, lightweight jacket, clean trousers and understated accessories, medium-length hair swept back with realistic movement, black, grey and silver palette, richer contrast, polished evening finish and refined statement accessories, authentic fabric texture, precise seams and fasteners, natural drape, believable accessories, polished editorial styling","wrong hairstyle, inconsistent hair length, merged hair strands, duplicate accessories, incorrect garment layering, warped clothing, broken seams, broken fasteners, malformed footwear, random logos, misspelled text, poor fit, extra limbs, bad hands, child, teen, underage, watermark, low detail, blur",Male/British Heritage,1,False
0089 | Male/Polished Culture/British Heritage - Smart Casual / Natural Curls - Day Finish,"adult man, tweed or waxed outerwear, textured knit, sturdy trousers and refined country boots, a refined shirt or polo, lightweight jacket, clean trousers and understated accessories, defined natural curls with balanced shape, rust, navy and cream palette, soft matte daytime finish, practical restrained accessories, authentic fabric texture, precise seams and fasteners, natural drape, believable accessories, polished editorial styling","wrong hairstyle, inconsistent hair length, merged hair strands, duplicate accessories, incorrect garment layering, warped clothing, broken seams, broken fasteners, malformed footwear, random logos, misspelled text, poor fit, extra limbs, bad hands, child, teen, underage, watermark, low detail, blur",Male/British Heritage,1,False
0090 | Male/Polished Culture/British Heritage - Smart Casual / Natural Curls - Evening Finish,"adult man, tweed or waxed outerwear, textured knit, sturdy trousers and refined country boots, a refined shirt or polo, lightweight jacket, clean trousers and understated accessories, defined natural curls with balanced shape, rust, navy and cream palette, richer contrast, polished evening finish and refined statement accessories, authentic fabric texture, precise seams and fasteners, natural drape, believable accessories, polished editorial styling","wrong hairstyle, inconsistent hair length, merged hair strands, duplicate accessories, incorrect garment layering, warped clothing, broken seams, broken fasteners, malformed footwear, random logos, misspelled text, poor fit, extra limbs, bad hands, child, teen, underage, watermark, low detail, blur",Male/British Heritage,1,False
0091 | Male/Polished Culture/British Heritage - Smart Casual / Close Buzz Cut - Day Finish,"adult man, tweed or waxed outerwear, textured knit, sturdy trousers and refined country boots, a refined shirt or polo, lightweight jacket, clean trousers and understated accessories, precise close buzz cut with clean hairline, black, white and cobalt palette, soft matte daytime finish, practical restrained accessories, authentic fabric texture, precise seams and fasteners, natural drape, believable accessories, polished editorial styling","wrong hairstyle, inconsistent hair length, merged hair strands, duplicate accessories, incorrect garment layering, warped clothing, broken seams, broken fasteners, malformed footwear, random logos, misspelled text, poor fit, extra limbs, bad hands, child, teen, underage, watermark, low detail, blur",Male/British Heritage,1,False
0092 | Male/Polished Culture/British Heritage - Smart Casual / Close Buzz Cut - Evening Finish,"adult man, tweed or waxed outerwear, textured knit, sturdy trousers and refined country boots, a refined shirt or polo, lightweight jacket, clean trousers and understated accessories, precise close buzz cut with clean hairline, black, white and cobalt palette, richer contrast, polished evening finish and refined statement accessories, authentic fabric texture, precise seams and fasteners, natural drape, believable accessories, polished editorial styling","wrong hairstyle, inconsistent hair length, merged hair strands, duplicate accessories, incorrect garment layering, warped clothing, broken seams, broken fasteners, malformed footwear, random logos, misspelled text, poor fit, extra limbs, bad hands, child, teen, underage, watermark, low detail, blur",Male/British Heritage,1,False
0093 | Male/Polished Culture/British Heritage - Smart Casual / Modern Quiff - Day Finish,"adult man, tweed or waxed outerwear, textured knit, sturdy trousers and refined country boots, a refined shirt or polo, lightweight jacket, clean trousers and understated accessories, modern quiff with controlled volume, burgundy, charcoal and black palette, soft matte daytime finish, practical restrained accessories, authentic fabric texture, precise seams and fasteners, natural drape, believable accessories, polished editorial styling","wrong hairstyle, inconsistent hair length, merged hair strands, duplicate accessories, incorrect garment layering, warped clothing, broken seams, broken fasteners, malformed footwear, random logos, misspelled text, poor fit, extra limbs, bad hands, child, teen, underage, watermark, low detail, blur",Male/British Heritage,1,False
0094 | Male/Polished Culture/British Heritage - Smart Casual / Modern Quiff - Evening Finish,"adult man, tweed or waxed outerwear, textured knit, sturdy trousers and refined country boots, a refined shirt or polo, lightweight jacket, clean trousers and understated accessories, modern quiff with controlled volume, burgundy, charcoal and black palette, richer contrast, polished evening finish and refined statement accessories, authentic fabric texture, precise seams and fasteners, natural drape, believable accessories, polished editorial styling","wrong hairstyle, inconsistent hair length, merged hair strands, duplicate accessories, incorrect garment layering, warped clothing, broken seams, broken fasteners, malformed footwear, random logos, misspelled text, poor fit, extra limbs, bad hands, child, teen, underage, watermark, low detail, blur",Male/British Heritage,1,False
0095 | Male/Polished Culture/British Heritage - Smart Casual / Shoulder Length Waves - Day Finish,"adult man, tweed or waxed outerwear, textured knit, sturdy trousers and refined country boots, a refined shirt or polo, lightweight jacket, clean trousers and understated accessories, shoulder-length waves with natural separation, forest, tan and dark denim palette, soft matte daytime finish, practical restrained accessories, authentic fabric texture, precise seams and fasteners, natural drape, believable accessories, polished editorial styling","wrong hairstyle, inconsistent hair length, merged hair strands, duplicate accessories, incorrect garment layering, warped clothing, broken seams, broken fasteners, malformed footwear, random logos, misspelled text, poor fit, extra limbs, bad hands, child, teen, underage, watermark, low detail, blur",Male/British Heritage,1,False
0096 | Male/Polished Culture/British Heritage - Smart Casual / Shoulder Length Waves - Evening Finish,"adult man, tweed or waxed outerwear, textured knit, sturdy trousers and refined country boots, a refined shirt or polo, lightweight jacket, clean trousers and understated accessories, shoulder-length waves with natural separation, forest, tan and dark denim palette, richer contrast, polished evening finish and refined statement accessories, authentic fabric texture, precise seams and fasteners, natural drape, believable accessories, polished editorial styling","wrong hairstyle, inconsistent hair length, merged hair strands, duplicate accessories, incorrect garment layering, warped clothing, broken seams, broken fasteners, malformed footwear, random logos, misspelled text, poor fit, extra limbs, bad hands, child, teen, underage, watermark, low detail, blur",Male/British Heritage,1,False
0097 | Male/Polished Culture/British Heritage - Smart Casual / Braided Style - Day Finish,"adult man, tweed or waxed outerwear, textured knit, sturdy trousers and refined country boots, a refined shirt or polo, lightweight jacket, clean trousers and understated accessories, precise braided style with clean scalp detail, earth tones, black and bronze palette, soft matte daytime finish, practical restrained accessories, authentic fabric texture, precise seams and fasteners, natural drape, believable accessories, polished editorial styling","wrong hairstyle, inconsistent hair length, merged hair strands, duplicate accessories, incorrect garment layering, warped clothing, broken seams, broken fasteners, malformed footwear, random logos, misspelled text, poor fit, extra limbs, bad hands, child, teen, underage, watermark, low detail, blur",Male/British Heritage,1,False
0098 | Male/Polished Culture/British Heritage - Smart Casual / Braided Style - Evening Finish,"adult man, tweed or waxed outerwear, textured knit, sturdy trousers and refined country boots, a refined shirt or polo, lightweight jacket, clean trousers and understated accessories, precise braided style with clean scalp detail, earth tones, black and bronze palette, richer contrast, polished evening finish and refined statement accessories, authentic fabric texture, precise seams and fasteners, natural drape, believable accessories, polished editorial styling","wrong hairstyle, inconsistent hair length, merged hair strands, duplicate accessories, incorrect garment layering, warped clothing, broken seams, broken fasteners, malformed footwear, random logos, misspelled text, poor fit, extra limbs, bad hands, child, teen, underage, watermark, low detail, blur",Male/British Heritage,1,False
0099 | Male/Polished Culture/British Heritage - Smart Casual / Silvered Taper - Day Finish,"adult man, tweed or waxed outerwear, textured knit, sturdy trousers and refined country boots, a refined shirt or polo, lightweight jacket, clean trousers and understated accessories, mature silvered taper with refined texture, navy, grey and oxblood palette, soft matte daytime finish, practical restrained accessories, authentic fabric texture, precise seams and fasteners, natural drape, believable accessories, polished editorial styling","wrong hairstyle, inconsistent hair length, merged hair strands, duplicate accessories, incorrect garment layering, warped clothing, broken seams, broken fasteners, malformed footwear, random logos, misspelled text, poor fit, extra limbs, bad hands, child, teen, underage, watermark, low detail, blur",Male/British Heritage,1,False
0100 | Male/Polished Culture/British Heritage - Smart Casual / Silvered Taper - Evening Finish,"adult man, tweed or waxed outerwear, textured knit, sturdy trousers and refined country boots, a refined shirt or polo, lightweight jacket, clean trousers and understated accessories, mature silvered taper with refined texture, navy, grey and oxblood palette, richer contrast, polished evening finish and refined statement accessories, authentic fabric texture, precise seams and fasteners, natural drape, believable accessories, polished editorial styling","wrong hairstyle, inconsistent hair length, merged hair strands, duplicate accessories, incorrect garment layering, warped clothing, broken seams, broken fasteners, malformed footwear, random logos, misspelled text, poor fit, extra limbs, bad hands, child, teen, underage, watermark, low detail, blur",Male/British Heritage,1,False
0101 | Male/Polished Culture/British Heritage - Evening Look / Classic Taper - Day Finish,"adult man, tweed or waxed outerwear, textured knit, sturdy trousers and refined country boots, a polished suit or dinner jacket, precise shirt styling and minimal formal accessories, clean classic taper with natural texture, navy, charcoal and white palette, soft matte daytime finish, practical restrained accessories, authentic fabric texture, precise seams and fasteners, natural drape, believable accessories, polished editorial styling","wrong hairstyle, inconsistent hair length, merged hair strands, duplicate accessories, incorrect garment layering, warped clothing, broken seams, broken fasteners, malformed footwear, random logos, misspelled text, poor fit, extra limbs, bad hands, child, teen, underage, watermark, low detail, blur",Male/British Heritage,1,False
0102 | Male/Polished Culture/British Heritage - Evening Look / Classic Taper - Evening Finish,"adult man, tweed or waxed outerwear, textured knit, sturdy trousers and refined country boots, a polished suit or dinner jacket, precise shirt styling and minimal formal accessories, clean classic taper with natural texture, navy, charcoal and white palette, richer contrast, polished evening finish and refined statement accessories, authentic fabric texture, precise seams and fasteners, natural drape, believable accessories, polished editorial styling","wrong hairstyle, inconsistent hair length, merged hair strands, duplicate accessories, incorrect garment layering, warped clothing, broken seams, broken fasteners, malformed footwear, random logos, misspelled text, poor fit, extra limbs, bad hands, child, teen, underage, watermark, low detail, blur",Male/British Heritage,1,False
0103 | Male/Polished Culture/British Heritage - Evening Look / Textured Crop - Day Finish,"adult man, tweed or waxed outerwear, textured knit, sturdy trousers and refined country boots, a polished suit or dinner jacket, precise shirt styling and minimal formal accessories, textured crop with controlled matte finish, olive, stone and black palette, soft matte daytime finish, practical restrained accessories, authentic fabric texture, precise seams and fasteners, natural drape, believable accessories, polished editorial styling","wrong hairstyle, inconsistent hair length, merged hair strands, duplicate accessories, incorrect garment layering, warped clothing, broken seams, broken fasteners, malformed footwear, random logos, misspelled text, poor fit, extra limbs, bad hands, child, teen, underage, watermark, low detail, blur",Male/British Heritage,1,False
0104 | Male/Polished Culture/British Heritage - Evening Look / Textured Crop - Evening Finish,"adult man, tweed or waxed outerwear, textured knit, sturdy trousers and refined country boots, a polished suit or dinner jacket, precise shirt styling and minimal formal accessories, textured crop with controlled matte finish, olive, stone and black palette, richer contrast, polished evening finish and refined statement accessories, authentic fabric texture, precise seams and fasteners, natural drape, believable accessories, polished editorial styling","wrong hairstyle, inconsistent hair length, merged hair strands, duplicate accessories, incorrect garment layering, warped clothing, broken seams, broken fasteners, malformed footwear, random logos, misspelled text, poor fit, extra limbs, bad hands, child, teen, underage, watermark, low detail, blur",Male/British Heritage,1,False
0105 | Male/Polished Culture/British Heritage - Evening Look / Side Part - Day Finish,"adult man, tweed or waxed outerwear, textured knit, sturdy trousers and refined country boots, a polished suit or dinner jacket, precise shirt styling and minimal formal accessories, refined side part with soft natural hold, camel, cream and dark brown palette, soft matte daytime finish, practical restrained accessories, authentic fabric texture, precise seams and fasteners, natural drape, believable accessories, polished editorial styling","wrong hairstyle, inconsistent hair length, merged hair strands, duplicate accessories, incorrect garment layering, warped clothing, broken seams, broken fasteners, malformed footwear, random logos, misspelled text, poor fit, extra limbs, bad hands, child, teen, underage, watermark, low detail, blur",Male/British Heritage,1,False
0106 | Male/Polished Culture/British Heritage - Evening Look / Side Part - Evening Finish,"adult man, tweed or waxed outerwear, textured knit, sturdy trousers and refined country boots, a polished suit or dinner jacket, precise shirt styling and minimal formal accessories, refined side part with soft natural hold, camel, cream and dark brown palette, richer contrast, polished evening finish and refined statement accessories, authentic fabric texture, precise seams and fasteners, natural drape, believable accessories, polished editorial styling","wrong hairstyle, inconsistent hair length, merged hair strands, duplicate accessories, incorrect garment layering, warped clothing, broken seams, broken fasteners, malformed footwear, random logos, misspelled text, poor fit, extra limbs, bad hands, child, teen, underage, watermark, low detail, blur",Male/British Heritage,1,False
0107 | Male/Polished Culture/British Heritage - Evening Look / Medium Swept Back - Day Finish,"adult man, tweed or waxed outerwear, textured knit, sturdy trousers and refined country boots, a polished suit or dinner jacket, precise shirt styling and minimal formal accessories, medium-length hair swept back with realistic movement, black, grey and silver palette, soft matte daytime finish, practical restrained accessories, authentic fabric texture, precise seams and fasteners, natural drape, believable accessories, polished editorial styling","wrong hairstyle, inconsistent hair length, merged hair strands, duplicate accessories, incorrect garment layering, warped clothing, broken seams, broken fasteners, malformed footwear, random logos, misspelled text, poor fit, extra limbs, bad hands, child, teen, underage, watermark, low detail, blur",Male/British Heritage,1,False
0108 | Male/Polished Culture/British Heritage - Evening Look / Medium Swept Back - Evening Finish,"adult man, tweed or waxed outerwear, textured knit, sturdy trousers and refined country boots, a polished suit or dinner jacket, precise shirt styling and minimal formal accessories, medium-length hair swept back with realistic movement, black, grey and silver palette, richer contrast, polished evening finish and refined statement accessories, authentic fabric texture, precise seams and fasteners, natural drape, believable accessories, polished editorial styling","wrong hairstyle, inconsistent hair length, merged hair strands, duplicate accessories, incorrect garment layering, warped clothing, broken seams, broken fasteners, malformed footwear, random logos, misspelled text, poor fit, extra limbs, bad hands, child, teen, underage, watermark, low detail, blur",Male/British Heritage,1,False
0109 | Male/Polished Culture/British Heritage - Evening Look / Natural Curls - Day Finish,"adult man, tweed or waxed outerwear, textured knit, sturdy trousers and refined country boots, a polished suit or dinner jacket, precise shirt styling and minimal formal accessories, defined natural curls with balanced shape, rust, navy and cream palette, soft matte daytime finish, practical restrained accessories, authentic fabric texture, precise seams and fasteners, natural drape, believable accessories, polished editorial styling","wrong hairstyle, inconsistent hair length, merged hair strands, duplicate accessories, incorrect garment layering, warped clothing, broken seams, broken fasteners, malformed footwear, random logos, misspelled text, poor fit, extra limbs, bad hands, child, teen, underage, watermark, low detail, blur",Male/British Heritage,1,False
0110 | Male/Polished Culture/British Heritage - Evening Look / Natural Curls - Evening Finish,"adult man, tweed or waxed outerwear, textured knit, sturdy trousers and refined country boots, a polished suit or dinner jacket, precise shirt styling and minimal formal accessories, defined natural curls with balanced shape, rust, navy and cream palette, richer contrast, polished evening finish and refined statement accessories, authentic fabric texture, precise seams and fasteners, natural drape, believable accessories, polished editorial styling","wrong hairstyle, inconsistent hair length, merged hair strands, duplicate accessories, incorrect garment layering, warped clothing, broken seams, broken fasteners, malformed footwear, random logos, misspelled text, poor fit, extra limbs, bad hands, child, teen, underage, watermark, low detail, blur",Male/British Heritage,1,False
0111 | Male/Polished Culture/British Heritage - Evening Look / Close Buzz Cut - Day Finish,"adult man, tweed or waxed outerwear, textured knit, sturdy trousers and refined country boots, a polished suit or dinner jacket, precise shirt styling and minimal formal accessories, precise close buzz cut with clean hairline, black, white and cobalt palette, soft matte daytime finish, practical restrained accessories, authentic fabric texture, precise seams and fasteners, natural drape, believable accessories, polished editorial styling","wrong hairstyle, inconsistent hair length, merged hair strands, duplicate accessories, incorrect garment layering, warped clothing, broken seams, broken fasteners, malformed footwear, random logos, misspelled text, poor fit, extra limbs, bad hands, child, teen, underage, watermark, low detail, blur",Male/British Heritage,1,False
0112 | Male/Polished Culture/British Heritage - Evening Look / Close Buzz Cut - Evening Finish,"adult man, tweed or waxed outerwear, textured knit, sturdy trousers and refined country boots, a polished suit or dinner jacket, precise shirt styling and minimal formal accessories, precise close buzz cut with clean hairline, black, white and cobalt palette, richer contrast, polished evening finish and refined statement accessories, authentic fabric texture, precise seams and fasteners, natural drape, believable accessories, polished editorial styling","wrong hairstyle, inconsistent hair length, merged hair strands, duplicate accessories, incorrect garment layering, warped clothing, broken seams, broken fasteners, malformed footwear, random logos, misspelled text, poor fit, extra limbs, bad hands, child, teen, underage, watermark, low detail, blur",Male/British Heritage,1,False
0113 | Male/Polished Culture/British Heritage - Evening Look / Modern Quiff - Day Finish,"adult man, tweed or waxed outerwear, textured knit, sturdy trousers and refined country boots, a polished suit or dinner jacket, precise shirt styling and minimal formal accessories, modern quiff with controlled volume, burgundy, charcoal and black palette, soft matte daytime finish, practical restrained accessories, authentic fabric texture, precise seams and fasteners, natural drape, believable accessories, polished editorial styling","wrong hairstyle, inconsistent hair length, merged hair strands, duplicate accessories, incorrect garment layering, warped clothing, broken seams, broken fasteners, malformed footwear, random logos, misspelled text, poor fit, extra limbs, bad hands, child, teen, underage, watermark, low detail, blur",Male/British Heritage,1,False
0114 | Male/Polished Culture/British Heritage - Evening Look / Modern Quiff - Evening Finish,"adult man, tweed or waxed outerwear, textured knit, sturdy trousers and refined country boots, a polished suit or dinner jacket, precise shirt styling and minimal formal accessories, modern quiff with controlled volume, burgundy, charcoal and black palette, richer contrast, polished evening finish and refined statement accessories, authentic fabric texture, precise seams and fasteners, natural drape, believable accessories, polished editorial styling","wrong hairstyle, inconsistent hair length, merged hair strands, duplicate accessories, incorrect garment layering, warped clothing, broken seams, broken fasteners, malformed footwear, random logos, misspelled text, poor fit, extra limbs, bad hands, child, teen, underage, watermark, low detail, blur",Male/British Heritage,1,False
0115 | Male/Polished Culture/British Heritage - Evening Look / Shoulder Length Waves - Day Finish,"adult man, tweed or waxed outerwear, textured knit, sturdy trousers and refined country boots, a polished suit or dinner jacket, precise shirt styling and minimal formal accessories, shoulder-length waves with natural separation, forest, tan and dark denim palette, soft matte daytime finish, practical restrained accessories, authentic fabric texture, precise seams and fasteners, natural drape, believable accessories, polished editorial styling","wrong hairstyle, inconsistent hair length, merged hair strands, duplicate accessories, incorrect garment layering, warped clothing, broken seams, broken fasteners, malformed footwear, random logos, misspelled text, poor fit, extra limbs, bad hands, child, teen, underage, watermark, low detail, blur",Male/British Heritage,1,False
0116 | Male/Polished Culture/British Heritage - Evening Look / Shoulder Length Waves - Evening Finish,"adult man, tweed or waxed outerwear, textured knit, sturdy trousers and refined country boots, a polished suit or dinner jacket, precise shirt styling and minimal formal accessories, shoulder-length waves with natural separation, forest, tan and dark denim palette, richer contrast, polished evening finish and refined statement accessories, authentic fabric texture, precise seams and fasteners, natural drape, believable accessories, polished editorial styling","wrong hairstyle, inconsistent hair length, merged hair strands, duplicate accessories, incorrect garment layering, warped clothing, broken seams, broken fasteners, malformed footwear, random logos, misspelled text, poor fit, extra limbs, bad hands, child, teen, underage, watermark, low detail, blur",Male/British Heritage,1,False
0117 | Male/Polished Culture/British Heritage - Evening Look / Braided Style - Day Finish,"adult man, tweed or waxed outerwear, textured knit, sturdy trousers and refined country boots, a polished suit or dinner jacket, precise shirt styling and minimal formal accessories, precise braided style with clean scalp detail, earth tones, black and bronze palette, soft matte daytime finish, practical restrained accessories, authentic fabric texture, precise seams and fasteners, natural drape, believable accessories, polished editorial styling","wrong hairstyle, inconsistent hair length, merged hair strands, duplicate accessories, incorrect garment layering, warped clothing, broken seams, broken fasteners, malformed footwear, random logos, misspelled text, poor fit, extra limbs, bad hands, child, teen, underage, watermark, low detail, blur",Male/British Heritage,1,False
0118 | Male/Polished Culture/British Heritage - Evening Look / Braided Style - Evening Finish,"adult man, tweed or waxed outerwear, textured knit, sturdy trousers and refined country boots, a polished suit or dinner jacket, precise shirt styling and minimal formal accessories, precise braided style with clean scalp detail, earth tones, black and bronze palette, richer contrast, polished evening finish and refined statement accessories, authentic fabric texture, precise seams and fasteners, natural drape, believable accessories, polished editorial styling","wrong hairstyle, inconsistent hair length, merged hair strands, duplicate accessories, incorrect garment layering, warped clothing, broken seams, broken fasteners, malformed footwear, random logos, misspelled text, poor fit, extra limbs, bad hands, child, teen, underage, watermark, low detail, blur",Male/British Heritage,1,False
0119 | Male/Polished Culture/British Heritage - Evening Look / Silvered Taper - Day Finish,"adult man, tweed or waxed outerwear, textured knit, sturdy trousers and refined country boots, a polished suit or dinner jacket, precise shirt styling and minimal formal accessories, mature silvered taper with refined texture, navy, grey and oxblood palette, soft matte daytime finish, practical restrained accessories, authentic fabric texture, precise seams and fasteners, natural drape, believable accessories, polished editorial styling","wrong hairstyle, inconsistent hair length, merged hair strands, duplicate accessories, incorrect garment layering, warped clothing, broken seams, broken fasteners, malformed footwear, random logos, misspelled text, poor fit, extra limbs, bad hands, child, teen, underage, watermark, low detail, blur",Male/British Heritage,1,False
0120 | Male/Polished Culture/British Heritage - Evening Look / Silvered Taper - Evening Finish,"adult man, tweed or waxed outerwear, textured knit, sturdy trousers and refined country boots, a polished suit or dinner jacket, precise shirt styling and minimal formal accessories, mature silvered taper with refined texture, navy, grey and oxblood palette, richer contrast, polished evening finish and refined statement accessories, authentic fabric texture, precise seams and fasteners, natural drape, believable accessories, polished editorial styling","wrong hairstyle, inconsistent hair length, merged hair strands, duplicate accessories, incorrect garment layering, warped clothing, broken seams, broken fasteners, malformed footwear, random logos, misspelled text, poor fit, extra limbs, bad hands, child, teen, underage, watermark, low detail, blur",Male/British Heritage,1,False
0121 | Male/Polished Culture/New York Professional - Outerwear Look / Classic Taper - Day Finish,"adult man, structured wool jacket, clean shirt, modern trousers and understated leather accessories, a structured jacket or coat over layered knitwear, tailored trousers and coordinated footwear, clean classic taper with natural texture, navy, charcoal and white palette, soft matte daytime finish, practical restrained accessories, authentic fabric texture, precise seams and fasteners, natural drape, believable accessories, polished editorial styling","wrong hairstyle, inconsistent hair length, merged hair strands, duplicate accessories, incorrect garment layering, warped clothing, broken seams, broken fasteners, malformed footwear, random logos, misspelled text, poor fit, extra limbs, bad hands, child, teen, underage, watermark, low detail, blur",Male/New York Professional,1,False
0122 | Male/Polished Culture/New York Professional - Outerwear Look / Classic Taper - Evening Finish,"adult man, structured wool jacket, clean shirt, modern trousers and understated leather accessories, a structured jacket or coat over layered knitwear, tailored trousers and coordinated footwear, clean classic taper with natural texture, navy, charcoal and white palette, richer contrast, polished evening finish and refined statement accessories, authentic fabric texture, precise seams and fasteners, natural drape, believable accessories, polished editorial styling","wrong hairstyle, inconsistent hair length, merged hair strands, duplicate accessories, incorrect garment layering, warped clothing, broken seams, broken fasteners, malformed footwear, random logos, misspelled text, poor fit, extra limbs, bad hands, child, teen, underage, watermark, low detail, blur",Male/New York Professional,1,False
0123 | Male/Polished Culture/New York Professional - Outerwear Look / Textured Crop - Day Finish,"adult man, structured wool jacket, clean shirt, modern trousers and understated leather accessories, a structured jacket or coat over layered knitwear, tailored trousers and coordinated footwear, textured crop with controlled matte finish, olive, stone and black palette, soft matte daytime finish, practical restrained accessories, authentic fabric texture, precise seams and fasteners, natural drape, believable accessories, polished editorial styling","wrong hairstyle, inconsistent hair length, merged hair strands, duplicate accessories, incorrect garment layering, warped clothing, broken seams, broken fasteners, malformed footwear, random logos, misspelled text, poor fit, extra limbs, bad hands, child, teen, underage, watermark, low detail, blur",Male/New York Professional,1,False
0124 | Male/Polished Culture/New York Professional - Outerwear Look / Textured Crop - Evening Finish,"adult man, structured wool jacket, clean shirt, modern trousers and understated leather accessories, a structured jacket or coat over layered knitwear, tailored trousers and coordinated footwear, textured crop with controlled matte finish, olive, stone and black palette, richer contrast, polished evening finish and refined statement accessories, authentic fabric texture, precise seams and fasteners, natural drape, believable accessories, polished editorial styling","wrong hairstyle, inconsistent hair length, merged hair strands, duplicate accessories, incorrect garment layering, warped clothing, broken seams, broken fasteners, malformed footwear, random logos, misspelled text, poor fit, extra limbs, bad hands, child, teen, underage, watermark, low detail, blur",Male/New York Professional,1,False
0125 | Male/Polished Culture/New York Professional - Outerwear Look / Side Part - Day Finish,"adult man, structured wool jacket, clean shirt, modern trousers and understated leather accessories, a structured jacket or coat over layered knitwear, tailored trousers and coordinated footwear, refined side part with soft natural hold, camel, cream and dark brown palette, soft matte daytime finish, practical restrained accessories, authentic fabric texture, precise seams and fasteners, natural drape, believable accessories, polished editorial styling","wrong hairstyle, inconsistent hair length, merged hair strands, duplicate accessories, incorrect garment layering, warped clothing, broken seams, broken fasteners, malformed footwear, random logos, misspelled text, poor fit, extra limbs, bad hands, child, teen, underage, watermark, low detail, blur",Male/New York Professional,1,False
0126 | Male/Polished Culture/New York Professional - Outerwear Look / Side Part - Evening Finish,"adult man, structured wool jacket, clean shirt, modern trousers and understated leather accessories, a structured jacket or coat over layered knitwear, tailored trousers and coordinated footwear, refined side part with soft natural hold, camel, cream and dark brown palette, richer contrast, polished evening finish and refined statement accessories, authentic fabric texture, precise seams and fasteners, natural drape, believable accessories, polished editorial styling","wrong hairstyle, inconsistent hair length, merged hair strands, duplicate accessories, incorrect garment layering, warped clothing, broken seams, broken fasteners, malformed footwear, random logos, misspelled text, poor fit, extra limbs, bad hands, child, teen, underage, watermark, low detail, blur",Male/New York Professional,1,False
0127 | Male/Polished Culture/New York Professional - Outerwear Look / Medium Swept Back - Day Finish,"adult man, structured wool jacket, clean shirt, modern trousers and understated leather accessories, a structured jacket or coat over layered knitwear, tailored trousers and coordinated footwear, medium-length hair swept back with realistic movement, black, grey and silver palette, soft matte daytime finish, practical restrained accessories, authentic fabric texture, precise seams and fasteners, natural drape, believable accessories, polished editorial styling","wrong hairstyle, inconsistent hair length, merged hair strands, duplicate accessories, incorrect garment layering, warped clothing, broken seams, broken fasteners, malformed footwear, random logos, misspelled text, poor fit, extra limbs, bad hands, child, teen, underage, watermark, low detail, blur",Male/New York Professional,1,False
0128 | Male/Polished Culture/New York Professional - Outerwear Look / Medium Swept Back - Evening Finish,"adult man, structured wool jacket, clean shirt, modern trousers and understated leather accessories, a structured jacket or coat over layered knitwear, tailored trousers and coordinated footwear, medium-length hair swept back with realistic movement, black, grey and silver palette, richer contrast, polished evening finish and refined statement accessories, authentic fabric texture, precise seams and fasteners, natural drape, believable accessories, polished editorial styling","wrong hairstyle, inconsistent hair length, merged hair strands, duplicate accessories, incorrect garment layering, warped clothing, broken seams, broken fasteners, malformed footwear, random logos, misspelled text, poor fit, extra limbs, bad hands, child, teen, underage, watermark, low detail, blur",Male/New York Professional,1,False
0129 | Male/Polished Culture/New York Professional - Outerwear Look / Natural Curls - Day Finish,"adult man, structured wool jacket, clean shirt, modern trousers and understated leather accessories, a structured jacket or coat over layered knitwear, tailored trousers and coordinated footwear, defined natural curls with balanced shape, rust, navy and cream palette, soft matte daytime finish, practical restrained accessories, authentic fabric texture, precise seams and fasteners, natural drape, believable accessories, polished editorial styling","wrong hairstyle, inconsistent hair length, merged hair strands, duplicate accessories, incorrect garment layering, warped clothing, broken seams, broken fasteners, malformed footwear, random logos, misspelled text, poor fit, extra limbs, bad hands, child, teen, underage, watermark, low detail, blur",Male/New York Professional,1,False
0130 | Male/Polished Culture/New York Professional - Outerwear Look / Natural Curls - Evening Finish,"adult man, structured wool jacket, clean shirt, modern trousers and understated leather accessories, a structured jacket or coat over layered knitwear, tailored trousers and coordinated footwear, defined natural curls with balanced shape, rust, navy and cream palette, richer contrast, polished evening finish and refined statement accessories, authentic fabric texture, precise seams and fasteners, natural drape, believable accessories, polished editorial styling","wrong hairstyle, inconsistent hair length, merged hair strands, duplicate accessories, incorrect garment layering, warped clothing, broken seams, broken fasteners, malformed footwear, random logos, misspelled text, poor fit, extra limbs, bad hands, child, teen, underage, watermark, low detail, blur",Male/New York Professional,1,False
0131 | Male/Polished Culture/New York Professional - Outerwear Look / Close Buzz Cut - Day Finish,"adult man, structured wool jacket, clean shirt, modern trousers and understated leather accessories, a structured jacket or coat over layered knitwear, tailored trousers and coordinated footwear, precise close buzz cut with clean hairline, black, white and cobalt palette, soft matte daytime finish, practical restrained accessories, authentic fabric texture, precise seams and fasteners, natural drape, believable accessories, polished editorial styling","wrong hairstyle, inconsistent hair length, merged hair strands, duplicate accessories, incorrect garment layering, warped clothing, broken seams, broken fasteners, malformed footwear, random logos, misspelled text, poor fit, extra limbs, bad hands, child, teen, underage, watermark, low detail, blur",Male/New York Professional,1,False
0132 | Male/Polished Culture/New York Professional - Outerwear Look / Close Buzz Cut - Evening Finish,"adult man, structured wool jacket, clean shirt, modern trousers and understated leather accessories, a structured jacket or coat over layered knitwear, tailored trousers and coordinated footwear, precise close buzz cut with clean hairline, black, white and cobalt palette, richer contrast, polished evening finish and refined statement accessories, authentic fabric texture, precise seams and fasteners, natural drape, believable accessories, polished editorial styling","wrong hairstyle, inconsistent hair length, merged hair strands, duplicate accessories, incorrect garment layering, warped clothing, broken seams, broken fasteners, malformed footwear, random logos, misspelled text, poor fit, extra limbs, bad hands, child, teen, underage, watermark, low detail, blur",Male/New York Professional,1,False
0133 | Male/Polished Culture/New York Professional - Outerwear Look / Modern Quiff - Day Finish,"adult man, structured wool jacket, clean shirt, modern trousers and understated leather accessories, a structured jacket or coat over layered knitwear, tailored trousers and coordinated footwear, modern quiff with controlled volume, burgundy, charcoal and black palette, soft matte daytime finish, practical restrained accessories, authentic fabric texture, precise seams and fasteners, natural drape, believable accessories, polished editorial styling","wrong hairstyle, inconsistent hair length, merged hair strands, duplicate accessories, incorrect garment layering, warped clothing, broken seams, broken fasteners, malformed footwear, random logos, misspelled text, poor fit, extra limbs, bad hands, child, teen, underage, watermark, low detail, blur",Male/New York Professional,1,False
0134 | Male/Polished Culture/New York Professional - Outerwear Look / Modern Quiff - Evening Finish,"adult man, structured wool jacket, clean shirt, modern trousers and understated leather accessories, a structured jacket or coat over layered knitwear, tailored trousers and coordinated footwear, modern quiff with controlled volume, burgundy, charcoal and black palette, richer contrast, polished evening finish and refined statement accessories, authentic fabric texture, precise seams and fasteners, natural drape, believable accessories, polished editorial styling","wrong hairstyle, inconsistent hair length, merged hair strands, duplicate accessories, incorrect garment layering, warped clothing, broken seams, broken fasteners, malformed footwear, random logos, misspelled text, poor fit, extra limbs, bad hands, child, teen, underage, watermark, low detail, blur",Male/New York Professional,1,False
0135 | Male/Polished Culture/New York Professional - Outerwear Look / Shoulder Length Waves - Day Finish,"adult man, structured wool jacket, clean shirt, modern trousers and understated leather accessories, a structured jacket or coat over layered knitwear, tailored trousers and coordinated footwear, shoulder-length waves with natural separation, forest, tan and dark denim palette, soft matte daytime finish, practical restrained accessories, authentic fabric texture, precise seams and fasteners, natural drape, believable accessories, polished editorial styling","wrong hairstyle, inconsistent hair length, merged hair strands, duplicate accessories, incorrect garment layering, warped clothing, broken seams, broken fasteners, malformed footwear, random logos, misspelled text, poor fit, extra limbs, bad hands, child, teen, underage, watermark, low detail, blur",Male/New York Professional,1,False
0136 | Male/Polished Culture/New York Professional - Outerwear Look / Shoulder Length Waves - Evening Finish,"adult man, structured wool jacket, clean shirt, modern trousers and understated leather accessories, a structured jacket or coat over layered knitwear, tailored trousers and coordinated footwear, shoulder-length waves with natural separation, forest, tan and dark denim palette, richer contrast, polished evening finish and refined statement accessories, authentic fabric texture, precise seams and fasteners, natural drape, believable accessories, polished editorial styling","wrong hairstyle, inconsistent hair length, merged hair strands, duplicate accessories, incorrect garment layering, warped clothing, broken seams, broken fasteners, malformed footwear, random logos, misspelled text, poor fit, extra limbs, bad hands, child, teen, underage, watermark, low detail, blur",Male/New York Professional,1,False
0137 | Male/Polished Culture/New York Professional - Outerwear Look / Braided Style - Day Finish,"adult man, structured wool jacket, clean shirt, modern trousers and understated leather accessories, a structured jacket or coat over layered knitwear, tailored trousers and coordinated footwear, precise braided style with clean scalp detail, earth tones, black and bronze palette, soft matte daytime finish, practical restrained accessories, authentic fabric texture, precise seams and fasteners, natural drape, believable accessories, polished editorial styling","wrong hairstyle, inconsistent hair length, merged hair strands, duplicate accessories, incorrect garment layering, warped clothing, broken seams, broken fasteners, malformed footwear, random logos, misspelled text, poor fit, extra limbs, bad hands, child, teen, underage, watermark, low detail, blur",Male/New York Professional,1,False
0138 | Male/Polished Culture/New York Professional - Outerwear Look / Braided Style - Evening Finish,"adult man, structured wool jacket, clean shirt, modern trousers and understated leather accessories, a structured jacket or coat over layered knitwear, tailored trousers and coordinated footwear, precise braided style with clean scalp detail, earth tones, black and bronze palette, richer contrast, polished evening finish and refined statement accessories, authentic fabric texture, precise seams and fasteners, natural drape, believable accessories, polished editorial styling","wrong hairstyle, inconsistent hair length, merged hair strands, duplicate accessories, incorrect garment layering, warped clothing, broken seams, broken fasteners, malformed footwear, random logos, misspelled text, poor fit, extra limbs, bad hands, child, teen, underage, watermark, low detail, blur",Male/New York Professional,1,False
0139 | Male/Polished Culture/New York Professional - Outerwear Look / Silvered Taper - Day Finish,"adult man, structured wool jacket, clean shirt, modern trousers and understated leather accessories, a structured jacket or coat over layered knitwear, tailored trousers and coordinated footwear, mature silvered taper with refined texture, navy, grey and oxblood palette, soft matte daytime finish, practical restrained accessories, authentic fabric texture, precise seams and fasteners, natural drape, believable accessories, polished editorial styling","wrong hairstyle, inconsistent hair length, merged hair strands, duplicate accessories, incorrect garment layering, warped clothing, broken seams, broken fasteners, malformed footwear, random logos, misspelled text, poor fit, extra limbs, bad hands, child, teen, underage, watermark, low detail, blur",Male/New York Professional,1,False
0140 | Male/Polished Culture/New York Professional - Outerwear Look / Silvered Taper - Evening Finish,"adult man, structured wool jacket, clean shirt, modern trousers and understated leather accessories, a structured jacket or coat over layered knitwear, tailored trousers and coordinated footwear, mature silvered taper with refined texture, navy, grey and oxblood palette, richer contrast, polished evening finish and refined statement accessories, authentic fabric texture, precise seams and fasteners, natural drape, believable accessories, polished editorial styling","wrong hairstyle, inconsistent hair length, merged hair strands, duplicate accessories, incorrect garment layering, warped clothing, broken seams, broken fasteners, malformed footwear, random logos, misspelled text, poor fit, extra limbs, bad hands, child, teen, underage, watermark, low detail, blur",Male/New York Professional,1,False
0141 | Male/Polished Culture/New York Professional - Smart Casual / Classic Taper - Day Finish,"adult man, structured wool jacket, clean shirt, modern trousers and understated leather accessories, a refined shirt or polo, lightweight jacket, clean trousers and understated accessories, clean classic taper with natural texture, navy, charcoal and white palette, soft matte daytime finish, practical restrained accessories, authentic fabric texture, precise seams and fasteners, natural drape, believable accessories, polished editorial styling","wrong hairstyle, inconsistent hair length, merged hair strands, duplicate accessories, incorrect garment layering, warped clothing, broken seams, broken fasteners, malformed footwear, random logos, misspelled text, poor fit, extra limbs, bad hands, child, teen, underage, watermark, low detail, blur",Male/New York Professional,1,False
0142 | Male/Polished Culture/New York Professional - Smart Casual / Classic Taper - Evening Finish,"adult man, structured wool jacket, clean shirt, modern trousers and understated leather accessories, a refined shirt or polo, lightweight jacket, clean trousers and understated accessories, clean classic taper with natural texture, navy, charcoal and white palette, richer contrast, polished evening finish and refined statement accessories, authentic fabric texture, precise seams and fasteners, natural drape, believable accessories, polished editorial styling","wrong hairstyle, inconsistent hair length, merged hair strands, duplicate accessories, incorrect garment layering, warped clothing, broken seams, broken fasteners, malformed footwear, random logos, misspelled text, poor fit, extra limbs, bad hands, child, teen, underage, watermark, low detail, blur",Male/New York Professional,1,False
0143 | Male/Polished Culture/New York Professional - Smart Casual / Textured Crop - Day Finish,"adult man, structured wool jacket, clean shirt, modern trousers and understated leather accessories, a refined shirt or polo, lightweight jacket, clean trousers and understated accessories, textured crop with controlled matte finish, olive, stone and black palette, soft matte daytime finish, practical restrained accessories, authentic fabric texture, precise seams and fasteners, natural drape, believable accessories, polished editorial styling","wrong hairstyle, inconsistent hair length, merged hair strands, duplicate accessories, incorrect garment layering, warped clothing, broken seams, broken fasteners, malformed footwear, random logos, misspelled text, poor fit, extra limbs, bad hands, child, teen, underage, watermark, low detail, blur",Male/New York Professional,1,False
0144 | Male/Polished Culture/New York Professional - Smart Casual / Textured Crop - Evening Finish,"adult man, structured wool jacket, clean shirt, modern trousers and understated leather accessories, a refined shirt or polo, lightweight jacket, clean trousers and understated accessories, textured crop with controlled matte finish, olive, stone and black palette, richer contrast, polished evening finish and refined statement accessories, authentic fabric texture, precise seams and fasteners, natural drape, believable accessories, polished editorial styling","wrong hairstyle, inconsistent hair length, merged hair strands, duplicate accessories, incorrect garment layering, warped clothing, broken seams, broken fasteners, malformed footwear, random logos, misspelled text, poor fit, extra limbs, bad hands, child, teen, underage, watermark, low detail, blur",Male/New York Professional,1,False
0145 | Male/Polished Culture/New York Professional - Smart Casual / Side Part - Day Finish,"adult man, structured wool jacket, clean shirt, modern trousers and understated leather accessories, a refined shirt or polo, lightweight jacket, clean trousers and understated accessories, refined side part with soft natural hold, camel, cream and dark brown palette, soft matte daytime finish, practical restrained accessories, authentic fabric texture, precise seams and fasteners, natural drape, believable accessories, polished editorial styling","wrong hairstyle, inconsistent hair length, merged hair strands, duplicate accessories, incorrect garment layering, warped clothing, broken seams, broken fasteners, malformed footwear, random logos, misspelled text, poor fit, extra limbs, bad hands, child, teen, underage, watermark, low detail, blur",Male/New York Professional,1,False
0146 | Male/Polished Culture/New York Professional - Smart Casual / Side Part - Evening Finish,"adult man, structured wool jacket, clean shirt, modern trousers and understated leather accessories, a refined shirt or polo, lightweight jacket, clean trousers and understated accessories, refined side part with soft natural hold, camel, cream and dark brown palette, richer contrast, polished evening finish and refined statement accessories, authentic fabric texture, precise seams and fasteners, natural drape, believable accessories, polished editorial styling","wrong hairstyle, inconsistent hair length, merged hair strands, duplicate accessories, incorrect garment layering, warped clothing, broken seams, broken fasteners, malformed footwear, random logos, misspelled text, poor fit, extra limbs, bad hands, child, teen, underage, watermark, low detail, blur",Male/New York Professional,1,False
0147 | Male/Polished Culture/New York Professional - Smart Casual / Medium Swept Back - Day Finish,"adult man, structured wool jacket, clean shirt, modern trousers and understated leather accessories, a refined shirt or polo, lightweight jacket, clean trousers and understated accessories, medium-length hair swept back with realistic movement, black, grey and silver palette, soft matte daytime finish, practical restrained accessories, authentic fabric texture, precise seams and fasteners, natural drape, believable accessories, polished editorial styling","wrong hairstyle, inconsistent hair length, merged hair strands, duplicate accessories, incorrect garment layering, warped clothing, broken seams, broken fasteners, malformed footwear, random logos, misspelled text, poor fit, extra limbs, bad hands, child, teen, underage, watermark, low detail, blur",Male/New York Professional,1,False
0148 | Male/Polished Culture/New York Professional - Smart Casual / Medium Swept Back - Evening Finish,"adult man, structured wool jacket, clean shirt, modern trousers and understated leather accessories, a refined shirt or polo, lightweight jacket, clean trousers and understated accessories, medium-length hair swept back with realistic movement, black, grey and silver palette, richer contrast, polished evening finish and refined statement accessories, authentic fabric texture, precise seams and fasteners, natural drape, believable accessories, polished editorial styling","wrong hairstyle, inconsistent hair length, merged hair strands, duplicate accessories, incorrect garment layering, warped clothing, broken seams, broken fasteners, malformed footwear, random logos, misspelled text, poor fit, extra limbs, bad hands, child, teen, underage, watermark, low detail, blur",Male/New York Professional,1,False
0149 | Male/Polished Culture/New York Professional - Smart Casual / Natural Curls - Day Finish,"adult man, structured wool jacket, clean shirt, modern trousers and understated leather accessories, a refined shirt or polo, lightweight jacket, clean trousers and understated accessories, defined natural curls with balanced shape, rust, navy and cream palette, soft matte daytime finish, practical restrained accessories, authentic fabric texture, precise seams and fasteners, natural drape, believable accessories, polished editorial styling","wrong hairstyle, inconsistent hair length, merged hair strands, duplicate accessories, incorrect garment layering, warped clothing, broken seams, broken fasteners, malformed footwear, random logos, misspelled text, poor fit, extra limbs, bad hands, child, teen, underage, watermark, low detail, blur",Male/New York Professional,1,False
0150 | Male/Polished Culture/New York Professional - Smart Casual / Natural Curls - Evening Finish,"adult man, structured wool jacket, clean shirt, modern trousers and understated leather accessories, a refined shirt or polo, lightweight jacket, clean trousers and understated accessories, defined natural curls with balanced shape, rust, navy and cream palette, richer contrast, polished evening finish and refined statement accessories, authentic fabric texture, precise seams and fasteners, natural drape, believable accessories, polished editorial styling","wrong hairstyle, inconsistent hair length, merged hair strands, duplicate accessories, incorrect garment layering, warped clothing, broken seams, broken fasteners, malformed footwear, random logos, misspelled text, poor fit, extra limbs, bad hands, child, teen, underage, watermark, low detail, blur",Male/New York Professional,1,False
0151 | Male/Polished Culture/New York Professional - Smart Casual / Close Buzz Cut - Day Finish,"adult man, structured wool jacket, clean shirt, modern trousers and understated leather accessories, a refined shirt or polo, lightweight jacket, clean trousers and understated accessories, precise close buzz cut with clean hairline, black, white and cobalt palette, soft matte daytime finish, practical restrained accessories, authentic fabric texture, precise seams and fasteners, natural drape, believable accessories, polished editorial styling","wrong hairstyle, inconsistent hair length, merged hair strands, duplicate accessories, incorrect garment layering, warped clothing, broken seams, broken fasteners, malformed footwear, random logos, misspelled text, poor fit, extra limbs, bad hands, child, teen, underage, watermark, low detail, blur",Male/New York Professional,1,False
0152 | Male/Polished Culture/New York Professional - Smart Casual / Close Buzz Cut - Evening Finish,"adult man, structured wool jacket, clean shirt, modern trousers and understated leather accessories, a refined shirt or polo, lightweight jacket, clean trousers and understated accessories, precise close buzz cut with clean hairline, black, white and cobalt palette, richer contrast, polished evening finish and refined statement accessories, authentic fabric texture, precise seams and fasteners, natural drape, believable accessories, polished editorial styling","wrong hairstyle, inconsistent hair length, merged hair strands, duplicate accessories, incorrect garment layering, warped clothing, broken seams, broken fasteners, malformed footwear, random logos, misspelled text, poor fit, extra limbs, bad hands, child, teen, underage, watermark, low detail, blur",Male/New York Professional,1,False
0153 | Male/Polished Culture/New York Professional - Smart Casual / Modern Quiff - Day Finish,"adult man, structured wool jacket, clean shirt, modern trousers and understated leather accessories, a refined shirt or polo, lightweight jacket, clean trousers and understated accessories, modern quiff with controlled volume, burgundy, charcoal and black palette, soft matte daytime finish, practical restrained accessories, authentic fabric texture, precise seams and fasteners, natural drape, believable accessories, polished editorial styling","wrong hairstyle, inconsistent hair length, merged hair strands, duplicate accessories, incorrect garment layering, warped clothing, broken seams, broken fasteners, malformed footwear, random logos, misspelled text, poor fit, extra limbs, bad hands, child, teen, underage, watermark, low detail, blur",Male/New York Professional,1,False
0154 | Male/Polished Culture/New York Professional - Smart Casual / Modern Quiff - Evening Finish,"adult man, structured wool jacket, clean shirt, modern trousers and understated leather accessories, a refined shirt or polo, lightweight jacket, clean trousers and understated accessories, modern quiff with controlled volume, burgundy, charcoal and black palette, richer contrast, polished evening finish and refined statement accessories, authentic fabric texture, precise seams and fasteners, natural drape, believable accessories, polished editorial styling","wrong hairstyle, inconsistent hair length, merged hair strands, duplicate accessories, incorrect garment layering, warped clothing, broken seams, broken fasteners, malformed footwear, random logos, misspelled text, poor fit, extra limbs, bad hands, child, teen, underage, watermark, low detail, blur",Male/New York Professional,1,False
0155 | Male/Polished Culture/New York Professional - Smart Casual / Shoulder Length Waves - Day Finish,"adult man, structured wool jacket, clean shirt, modern trousers and understated leather accessories, a refined shirt or polo, lightweight jacket, clean trousers and understated accessories, shoulder-length waves with natural separation, forest, tan and dark denim palette, soft matte daytime finish, practical restrained accessories, authentic fabric texture, precise seams and fasteners, natural drape, believable accessories, polished editorial styling","wrong hairstyle, inconsistent hair length, merged hair strands, duplicate accessories, incorrect garment layering, warped clothing, broken seams, broken fasteners, malformed footwear, random logos, misspelled text, poor fit, extra limbs, bad hands, child, teen, underage, watermark, low detail, blur",Male/New York Professional,1,False
0156 | Male/Polished Culture/New York Professional - Smart Casual / Shoulder Length Waves - Evening Finish,"adult man, structured wool jacket, clean shirt, modern trousers and understated leather accessories, a refined shirt or polo, lightweight jacket, clean trousers and understated accessories, shoulder-length waves with natural separation, forest, tan and dark denim palette, richer contrast, polished evening finish and refined statement accessories, authentic fabric texture, precise seams and fasteners, natural drape, believable accessories, polished editorial styling","wrong hairstyle, inconsistent hair length, merged hair strands, duplicate accessories, incorrect garment layering, warped clothing, broken seams, broken fasteners, malformed footwear, random logos, misspelled text, poor fit, extra limbs, bad hands, child, teen, underage, watermark, low detail, blur",Male/New York Professional,1,False
0157 | Male/Polished Culture/New York Professional - Smart Casual / Braided Style - Day Finish,"adult man, structured wool jacket, clean shirt, modern trousers and understated leather accessories, a refined shirt or polo, lightweight jacket, clean trousers and understated accessories, precise braided style with clean scalp detail, earth tones, black and bronze palette, soft matte daytime finish, practical restrained accessories, authentic fabric texture, precise seams and fasteners, natural drape, believable accessories, polished editorial styling","wrong hairstyle, inconsistent hair length, merged hair strands, duplicate accessories, incorrect garment layering, warped clothing, broken seams, broken fasteners, malformed footwear, random logos, misspelled text, poor fit, extra limbs, bad hands, child, teen, underage, watermark, low detail, blur",Male/New York Professional,1,False
0158 | Male/Polished Culture/New York Professional - Smart Casual / Braided Style - Evening Finish,"adult man, structured wool jacket, clean shirt, modern trousers and understated leather accessories, a refined shirt or polo, lightweight jacket, clean trousers and understated accessories, precise braided style with clean scalp detail, earth tones, black and bronze palette, richer contrast, polished evening finish and refined statement accessories, authentic fabric texture, precise seams and fasteners, natural drape, believable accessories, polished editorial styling","wrong hairstyle, inconsistent hair length, merged hair strands, duplicate accessories, incorrect garment layering, warped clothing, broken seams, broken fasteners, malformed footwear, random logos, misspelled text, poor fit, extra limbs, bad hands, child, teen, underage, watermark, low detail, blur",Male/New York Professional,1,False
0159 | Male/Polished Culture/New York Professional - Smart Casual / Silvered Taper - Day Finish,"adult man, structured wool jacket, clean shirt, modern trousers and understated leather accessories, a refined shirt or polo, lightweight jacket, clean trousers and understated accessories, mature silvered taper with refined texture, navy, grey and oxblood palette, soft matte daytime finish, practical restrained accessories, authentic fabric texture, precise seams and fasteners, natural drape, believable accessories, polished editorial styling","wrong hairstyle, inconsistent hair length, merged hair strands, duplicate accessories, incorrect garment layering, warped clothing, broken seams, broken fasteners, malformed footwear, random logos, misspelled text, poor fit, extra limbs, bad hands, child, teen, underage, watermark, low detail, blur",Male/New York Professional,1,False
0160 | Male/Polished Culture/New York Professional - Smart Casual / Silvered Taper - Evening Finish,"adult man, structured wool jacket, clean shirt, modern trousers and understated leather accessories, a refined shirt or polo, lightweight jacket, clean trousers and understated accessories, mature silvered taper with refined texture, navy, grey and oxblood palette, richer contrast, polished evening finish and refined statement accessories, authentic fabric texture, precise seams and fasteners, natural drape, believable accessories, polished editorial styling","wrong hairstyle, inconsistent hair length, merged hair strands, duplicate accessories, incorrect garment layering, warped clothing, broken seams, broken fasteners, malformed footwear, random logos, misspelled text, poor fit, extra limbs, bad hands, child, teen, underage, watermark, low detail, blur",Male/New York Professional,1,False
0161 | Male/Polished Culture/New York Professional - Evening Look / Classic Taper - Day Finish,"adult man, structured wool jacket, clean shirt, modern trousers and understated leather accessories, a polished suit or dinner jacket, precise shirt styling and minimal formal accessories, clean classic taper with natural texture, navy, charcoal and white palette, soft matte daytime finish, practical restrained accessories, authentic fabric texture, precise seams and fasteners, natural drape, believable accessories, polished editorial styling","wrong hairstyle, inconsistent hair length, merged hair strands, duplicate accessories, incorrect garment layering, warped clothing, broken seams, broken fasteners, malformed footwear, random logos, misspelled text, poor fit, extra limbs, bad hands, child, teen, underage, watermark, low detail, blur",Male/New York Professional,1,False
0162 | Male/Polished Culture/New York Professional - Evening Look / Classic Taper - Evening Finish,"adult man, structured wool jacket, clean shirt, modern trousers and understated leather accessories, a polished suit or dinner jacket, precise shirt styling and minimal formal accessories, clean classic taper with natural texture, navy, charcoal and white palette, richer contrast, polished evening finish and refined statement accessories, authentic fabric texture, precise seams and fasteners, natural drape, believable accessories, polished editorial styling","wrong hairstyle, inconsistent hair length, merged hair strands, duplicate accessories, incorrect garment layering, warped clothing, broken seams, broken fasteners, malformed footwear, random logos, misspelled text, poor fit, extra limbs, bad hands, child, teen, underage, watermark, low detail, blur",Male/New York Professional,1,False
0163 | Male/Polished Culture/New York Professional - Evening Look / Textured Crop - Day Finish,"adult man, structured wool jacket, clean shirt, modern trousers and understated leather accessories, a polished suit or dinner jacket, precise shirt styling and minimal formal accessories, textured crop with controlled matte finish, olive, stone and black palette, soft matte daytime finish, practical restrained accessories, authentic fabric texture, precise seams and fasteners, natural drape, believable accessories, polished editorial styling","wrong hairstyle, inconsistent hair length, merged hair strands, duplicate accessories, incorrect garment layering, warped clothing, broken seams, broken fasteners, malformed footwear, random logos, misspelled text, poor fit, extra limbs, bad hands, child, teen, underage, watermark, low detail, blur",Male/New York Professional,1,False
0164 | Male/Polished Culture/New York Professional - Evening Look / Textured Crop - Evening Finish,"adult man, structured wool jacket, clean shirt, modern trousers and understated leather accessories, a polished suit or dinner jacket, precise shirt styling and minimal formal accessories, textured crop with controlled matte finish, olive, stone and black palette, richer contrast, polished evening finish and refined statement accessories, authentic fabric texture, precise seams and fasteners, natural drape, believable accessories, polished editorial styling","wrong hairstyle, inconsistent hair length, merged hair strands, duplicate accessories, incorrect garment layering, warped clothing, broken seams, broken fasteners, malformed footwear, random logos, misspelled text, poor fit, extra limbs, bad hands, child, teen, underage, watermark, low detail, blur",Male/New York Professional,1,False
0165 | Male/Polished Culture/New York Professional - Evening Look / Side Part - Day Finish,"adult man, structured wool jacket, clean shirt, modern trousers and understated leather accessories, a polished suit or dinner jacket, precise shirt styling and minimal formal accessories, refined side part with soft natural hold, camel, cream and dark brown palette, soft matte daytime finish, practical restrained accessories, authentic fabric texture, precise seams and fasteners, natural drape, believable accessories, polished editorial styling","wrong hairstyle, inconsistent hair length, merged hair strands, duplicate accessories, incorrect garment layering, warped clothing, broken seams, broken fasteners, malformed footwear, random logos, misspelled text, poor fit, extra limbs, bad hands, child, teen, underage, watermark, low detail, blur",Male/New York Professional,1,False
0166 | Male/Polished Culture/New York Professional - Evening Look / Side Part - Evening Finish,"adult man, structured wool jacket, clean shirt, modern trousers and understated leather accessories, a polished suit or dinner jacket, precise shirt styling and minimal formal accessories, refined side part with soft natural hold, camel, cream and dark brown palette, richer contrast, polished evening finish and refined statement accessories, authentic fabric texture, precise seams and fasteners, natural drape, believable accessories, polished editorial styling","wrong hairstyle, inconsistent hair length, merged hair strands, duplicate accessories, incorrect garment layering, warped clothing, broken seams, broken fasteners, malformed footwear, random logos, misspelled text, poor fit, extra limbs, bad hands, child, teen, underage, watermark, low detail, blur",Male/New York Professional,1,False
0167 | Male/Polished Culture/New York Professional - Evening Look / Medium Swept Back - Day Finish,"adult man, structured wool jacket, clean shirt, modern trousers and understated leather accessories, a polished suit or dinner jacket, precise shirt styling and minimal formal accessories, medium-length hair swept back with realistic movement, black, grey and silver palette, soft matte daytime finish, practical restrained accessories, authentic fabric texture, precise seams and fasteners, natural drape, believable accessories, polished editorial styling","wrong hairstyle, inconsistent hair length, merged hair strands, duplicate accessories, incorrect garment layering, warped clothing, broken seams, broken fasteners, malformed footwear, random logos, misspelled text, poor fit, extra limbs, bad hands, child, teen, underage, watermark, low detail, blur",Male/New York Professional,1,False
0168 | Male/Polished Culture/New York Professional - Evening Look / Medium Swept Back - Evening Finish,"adult man, structured wool jacket, clean shirt, modern trousers and understated leather accessories, a polished suit or dinner jacket, precise shirt styling and minimal formal accessories, medium-length hair swept back with realistic movement, black, grey and silver palette, richer contrast, polished evening finish and refined statement accessories, authentic fabric texture, precise seams and fasteners, natural drape, believable accessories, polished editorial styling","wrong hairstyle, inconsistent hair length, merged hair strands, duplicate accessories, incorrect garment layering, warped clothing, broken seams, broken fasteners, malformed footwear, random logos, misspelled text, poor fit, extra limbs, bad hands, child, teen, underage, watermark, low detail, blur",Male/New York Professional,1,False
0169 | Male/Polished Culture/New York Professional - Evening Look / Natural Curls - Day Finish,"adult man, structured wool jacket, clean shirt, modern trousers and understated leather accessories, a polished suit or dinner jacket, precise shirt styling and minimal formal accessories, defined natural curls with balanced shape, rust, navy and cream palette, soft matte daytime finish, practical restrained accessories, authentic fabric texture, precise seams and fasteners, natural drape, believable accessories, polished editorial styling","wrong hairstyle, inconsistent hair length, merged hair strands, duplicate accessories, incorrect garment layering, warped clothing, broken seams, broken fasteners, malformed footwear, random logos, misspelled text, poor fit, extra limbs, bad hands, child, teen, underage, watermark, low detail, blur",Male/New York Professional,1,False
0170 | Male/Polished Culture/New York Professional - Evening Look / Natural Curls - Evening Finish,"adult man, structured wool jacket, clean shirt, modern trousers and understated leather accessories, a polished suit or dinner jacket, precise shirt styling and minimal formal accessories, defined natural curls with balanced shape, rust, navy and cream palette, richer contrast, polished evening finish and refined statement accessories, authentic fabric texture, precise seams and fasteners, natural drape, believable accessories, polished editorial styling","wrong hairstyle, inconsistent hair length, merged hair strands, duplicate accessories, incorrect garment layering, warped clothing, broken seams, broken fasteners, malformed footwear, random logos, misspelled text, poor fit, extra limbs, bad hands, child, teen, underage, watermark, low detail, blur",Male/New York Professional,1,False
0171 | Male/Polished Culture/New York Professional - Evening Look / Close Buzz Cut - Day Finish,"adult man, structured wool jacket, clean shirt, modern trousers and understated leather accessories, a polished suit or dinner jacket, precise shirt styling and minimal formal accessories, precise close buzz cut with clean hairline, black, white and cobalt palette, soft matte daytime finish, practical restrained accessories, authentic fabric texture, precise seams and fasteners, natural drape, believable accessories, polished editorial styling","wrong hairstyle, inconsistent hair length, merged hair strands, duplicate accessories, incorrect garment layering, warped clothing, broken seams, broken fasteners, malformed footwear, random logos, misspelled text, poor fit, extra limbs, bad hands, child, teen, underage, watermark, low detail, blur",Male/New York Professional,1,False
0172 | Male/Polished Culture/New York Professional - Evening Look / Close Buzz Cut - Evening Finish,"adult man, structured wool jacket, clean shirt, modern trousers and understated leather accessories, a polished suit or dinner jacket, precise shirt styling and minimal formal accessories, precise close buzz cut with clean hairline, black, white and cobalt palette, richer contrast, polished evening finish and refined statement accessories, authentic fabric texture, precise seams and fasteners, natural drape, believable accessories, polished editorial styling","wrong hairstyle, inconsistent hair length, merged hair strands, duplicate accessories, incorrect garment layering, warped clothing, broken seams, broken fasteners, malformed footwear, random logos, misspelled text, poor fit, extra limbs, bad hands, child, teen, underage, watermark, low detail, blur",Male/New York Professional,1,False
0173 | Male/Polished Culture/New York Professional - Evening Look / Modern Quiff - Day Finish,"adult man, structured wool jacket, clean shirt, modern trousers and understated leather accessories, a polished suit or dinner jacket, precise shirt styling and minimal formal accessories, modern quiff with controlled volume, burgundy, charcoal and black palette, soft matte daytime finish, practical restrained accessories, authentic fabric texture, precise seams and fasteners, natural drape, believable accessories, polished editorial styling","wrong hairstyle, inconsistent hair length, merged hair strands, duplicate accessories, incorrect garment layering, warped clothing, broken seams, broken fasteners, malformed footwear, random logos, misspelled text, poor fit, extra limbs, bad hands, child, teen, underage, watermark, low detail, blur",Male/New York Professional,1,False
0174 | Male/Polished Culture/New York Professional - Evening Look / Modern Quiff - Evening Finish,"adult man, structured wool jacket, clean shirt, modern trousers and understated leather accessories, a polished suit or dinner jacket, precise shirt styling and minimal formal accessories, modern quiff with controlled volume, burgundy, charcoal and black palette, richer contrast, polished evening finish and refined statement accessories, authentic fabric texture, precise seams and fasteners, natural drape, believable accessories, polished editorial styling","wrong hairstyle, inconsistent hair length, merged hair strands, duplicate accessories, incorrect garment layering, warped clothing, broken seams, broken fasteners, malformed footwear, random logos, misspelled text, poor fit, extra limbs, bad hands, child, teen, underage, watermark, low detail, blur",Male/New York Professional,1,False
0175 | Male/Polished Culture/New York Professional - Evening Look / Shoulder Length Waves - Day Finish,"adult man, structured wool jacket, clean shirt, modern trousers and understated leather accessories, a polished suit or dinner jacket, precise shirt styling and minimal formal accessories, shoulder-length waves with natural separation, forest, tan and dark denim palette, soft matte daytime finish, practical restrained accessories, authentic fabric texture, precise seams and fasteners, natural drape, believable accessories, polished editorial styling","wrong hairstyle, inconsistent hair length, merged hair strands, duplicate accessories, incorrect garment layering, warped clothing, broken seams, broken fasteners, malformed footwear, random logos, misspelled text, poor fit, extra limbs, bad hands, child, teen, underage, watermark, low detail, blur",Male/New York Professional,1,False
0176 | Male/Polished Culture/New York Professional - Evening Look / Shoulder Length Waves - Evening Finish,"adult man, structured wool jacket, clean shirt, modern trousers and understated leather accessories, a polished suit or dinner jacket, precise shirt styling and minimal formal accessories, shoulder-length waves with natural separation, forest, tan and dark denim palette, richer contrast, polished evening finish and refined statement accessories, authentic fabric texture, precise seams and fasteners, natural drape, believable accessories, polished editorial styling","wrong hairstyle, inconsistent hair length, merged hair strands, duplicate accessories, incorrect garment layering, warped clothing, broken seams, broken fasteners, malformed footwear, random logos, misspelled text, poor fit, extra limbs, bad hands, child, teen, underage, watermark, low detail, blur",Male/New York Professional,1,False
0177 | Male/Polished Culture/New York Professional - Evening Look / Braided Style - Day Finish,"adult man, structured wool jacket, clean shirt, modern trousers and understated leather accessories, a polished suit or dinner jacket, precise shirt styling and minimal formal accessories, precise braided style with clean scalp detail, earth tones, black and bronze palette, soft matte daytime finish, practical restrained accessories, authentic fabric texture, precise seams and fasteners, natural drape, believable accessories, polished editorial styling","wrong hairstyle, inconsistent hair length, merged hair strands, duplicate accessories, incorrect garment layering, warped clothing, broken seams, broken fasteners, malformed footwear, random logos, misspelled text, poor fit, extra limbs, bad hands, child, teen, underage, watermark, low detail, blur",Male/New York Professional,1,False
0178 | Male/Polished Culture/New York Professional - Evening Look / Braided Style - Evening Finish,"adult man, structured wool jacket, clean shirt, modern trousers and understated leather accessories, a polished suit or dinner jacket, precise shirt styling and minimal formal accessories, precise braided style with clean scalp detail, earth tones, black and bronze palette, richer contrast, polished evening finish and refined statement accessories, authentic fabric texture, precise seams and fasteners, natural drape, believable accessories, polished editorial styling","wrong hairstyle, inconsistent hair length, merged hair strands, duplicate accessories, incorrect garment layering, warped clothing, broken seams, broken fasteners, malformed footwear, random logos, misspelled text, poor fit, extra limbs, bad hands, child, teen, underage, watermark, low detail, blur",Male/New York Professional,1,False
0179 | Male/Polished Culture/New York Professional - Evening Look / Silvered Taper - Day Finish,"adult man, structured wool jacket, clean shirt, modern trousers and understated leather accessories, a polished suit or dinner jacket, precise shirt styling and minimal formal accessories, mature silvered taper with refined texture, navy, grey and oxblood palette, soft matte daytime finish, practical restrained accessories, authentic fabric texture, precise seams and fasteners, natural drape, believable accessories, polished editorial styling","wrong hairstyle, inconsistent hair length, merged hair strands, duplicate accessories, incorrect garment layering, warped clothing, broken seams, broken fasteners, malformed footwear, random logos, misspelled text, poor fit, extra limbs, bad hands, child, teen, underage, watermark, low detail, blur",Male/New York Professional,1,False
0180 | Male/Polished Culture/New York Professional - Evening Look / Silvered Taper - Evening Finish,"adult man, structured wool jacket, clean shirt, modern trousers and understated leather accessories, a polished suit or dinner jacket, precise shirt styling and minimal formal accessories, mature silvered taper with refined texture, navy, grey and oxblood palette, richer contrast, polished evening finish and refined statement accessories, authentic fabric texture, precise seams and fasteners, natural drape, believable accessories, polished editorial styling","wrong hairstyle, inconsistent hair length, merged hair strands, duplicate accessories, incorrect garment layering, warped clothing, broken seams, broken fasteners, malformed footwear, random logos, misspelled text, poor fit, extra limbs, bad hands, child, teen, underage, watermark, low detail, blur",Male/New York Professional,1,False
0181 | Male/Polished Culture/Brooklyn Workwear - Outerwear Look / Classic Taper - Day Finish,"adult man, chore jacket, premium denim, heavyweight tee and clean work boots, a structured jacket or coat over layered knitwear, tailored trousers and coordinated footwear, clean classic taper with natural texture, navy, charcoal and white palette, soft matte daytime finish, practical restrained accessories, authentic fabric texture, precise seams and fasteners, natural drape, believable accessories, polished editorial styling","wrong hairstyle, inconsistent hair length, merged hair strands, duplicate accessories, incorrect garment layering, warped clothing, broken seams, broken fasteners, malformed footwear, random logos, misspelled text, poor fit, extra limbs, bad hands, child, teen, underage, watermark, low detail, blur",Male/Brooklyn Workwear,1,False
0182 | Male/Polished Culture/Brooklyn Workwear - Outerwear Look / Classic Taper - Evening Finish,"adult man, chore jacket, premium denim, heavyweight tee and clean work boots, a structured jacket or coat over layered knitwear, tailored trousers and coordinated footwear, clean classic taper with natural texture, navy, charcoal and white palette, richer contrast, polished evening finish and refined statement accessories, authentic fabric texture, precise seams and fasteners, natural drape, believable accessories, polished editorial styling","wrong hairstyle, inconsistent hair length, merged hair strands, duplicate accessories, incorrect garment layering, warped clothing, broken seams, broken fasteners, malformed footwear, random logos, misspelled text, poor fit, extra limbs, bad hands, child, teen, underage, watermark, low detail, blur",Male/Brooklyn Workwear,1,False
0183 | Male/Polished Culture/Brooklyn Workwear - Outerwear Look / Textured Crop - Day Finish,"adult man, chore jacket, premium denim, heavyweight tee and clean work boots, a structured jacket or coat over layered knitwear, tailored trousers and coordinated footwear, textured crop with controlled matte finish, olive, stone and black palette, soft matte daytime finish, practical restrained accessories, authentic fabric texture, precise seams and fasteners, natural drape, believable accessories, polished editorial styling","wrong hairstyle, inconsistent hair length, merged hair strands, duplicate accessories, incorrect garment layering, warped clothing, broken seams, broken fasteners, malformed footwear, random logos, misspelled text, poor fit, extra limbs, bad hands, child, teen, underage, watermark, low detail, blur",Male/Brooklyn Workwear,1,False
0184 | Male/Polished Culture/Brooklyn Workwear - Outerwear Look / Textured Crop - Evening Finish,"adult man, chore jacket, premium denim, heavyweight tee and clean work boots, a structured jacket or coat over layered knitwear, tailored trousers and coordinated footwear, textured crop with controlled matte finish, olive, stone and black palette, richer contrast, polished evening finish and refined statement accessories, authentic fabric texture, precise seams and fasteners, natural drape, believable accessories, polished editorial styling","wrong hairstyle, inconsistent hair length, merged hair strands, duplicate accessories, incorrect garment layering, warped clothing, broken seams, broken fasteners, malformed footwear, random logos, misspelled text, poor fit, extra limbs, bad hands, child, teen, underage, watermark, low detail, blur",Male/Brooklyn Workwear,1,False
0185 | Male/Polished Culture/Brooklyn Workwear - Outerwear Look / Side Part - Day Finish,"adult man, chore jacket, premium denim, heavyweight tee and clean work boots, a structured jacket or coat over layered knitwear, tailored trousers and coordinated footwear, refined side part with soft natural hold, camel, cream and dark brown palette, soft matte daytime finish, practical restrained accessories, authentic fabric texture, precise seams and fasteners, natural drape, believable accessories, polished editorial styling","wrong hairstyle, inconsistent hair length, merged hair strands, duplicate accessories, incorrect garment layering, warped clothing, broken seams, broken fasteners, malformed footwear, random logos, misspelled text, poor fit, extra limbs, bad hands, child, teen, underage, watermark, low detail, blur",Male/Brooklyn Workwear,1,False
0186 | Male/Polished Culture/Brooklyn Workwear - Outerwear Look / Side Part - Evening Finish,"adult man, chore jacket, premium denim, heavyweight tee and clean work boots, a structured jacket or coat over layered knitwear, tailored trousers and coordinated footwear, refined side part with soft natural hold, camel, cream and dark brown palette, richer contrast, polished evening finish and refined statement accessories, authentic fabric texture, precise seams and fasteners, natural drape, believable accessories, polished editorial styling","wrong hairstyle, inconsistent hair length, merged hair strands, duplicate accessories, incorrect garment layering, warped clothing, broken seams, broken fasteners, malformed footwear, random logos, misspelled text, poor fit, extra limbs, bad hands, child, teen, underage, watermark, low detail, blur",Male/Brooklyn Workwear,1,False
0187 | Male/Polished Culture/Brooklyn Workwear - Outerwear Look / Medium Swept Back - Day Finish,"adult man, chore jacket, premium denim, heavyweight tee and clean work boots, a structured jacket or coat over layered knitwear, tailored trousers and coordinated footwear, medium-length hair swept back with realistic movement, black, grey and silver palette, soft matte daytime finish, practical restrained accessories, authentic fabric texture, precise seams and fasteners, natural drape, believable accessories, polished editorial styling","wrong hairstyle, inconsistent hair length, merged hair strands, duplicate accessories, incorrect garment layering, warped clothing, broken seams, broken fasteners, malformed footwear, random logos, misspelled text, poor fit, extra limbs, bad hands, child, teen, underage, watermark, low detail, blur",Male/Brooklyn Workwear,1,False
0188 | Male/Polished Culture/Brooklyn Workwear - Outerwear Look / Medium Swept Back - Evening Finish,"adult man, chore jacket, premium denim, heavyweight tee and clean work boots, a structured jacket or coat over layered knitwear, tailored trousers and coordinated footwear, medium-length hair swept back with realistic movement, black, grey and silver palette, richer contrast, polished evening finish and refined statement accessories, authentic fabric texture, precise seams and fasteners, natural drape, believable accessories, polished editorial styling","wrong hairstyle, inconsistent hair length, merged hair strands, duplicate accessories, incorrect garment layering, warped clothing, broken seams, broken fasteners, malformed footwear, random logos, misspelled text, poor fit, extra limbs, bad hands, child, teen, underage, watermark, low detail, blur",Male/Brooklyn Workwear,1,False
0189 | Male/Polished Culture/Brooklyn Workwear - Outerwear Look / Natural Curls - Day Finish,"adult man, chore jacket, premium denim, heavyweight tee and clean work boots, a structured jacket or coat over layered knitwear, tailored trousers and coordinated footwear, defined natural curls with balanced shape, rust, navy and cream palette, soft matte daytime finish, practical restrained accessories, authentic fabric texture, precise seams and fasteners, natural drape, believable accessories, polished editorial styling","wrong hairstyle, inconsistent hair length, merged hair strands, duplicate accessories, incorrect garment layering, warped clothing, broken seams, broken fasteners, malformed footwear, random logos, misspelled text, poor fit, extra limbs, bad hands, child, teen, underage, watermark, low detail, blur",Male/Brooklyn Workwear,1,False
0190 | Male/Polished Culture/Brooklyn Workwear - Outerwear Look / Natural Curls - Evening Finish,"adult man, chore jacket, premium denim, heavyweight tee and clean work boots, a structured jacket or coat over layered knitwear, tailored trousers and coordinated footwear, defined natural curls with balanced shape, rust, navy and cream palette, richer contrast, polished evening finish and refined statement accessories, authentic fabric texture, precise seams and fasteners, natural drape, believable accessories, polished editorial styling","wrong hairstyle, inconsistent hair length, merged hair strands, duplicate accessories, incorrect garment layering, warped clothing, broken seams, broken fasteners, malformed footwear, random logos, misspelled text, poor fit, extra limbs, bad hands, child, teen, underage, watermark, low detail, blur",Male/Brooklyn Workwear,1,False
0191 | Male/Polished Culture/Brooklyn Workwear - Outerwear Look / Close Buzz Cut - Day Finish,"adult man, chore jacket, premium denim, heavyweight tee and clean work boots, a structured jacket or coat over layered knitwear, tailored trousers and coordinated footwear, precise close buzz cut with clean hairline, black, white and cobalt palette, soft matte daytime finish, practical restrained accessories, authentic fabric texture, precise seams and fasteners, natural drape, believable accessories, polished editorial styling","wrong hairstyle, inconsistent hair length, merged hair strands, duplicate accessories, incorrect garment layering, warped clothing, broken seams, broken fasteners, malformed footwear, random logos, misspelled text, poor fit, extra limbs, bad hands, child, teen, underage, watermark, low detail, blur",Male/Brooklyn Workwear,1,False
0192 | Male/Polished Culture/Brooklyn Workwear - Outerwear Look / Close Buzz Cut - Evening Finish,"adult man, chore jacket, premium denim, heavyweight tee and clean work boots, a structured jacket or coat over layered knitwear, tailored trousers and coordinated footwear, precise close buzz cut with clean hairline, black, white and cobalt palette, richer contrast, polished evening finish and refined statement accessories, authentic fabric texture, precise seams and fasteners, natural drape, believable accessories, polished editorial styling","wrong hairstyle, inconsistent hair length, merged hair strands, duplicate accessories, incorrect garment layering, warped clothing, broken seams, broken fasteners, malformed footwear, random logos, misspelled text, poor fit, extra limbs, bad hands, child, teen, underage, watermark, low detail, blur",Male/Brooklyn Workwear,1,False
0193 | Male/Polished Culture/Brooklyn Workwear - Outerwear Look / Modern Quiff - Day Finish,"adult man, chore jacket, premium denim, heavyweight tee and clean work boots, a structured jacket or coat over layered knitwear, tailored trousers and coordinated footwear, modern quiff with controlled volume, burgundy, charcoal and black palette, soft matte daytime finish, practical restrained accessories, authentic fabric texture, precise seams and fasteners, natural drape, believable accessories, polished editorial styling","wrong hairstyle, inconsistent hair length, merged hair strands, duplicate accessories, incorrect garment layering, warped clothing, broken seams, broken fasteners, malformed footwear, random logos, misspelled text, poor fit, extra limbs, bad hands, child, teen, underage, watermark, low detail, blur",Male/Brooklyn Workwear,1,False
0194 | Male/Polished Culture/Brooklyn Workwear - Outerwear Look / Modern Quiff - Evening Finish,"adult man, chore jacket, premium denim, heavyweight tee and clean work boots, a structured jacket or coat over layered knitwear, tailored trousers and coordinated footwear, modern quiff with controlled volume, burgundy, charcoal and black palette, richer contrast, polished evening finish and refined statement accessories, authentic fabric texture, precise seams and fasteners, natural drape, believable accessories, polished editorial styling","wrong hairstyle, inconsistent hair length, merged hair strands, duplicate accessories, incorrect garment layering, warped clothing, broken seams, broken fasteners, malformed footwear, random logos, misspelled text, poor fit, extra limbs, bad hands, child, teen, underage, watermark, low detail, blur",Male/Brooklyn Workwear,1,False
0195 | Male/Polished Culture/Brooklyn Workwear - Outerwear Look / Shoulder Length Waves - Day Finish,"adult man, chore jacket, premium denim, heavyweight tee and clean work boots, a structured jacket or coat over layered knitwear, tailored trousers and coordinated footwear, shoulder-length waves with natural separation, forest, tan and dark denim palette, soft matte daytime finish, practical restrained accessories, authentic fabric texture, precise seams and fasteners, natural drape, believable accessories, polished editorial styling","wrong hairstyle, inconsistent hair length, merged hair strands, duplicate accessories, incorrect garment layering, warped clothing, broken seams, broken fasteners, malformed footwear, random logos, misspelled text, poor fit, extra limbs, bad hands, child, teen, underage, watermark, low detail, blur",Male/Brooklyn Workwear,1,False
0196 | Male/Polished Culture/Brooklyn Workwear - Outerwear Look / Shoulder Length Waves - Evening Finish,"adult man, chore jacket, premium denim, heavyweight tee and clean work boots, a structured jacket or coat over layered knitwear, tailored trousers and coordinated footwear, shoulder-length waves with natural separation, forest, tan and dark denim palette, richer contrast, polished evening finish and refined statement accessories, authentic fabric texture, precise seams and fasteners, natural drape, believable accessories, polished editorial styling","wrong hairstyle, inconsistent hair length, merged hair strands, duplicate accessories, incorrect garment layering, warped clothing, broken seams, broken fasteners, malformed footwear, random logos, misspelled text, poor fit, extra limbs, bad hands, child, teen, underage, watermark, low detail, blur",Male/Brooklyn Workwear,1,False
0197 | Male/Polished Culture/Brooklyn Workwear - Outerwear Look / Braided Style - Day Finish,"adult man, chore jacket, premium denim, heavyweight tee and clean work boots, a structured jacket or coat over layered knitwear, tailored trousers and coordinated footwear, precise braided style with clean scalp detail, earth tones, black and bronze palette, soft matte daytime finish, practical restrained accessories, authentic fabric texture, precise seams and fasteners, natural drape, believable accessories, polished editorial styling","wrong hairstyle, inconsistent hair length, merged hair strands, duplicate accessories, incorrect garment layering, warped clothing, broken seams, broken fasteners, malformed footwear, random logos, misspelled text, poor fit, extra limbs, bad hands, child, teen, underage, watermark, low detail, blur",Male/Brooklyn Workwear,1,False
0198 | Male/Polished Culture/Brooklyn Workwear - Outerwear Look / Braided Style - Evening Finish,"adult man, chore jacket, premium denim, heavyweight tee and clean work boots, a structured jacket or coat over layered knitwear, tailored trousers and coordinated footwear, precise braided style with clean scalp detail, earth tones, black and bronze palette, richer contrast, polished evening finish and refined statement accessories, authentic fabric texture, precise seams and fasteners, natural drape, believable accessories, polished editorial styling","wrong hairstyle, inconsistent hair length, merged hair strands, duplicate accessories, incorrect garment layering, warped clothing, broken seams, broken fasteners, malformed footwear, random logos, misspelled text, poor fit, extra limbs, bad hands, child, teen, underage, watermark, low detail, blur",Male/Brooklyn Workwear,1,False
0199 | Male/Polished Culture/Brooklyn Workwear - Outerwear Look / Silvered Taper - Day Finish,"adult man, chore jacket, premium denim, heavyweight tee and clean work boots, a structured jacket or coat over layered knitwear, tailored trousers and coordinated footwear, mature silvered taper with refined texture, navy, grey and oxblood palette, soft matte daytime finish, practical restrained accessories, authentic fabric texture, precise seams and fasteners, natural drape, believable accessories, polished editorial styling","wrong hairstyle, inconsistent hair length, merged hair strands, duplicate accessories, incorrect garment layering, warped clothing, broken seams, broken fasteners, malformed footwear, random logos, misspelled text, poor fit, extra limbs, bad hands, child, teen, underage, watermark, low detail, blur",Male/Brooklyn Workwear,1,False
0200 | Male/Polished Culture/Brooklyn Workwear - Outerwear Look / Silvered Taper - Evening Finish,"adult man, chore jacket, premium denim, heavyweight tee and clean work boots, a structured jacket or coat over layered knitwear, tailored trousers and coordinated footwear, mature silvered taper with refined texture, navy, grey and oxblood palette, richer contrast, polished evening finish and refined statement accessories, authentic fabric texture, precise seams and fasteners, natural drape, believable accessories, polished editorial styling","wrong hairstyle, inconsistent hair length, merged hair strands, duplicate accessories, incorrect garment layering, warped clothing, broken seams, broken fasteners, malformed footwear, random logos, misspelled text, poor fit, extra limbs, bad hands, child, teen, underage, watermark, low detail, blur",Male/Brooklyn Workwear,1,False
0201 | Male/Polished Culture/Brooklyn Workwear - Smart Casual / Classic Taper - Day Finish,"adult man, chore jacket, premium denim, heavyweight tee and clean work boots, a refined shirt or polo, lightweight jacket, clean trousers and understated accessories, clean classic taper with natural texture, navy, charcoal and white palette, soft matte daytime finish, practical restrained accessories, authentic fabric texture, precise seams and fasteners, natural drape, believable accessories, polished editorial styling","wrong hairstyle, inconsistent hair length, merged hair strands, duplicate accessories, incorrect garment layering, warped clothing, broken seams, broken fasteners, malformed footwear, random logos, misspelled text, poor fit, extra limbs, bad hands, child, teen, underage, watermark, low detail, blur",Male/Brooklyn Workwear,1,False
0202 | Male/Polished Culture/Brooklyn Workwear - Smart Casual / Classic Taper - Evening Finish,"adult man, chore jacket, premium denim, heavyweight tee and clean work boots, a refined shirt or polo, lightweight jacket, clean trousers and understated accessories, clean classic taper with natural texture, navy, charcoal and white palette, richer contrast, polished evening finish and refined statement accessories, authentic fabric texture, precise seams and fasteners, natural drape, believable accessories, polished editorial styling","wrong hairstyle, inconsistent hair length, merged hair strands, duplicate accessories, incorrect garment layering, warped clothing, broken seams, broken fasteners, malformed footwear, random logos, misspelled text, poor fit, extra limbs, bad hands, child, teen, underage, watermark, low detail, blur",Male/Brooklyn Workwear,1,False
0203 | Male/Polished Culture/Brooklyn Workwear - Smart Casual / Textured Crop - Day Finish,"adult man, chore jacket, premium denim, heavyweight tee and clean work boots, a refined shirt or polo, lightweight jacket, clean trousers and understated accessories, textured crop with controlled matte finish, olive, stone and black palette, soft matte daytime finish, practical restrained accessories, authentic fabric texture, precise seams and fasteners, natural drape, believable accessories, polished editorial styling","wrong hairstyle, inconsistent hair length, merged hair strands, duplicate accessories, incorrect garment layering, warped clothing, broken seams, broken fasteners, malformed footwear, random logos, misspelled text, poor fit, extra limbs, bad hands, child, teen, underage, watermark, low detail, blur",Male/Brooklyn Workwear,1,False
0204 | Male/Polished Culture/Brooklyn Workwear - Smart Casual / Textured Crop - Evening Finish,"adult man, chore jacket, premium denim, heavyweight tee and clean work boots, a refined shirt or polo, lightweight jacket, clean trousers and understated accessories, textured crop with controlled matte finish, olive, stone and black palette, richer contrast, polished evening finish and refined statement accessories, authentic fabric texture, precise seams and fasteners, natural drape, believable accessories, polished editorial styling","wrong hairstyle, inconsistent hair length, merged hair strands, duplicate accessories, incorrect garment layering, warped clothing, broken seams, broken fasteners, malformed footwear, random logos, misspelled text, poor fit, extra limbs, bad hands, child, teen, underage, watermark, low detail, blur",Male/Brooklyn Workwear,1,False
0205 | Male/Polished Culture/Brooklyn Workwear - Smart Casual / Side Part - Day Finish,"adult man, chore jacket, premium denim, heavyweight tee and clean work boots, a refined shirt or polo, lightweight jacket, clean trousers and understated accessories, refined side part with soft natural hold, camel, cream and dark brown palette, soft matte daytime finish, practical restrained accessories, authentic fabric texture, precise seams and fasteners, natural drape, believable accessories, polished editorial styling","wrong hairstyle, inconsistent hair length, merged hair strands, duplicate accessories, incorrect garment layering, warped clothing, broken seams, broken fasteners, malformed footwear, random logos, misspelled text, poor fit, extra limbs, bad hands, child, teen, underage, watermark, low detail, blur",Male/Brooklyn Workwear,1,False
0206 | Male/Polished Culture/Brooklyn Workwear - Smart Casual / Side Part - Evening Finish,"adult man, chore jacket, premium denim, heavyweight tee and clean work boots, a refined shirt or polo, lightweight jacket, clean trousers and understated accessories, refined side part with soft natural hold, camel, cream and dark brown palette, richer contrast, polished evening finish and refined statement accessories, authentic fabric texture, precise seams and fasteners, natural drape, believable accessories, polished editorial styling","wrong hairstyle, inconsistent hair length, merged hair strands, duplicate accessories, incorrect garment layering, warped clothing, broken seams, broken fasteners, malformed footwear, random logos, misspelled text, poor fit, extra limbs, bad hands, child, teen, underage, watermark, low detail, blur",Male/Brooklyn Workwear,1,False
0207 | Male/Polished Culture/Brooklyn Workwear - Smart Casual / Medium Swept Back - Day Finish,"adult man, chore jacket, premium denim, heavyweight tee and clean work boots, a refined shirt or polo, lightweight jacket, clean trousers and understated accessories, medium-length hair swept back with realistic movement, black, grey and silver palette, soft matte daytime finish, practical restrained accessories, authentic fabric texture, precise seams and fasteners, natural drape, believable accessories, polished editorial styling","wrong hairstyle, inconsistent hair length, merged hair strands, duplicate accessories, incorrect garment layering, warped clothing, broken seams, broken fasteners, malformed footwear, random logos, misspelled text, poor fit, extra limbs, bad hands, child, teen, underage, watermark, low detail, blur",Male/Brooklyn Workwear,1,False
0208 | Male/Polished Culture/Brooklyn Workwear - Smart Casual / Medium Swept Back - Evening Finish,"adult man, chore jacket, premium denim, heavyweight tee and clean work boots, a refined shirt or polo, lightweight jacket, clean trousers and understated accessories, medium-length hair swept back with realistic movement, black, grey and silver palette, richer contrast, polished evening finish and refined statement accessories, authentic fabric texture, precise seams and fasteners, natural drape, believable accessories, polished editorial styling","wrong hairstyle, inconsistent hair length, merged hair strands, duplicate accessories, incorrect garment layering, warped clothing, broken seams, broken fasteners, malformed footwear, random logos, misspelled text, poor fit, extra limbs, bad hands, child, teen, underage, watermark, low detail, blur",Male/Brooklyn Workwear,1,False
0209 | Male/Polished Culture/Brooklyn Workwear - Smart Casual / Natural Curls - Day Finish,"adult man, chore jacket, premium denim, heavyweight tee and clean work boots, a refined shirt or polo, lightweight jacket, clean trousers and understated accessories, defined natural curls with balanced shape, rust, navy and cream palette, soft matte daytime finish, practical restrained accessories, authentic fabric texture, precise seams and fasteners, natural drape, believable accessories, polished editorial styling","wrong hairstyle, inconsistent hair length, merged hair strands, duplicate accessories, incorrect garment layering, warped clothing, broken seams, broken fasteners, malformed footwear, random logos, misspelled text, poor fit, extra limbs, bad hands, child, teen, underage, watermark, low detail, blur",Male/Brooklyn Workwear,1,False
0210 | Male/Polished Culture/Brooklyn Workwear - Smart Casual / Natural Curls - Evening Finish,"adult man, chore jacket, premium denim, heavyweight tee and clean work boots, a refined shirt or polo, lightweight jacket, clean trousers and understated accessories, defined natural curls with balanced shape, rust, navy and cream palette, richer contrast, polished evening finish and refined statement accessories, authentic fabric texture, precise seams and fasteners, natural drape, believable accessories, polished editorial styling","wrong hairstyle, inconsistent hair length, merged hair strands, duplicate accessories, incorrect garment layering, warped clothing, broken seams, broken fasteners, malformed footwear, random logos, misspelled text, poor fit, extra limbs, bad hands, child, teen, underage, watermark, low detail, blur",Male/Brooklyn Workwear,1,False
0211 | Male/Polished Culture/Brooklyn Workwear - Smart Casual / Close Buzz Cut - Day Finish,"adult man, chore jacket, premium denim, heavyweight tee and clean work boots, a refined shirt or polo, lightweight jacket, clean trousers and understated accessories, precise close buzz cut with clean hairline, black, white and cobalt palette, soft matte daytime finish, practical restrained accessories, authentic fabric texture, precise seams and fasteners, natural drape, believable accessories, polished editorial styling","wrong hairstyle, inconsistent hair length, merged hair strands, duplicate accessories, incorrect garment layering, warped clothing, broken seams, broken fasteners, malformed footwear, random logos, misspelled text, poor fit, extra limbs, bad hands, child, teen, underage, watermark, low detail, blur",Male/Brooklyn Workwear,1,False
0212 | Male/Polished Culture/Brooklyn Workwear - Smart Casual / Close Buzz Cut - Evening Finish,"adult man, chore jacket, premium denim, heavyweight tee and clean work boots, a refined shirt or polo, lightweight jacket, clean trousers and understated accessories, precise close buzz cut with clean hairline, black, white and cobalt palette, richer contrast, polished evening finish and refined statement accessories, authentic fabric texture, precise seams and fasteners, natural drape, believable accessories, polished editorial styling","wrong hairstyle, inconsistent hair length, merged hair strands, duplicate accessories, incorrect garment layering, warped clothing, broken seams, broken fasteners, malformed footwear, random logos, misspelled text, poor fit, extra limbs, bad hands, child, teen, underage, watermark, low detail, blur",Male/Brooklyn Workwear,1,False
0213 | Male/Polished Culture/Brooklyn Workwear - Smart Casual / Modern Quiff - Day Finish,"adult man, chore jacket, premium denim, heavyweight tee and clean work boots, a refined shirt or polo, lightweight jacket, clean trousers and understated accessories, modern quiff with controlled volume, burgundy, charcoal and black palette, soft matte daytime finish, practical restrained accessories, authentic fabric texture, precise seams and fasteners, natural drape, believable accessories, polished editorial styling","wrong hairstyle, inconsistent hair length, merged hair strands, duplicate accessories, incorrect garment layering, warped clothing, broken seams, broken fasteners, malformed footwear, random logos, misspelled text, poor fit, extra limbs, bad hands, child, teen, underage, watermark, low detail, blur",Male/Brooklyn Workwear,1,False
0214 | Male/Polished Culture/Brooklyn Workwear - Smart Casual / Modern Quiff - Evening Finish,"adult man, chore jacket, premium denim, heavyweight tee and clean work boots, a refined shirt or polo, lightweight jacket, clean trousers and understated accessories, modern quiff with controlled volume, burgundy, charcoal and black palette, richer contrast, polished evening finish and refined statement accessories, authentic fabric texture, precise seams and fasteners, natural drape, believable accessories, polished editorial styling","wrong hairstyle, inconsistent hair length, merged hair strands, duplicate accessories, incorrect garment layering, warped clothing, broken seams, broken fasteners, malformed footwear, random logos, misspelled text, poor fit, extra limbs, bad hands, child, teen, underage, watermark, low detail, blur",Male/Brooklyn Workwear,1,False
0215 | Male/Polished Culture/Brooklyn Workwear - Smart Casual / Shoulder Length Waves - Day Finish,"adult man, chore jacket, premium denim, heavyweight tee and clean work boots, a refined shirt or polo, lightweight jacket, clean trousers and understated accessories, shoulder-length waves with natural separation, forest, tan and dark denim palette, soft matte daytime finish, practical restrained accessories, authentic fabric texture, precise seams and fasteners, natural drape, believable accessories, polished editorial styling","wrong hairstyle, inconsistent hair length, merged hair strands, duplicate accessories, incorrect garment layering, warped clothing, broken seams, broken fasteners, malformed footwear, random logos, misspelled text, poor fit, extra limbs, bad hands, child, teen, underage, watermark, low detail, blur",Male/Brooklyn Workwear,1,False
0216 | Male/Polished Culture/Brooklyn Workwear - Smart Casual / Shoulder Length Waves - Evening Finish,"adult man, chore jacket, premium denim, heavyweight tee and clean work boots, a refined shirt or polo, lightweight jacket, clean trousers and understated accessories, shoulder-length waves with natural separation, forest, tan and dark denim palette, richer contrast, polished evening finish and refined statement accessories, authentic fabric texture, precise seams and fasteners, natural drape, believable accessories, polished editorial styling","wrong hairstyle, inconsistent hair length, merged hair strands, duplicate accessories, incorrect garment layering, warped clothing, broken seams, broken fasteners, malformed footwear, random logos, misspelled text, poor fit, extra limbs, bad hands, child, teen, underage, watermark, low detail, blur",Male/Brooklyn Workwear,1,False
0217 | Male/Polished Culture/Brooklyn Workwear - Smart Casual / Braided Style - Day Finish,"adult man, chore jacket, premium denim, heavyweight tee and clean work boots, a refined shirt or polo, lightweight jacket, clean trousers and understated accessories, precise braided style with clean scalp detail, earth tones, black and bronze palette, soft matte daytime finish, practical restrained accessories, authentic fabric texture, precise seams and fasteners, natural drape, believable accessories, polished editorial styling","wrong hairstyle, inconsistent hair length, merged hair strands, duplicate accessories, incorrect garment layering, warped clothing, broken seams, broken fasteners, malformed footwear, random logos, misspelled text, poor fit, extra limbs, bad hands, child, teen, underage, watermark, low detail, blur",Male/Brooklyn Workwear,1,False
0218 | Male/Polished Culture/Brooklyn Workwear - Smart Casual / Braided Style - Evening Finish,"adult man, chore jacket, premium denim, heavyweight tee and clean work boots, a refined shirt or polo, lightweight jacket, clean trousers and understated accessories, precise braided style with clean scalp detail, earth tones, black and bronze palette, richer contrast, polished evening finish and refined statement accessories, authentic fabric texture, precise seams and fasteners, natural drape, believable accessories, polished editorial styling","wrong hairstyle, inconsistent hair length, merged hair strands, duplicate accessories, incorrect garment layering, warped clothing, broken seams, broken fasteners, malformed footwear, random logos, misspelled text, poor fit, extra limbs, bad hands, child, teen, underage, watermark, low detail, blur",Male/Brooklyn Workwear,1,False
0219 | Male/Polished Culture/Brooklyn Workwear - Smart Casual / Silvered Taper - Day Finish,"adult man, chore jacket, premium denim, heavyweight tee and clean work boots, a refined shirt or polo, lightweight jacket, clean trousers and understated accessories, mature silvered taper with refined texture, navy, grey and oxblood palette, soft matte daytime finish, practical restrained accessories, authentic fabric texture, precise seams and fasteners, natural drape, believable accessories, polished editorial styling","wrong hairstyle, inconsistent hair length, merged hair strands, duplicate accessories, incorrect garment layering, warped clothing, broken seams, broken fasteners, malformed footwear, random logos, misspelled text, poor fit, extra limbs, bad hands, child, teen, underage, watermark, low detail, blur",Male/Brooklyn Workwear,1,False
0220 | Male/Polished Culture/Brooklyn Workwear - Smart Casual / Silvered Taper - Evening Finish,"adult man, chore jacket, premium denim, heavyweight tee and clean work boots, a refined shirt or polo, lightweight jacket, clean trousers and understated accessories, mature silvered taper with refined texture, navy, grey and oxblood palette, richer contrast, polished evening finish and refined statement accessories, authentic fabric texture, precise seams and fasteners, natural drape, believable accessories, polished editorial styling","wrong hairstyle, inconsistent hair length, merged hair strands, duplicate accessories, incorrect garment layering, warped clothing, broken seams, broken fasteners, malformed footwear, random logos, misspelled text, poor fit, extra limbs, bad hands, child, teen, underage, watermark, low detail, blur",Male/Brooklyn Workwear,1,False
0221 | Male/Polished Culture/Brooklyn Workwear - Evening Look / Classic Taper - Day Finish,"adult man, chore jacket, premium denim, heavyweight tee and clean work boots, a polished suit or dinner jacket, precise shirt styling and minimal formal accessories, clean classic taper with natural texture, navy, charcoal and white palette, soft matte daytime finish, practical restrained accessories, authentic fabric texture, precise seams and fasteners, natural drape, believable accessories, polished editorial styling","wrong hairstyle, inconsistent hair length, merged hair strands, duplicate accessories, incorrect garment layering, warped clothing, broken seams, broken fasteners, malformed footwear, random logos, misspelled text, poor fit, extra limbs, bad hands, child, teen, underage, watermark, low detail, blur",Male/Brooklyn Workwear,1,False
0222 | Male/Polished Culture/Brooklyn Workwear - Evening Look / Classic Taper - Evening Finish,"adult man, chore jacket, premium denim, heavyweight tee and clean work boots, a polished suit or dinner jacket, precise shirt styling and minimal formal accessories, clean classic taper with natural texture, navy, charcoal and white palette, richer contrast, polished evening finish and refined statement accessories, authentic fabric texture, precise seams and fasteners, natural drape, believable accessories, polished editorial styling","wrong hairstyle, inconsistent hair length, merged hair strands, duplicate accessories, incorrect garment layering, warped clothing, broken seams, broken fasteners, malformed footwear, random logos, misspelled text, poor fit, extra limbs, bad hands, child, teen, underage, watermark, low detail, blur",Male/Brooklyn Workwear,1,False
0223 | Male/Polished Culture/Brooklyn Workwear - Evening Look / Textured Crop - Day Finish,"adult man, chore jacket, premium denim, heavyweight tee and clean work boots, a polished suit or dinner jacket, precise shirt styling and minimal formal accessories, textured crop with controlled matte finish, olive, stone and black palette, soft matte daytime finish, practical restrained accessories, authentic fabric texture, precise seams and fasteners, natural drape, believable accessories, polished editorial styling","wrong hairstyle, inconsistent hair length, merged hair strands, duplicate accessories, incorrect garment layering, warped clothing, broken seams, broken fasteners, malformed footwear, random logos, misspelled text, poor fit, extra limbs, bad hands, child, teen, underage, watermark, low detail, blur",Male/Brooklyn Workwear,1,False
0224 | Male/Polished Culture/Brooklyn Workwear - Evening Look / Textured Crop - Evening Finish,"adult man, chore jacket, premium denim, heavyweight tee and clean work boots, a polished suit or dinner jacket, precise shirt styling and minimal formal accessories, textured crop with controlled matte finish, olive, stone and black palette, richer contrast, polished evening finish and refined statement accessories, authentic fabric texture, precise seams and fasteners, natural drape, believable accessories, polished editorial styling","wrong hairstyle, inconsistent hair length, merged hair strands, duplicate accessories, incorrect garment layering, warped clothing, broken seams, broken fasteners, malformed footwear, random logos, misspelled text, poor fit, extra limbs, bad hands, child, teen, underage, watermark, low detail, blur",Male/Brooklyn Workwear,1,False
0225 | Male/Polished Culture/Brooklyn Workwear - Evening Look / Side Part - Day Finish,"adult man, chore jacket, premium denim, heavyweight tee and clean work boots, a polished suit or dinner jacket, precise shirt styling and minimal formal accessories, refined side part with soft natural hold, camel, cream and dark brown palette, soft matte daytime finish, practical restrained accessories, authentic fabric texture, precise seams and fasteners, natural drape, believable accessories, polished editorial styling","wrong hairstyle, inconsistent hair length, merged hair strands, duplicate accessories, incorrect garment layering, warped clothing, broken seams, broken fasteners, malformed footwear, random logos, misspelled text, poor fit, extra limbs, bad hands, child, teen, underage, watermark, low detail, blur",Male/Brooklyn Workwear,1,False
0226 | Male/Polished Culture/Brooklyn Workwear - Evening Look / Side Part - Evening Finish,"adult man, chore jacket, premium denim, heavyweight tee and clean work boots, a polished suit or dinner jacket, precise shirt styling and minimal formal accessories, refined side part with soft natural hold, camel, cream and dark brown palette, richer contrast, polished evening finish and refined statement accessories, authentic fabric texture, precise seams and fasteners, natural drape, believable accessories, polished editorial styling","wrong hairstyle, inconsistent hair length, merged hair strands, duplicate accessories, incorrect garment layering, warped clothing, broken seams, broken fasteners, malformed footwear, random logos, misspelled text, poor fit, extra limbs, bad hands, child, teen, underage, watermark, low detail, blur",Male/Brooklyn Workwear,1,False
0227 | Male/Polished Culture/Brooklyn Workwear - Evening Look / Medium Swept Back - Day Finish,"adult man, chore jacket, premium denim, heavyweight tee and clean work boots, a polished suit or dinner jacket, precise shirt styling and minimal formal accessories, medium-length hair swept back with realistic movement, black, grey and silver palette, soft matte daytime finish, practical restrained accessories, authentic fabric texture, precise seams and fasteners, natural drape, believable accessories, polished editorial styling","wrong hairstyle, inconsistent hair length, merged hair strands, duplicate accessories, incorrect garment layering, warped clothing, broken seams, broken fasteners, malformed footwear, random logos, misspelled text, poor fit, extra limbs, bad hands, child, teen, underage, watermark, low detail, blur",Male/Brooklyn Workwear,1,False
0228 | Male/Polished Culture/Brooklyn Workwear - Evening Look / Medium Swept Back - Evening Finish,"adult man, chore jacket, premium denim, heavyweight tee and clean work boots, a polished suit or dinner jacket, precise shirt styling and minimal formal accessories, medium-length hair swept back with realistic movement, black, grey and silver palette, richer contrast, polished evening finish and refined statement accessories, authentic fabric texture, precise seams and fasteners, natural drape, believable accessories, polished editorial styling","wrong hairstyle, inconsistent hair length, merged hair strands, duplicate accessories, incorrect garment layering, warped clothing, broken seams, broken fasteners, malformed footwear, random logos, misspelled text, poor fit, extra limbs, bad hands, child, teen, underage, watermark, low detail, blur",Male/Brooklyn Workwear,1,False
0229 | Male/Polished Culture/Brooklyn Workwear - Evening Look / Natural Curls - Day Finish,"adult man, chore jacket, premium denim, heavyweight tee and clean work boots, a polished suit or dinner jacket, precise shirt styling and minimal formal accessories, defined natural curls with balanced shape, rust, navy and cream palette, soft matte daytime finish, practical restrained accessories, authentic fabric texture, precise seams and fasteners, natural drape, believable accessories, polished editorial styling","wrong hairstyle, inconsistent hair length, merged hair strands, duplicate accessories, incorrect garment layering, warped clothing, broken seams, broken fasteners, malformed footwear, random logos, misspelled text, poor fit, extra limbs, bad hands, child, teen, underage, watermark, low detail, blur",Male/Brooklyn Workwear,1,False
0230 | Male/Polished Culture/Brooklyn Workwear - Evening Look / Natural Curls - Evening Finish,"adult man, chore jacket, premium denim, heavyweight tee and clean work boots, a polished suit or dinner jacket, precise shirt styling and minimal formal accessories, defined natural curls with balanced shape, rust, navy and cream palette, richer contrast, polished evening finish and refined statement accessories, authentic fabric texture, precise seams and fasteners, natural drape, believable accessories, polished editorial styling","wrong hairstyle, inconsistent hair length, merged hair strands, duplicate accessories, incorrect garment layering, warped clothing, broken seams, broken fasteners, malformed footwear, random logos, misspelled text, poor fit, extra limbs, bad hands, child, teen, underage, watermark, low detail, blur",Male/Brooklyn Workwear,1,False
0231 | Male/Polished Culture/Brooklyn Workwear - Evening Look / Close Buzz Cut - Day Finish,"adult man, chore jacket, premium denim, heavyweight tee and clean work boots, a polished suit or dinner jacket, precise shirt styling and minimal formal accessories, precise close buzz cut with clean hairline, black, white and cobalt palette, soft matte daytime finish, practical restrained accessories, authentic fabric texture, precise seams and fasteners, natural drape, believable accessories, polished editorial styling","wrong hairstyle, inconsistent hair length, merged hair strands, duplicate accessories, incorrect garment layering, warped clothing, broken seams, broken fasteners, malformed footwear, random logos, misspelled text, poor fit, extra limbs, bad hands, child, teen, underage, watermark, low detail, blur",Male/Brooklyn Workwear,1,False
0232 | Male/Polished Culture/Brooklyn Workwear - Evening Look / Close Buzz Cut - Evening Finish,"adult man, chore jacket, premium denim, heavyweight tee and clean work boots, a polished suit or dinner jacket, precise shirt styling and minimal formal accessories, precise close buzz cut with clean hairline, black, white and cobalt palette, richer contrast, polished evening finish and refined statement accessories, authentic fabric texture, precise seams and fasteners, natural drape, believable accessories, polished editorial styling","wrong hairstyle, inconsistent hair length, merged hair strands, duplicate accessories, incorrect garment layering, warped clothing, broken seams, broken fasteners, malformed footwear, random logos, misspelled text, poor fit, extra limbs, bad hands, child, teen, underage, watermark, low detail, blur",Male/Brooklyn Workwear,1,False
0233 | Male/Polished Culture/Brooklyn Workwear - Evening Look / Modern Quiff - Day Finish,"adult man, chore jacket, premium denim, heavyweight tee and clean work boots, a polished suit or dinner jacket, precise shirt styling and minimal formal accessories, modern quiff with controlled volume, burgundy, charcoal and black palette, soft matte daytime finish, practical restrained accessories, authentic fabric texture, precise seams and fasteners, natural drape, believable accessories, polished editorial styling","wrong hairstyle, inconsistent hair length, merged hair strands, duplicate accessories, incorrect garment layering, warped clothing, broken seams, broken fasteners, malformed footwear, random logos, misspelled text, poor fit, extra limbs, bad hands, child, teen, underage, watermark, low detail, blur",Male/Brooklyn Workwear,1,False
0234 | Male/Polished Culture/Brooklyn Workwear - Evening Look / Modern Quiff - Evening Finish,"adult man, chore jacket, premium denim, heavyweight tee and clean work boots, a polished suit or dinner jacket, precise shirt styling and minimal formal accessories, modern quiff with controlled volume, burgundy, charcoal and black palette, richer contrast, polished evening finish and refined statement accessories, authentic fabric texture, precise seams and fasteners, natural drape, believable accessories, polished editorial styling","wrong hairstyle, inconsistent hair length, merged hair strands, duplicate accessories, incorrect garment layering, warped clothing, broken seams, broken fasteners, malformed footwear, random logos, misspelled text, poor fit, extra limbs, bad hands, child, teen, underage, watermark, low detail, blur",Male/Brooklyn Workwear,1,False
0235 | Male/Polished Culture/Brooklyn Workwear - Evening Look / Shoulder Length Waves - Day Finish,"adult man, chore jacket, premium denim, heavyweight tee and clean work boots, a polished suit or dinner jacket, precise shirt styling and minimal formal accessories, shoulder-length waves with natural separation, forest, tan and dark denim palette, soft matte daytime finish, practical restrained accessories, authentic fabric texture, precise seams and fasteners, natural drape, believable accessories, polished editorial styling","wrong hairstyle, inconsistent hair length, merged hair strands, duplicate accessories, incorrect garment layering, warped clothing, broken seams, broken fasteners, malformed footwear, random logos, misspelled text, poor fit, extra limbs, bad hands, child, teen, underage, watermark, low detail, blur",Male/Brooklyn Workwear,1,False
0236 | Male/Polished Culture/Brooklyn Workwear - Evening Look / Shoulder Length Waves - Evening Finish,"adult man, chore jacket, premium denim, heavyweight tee and clean work boots, a polished suit or dinner jacket, precise shirt styling and minimal formal accessories, shoulder-length waves with natural separation, forest, tan and dark denim palette, richer contrast, polished evening finish and refined statement accessories, authentic fabric texture, precise seams and fasteners, natural drape, believable accessories, polished editorial styling","wrong hairstyle, inconsistent hair length, merged hair strands, duplicate accessories, incorrect garment layering, warped clothing, broken seams, broken fasteners, malformed footwear, random logos, misspelled text, poor fit, extra limbs, bad hands, child, teen, underage, watermark, low detail, blur",Male/Brooklyn Workwear,1,False
0237 | Male/Polished Culture/Brooklyn Workwear - Evening Look / Braided Style - Day Finish,"adult man, chore jacket, premium denim, heavyweight tee and clean work boots, a polished suit or dinner jacket, precise shirt styling and minimal formal accessories, precise braided style with clean scalp detail, earth tones, black and bronze palette, soft matte daytime finish, practical restrained accessories, authentic fabric texture, precise seams and fasteners, natural drape, believable accessories, polished editorial styling","wrong hairstyle, inconsistent hair length, merged hair strands, duplicate accessories, incorrect garment layering, warped clothing, broken seams, broken fasteners, malformed footwear, random logos, misspelled text, poor fit, extra limbs, bad hands, child, teen, underage, watermark, low detail, blur",Male/Brooklyn Workwear,1,False
0238 | Male/Polished Culture/Brooklyn Workwear - Evening Look / Braided Style - Evening Finish,"adult man, chore jacket, premium denim, heavyweight tee and clean work boots, a polished suit or dinner jacket, precise shirt styling and minimal formal accessories, precise braided style with clean scalp detail, earth tones, black and bronze palette, richer contrast, polished evening finish and refined statement accessories, authentic fabric texture, precise seams and fasteners, natural drape, believable accessories, polished editorial styling","wrong hairstyle, inconsistent hair length, merged hair strands, duplicate accessories, incorrect garment layering, warped clothing, broken seams, broken fasteners, malformed footwear, random logos, misspelled text, poor fit, extra limbs, bad hands, child, teen, underage, watermark, low detail, blur",Male/Brooklyn Workwear,1,False
0239 | Male/Polished Culture/Brooklyn Workwear - Evening Look / Silvered Taper - Day Finish,"adult man, chore jacket, premium denim, heavyweight tee and clean work boots, a polished suit or dinner jacket, precise shirt styling and minimal formal accessories, mature silvered taper with refined texture, navy, grey and oxblood palette, soft matte daytime finish, practical restrained accessories, authentic fabric texture, precise seams and fasteners, natural drape, believable accessories, polished editorial styling","wrong hairstyle, inconsistent hair length, merged hair strands, duplicate accessories, incorrect garment layering, warped clothing, broken seams, broken fasteners, malformed footwear, random logos, misspelled text, poor fit, extra limbs, bad hands, child, teen, underage, watermark, low detail, blur",Male/Brooklyn Workwear,1,False
0240 | Male/Polished Culture/Brooklyn Workwear - Evening Look / Silvered Taper - Evening Finish,"adult man, chore jacket, premium denim, heavyweight tee and clean work boots, a polished suit or dinner jacket, precise shirt styling and minimal formal accessories, mature silvered taper with refined texture, navy, grey and oxblood palette, richer contrast, polished evening finish and refined statement accessories, authentic fabric texture, precise seams and fasteners, natural drape, believable accessories, polished editorial styling","wrong hairstyle, inconsistent hair length, merged hair strands, duplicate accessories, incorrect garment layering, warped clothing, broken seams, broken fasteners, malformed footwear, random logos, misspelled text, poor fit, extra limbs, bad hands, child, teen, underage, watermark, low detail, blur",Male/Brooklyn Workwear,1,False
0241 | Male/Polished Culture/Los Angeles Casual - Outerwear Look / Classic Taper - Day Finish,"adult man, relaxed overshirt, premium tee, tapered trousers and minimal sneakers, a structured jacket or coat over layered knitwear, tailored trousers and coordinated footwear, clean classic taper with natural texture, navy, charcoal and white palette, soft matte daytime finish, practical restrained accessories, authentic fabric texture, precise seams and fasteners, natural drape, believable accessories, polished editorial styling","wrong hairstyle, inconsistent hair length, merged hair strands, duplicate accessories, incorrect garment layering, warped clothing, broken seams, broken fasteners, malformed footwear, random logos, misspelled text, poor fit, extra limbs, bad hands, child, teen, underage, watermark, low detail, blur",Male/Los Angeles Casual,1,False
0242 | Male/Polished Culture/Los Angeles Casual - Outerwear Look / Classic Taper - Evening Finish,"adult man, relaxed overshirt, premium tee, tapered trousers and minimal sneakers, a structured jacket or coat over layered knitwear, tailored trousers and coordinated footwear, clean classic taper with natural texture, navy, charcoal and white palette, richer contrast, polished evening finish and refined statement accessories, authentic fabric texture, precise seams and fasteners, natural drape, believable accessories, polished editorial styling","wrong hairstyle, inconsistent hair length, merged hair strands, duplicate accessories, incorrect garment layering, warped clothing, broken seams, broken fasteners, malformed footwear, random logos, misspelled text, poor fit, extra limbs, bad hands, child, teen, underage, watermark, low detail, blur",Male/Los Angeles Casual,1,False
0243 | Male/Polished Culture/Los Angeles Casual - Outerwear Look / Textured Crop - Day Finish,"adult man, relaxed overshirt, premium tee, tapered trousers and minimal sneakers, a structured jacket or coat over layered knitwear, tailored trousers and coordinated footwear, textured crop with controlled matte finish, olive, stone and black palette, soft matte daytime finish, practical restrained accessories, authentic fabric texture, precise seams and fasteners, natural drape, believable accessories, polished editorial styling","wrong hairstyle, inconsistent hair length, merged hair strands, duplicate accessories, incorrect garment layering, warped clothing, broken seams, broken fasteners, malformed footwear, random logos, misspelled text, poor fit, extra limbs, bad hands, child, teen, underage, watermark, low detail, blur",Male/Los Angeles Casual,1,False
0244 | Male/Polished Culture/Los Angeles Casual - Outerwear Look / Textured Crop - Evening Finish,"adult man, relaxed overshirt, premium tee, tapered trousers and minimal sneakers, a structured jacket or coat over layered knitwear, tailored trousers and coordinated footwear, textured crop with controlled matte finish, olive, stone and black palette, richer contrast, polished evening finish and refined statement accessories, authentic fabric texture, precise seams and fasteners, natural drape, believable accessories, polished editorial styling","wrong hairstyle, inconsistent hair length, merged hair strands, duplicate accessories, incorrect garment layering, warped clothing, broken seams, broken fasteners, malformed footwear, random logos, misspelled text, poor fit, extra limbs, bad hands, child, teen, underage, watermark, low detail, blur",Male/Los Angeles Casual,1,False
0245 | Male/Polished Culture/Los Angeles Casual - Outerwear Look / Side Part - Day Finish,"adult man, relaxed overshirt, premium tee, tapered trousers and minimal sneakers, a structured jacket or coat over layered knitwear, tailored trousers and coordinated footwear, refined side part with soft natural hold, camel, cream and dark brown palette, soft matte daytime finish, practical restrained accessories, authentic fabric texture, precise seams and fasteners, natural drape, believable accessories, polished editorial styling","wrong hairstyle, inconsistent hair length, merged hair strands, duplicate accessories, incorrect garment layering, warped clothing, broken seams, broken fasteners, malformed footwear, random logos, misspelled text, poor fit, extra limbs, bad hands, child, teen, underage, watermark, low detail, blur",Male/Los Angeles Casual,1,False
0246 | Male/Polished Culture/Los Angeles Casual - Outerwear Look / Side Part - Evening Finish,"adult man, relaxed overshirt, premium tee, tapered trousers and minimal sneakers, a structured jacket or coat over layered knitwear, tailored trousers and coordinated footwear, refined side part with soft natural hold, camel, cream and dark brown palette, richer contrast, polished evening finish and refined statement accessories, authentic fabric texture, precise seams and fasteners, natural drape, believable accessories, polished editorial styling","wrong hairstyle, inconsistent hair length, merged hair strands, duplicate accessories, incorrect garment layering, warped clothing, broken seams, broken fasteners, malformed footwear, random logos, misspelled text, poor fit, extra limbs, bad hands, child, teen, underage, watermark, low detail, blur",Male/Los Angeles Casual,1,False
0247 | Male/Polished Culture/Los Angeles Casual - Outerwear Look / Medium Swept Back - Day Finish,"adult man, relaxed overshirt, premium tee, tapered trousers and minimal sneakers, a structured jacket or coat over layered knitwear, tailored trousers and coordinated footwear, medium-length hair swept back with realistic movement, black, grey and silver palette, soft matte daytime finish, practical restrained accessories, authentic fabric texture, precise seams and fasteners, natural drape, believable accessories, polished editorial styling","wrong hairstyle, inconsistent hair length, merged hair strands, duplicate accessories, incorrect garment layering, warped clothing, broken seams, broken fasteners, malformed footwear, random logos, misspelled text, poor fit, extra limbs, bad hands, child, teen, underage, watermark, low detail, blur",Male/Los Angeles Casual,1,False
0248 | Male/Polished Culture/Los Angeles Casual - Outerwear Look / Medium Swept Back - Evening Finish,"adult man, relaxed overshirt, premium tee, tapered trousers and minimal sneakers, a structured jacket or coat over layered knitwear, tailored trousers and coordinated footwear, medium-length hair swept back with realistic movement, black, grey and silver palette, richer contrast, polished evening finish and refined statement accessories, authentic fabric texture, precise seams and fasteners, natural drape, believable accessories, polished editorial styling","wrong hairstyle, inconsistent hair length, merged hair strands, duplicate accessories, incorrect garment layering, warped clothing, broken seams, broken fasteners, malformed footwear, random logos, misspelled text, poor fit, extra limbs, bad hands, child, teen, underage, watermark, low detail, blur",Male/Los Angeles Casual,1,False
0249 | Male/Polished Culture/Los Angeles Casual - Outerwear Look / Natural Curls - Day Finish,"adult man, relaxed overshirt, premium tee, tapered trousers and minimal sneakers, a structured jacket or coat over layered knitwear, tailored trousers and coordinated footwear, defined natural curls with balanced shape, rust, navy and cream palette, soft matte daytime finish, practical restrained accessories, authentic fabric texture, precise seams and fasteners, natural drape, believable accessories, polished editorial styling","wrong hairstyle, inconsistent hair length, merged hair strands, duplicate accessories, incorrect garment layering, warped clothing, broken seams, broken fasteners, malformed footwear, random logos, misspelled text, poor fit, extra limbs, bad hands, child, teen, underage, watermark, low detail, blur",Male/Los Angeles Casual,1,False
0250 | Male/Polished Culture/Los Angeles Casual - Outerwear Look / Natural Curls - Evening Finish,"adult man, relaxed overshirt, premium tee, tapered trousers and minimal sneakers, a structured jacket or coat over layered knitwear, tailored trousers and coordinated footwear, defined natural curls with balanced shape, rust, navy and cream palette, richer contrast, polished evening finish and refined statement accessories, authentic fabric texture, precise seams and fasteners, natural drape, believable accessories, polished editorial styling","wrong hairstyle, inconsistent hair length, merged hair strands, duplicate accessories, incorrect garment layering, warped clothing, broken seams, broken fasteners, malformed footwear, random logos, misspelled text, poor fit, extra limbs, bad hands, child, teen, underage, watermark, low detail, blur",Male/Los Angeles Casual,1,False
0251 | Male/Polished Culture/Los Angeles Casual - Outerwear Look / Close Buzz Cut - Day Finish,"adult man, relaxed overshirt, premium tee, tapered trousers and minimal sneakers, a structured jacket or coat over layered knitwear, tailored trousers and coordinated footwear, precise close buzz cut with clean hairline, black, white and cobalt palette, soft matte daytime finish, practical restrained accessories, authentic fabric texture, precise seams and fasteners, natural drape, believable accessories, polished editorial styling","wrong hairstyle, inconsistent hair length, merged hair strands, duplicate accessories, incorrect garment layering, warped clothing, broken seams, broken fasteners, malformed footwear, random logos, misspelled text, poor fit, extra limbs, bad hands, child, teen, underage, watermark, low detail, blur",Male/Los Angeles Casual,1,False
0252 | Male/Polished Culture/Los Angeles Casual - Outerwear Look / Close Buzz Cut - Evening Finish,"adult man, relaxed overshirt, premium tee, tapered trousers and minimal sneakers, a structured jacket or coat over layered knitwear, tailored trousers and coordinated footwear, precise close buzz cut with clean hairline, black, white and cobalt palette, richer contrast, polished evening finish and refined statement accessories, authentic fabric texture, precise seams and fasteners, natural drape, believable accessories, polished editorial styling","wrong hairstyle, inconsistent hair length, merged hair strands, duplicate accessories, incorrect garment layering, warped clothing, broken seams, broken fasteners, malformed footwear, random logos, misspelled text, poor fit, extra limbs, bad hands, child, teen, underage, watermark, low detail, blur",Male/Los Angeles Casual,1,False
0253 | Male/Polished Culture/Los Angeles Casual - Outerwear Look / Modern Quiff - Day Finish,"adult man, relaxed overshirt, premium tee, tapered trousers and minimal sneakers, a structured jacket or coat over layered knitwear, tailored trousers and coordinated footwear, modern quiff with controlled volume, burgundy, charcoal and black palette, soft matte daytime finish, practical restrained accessories, authentic fabric texture, precise seams and fasteners, natural drape, believable accessories, polished editorial styling","wrong hairstyle, inconsistent hair length, merged hair strands, duplicate accessories, incorrect garment layering, warped clothing, broken seams, broken fasteners, malformed footwear, random logos, misspelled text, poor fit, extra limbs, bad hands, child, teen, underage, watermark, low detail, blur",Male/Los Angeles Casual,1,False
0254 | Male/Polished Culture/Los Angeles Casual - Outerwear Look / Modern Quiff - Evening Finish,"adult man, relaxed overshirt, premium tee, tapered trousers and minimal sneakers, a structured jacket or coat over layered knitwear, tailored trousers and coordinated footwear, modern quiff with controlled volume, burgundy, charcoal and black palette, richer contrast, polished evening finish and refined statement accessories, authentic fabric texture, precise seams and fasteners, natural drape, believable accessories, polished editorial styling","wrong hairstyle, inconsistent hair length, merged hair strands, duplicate accessories, incorrect garment layering, warped clothing, broken seams, broken fasteners, malformed footwear, random logos, misspelled text, poor fit, extra limbs, bad hands, child, teen, underage, watermark, low detail, blur",Male/Los Angeles Casual,1,False
0255 | Male/Polished Culture/Los Angeles Casual - Outerwear Look / Shoulder Length Waves - Day Finish,"adult man, relaxed overshirt, premium tee, tapered trousers and minimal sneakers, a structured jacket or coat over layered knitwear, tailored trousers and coordinated footwear, shoulder-length waves with natural separation, forest, tan and dark denim palette, soft matte daytime finish, practical restrained accessories, authentic fabric texture, precise seams and fasteners, natural drape, believable accessories, polished editorial styling","wrong hairstyle, inconsistent hair length, merged hair strands, duplicate accessories, incorrect garment layering, warped clothing, broken seams, broken fasteners, malformed footwear, random logos, misspelled text, poor fit, extra limbs, bad hands, child, teen, underage, watermark, low detail, blur",Male/Los Angeles Casual,1,False
0256 | Male/Polished Culture/Los Angeles Casual - Outerwear Look / Shoulder Length Waves - Evening Finish,"adult man, relaxed overshirt, premium tee, tapered trousers and minimal sneakers, a structured jacket or coat over layered knitwear, tailored trousers and coordinated footwear, shoulder-length waves with natural separation, forest, tan and dark denim palette, richer contrast, polished evening finish and refined statement accessories, authentic fabric texture, precise seams and fasteners, natural drape, believable accessories, polished editorial styling","wrong hairstyle, inconsistent hair length, merged hair strands, duplicate accessories, incorrect garment layering, warped clothing, broken seams, broken fasteners, malformed footwear, random logos, misspelled text, poor fit, extra limbs, bad hands, child, teen, underage, watermark, low detail, blur",Male/Los Angeles Casual,1,False
0257 | Male/Polished Culture/Los Angeles Casual - Outerwear Look / Braided Style - Day Finish,"adult man, relaxed overshirt, premium tee, tapered trousers and minimal sneakers, a structured jacket or coat over layered knitwear, tailored trousers and coordinated footwear, precise braided style with clean scalp detail, earth tones, black and bronze palette, soft matte daytime finish, practical restrained accessories, authentic fabric texture, precise seams and fasteners, natural drape, believable accessories, polished editorial styling","wrong hairstyle, inconsistent hair length, merged hair strands, duplicate accessories, incorrect garment layering, warped clothing, broken seams, broken fasteners, malformed footwear, random logos, misspelled text, poor fit, extra limbs, bad hands, child, teen, underage, watermark, low detail, blur",Male/Los Angeles Casual,1,False
0258 | Male/Polished Culture/Los Angeles Casual - Outerwear Look / Braided Style - Evening Finish,"adult man, relaxed overshirt, premium tee, tapered trousers and minimal sneakers, a structured jacket or coat over layered knitwear, tailored trousers and coordinated footwear, precise braided style with clean scalp detail, earth tones, black and bronze palette, richer contrast, polished evening finish and refined statement accessories, authentic fabric texture, precise seams and fasteners, natural drape, believable accessories, polished editorial styling","wrong hairstyle, inconsistent hair length, merged hair strands, duplicate accessories, incorrect garment layering, warped clothing, broken seams, broken fasteners, malformed footwear, random logos, misspelled text, poor fit, extra limbs, bad hands, child, teen, underage, watermark, low detail, blur",Male/Los Angeles Casual,1,False
0259 | Male/Polished Culture/Los Angeles Casual - Outerwear Look / Silvered Taper - Day Finish,"adult man, relaxed overshirt, premium tee, tapered trousers and minimal sneakers, a structured jacket or coat over layered knitwear, tailored trousers and coordinated footwear, mature silvered taper with refined texture, navy, grey and oxblood palette, soft matte daytime finish, practical restrained accessories, authentic fabric texture, precise seams and fasteners, natural drape, believable accessories, polished editorial styling","wrong hairstyle, inconsistent hair length, merged hair strands, duplicate accessories, incorrect garment layering, warped clothing, broken seams, broken fasteners, malformed footwear, random logos, misspelled text, poor fit, extra limbs, bad hands, child, teen, underage, watermark, low detail, blur",Male/Los Angeles Casual,1,False
0260 | Male/Polished Culture/Los Angeles Casual - Outerwear Look / Silvered Taper - Evening Finish,"adult man, relaxed overshirt, premium tee, tapered trousers and minimal sneakers, a structured jacket or coat over layered knitwear, tailored trousers and coordinated footwear, mature silvered taper with refined texture, navy, grey and oxblood palette, richer contrast, polished evening finish and refined statement accessories, authentic fabric texture, precise seams and fasteners, natural drape, believable accessories, polished editorial styling","wrong hairstyle, inconsistent hair length, merged hair strands, duplicate accessories, incorrect garment layering, warped clothing, broken seams, broken fasteners, malformed footwear, random logos, misspelled text, poor fit, extra limbs, bad hands, child, teen, underage, watermark, low detail, blur",Male/Los Angeles Casual,1,False
0261 | Male/Polished Culture/Los Angeles Casual - Smart Casual / Classic Taper - Day Finish,"adult man, relaxed overshirt, premium tee, tapered trousers and minimal sneakers, a refined shirt or polo, lightweight jacket, clean trousers and understated accessories, clean classic taper with natural texture, navy, charcoal and white palette, soft matte daytime finish, practical restrained accessories, authentic fabric texture, precise seams and fasteners, natural drape, believable accessories, polished editorial styling","wrong hairstyle, inconsistent hair length, merged hair strands, duplicate accessories, incorrect garment layering, warped clothing, broken seams, broken fasteners, malformed footwear, random logos, misspelled text, poor fit, extra limbs, bad hands, child, teen, underage, watermark, low detail, blur",Male/Los Angeles Casual,1,False
0262 | Male/Polished Culture/Los Angeles Casual - Smart Casual / Classic Taper - Evening Finish,"adult man, relaxed overshirt, premium tee, tapered trousers and minimal sneakers, a refined shirt or polo, lightweight jacket, clean trousers and understated accessories, clean classic taper with natural texture, navy, charcoal and white palette, richer contrast, polished evening finish and refined statement accessories, authentic fabric texture, precise seams and fasteners, natural drape, believable accessories, polished editorial styling","wrong hairstyle, inconsistent hair length, merged hair strands, duplicate accessories, incorrect garment layering, warped clothing, broken seams, broken fasteners, malformed footwear, random logos, misspelled text, poor fit, extra limbs, bad hands, child, teen, underage, watermark, low detail, blur",Male/Los Angeles Casual,1,False
0263 | Male/Polished Culture/Los Angeles Casual - Smart Casual / Textured Crop - Day Finish,"adult man, relaxed overshirt, premium tee, tapered trousers and minimal sneakers, a refined shirt or polo, lightweight jacket, clean trousers and understated accessories, textured crop with controlled matte finish, olive, stone and black palette, soft matte daytime finish, practical restrained accessories, authentic fabric texture, precise seams and fasteners, natural drape, believable accessories, polished editorial styling","wrong hairstyle, inconsistent hair length, merged hair strands, duplicate accessories, incorrect garment layering, warped clothing, broken seams, broken fasteners, malformed footwear, random logos, misspelled text, poor fit, extra limbs, bad hands, child, teen, underage, watermark, low detail, blur",Male/Los Angeles Casual,1,False
0264 | Male/Polished Culture/Los Angeles Casual - Smart Casual / Textured Crop - Evening Finish,"adult man, relaxed overshirt, premium tee, tapered trousers and minimal sneakers, a refined shirt or polo, lightweight jacket, clean trousers and understated accessories, textured crop with controlled matte finish, olive, stone and black palette, richer contrast, polished evening finish and refined statement accessories, authentic fabric texture, precise seams and fasteners, natural drape, believable accessories, polished editorial styling","wrong hairstyle, inconsistent hair length, merged hair strands, duplicate accessories, incorrect garment layering, warped clothing, broken seams, broken fasteners, malformed footwear, random logos, misspelled text, poor fit, extra limbs, bad hands, child, teen, underage, watermark, low detail, blur",Male/Los Angeles Casual,1,False
0265 | Male/Polished Culture/Los Angeles Casual - Smart Casual / Side Part - Day Finish,"adult man, relaxed overshirt, premium tee, tapered trousers and minimal sneakers, a refined shirt or polo, lightweight jacket, clean trousers and understated accessories, refined side part with soft natural hold, camel, cream and dark brown palette, soft matte daytime finish, practical restrained accessories, authentic fabric texture, precise seams and fasteners, natural drape, believable accessories, polished editorial styling","wrong hairstyle, inconsistent hair length, merged hair strands, duplicate accessories, incorrect garment layering, warped clothing, broken seams, broken fasteners, malformed footwear, random logos, misspelled text, poor fit, extra limbs, bad hands, child, teen, underage, watermark, low detail, blur",Male/Los Angeles Casual,1,False
0266 | Male/Polished Culture/Los Angeles Casual - Smart Casual / Side Part - Evening Finish,"adult man, relaxed overshirt, premium tee, tapered trousers and minimal sneakers, a refined shirt or polo, lightweight jacket, clean trousers and understated accessories, refined side part with soft natural hold, camel, cream and dark brown palette, richer contrast, polished evening finish and refined statement accessories, authentic fabric texture, precise seams and fasteners, natural drape, believable accessories, polished editorial styling","wrong hairstyle, inconsistent hair length, merged hair strands, duplicate accessories, incorrect garment layering, warped clothing, broken seams, broken fasteners, malformed footwear, random logos, misspelled text, poor fit, extra limbs, bad hands, child, teen, underage, watermark, low detail, blur",Male/Los Angeles Casual,1,False
0267 | Male/Polished Culture/Los Angeles Casual - Smart Casual / Medium Swept Back - Day Finish,"adult man, relaxed overshirt, premium tee, tapered trousers and minimal sneakers, a refined shirt or polo, lightweight jacket, clean trousers and understated accessories, medium-length hair swept back with realistic movement, black, grey and silver palette, soft matte daytime finish, practical restrained accessories, authentic fabric texture, precise seams and fasteners, natural drape, believable accessories, polished editorial styling","wrong hairstyle, inconsistent hair length, merged hair strands, duplicate accessories, incorrect garment layering, warped clothing, broken seams, broken fasteners, malformed footwear, random logos, misspelled text, poor fit, extra limbs, bad hands, child, teen, underage, watermark, low detail, blur",Male/Los Angeles Casual,1,False
0268 | Male/Polished Culture/Los Angeles Casual - Smart Casual / Medium Swept Back - Evening Finish,"adult man, relaxed overshirt, premium tee, tapered trousers and minimal sneakers, a refined shirt or polo, lightweight jacket, clean trousers and understated accessories, medium-length hair swept back with realistic movement, black, grey and silver palette, richer contrast, polished evening finish and refined statement accessories, authentic fabric texture, precise seams and fasteners, natural drape, believable accessories, polished editorial styling","wrong hairstyle, inconsistent hair length, merged hair strands, duplicate accessories, incorrect garment layering, warped clothing, broken seams, broken fasteners, malformed footwear, random logos, misspelled text, poor fit, extra limbs, bad hands, child, teen, underage, watermark, low detail, blur",Male/Los Angeles Casual,1,False
0269 | Male/Polished Culture/Los Angeles Casual - Smart Casual / Natural Curls - Day Finish,"adult man, relaxed overshirt, premium tee, tapered trousers and minimal sneakers, a refined shirt or polo, lightweight jacket, clean trousers and understated accessories, defined natural curls with balanced shape, rust, navy and cream palette, soft matte daytime finish, practical restrained accessories, authentic fabric texture, precise seams and fasteners, natural drape, believable accessories, polished editorial styling","wrong hairstyle, inconsistent hair length, merged hair strands, duplicate accessories, incorrect garment layering, warped clothing, broken seams, broken fasteners, malformed footwear, random logos, misspelled text, poor fit, extra limbs, bad hands, child, teen, underage, watermark, low detail, blur",Male/Los Angeles Casual,1,False
0270 | Male/Polished Culture/Los Angeles Casual - Smart Casual / Natural Curls - Evening Finish,"adult man, relaxed overshirt, premium tee, tapered trousers and minimal sneakers, a refined shirt or polo, lightweight jacket, clean trousers and understated accessories, defined natural curls with balanced shape, rust, navy and cream palette, richer contrast, polished evening finish and refined statement accessories, authentic fabric texture, precise seams and fasteners, natural drape, believable accessories, polished editorial styling","wrong hairstyle, inconsistent hair length, merged hair strands, duplicate accessories, incorrect garment layering, warped clothing, broken seams, broken fasteners, malformed footwear, random logos, misspelled text, poor fit, extra limbs, bad hands, child, teen, underage, watermark, low detail, blur",Male/Los Angeles Casual,1,False
0271 | Male/Polished Culture/Los Angeles Casual - Smart Casual / Close Buzz Cut - Day Finish,"adult man, relaxed overshirt, premium tee, tapered trousers and minimal sneakers, a refined shirt or polo, lightweight jacket, clean trousers and understated accessories, precise close buzz cut with clean hairline, black, white and cobalt palette, soft matte daytime finish, practical restrained accessories, authentic fabric texture, precise seams and fasteners, natural drape, believable accessories, polished editorial styling","wrong hairstyle, inconsistent hair length, merged hair strands, duplicate accessories, incorrect garment layering, warped clothing, broken seams, broken fasteners, malformed footwear, random logos, misspelled text, poor fit, extra limbs, bad hands, child, teen, underage, watermark, low detail, blur",Male/Los Angeles Casual,1,False
0272 | Male/Polished Culture/Los Angeles Casual - Smart Casual / Close Buzz Cut - Evening Finish,"adult man, relaxed overshirt, premium tee, tapered trousers and minimal sneakers, a refined shirt or polo, lightweight jacket, clean trousers and understated accessories, precise close buzz cut with clean hairline, black, white and cobalt palette, richer contrast, polished evening finish and refined statement accessories, authentic fabric texture, precise seams and fasteners, natural drape, believable accessories, polished editorial styling","wrong hairstyle, inconsistent hair length, merged hair strands, duplicate accessories, incorrect garment layering, warped clothing, broken seams, broken fasteners, malformed footwear, random logos, misspelled text, poor fit, extra limbs, bad hands, child, teen, underage, watermark, low detail, blur",Male/Los Angeles Casual,1,False
0273 | Male/Polished Culture/Los Angeles Casual - Smart Casual / Modern Quiff - Day Finish,"adult man, relaxed overshirt, premium tee, tapered trousers and minimal sneakers, a refined shirt or polo, lightweight jacket, clean trousers and understated accessories, modern quiff with controlled volume, burgundy, charcoal and black palette, soft matte daytime finish, practical restrained accessories, authentic fabric texture, precise seams and fasteners, natural drape, believable accessories, polished editorial styling","wrong hairstyle, inconsistent hair length, merged hair strands, duplicate accessories, incorrect garment layering, warped clothing, broken seams, broken fasteners, malformed footwear, random logos, misspelled text, poor fit, extra limbs, bad hands, child, teen, underage, watermark, low detail, blur",Male/Los Angeles Casual,1,False
0274 | Male/Polished Culture/Los Angeles Casual - Smart Casual / Modern Quiff - Evening Finish,"adult man, relaxed overshirt, premium tee, tapered trousers and minimal sneakers, a refined shirt or polo, lightweight jacket, clean trousers and understated accessories, modern quiff with controlled volume, burgundy, charcoal and black palette, richer contrast, polished evening finish and refined statement accessories, authentic fabric texture, precise seams and fasteners, natural drape, believable accessories, polished editorial styling","wrong hairstyle, inconsistent hair length, merged hair strands, duplicate accessories, incorrect garment layering, warped clothing, broken seams, broken fasteners, malformed footwear, random logos, misspelled text, poor fit, extra limbs, bad hands, child, teen, underage, watermark, low detail, blur",Male/Los Angeles Casual,1,False
0275 | Male/Polished Culture/Los Angeles Casual - Smart Casual / Shoulder Length Waves - Day Finish,"adult man, relaxed overshirt, premium tee, tapered trousers and minimal sneakers, a refined shirt or polo, lightweight jacket, clean trousers and understated accessories, shoulder-length waves with natural separation, forest, tan and dark denim palette, soft matte daytime finish, practical restrained accessories, authentic fabric texture, precise seams and fasteners, natural drape, believable accessories, polished editorial styling","wrong hairstyle, inconsistent hair length, merged hair strands, duplicate accessories, incorrect garment layering, warped clothing, broken seams, broken fasteners, malformed footwear, random logos, misspelled text, poor fit, extra limbs, bad hands, child, teen, underage, watermark, low detail, blur",Male/Los Angeles Casual,1,False
0276 | Male/Polished Culture/Los Angeles Casual - Smart Casual / Shoulder Length Waves - Evening Finish,"adult man, relaxed overshirt, premium tee, tapered trousers and minimal sneakers, a refined shirt or polo, lightweight jacket, clean trousers and understated accessories, shoulder-length waves with natural separation, forest, tan and dark denim palette, richer contrast, polished evening finish and refined statement accessories, authentic fabric texture, precise seams and fasteners, natural drape, believable accessories, polished editorial styling","wrong hairstyle, inconsistent hair length, merged hair strands, duplicate accessories, incorrect garment layering, warped clothing, broken seams, broken fasteners, malformed footwear, random logos, misspelled text, poor fit, extra limbs, bad hands, child, teen, underage, watermark, low detail, blur",Male/Los Angeles Casual,1,False
0277 | Male/Polished Culture/Los Angeles Casual - Smart Casual / Braided Style - Day Finish,"adult man, relaxed overshirt, premium tee, tapered trousers and minimal sneakers, a refined shirt or polo, lightweight jacket, clean trousers and understated accessories, precise braided style with clean scalp detail, earth tones, black and bronze palette, soft matte daytime finish, practical restrained accessories, authentic fabric texture, precise seams and fasteners, natural drape, believable accessories, polished editorial styling","wrong hairstyle, inconsistent hair length, merged hair strands, duplicate accessories, incorrect garment layering, warped clothing, broken seams, broken fasteners, malformed footwear, random logos, misspelled text, poor fit, extra limbs, bad hands, child, teen, underage, watermark, low detail, blur",Male/Los Angeles Casual,1,False
0278 | Male/Polished Culture/Los Angeles Casual - Smart Casual / Braided Style - Evening Finish,"adult man, relaxed overshirt, premium tee, tapered trousers and minimal sneakers, a refined shirt or polo, lightweight jacket, clean trousers and understated accessories, precise braided style with clean scalp detail, earth tones, black and bronze palette, richer contrast, polished evening finish and refined statement accessories, authentic fabric texture, precise seams and fasteners, natural drape, believable accessories, polished editorial styling","wrong hairstyle, inconsistent hair length, merged hair strands, duplicate accessories, incorrect garment layering, warped clothing, broken seams, broken fasteners, malformed footwear, random logos, misspelled text, poor fit, extra limbs, bad hands, child, teen, underage, watermark, low detail, blur",Male/Los Angeles Casual,1,False
0279 | Male/Polished Culture/Los Angeles Casual - Smart Casual / Silvered Taper - Day Finish,"adult man, relaxed overshirt, premium tee, tapered trousers and minimal sneakers, a refined shirt or polo, lightweight jacket, clean trousers and understated accessories, mature silvered taper with refined texture, navy, grey and oxblood palette, soft matte daytime finish, practical restrained accessories, authentic fabric texture, precise seams and fasteners, natural drape, believable accessories, polished editorial styling","wrong hairstyle, inconsistent hair length, merged hair strands, duplicate accessories, incorrect garment layering, warped clothing, broken seams, broken fasteners, malformed footwear, random logos, misspelled text, poor fit, extra limbs, bad hands, child, teen, underage, watermark, low detail, blur",Male/Los Angeles Casual,1,False
0280 | Male/Polished Culture/Los Angeles Casual - Smart Casual / Silvered Taper - Evening Finish,"adult man, relaxed overshirt, premium tee, tapered trousers and minimal sneakers, a refined shirt or polo, lightweight jacket, clean trousers and understated accessories, mature silvered taper with refined texture, navy, grey and oxblood palette, richer contrast, polished evening finish and refined statement accessories, authentic fabric texture, precise seams and fasteners, natural drape, believable accessories, polished editorial styling","wrong hairstyle, inconsistent hair length, merged hair strands, duplicate accessories, incorrect garment layering, warped clothing, broken seams, broken fasteners, malformed footwear, random logos, misspelled text, poor fit, extra limbs, bad hands, child, teen, underage, watermark, low detail, blur",Male/Los Angeles Casual,1,False
0281 | Male/Polished Culture/Los Angeles Casual - Evening Look / Classic Taper - Day Finish,"adult man, relaxed overshirt, premium tee, tapered trousers and minimal sneakers, a polished suit or dinner jacket, precise shirt styling and minimal formal accessories, clean classic taper with natural texture, navy, charcoal and white palette, soft matte daytime finish, practical restrained accessories, authentic fabric texture, precise seams and fasteners, natural drape, believable accessories, polished editorial styling","wrong hairstyle, inconsistent hair length, merged hair strands, duplicate accessories, incorrect garment layering, warped clothing, broken seams, broken fasteners, malformed footwear, random logos, misspelled text, poor fit, extra limbs, bad hands, child, teen, underage, watermark, low detail, blur",Male/Los Angeles Casual,1,False
0282 | Male/Polished Culture/Los Angeles Casual - Evening Look / Classic Taper - Evening Finish,"adult man, relaxed overshirt, premium tee, tapered trousers and minimal sneakers, a polished suit or dinner jacket, precise shirt styling and minimal formal accessories, clean classic taper with natural texture, navy, charcoal and white palette, richer contrast, polished evening finish and refined statement accessories, authentic fabric texture, precise seams and fasteners, natural drape, believable accessories, polished editorial styling","wrong hairstyle, inconsistent hair length, merged hair strands, duplicate accessories, incorrect garment layering, warped clothing, broken seams, broken fasteners, malformed footwear, random logos, misspelled text, poor fit, extra limbs, bad hands, child, teen, underage, watermark, low detail, blur",Male/Los Angeles Casual,1,False
0283 | Male/Polished Culture/Los Angeles Casual - Evening Look / Textured Crop - Day Finish,"adult man, relaxed overshirt, premium tee, tapered trousers and minimal sneakers, a polished suit or dinner jacket, precise shirt styling and minimal formal accessories, textured crop with controlled matte finish, olive, stone and black palette, soft matte daytime finish, practical restrained accessories, authentic fabric texture, precise seams and fasteners, natural drape, believable accessories, polished editorial styling","wrong hairstyle, inconsistent hair length, merged hair strands, duplicate accessories, incorrect garment layering, warped clothing, broken seams, broken fasteners, malformed footwear, random logos, misspelled text, poor fit, extra limbs, bad hands, child, teen, underage, watermark, low detail, blur",Male/Los Angeles Casual,1,False
0284 | Male/Polished Culture/Los Angeles Casual - Evening Look / Textured Crop - Evening Finish,"adult man, relaxed overshirt, premium tee, tapered trousers and minimal sneakers, a polished suit or dinner jacket, precise shirt styling and minimal formal accessories, textured crop with controlled matte finish, olive, stone and black palette, richer contrast, polished evening finish and refined statement accessories, authentic fabric texture, precise seams and fasteners, natural drape, believable accessories, polished editorial styling","wrong hairstyle, inconsistent hair length, merged hair strands, duplicate accessories, incorrect garment layering, warped clothing, broken seams, broken fasteners, malformed footwear, random logos, misspelled text, poor fit, extra limbs, bad hands, child, teen, underage, watermark, low detail, blur",Male/Los Angeles Casual,1,False
0285 | Male/Polished Culture/Los Angeles Casual - Evening Look / Side Part - Day Finish,"adult man, relaxed overshirt, premium tee, tapered trousers and minimal sneakers, a polished suit or dinner jacket, precise shirt styling and minimal formal accessories, refined side part with soft natural hold, camel, cream and dark brown palette, soft matte daytime finish, practical restrained accessories, authentic fabric texture, precise seams and fasteners, natural drape, believable accessories, polished editorial styling","wrong hairstyle, inconsistent hair length, merged hair strands, duplicate accessories, incorrect garment layering, warped clothing, broken seams, broken fasteners, malformed footwear, random logos, misspelled text, poor fit, extra limbs, bad hands, child, teen, underage, watermark, low detail, blur",Male/Los Angeles Casual,1,False
0286 | Male/Polished Culture/Los Angeles Casual - Evening Look / Side Part - Evening Finish,"adult man, relaxed overshirt, premium tee, tapered trousers and minimal sneakers, a polished suit or dinner jacket, precise shirt styling and minimal formal accessories, refined side part with soft natural hold, camel, cream and dark brown palette, richer contrast, polished evening finish and refined statement accessories, authentic fabric texture, precise seams and fasteners, natural drape, believable accessories, polished editorial styling","wrong hairstyle, inconsistent hair length, merged hair strands, duplicate accessories, incorrect garment layering, warped clothing, broken seams, broken fasteners, malformed footwear, random logos, misspelled text, poor fit, extra limbs, bad hands, child, teen, underage, watermark, low detail, blur",Male/Los Angeles Casual,1,False
0287 | Male/Polished Culture/Los Angeles Casual - Evening Look / Medium Swept Back - Day Finish,"adult man, relaxed overshirt, premium tee, tapered trousers and minimal sneakers, a polished suit or dinner jacket, precise shirt styling and minimal formal accessories, medium-length hair swept back with realistic movement, black, grey and silver palette, soft matte daytime finish, practical restrained accessories, authentic fabric texture, precise seams and fasteners, natural drape, believable accessories, polished editorial styling","wrong hairstyle, inconsistent hair length, merged hair strands, duplicate accessories, incorrect garment layering, warped clothing, broken seams, broken fasteners, malformed footwear, random logos, misspelled text, poor fit, extra limbs, bad hands, child, teen, underage, watermark, low detail, blur",Male/Los Angeles Casual,1,False
0288 | Male/Polished Culture/Los Angeles Casual - Evening Look / Medium Swept Back - Evening Finish,"adult man, relaxed overshirt, premium tee, tapered trousers and minimal sneakers, a polished suit or dinner jacket, precise shirt styling and minimal formal accessories, medium-length hair swept back with realistic movement, black, grey and silver palette, richer contrast, polished evening finish and refined statement accessories, authentic fabric texture, precise seams and fasteners, natural drape, believable accessories, polished editorial styling","wrong hairstyle, inconsistent hair length, merged hair strands, duplicate accessories, incorrect garment layering, warped clothing, broken seams, broken fasteners, malformed footwear, random logos, misspelled text, poor fit, extra limbs, bad hands, child, teen, underage, watermark, low detail, blur",Male/Los Angeles Casual,1,False
0289 | Male/Polished Culture/Los Angeles Casual - Evening Look / Natural Curls - Day Finish,"adult man, relaxed overshirt, premium tee, tapered trousers and minimal sneakers, a polished suit or dinner jacket, precise shirt styling and minimal formal accessories, defined natural curls with balanced shape, rust, navy and cream palette, soft matte daytime finish, practical restrained accessories, authentic fabric texture, precise seams and fasteners, natural drape, believable accessories, polished editorial styling","wrong hairstyle, inconsistent hair length, merged hair strands, duplicate accessories, incorrect garment layering, warped clothing, broken seams, broken fasteners, malformed footwear, random logos, misspelled text, poor fit, extra limbs, bad hands, child, teen, underage, watermark, low detail, blur",Male/Los Angeles Casual,1,False
0290 | Male/Polished Culture/Los Angeles Casual - Evening Look / Natural Curls - Evening Finish,"adult man, relaxed overshirt, premium tee, tapered trousers and minimal sneakers, a polished suit or dinner jacket, precise shirt styling and minimal formal accessories, defined natural curls with balanced shape, rust, navy and cream palette, richer contrast, polished evening finish and refined statement accessories, authentic fabric texture, precise seams and fasteners, natural drape, believable accessories, polished editorial styling","wrong hairstyle, inconsistent hair length, merged hair strands, duplicate accessories, incorrect garment layering, warped clothing, broken seams, broken fasteners, malformed footwear, random logos, misspelled text, poor fit, extra limbs, bad hands, child, teen, underage, watermark, low detail, blur",Male/Los Angeles Casual,1,False
0291 | Male/Polished Culture/Los Angeles Casual - Evening Look / Close Buzz Cut - Day Finish,"adult man, relaxed overshirt, premium tee, tapered trousers and minimal sneakers, a polished suit or dinner jacket, precise shirt styling and minimal formal accessories, precise close buzz cut with clean hairline, black, white and cobalt palette, soft matte daytime finish, practical restrained accessories, authentic fabric texture, precise seams and fasteners, natural drape, believable accessories, polished editorial styling","wrong hairstyle, inconsistent hair length, merged hair strands, duplicate accessories, incorrect garment layering, warped clothing, broken seams, broken fasteners, malformed footwear, random logos, misspelled text, poor fit, extra limbs, bad hands, child, teen, underage, watermark, low detail, blur",Male/Los Angeles Casual,1,False
0292 | Male/Polished Culture/Los Angeles Casual - Evening Look / Close Buzz Cut - Evening Finish,"adult man, relaxed overshirt, premium tee, tapered trousers and minimal sneakers, a polished suit or dinner jacket, precise shirt styling and minimal formal accessories, precise close buzz cut with clean hairline, black, white and cobalt palette, richer contrast, polished evening finish and refined statement accessories, authentic fabric texture, precise seams and fasteners, natural drape, believable accessories, polished editorial styling","wrong hairstyle, inconsistent hair length, merged hair strands, duplicate accessories, incorrect garment layering, warped clothing, broken seams, broken fasteners, malformed footwear, random logos, misspelled text, poor fit, extra limbs, bad hands, child, teen, underage, watermark, low detail, blur",Male/Los Angeles Casual,1,False
0293 | Male/Polished Culture/Los Angeles Casual - Evening Look / Modern Quiff - Day Finish,"adult man, relaxed overshirt, premium tee, tapered trousers and minimal sneakers, a polished suit or dinner jacket, precise shirt styling and minimal formal accessories, modern quiff with controlled volume, burgundy, charcoal and black palette, soft matte daytime finish, practical restrained accessories, authentic fabric texture, precise seams and fasteners, natural drape, believable accessories, polished editorial styling","wrong hairstyle, inconsistent hair length, merged hair strands, duplicate accessories, incorrect garment layering, warped clothing, broken seams, broken fasteners, malformed footwear, random logos, misspelled text, poor fit, extra limbs, bad hands, child, teen, underage, watermark, low detail, blur",Male/Los Angeles Casual,1,False
0294 | Male/Polished Culture/Los Angeles Casual - Evening Look / Modern Quiff - Evening Finish,"adult man, relaxed overshirt, premium tee, tapered trousers and minimal sneakers, a polished suit or dinner jacket, precise shirt styling and minimal formal accessories, modern quiff with controlled volume, burgundy, charcoal and black palette, richer contrast, polished evening finish and refined statement accessories, authentic fabric texture, precise seams and fasteners, natural drape, believable accessories, polished editorial styling","wrong hairstyle, inconsistent hair length, merged hair strands, duplicate accessories, incorrect garment layering, warped clothing, broken seams, broken fasteners, malformed footwear, random logos, misspelled text, poor fit, extra limbs, bad hands, child, teen, underage, watermark, low detail, blur",Male/Los Angeles Casual,1,False
0295 | Male/Polished Culture/Los Angeles Casual - Evening Look / Shoulder Length Waves - Day Finish,"adult man, relaxed overshirt, premium tee, tapered trousers and minimal sneakers, a polished suit or dinner jacket, precise shirt styling and minimal formal accessories, shoulder-length waves with natural separation, forest, tan and dark denim palette, soft matte daytime finish, practical restrained accessories, authentic fabric texture, precise seams and fasteners, natural drape, believable accessories, polished editorial styling","wrong hairstyle, inconsistent hair length, merged hair strands, duplicate accessories, incorrect garment layering, warped clothing, broken seams, broken fasteners, malformed footwear, random logos, misspelled text, poor fit, extra limbs, bad hands, child, teen, underage, watermark, low detail, blur",Male/Los Angeles Casual,1,False
0296 | Male/Polished Culture/Los Angeles Casual - Evening Look / Shoulder Length Waves - Evening Finish,"adult man, relaxed overshirt, premium tee, tapered trousers and minimal sneakers, a polished suit or dinner jacket, precise shirt styling and minimal formal accessories, shoulder-length waves with natural separation, forest, tan and dark denim palette, richer contrast, polished evening finish and refined statement accessories, authentic fabric texture, precise seams and fasteners, natural drape, believable accessories, polished editorial styling","wrong hairstyle, inconsistent hair length, merged hair strands, duplicate accessories, incorrect garment layering, warped clothing, broken seams, broken fasteners, malformed footwear, random logos, misspelled text, poor fit, extra limbs, bad hands, child, teen, underage, watermark, low detail, blur",Male/Los Angeles Casual,1,False
0297 | Male/Polished Culture/Los Angeles Casual - Evening Look / Braided Style - Day Finish,"adult man, relaxed overshirt, premium tee, tapered trousers and minimal sneakers, a polished suit or dinner jacket, precise shirt styling and minimal formal accessories, precise braided style with clean scalp detail, earth tones, black and bronze palette, soft matte daytime finish, practical restrained accessories, authentic fabric texture, precise seams and fasteners, natural drape, believable accessories, polished editorial styling","wrong hairstyle, inconsistent hair length, merged hair strands, duplicate accessories, incorrect garment layering, warped clothing, broken seams, broken fasteners, malformed footwear, random logos, misspelled text, poor fit, extra limbs, bad hands, child, teen, underage, watermark, low detail, blur",Male/Los Angeles Casual,1,False
0298 | Male/Polished Culture/Los Angeles Casual - Evening Look / Braided Style - Evening Finish,"adult man, relaxed overshirt, premium tee, tapered trousers and minimal sneakers, a polished suit or dinner jacket, precise shirt styling and minimal formal accessories, precise braided style with clean scalp detail, earth tones, black and bronze palette, richer contrast, polished evening finish and refined statement accessories, authentic fabric texture, precise seams and fasteners, natural drape, believable accessories, polished editorial styling","wrong hairstyle, inconsistent hair length, merged hair strands, duplicate accessories, incorrect garment layering, warped clothing, broken seams, broken fasteners, malformed footwear, random logos, misspelled text, poor fit, extra limbs, bad hands, child, teen, underage, watermark, low detail, blur",Male/Los Angeles Casual,1,False
0299 | Male/Polished Culture/Los Angeles Casual - Evening Look / Silvered Taper - Day Finish,"adult man, relaxed overshirt, premium tee, tapered trousers and minimal sneakers, a polished suit or dinner jacket, precise shirt styling and minimal formal accessories, mature silvered taper with refined texture, navy, grey and oxblood palette, soft matte daytime finish, practical restrained accessories, authentic fabric texture, precise seams and fasteners, natural drape, believable accessories, polished editorial styling","wrong hairstyle, inconsistent hair length, merged hair strands, duplicate accessories, incorrect garment layering, warped clothing, broken seams, broken fasteners, malformed footwear, random logos, misspelled text, poor fit, extra limbs, bad hands, child, teen, underage, watermark, low detail, blur",Male/Los Angeles Casual,1,False
0300 | Male/Polished Culture/Los Angeles Casual - Evening Look / Silvered Taper - Evening Finish,"adult man, relaxed overshirt, premium tee, tapered trousers and minimal sneakers, a polished suit or dinner jacket, precise shirt styling and minimal formal accessories, mature silvered taper with refined texture, navy, grey and oxblood palette, richer contrast, polished evening finish and refined statement accessories, authentic fabric texture, precise seams and fasteners, natural drape, believable accessories, polished editorial styling","wrong hairstyle, inconsistent hair length, merged hair strands, duplicate accessories, incorrect garment layering, warped clothing, broken seams, broken fasteners, malformed footwear, random logos, misspelled text, poor fit, extra limbs, bad hands, child, teen, underage, watermark, low detail, blur",Male/Los Angeles Casual,1,False
0301 | Male/Polished Culture/Hollywood Evening - Outerwear Look / Classic Taper - Day Finish,"adult man, precise dinner jacket or modern suit, open collar and restrained formal accessories, a structured jacket or coat over layered knitwear, tailored trousers and coordinated footwear, clean classic taper with natural texture, navy, charcoal and white palette, soft matte daytime finish, practical restrained accessories, authentic fabric texture, precise seams and fasteners, natural drape, believable accessories, polished editorial styling","wrong hairstyle, inconsistent hair length, merged hair strands, duplicate accessories, incorrect garment layering, warped clothing, broken seams, broken fasteners, malformed footwear, random logos, misspelled text, poor fit, extra limbs, bad hands, child, teen, underage, watermark, low detail, blur",Male/Hollywood Evening,1,False
0302 | Male/Polished Culture/Hollywood Evening - Outerwear Look / Classic Taper - Evening Finish,"adult man, precise dinner jacket or modern suit, open collar and restrained formal accessories, a structured jacket or coat over layered knitwear, tailored trousers and coordinated footwear, clean classic taper with natural texture, navy, charcoal and white palette, richer contrast, polished evening finish and refined statement accessories, authentic fabric texture, precise seams and fasteners, natural drape, believable accessories, polished editorial styling","wrong hairstyle, inconsistent hair length, merged hair strands, duplicate accessories, incorrect garment layering, warped clothing, broken seams, broken fasteners, malformed footwear, random logos, misspelled text, poor fit, extra limbs, bad hands, child, teen, underage, watermark, low detail, blur",Male/Hollywood Evening,1,False
0303 | Male/Polished Culture/Hollywood Evening - Outerwear Look / Textured Crop - Day Finish,"adult man, precise dinner jacket or modern suit, open collar and restrained formal accessories, a structured jacket or coat over layered knitwear, tailored trousers and coordinated footwear, textured crop with controlled matte finish, olive, stone and black palette, soft matte daytime finish, practical restrained accessories, authentic fabric texture, precise seams and fasteners, natural drape, believable accessories, polished editorial styling","wrong hairstyle, inconsistent hair length, merged hair strands, duplicate accessories, incorrect garment layering, warped clothing, broken seams, broken fasteners, malformed footwear, random logos, misspelled text, poor fit, extra limbs, bad hands, child, teen, underage, watermark, low detail, blur",Male/Hollywood Evening,1,False
0304 | Male/Polished Culture/Hollywood Evening - Outerwear Look / Textured Crop - Evening Finish,"adult man, precise dinner jacket or modern suit, open collar and restrained formal accessories, a structured jacket or coat over layered knitwear, tailored trousers and coordinated footwear, textured crop with controlled matte finish, olive, stone and black palette, richer contrast, polished evening finish and refined statement accessories, authentic fabric texture, precise seams and fasteners, natural drape, believable accessories, polished editorial styling","wrong hairstyle, inconsistent hair length, merged hair strands, duplicate accessories, incorrect garment layering, warped clothing, broken seams, broken fasteners, malformed footwear, random logos, misspelled text, poor fit, extra limbs, bad hands, child, teen, underage, watermark, low detail, blur",Male/Hollywood Evening,1,False
0305 | Male/Polished Culture/Hollywood Evening - Outerwear Look / Side Part - Day Finish,"adult man, precise dinner jacket or modern suit, open collar and restrained formal accessories, a structured jacket or coat over layered knitwear, tailored trousers and coordinated footwear, refined side part with soft natural hold, camel, cream and dark brown palette, soft matte daytime finish, practical restrained accessories, authentic fabric texture, precise seams and fasteners, natural drape, believable accessories, polished editorial styling","wrong hairstyle, inconsistent hair length, merged hair strands, duplicate accessories, incorrect garment layering, warped clothing, broken seams, broken fasteners, malformed footwear, random logos, misspelled text, poor fit, extra limbs, bad hands, child, teen, underage, watermark, low detail, blur",Male/Hollywood Evening,1,False
0306 | Male/Polished Culture/Hollywood Evening - Outerwear Look / Side Part - Evening Finish,"adult man, precise dinner jacket or modern suit, open collar and restrained formal accessories, a structured jacket or coat over layered knitwear, tailored trousers and coordinated footwear, refined side part with soft natural hold, camel, cream and dark brown palette, richer contrast, polished evening finish and refined statement accessories, authentic fabric texture, precise seams and fasteners, natural drape, believable accessories, polished editorial styling","wrong hairstyle, inconsistent hair length, merged hair strands, duplicate accessories, incorrect garment layering, warped clothing, broken seams, broken fasteners, malformed footwear, random logos, misspelled text, poor fit, extra limbs, bad hands, child, teen, underage, watermark, low detail, blur",Male/Hollywood Evening,1,False
0307 | Male/Polished Culture/Hollywood Evening - Outerwear Look / Medium Swept Back - Day Finish,"adult man, precise dinner jacket or modern suit, open collar and restrained formal accessories, a structured jacket or coat over layered knitwear, tailored trousers and coordinated footwear, medium-length hair swept back with realistic movement, black, grey and silver palette, soft matte daytime finish, practical restrained accessories, authentic fabric texture, precise seams and fasteners, natural drape, believable accessories, polished editorial styling","wrong hairstyle, inconsistent hair length, merged hair strands, duplicate accessories, incorrect garment layering, warped clothing, broken seams, broken fasteners, malformed footwear, random logos, misspelled text, poor fit, extra limbs, bad hands, child, teen, underage, watermark, low detail, blur",Male/Hollywood Evening,1,False
0308 | Male/Polished Culture/Hollywood Evening - Outerwear Look / Medium Swept Back - Evening Finish,"adult man, precise dinner jacket or modern suit, open collar and restrained formal accessories, a structured jacket or coat over layered knitwear, tailored trousers and coordinated footwear, medium-length hair swept back with realistic movement, black, grey and silver palette, richer contrast, polished evening finish and refined statement accessories, authentic fabric texture, precise seams and fasteners, natural drape, believable accessories, polished editorial styling","wrong hairstyle, inconsistent hair length, merged hair strands, duplicate accessories, incorrect garment layering, warped clothing, broken seams, broken fasteners, malformed footwear, random logos, misspelled text, poor fit, extra limbs, bad hands, child, teen, underage, watermark, low detail, blur",Male/Hollywood Evening,1,False
0309 | Male/Polished Culture/Hollywood Evening - Outerwear Look / Natural Curls - Day Finish,"adult man, precise dinner jacket or modern suit, open collar and restrained formal accessories, a structured jacket or coat over layered knitwear, tailored trousers and coordinated footwear, defined natural curls with balanced shape, rust, navy and cream palette, soft matte daytime finish, practical restrained accessories, authentic fabric texture, precise seams and fasteners, natural drape, believable accessories, polished editorial styling","wrong hairstyle, inconsistent hair length, merged hair strands, duplicate accessories, incorrect garment layering, warped clothing, broken seams, broken fasteners, malformed footwear, random logos, misspelled text, poor fit, extra limbs, bad hands, child, teen, underage, watermark, low detail, blur",Male/Hollywood Evening,1,False
0310 | Male/Polished Culture/Hollywood Evening - Outerwear Look / Natural Curls - Evening Finish,"adult man, precise dinner jacket or modern suit, open collar and restrained formal accessories, a structured jacket or coat over layered knitwear, tailored trousers and coordinated footwear, defined natural curls with balanced shape, rust, navy and cream palette, richer contrast, polished evening finish and refined statement accessories, authentic fabric texture, precise seams and fasteners, natural drape, believable accessories, polished editorial styling","wrong hairstyle, inconsistent hair length, merged hair strands, duplicate accessories, incorrect garment layering, warped clothing, broken seams, broken fasteners, malformed footwear, random logos, misspelled text, poor fit, extra limbs, bad hands, child, teen, underage, watermark, low detail, blur",Male/Hollywood Evening,1,False
0311 | Male/Polished Culture/Hollywood Evening - Outerwear Look / Close Buzz Cut - Day Finish,"adult man, precise dinner jacket or modern suit, open collar and restrained formal accessories, a structured jacket or coat over layered knitwear, tailored trousers and coordinated footwear, precise close buzz cut with clean hairline, black, white and cobalt palette, soft matte daytime finish, practical restrained accessories, authentic fabric texture, precise seams and fasteners, natural drape, believable accessories, polished editorial styling","wrong hairstyle, inconsistent hair length, merged hair strands, duplicate accessories, incorrect garment layering, warped clothing, broken seams, broken fasteners, malformed footwear, random logos, misspelled text, poor fit, extra limbs, bad hands, child, teen, underage, watermark, low detail, blur",Male/Hollywood Evening,1,False
0312 | Male/Polished Culture/Hollywood Evening - Outerwear Look / Close Buzz Cut - Evening Finish,"adult man, precise dinner jacket or modern suit, open collar and restrained formal accessories, a structured jacket or coat over layered knitwear, tailored trousers and coordinated footwear, precise close buzz cut with clean hairline, black, white and cobalt palette, richer contrast, polished evening finish and refined statement accessories, authentic fabric texture, precise seams and fasteners, natural drape, believable accessories, polished editorial styling","wrong hairstyle, inconsistent hair length, merged hair strands, duplicate accessories, incorrect garment layering, warped clothing, broken seams, broken fasteners, malformed footwear, random logos, misspelled text, poor fit, extra limbs, bad hands, child, teen, underage, watermark, low detail, blur",Male/Hollywood Evening,1,False
0313 | Male/Polished Culture/Hollywood Evening - Outerwear Look / Modern Quiff - Day Finish,"adult man, precise dinner jacket or modern suit, open collar and restrained formal accessories, a structured jacket or coat over layered knitwear, tailored trousers and coordinated footwear, modern quiff with controlled volume, burgundy, charcoal and black palette, soft matte daytime finish, practical restrained accessories, authentic fabric texture, precise seams and fasteners, natural drape, believable accessories, polished editorial styling","wrong hairstyle, inconsistent hair length, merged hair strands, duplicate accessories, incorrect garment layering, warped clothing, broken seams, broken fasteners, malformed footwear, random logos, misspelled text, poor fit, extra limbs, bad hands, child, teen, underage, watermark, low detail, blur",Male/Hollywood Evening,1,False
0314 | Male/Polished Culture/Hollywood Evening - Outerwear Look / Modern Quiff - Evening Finish,"adult man, precise dinner jacket or modern suit, open collar and restrained formal accessories, a structured jacket or coat over layered knitwear, tailored trousers and coordinated footwear, modern quiff with controlled volume, burgundy, charcoal and black palette, richer contrast, polished evening finish and refined statement accessories, authentic fabric texture, precise seams and fasteners, natural drape, believable accessories, polished editorial styling","wrong hairstyle, inconsistent hair length, merged hair strands, duplicate accessories, incorrect garment layering, warped clothing, broken seams, broken fasteners, malformed footwear, random logos, misspelled text, poor fit, extra limbs, bad hands, child, teen, underage, watermark, low detail, blur",Male/Hollywood Evening,1,False
0315 | Male/Polished Culture/Hollywood Evening - Outerwear Look / Shoulder Length Waves - Day Finish,"adult man, precise dinner jacket or modern suit, open collar and restrained formal accessories, a structured jacket or coat over layered knitwear, tailored trousers and coordinated footwear, shoulder-length waves with natural separation, forest, tan and dark denim palette, soft matte daytime finish, practical restrained accessories, authentic fabric texture, precise seams and fasteners, natural drape, believable accessories, polished editorial styling","wrong hairstyle, inconsistent hair length, merged hair strands, duplicate accessories, incorrect garment layering, warped clothing, broken seams, broken fasteners, malformed footwear, random logos, misspelled text, poor fit, extra limbs, bad hands, child, teen, underage, watermark, low detail, blur",Male/Hollywood Evening,1,False
0316 | Male/Polished Culture/Hollywood Evening - Outerwear Look / Shoulder Length Waves - Evening Finish,"adult man, precise dinner jacket or modern suit, open collar and restrained formal accessories, a structured jacket or coat over layered knitwear, tailored trousers and coordinated footwear, shoulder-length waves with natural separation, forest, tan and dark denim palette, richer contrast, polished evening finish and refined statement accessories, authentic fabric texture, precise seams and fasteners, natural drape, believable accessories, polished editorial styling","wrong hairstyle, inconsistent hair length, merged hair strands, duplicate accessories, incorrect garment layering, warped clothing, broken seams, broken fasteners, malformed footwear, random logos, misspelled text, poor fit, extra limbs, bad hands, child, teen, underage, watermark, low detail, blur",Male/Hollywood Evening,1,False
0317 | Male/Polished Culture/Hollywood Evening - Outerwear Look / Braided Style - Day Finish,"adult man, precise dinner jacket or modern suit, open collar and restrained formal accessories, a structured jacket or coat over layered knitwear, tailored trousers and coordinated footwear, precise braided style with clean scalp detail, earth tones, black and bronze palette, soft matte daytime finish, practical restrained accessories, authentic fabric texture, precise seams and fasteners, natural drape, believable accessories, polished editorial styling","wrong hairstyle, inconsistent hair length, merged hair strands, duplicate accessories, incorrect garment layering, warped clothing, broken seams, broken fasteners, malformed footwear, random logos, misspelled text, poor fit, extra limbs, bad hands, child, teen, underage, watermark, low detail, blur",Male/Hollywood Evening,1,False
0318 | Male/Polished Culture/Hollywood Evening - Outerwear Look / Braided Style - Evening Finish,"adult man, precise dinner jacket or modern suit, open collar and restrained formal accessories, a structured jacket or coat over layered knitwear, tailored trousers and coordinated footwear, precise braided style with clean scalp detail, earth tones, black and bronze palette, richer contrast, polished evening finish and refined statement accessories, authentic fabric texture, precise seams and fasteners, natural drape, believable accessories, polished editorial styling","wrong hairstyle, inconsistent hair length, merged hair strands, duplicate accessories, incorrect garment layering, warped clothing, broken seams, broken fasteners, malformed footwear, random logos, misspelled text, poor fit, extra limbs, bad hands, child, teen, underage, watermark, low detail, blur",Male/Hollywood Evening,1,False
0319 | Male/Polished Culture/Hollywood Evening - Outerwear Look / Silvered Taper - Day Finish,"adult man, precise dinner jacket or modern suit, open collar and restrained formal accessories, a structured jacket or coat over layered knitwear, tailored trousers and coordinated footwear, mature silvered taper with refined texture, navy, grey and oxblood palette, soft matte daytime finish, practical restrained accessories, authentic fabric texture, precise seams and fasteners, natural drape, believable accessories, polished editorial styling","wrong hairstyle, inconsistent hair length, merged hair strands, duplicate accessories, incorrect garment layering, warped clothing, broken seams, broken fasteners, malformed footwear, random logos, misspelled text, poor fit, extra limbs, bad hands, child, teen, underage, watermark, low detail, blur",Male/Hollywood Evening,1,False
0320 | Male/Polished Culture/Hollywood Evening - Outerwear Look / Silvered Taper - Evening Finish,"adult man, precise dinner jacket or modern suit, open collar and restrained formal accessories, a structured jacket or coat over layered knitwear, tailored trousers and coordinated footwear, mature silvered taper with refined texture, navy, grey and oxblood palette, richer contrast, polished evening finish and refined statement accessories, authentic fabric texture, precise seams and fasteners, natural drape, believable accessories, polished editorial styling","wrong hairstyle, inconsistent hair length, merged hair strands, duplicate accessories, incorrect garment layering, warped clothing, broken seams, broken fasteners, malformed footwear, random logos, misspelled text, poor fit, extra limbs, bad hands, child, teen, underage, watermark, low detail, blur",Male/Hollywood Evening,1,False
0321 | Male/Polished Culture/Hollywood Evening - Smart Casual / Classic Taper - Day Finish,"adult man, precise dinner jacket or modern suit, open collar and restrained formal accessories, a refined shirt or polo, lightweight jacket, clean trousers and understated accessories, clean classic taper with natural texture, navy, charcoal and white palette, soft matte daytime finish, practical restrained accessories, authentic fabric texture, precise seams and fasteners, natural drape, believable accessories, polished editorial styling","wrong hairstyle, inconsistent hair length, merged hair strands, duplicate accessories, incorrect garment layering, warped clothing, broken seams, broken fasteners, malformed footwear, random logos, misspelled text, poor fit, extra limbs, bad hands, child, teen, underage, watermark, low detail, blur",Male/Hollywood Evening,1,False
0322 | Male/Polished Culture/Hollywood Evening - Smart Casual / Classic Taper - Evening Finish,"adult man, precise dinner jacket or modern suit, open collar and restrained formal accessories, a refined shirt or polo, lightweight jacket, clean trousers and understated accessories, clean classic taper with natural texture, navy, charcoal and white palette, richer contrast, polished evening finish and refined statement accessories, authentic fabric texture, precise seams and fasteners, natural drape, believable accessories, polished editorial styling","wrong hairstyle, inconsistent hair length, merged hair strands, duplicate accessories, incorrect garment layering, warped clothing, broken seams, broken fasteners, malformed footwear, random logos, misspelled text, poor fit, extra limbs, bad hands, child, teen, underage, watermark, low detail, blur",Male/Hollywood Evening,1,False
0323 | Male/Polished Culture/Hollywood Evening - Smart Casual / Textured Crop - Day Finish,"adult man, precise dinner jacket or modern suit, open collar and restrained formal accessories, a refined shirt or polo, lightweight jacket, clean trousers and understated accessories, textured crop with controlled matte finish, olive, stone and black palette, soft matte daytime finish, practical restrained accessories, authentic fabric texture, precise seams and fasteners, natural drape, believable accessories, polished editorial styling","wrong hairstyle, inconsistent hair length, merged hair strands, duplicate accessories, incorrect garment layering, warped clothing, broken seams, broken fasteners, malformed footwear, random logos, misspelled text, poor fit, extra limbs, bad hands, child, teen, underage, watermark, low detail, blur",Male/Hollywood Evening,1,False
0324 | Male/Polished Culture/Hollywood Evening - Smart Casual / Textured Crop - Evening Finish,"adult man, precise dinner jacket or modern suit, open collar and restrained formal accessories, a refined shirt or polo, lightweight jacket, clean trousers and understated accessories, textured crop with controlled matte finish, olive, stone and black palette, richer contrast, polished evening finish and refined statement accessories, authentic fabric texture, precise seams and fasteners, natural drape, believable accessories, polished editorial styling","wrong hairstyle, inconsistent hair length, merged hair strands, duplicate accessories, incorrect garment layering, warped clothing, broken seams, broken fasteners, malformed footwear, random logos, misspelled text, poor fit, extra limbs, bad hands, child, teen, underage, watermark, low detail, blur",Male/Hollywood Evening,1,False
0325 | Male/Polished Culture/Hollywood Evening - Smart Casual / Side Part - Day Finish,"adult man, precise dinner jacket or modern suit, open collar and restrained formal accessories, a refined shirt or polo, lightweight jacket, clean trousers and understated accessories, refined side part with soft natural hold, camel, cream and dark brown palette, soft matte daytime finish, practical restrained accessories, authentic fabric texture, precise seams and fasteners, natural drape, believable accessories, polished editorial styling","wrong hairstyle, inconsistent hair length, merged hair strands, duplicate accessories, incorrect garment layering, warped clothing, broken seams, broken fasteners, malformed footwear, random logos, misspelled text, poor fit, extra limbs, bad hands, child, teen, underage, watermark, low detail, blur",Male/Hollywood Evening,1,False
0326 | Male/Polished Culture/Hollywood Evening - Smart Casual / Side Part - Evening Finish,"adult man, precise dinner jacket or modern suit, open collar and restrained formal accessories, a refined shirt or polo, lightweight jacket, clean trousers and understated accessories, refined side part with soft natural hold, camel, cream and dark brown palette, richer contrast, polished evening finish and refined statement accessories, authentic fabric texture, precise seams and fasteners, natural drape, believable accessories, polished editorial styling","wrong hairstyle, inconsistent hair length, merged hair strands, duplicate accessories, incorrect garment layering, warped clothing, broken seams, broken fasteners, malformed footwear, random logos, misspelled text, poor fit, extra limbs, bad hands, child, teen, underage, watermark, low detail, blur",Male/Hollywood Evening,1,False
0327 | Male/Polished Culture/Hollywood Evening - Smart Casual / Medium Swept Back - Day Finish,"adult man, precise dinner jacket or modern suit, open collar and restrained formal accessories, a refined shirt or polo, lightweight jacket, clean trousers and understated accessories, medium-length hair swept back with realistic movement, black, grey and silver palette, soft matte daytime finish, practical restrained accessories, authentic fabric texture, precise seams and fasteners, natural drape, believable accessories, polished editorial styling","wrong hairstyle, inconsistent hair length, merged hair strands, duplicate accessories, incorrect garment layering, warped clothing, broken seams, broken fasteners, malformed footwear, random logos, misspelled text, poor fit, extra limbs, bad hands, child, teen, underage, watermark, low detail, blur",Male/Hollywood Evening,1,False
0328 | Male/Polished Culture/Hollywood Evening - Smart Casual / Medium Swept Back - Evening Finish,"adult man, precise dinner jacket or modern suit, open collar and restrained formal accessories, a refined shirt or polo, lightweight jacket, clean trousers and understated accessories, medium-length hair swept back with realistic movement, black, grey and silver palette, richer contrast, polished evening finish and refined statement accessories, authentic fabric texture, precise seams and fasteners, natural drape, believable accessories, polished editorial styling","wrong hairstyle, inconsistent hair length, merged hair strands, duplicate accessories, incorrect garment layering, warped clothing, broken seams, broken fasteners, malformed footwear, random logos, misspelled text, poor fit, extra limbs, bad hands, child, teen, underage, watermark, low detail, blur",Male/Hollywood Evening,1,False
0329 | Male/Polished Culture/Hollywood Evening - Smart Casual / Natural Curls - Day Finish,"adult man, precise dinner jacket or modern suit, open collar and restrained formal accessories, a refined shirt or polo, lightweight jacket, clean trousers and understated accessories, defined natural curls with balanced shape, rust, navy and cream palette, soft matte daytime finish, practical restrained accessories, authentic fabric texture, precise seams and fasteners, natural drape, believable accessories, polished editorial styling","wrong hairstyle, inconsistent hair length, merged hair strands, duplicate accessories, incorrect garment layering, warped clothing, broken seams, broken fasteners, malformed footwear, random logos, misspelled text, poor fit, extra limbs, bad hands, child, teen, underage, watermark, low detail, blur",Male/Hollywood Evening,1,False
0330 | Male/Polished Culture/Hollywood Evening - Smart Casual / Natural Curls - Evening Finish,"adult man, precise dinner jacket or modern suit, open collar and restrained formal accessories, a refined shirt or polo, lightweight jacket, clean trousers and understated accessories, defined natural curls with balanced shape, rust, navy and cream palette, richer contrast, polished evening finish and refined statement accessories, authentic fabric texture, precise seams and fasteners, natural drape, believable accessories, polished editorial styling","wrong hairstyle, inconsistent hair length, merged hair strands, duplicate accessories, incorrect garment layering, warped clothing, broken seams, broken fasteners, malformed footwear, random logos, misspelled text, poor fit, extra limbs, bad hands, child, teen, underage, watermark, low detail, blur",Male/Hollywood Evening,1,False
0331 | Male/Polished Culture/Hollywood Evening - Smart Casual / Close Buzz Cut - Day Finish,"adult man, precise dinner jacket or modern suit, open collar and restrained formal accessories, a refined shirt or polo, lightweight jacket, clean trousers and understated accessories, precise close buzz cut with clean hairline, black, white and cobalt palette, soft matte daytime finish, practical restrained accessories, authentic fabric texture, precise seams and fasteners, natural drape, believable accessories, polished editorial styling","wrong hairstyle, inconsistent hair length, merged hair strands, duplicate accessories, incorrect garment layering, warped clothing, broken seams, broken fasteners, malformed footwear, random logos, misspelled text, poor fit, extra limbs, bad hands, child, teen, underage, watermark, low detail, blur",Male/Hollywood Evening,1,False
0332 | Male/Polished Culture/Hollywood Evening - Smart Casual / Close Buzz Cut - Evening Finish,"adult man, precise dinner jacket or modern suit, open collar and restrained formal accessories, a refined shirt or polo, lightweight jacket, clean trousers and understated accessories, precise close buzz cut with clean hairline, black, white and cobalt palette, richer contrast, polished evening finish and refined statement accessories, authentic fabric texture, precise seams and fasteners, natural drape, believable accessories, polished editorial styling","wrong hairstyle, inconsistent hair length, merged hair strands, duplicate accessories, incorrect garment layering, warped clothing, broken seams, broken fasteners, malformed footwear, random logos, misspelled text, poor fit, extra limbs, bad hands, child, teen, underage, watermark, low detail, blur",Male/Hollywood Evening,1,False
0333 | Male/Polished Culture/Hollywood Evening - Smart Casual / Modern Quiff - Day Finish,"adult man, precise dinner jacket or modern suit, open collar and restrained formal accessories, a refined shirt or polo, lightweight jacket, clean trousers and understated accessories, modern quiff with controlled volume, burgundy, charcoal and black palette, soft matte daytime finish, practical restrained accessories, authentic fabric texture, precise seams and fasteners, natural drape, believable accessories, polished editorial styling","wrong hairstyle, inconsistent hair length, merged hair strands, duplicate accessories, incorrect garment layering, warped clothing, broken seams, broken fasteners, malformed footwear, random logos, misspelled text, poor fit, extra limbs, bad hands, child, teen, underage, watermark, low detail, blur",Male/Hollywood Evening,1,False
0334 | Male/Polished Culture/Hollywood Evening - Smart Casual / Modern Quiff - Evening Finish,"adult man, precise dinner jacket or modern suit, open collar and restrained formal accessories, a refined shirt or polo, lightweight jacket, clean trousers and understated accessories, modern quiff with controlled volume, burgundy, charcoal and black palette, richer contrast, polished evening finish and refined statement accessories, authentic fabric texture, precise seams and fasteners, natural drape, believable accessories, polished editorial styling","wrong hairstyle, inconsistent hair length, merged hair strands, duplicate accessories, incorrect garment layering, warped clothing, broken seams, broken fasteners, malformed footwear, random logos, misspelled text, poor fit, extra limbs, bad hands, child, teen, underage, watermark, low detail, blur",Male/Hollywood Evening,1,False
0335 | Male/Polished Culture/Hollywood Evening - Smart Casual / Shoulder Length Waves - Day Finish,"adult man, precise dinner jacket or modern suit, open collar and restrained formal accessories, a refined shirt or polo, lightweight jacket, clean trousers and understated accessories, shoulder-length waves with natural separation, forest, tan and dark denim palette, soft matte daytime finish, practical restrained accessories, authentic fabric texture, precise seams and fasteners, natural drape, believable accessories, polished editorial styling","wrong hairstyle, inconsistent hair length, merged hair strands, duplicate accessories, incorrect garment layering, warped clothing, broken seams, broken fasteners, malformed footwear, random logos, misspelled text, poor fit, extra limbs, bad hands, child, teen, underage, watermark, low detail, blur",Male/Hollywood Evening,1,False
0336 | Male/Polished Culture/Hollywood Evening - Smart Casual / Shoulder Length Waves - Evening Finish,"adult man, precise dinner jacket or modern suit, open collar and restrained formal accessories, a refined shirt or polo, lightweight jacket, clean trousers and understated accessories, shoulder-length waves with natural separation, forest, tan and dark denim palette, richer contrast, polished evening finish and refined statement accessories, authentic fabric texture, precise seams and fasteners, natural drape, believable accessories, polished editorial styling","wrong hairstyle, inconsistent hair length, merged hair strands, duplicate accessories, incorrect garment layering, warped clothing, broken seams, broken fasteners, malformed footwear, random logos, misspelled text, poor fit, extra limbs, bad hands, child, teen, underage, watermark, low detail, blur",Male/Hollywood Evening,1,False
0337 | Male/Polished Culture/Hollywood Evening - Smart Casual / Braided Style - Day Finish,"adult man, precise dinner jacket or modern suit, open collar and restrained formal accessories, a refined shirt or polo, lightweight jacket, clean trousers and understated accessories, precise braided style with clean scalp detail, earth tones, black and bronze palette, soft matte daytime finish, practical restrained accessories, authentic fabric texture, precise seams and fasteners, natural drape, believable accessories, polished editorial styling","wrong hairstyle, inconsistent hair length, merged hair strands, duplicate accessories, incorrect garment layering, warped clothing, broken seams, broken fasteners, malformed footwear, random logos, misspelled text, poor fit, extra limbs, bad hands, child, teen, underage, watermark, low detail, blur",Male/Hollywood Evening,1,False
0338 | Male/Polished Culture/Hollywood Evening - Smart Casual / Braided Style - Evening Finish,"adult man, precise dinner jacket or modern suit, open collar and restrained formal accessories, a refined shirt or polo, lightweight jacket, clean trousers and understated accessories, precise braided style with clean scalp detail, earth tones, black and bronze palette, richer contrast, polished evening finish and refined statement accessories, authentic fabric texture, precise seams and fasteners, natural drape, believable accessories, polished editorial styling","wrong hairstyle, inconsistent hair length, merged hair strands, duplicate accessories, incorrect garment layering, warped clothing, broken seams, broken fasteners, malformed footwear, random logos, misspelled text, poor fit, extra limbs, bad hands, child, teen, underage, watermark, low detail, blur",Male/Hollywood Evening,1,False
0339 | Male/Polished Culture/Hollywood Evening - Smart Casual / Silvered Taper - Day Finish,"adult man, precise dinner jacket or modern suit, open collar and restrained formal accessories, a refined shirt or polo, lightweight jacket, clean trousers and understated accessories, mature silvered taper with refined texture, navy, grey and oxblood palette, soft matte daytime finish, practical restrained accessories, authentic fabric texture, precise seams and fasteners, natural drape, believable accessories, polished editorial styling","wrong hairstyle, inconsistent hair length, merged hair strands, duplicate accessories, incorrect garment layering, warped clothing, broken seams, broken fasteners, malformed footwear, random logos, misspelled text, poor fit, extra limbs, bad hands, child, teen, underage, watermark, low detail, blur",Male/Hollywood Evening,1,False
0340 | Male/Polished Culture/Hollywood Evening - Smart Casual / Silvered Taper - Evening Finish,"adult man, precise dinner jacket or modern suit, open collar and restrained formal accessories, a refined shirt or polo, lightweight jacket, clean trousers and understated accessories, mature silvered taper with refined texture, navy, grey and oxblood palette, richer contrast, polished evening finish and refined statement accessories, authentic fabric texture, precise seams and fasteners, natural drape, believable accessories, polished editorial styling","wrong hairstyle, inconsistent hair length, merged hair strands, duplicate accessories, incorrect garment layering, warped clothing, broken seams, broken fasteners, malformed footwear, random logos, misspelled text, poor fit, extra limbs, bad hands, child, teen, underage, watermark, low detail, blur",Male/Hollywood Evening,1,False
0341 | Male/Polished Culture/Hollywood Evening - Evening Look / Classic Taper - Day Finish,"adult man, precise dinner jacket or modern suit, open collar and restrained formal accessories, a polished suit or dinner jacket, precise shirt styling and minimal formal accessories, clean classic taper with natural texture, navy, charcoal and white palette, soft matte daytime finish, practical restrained accessories, authentic fabric texture, precise seams and fasteners, natural drape, believable accessories, polished editorial styling","wrong hairstyle, inconsistent hair length, merged hair strands, duplicate accessories, incorrect garment layering, warped clothing, broken seams, broken fasteners, malformed footwear, random logos, misspelled text, poor fit, extra limbs, bad hands, child, teen, underage, watermark, low detail, blur",Male/Hollywood Evening,1,False
0342 | Male/Polished Culture/Hollywood Evening - Evening Look / Classic Taper - Evening Finish,"adult man, precise dinner jacket or modern suit, open collar and restrained formal accessories, a polished suit or dinner jacket, precise shirt styling and minimal formal accessories, clean classic taper with natural texture, navy, charcoal and white palette, richer contrast, polished evening finish and refined statement accessories, authentic fabric texture, precise seams and fasteners, natural drape, believable accessories, polished editorial styling","wrong hairstyle, inconsistent hair length, merged hair strands, duplicate accessories, incorrect garment layering, warped clothing, broken seams, broken fasteners, malformed footwear, random logos, misspelled text, poor fit, extra limbs, bad hands, child, teen, underage, watermark, low detail, blur",Male/Hollywood Evening,1,False
0343 | Male/Polished Culture/Hollywood Evening - Evening Look / Textured Crop - Day Finish,"adult man, precise dinner jacket or modern suit, open collar and restrained formal accessories, a polished suit or dinner jacket, precise shirt styling and minimal formal accessories, textured crop with controlled matte finish, olive, stone and black palette, soft matte daytime finish, practical restrained accessories, authentic fabric texture, precise seams and fasteners, natural drape, believable accessories, polished editorial styling","wrong hairstyle, inconsistent hair length, merged hair strands, duplicate accessories, incorrect garment layering, warped clothing, broken seams, broken fasteners, malformed footwear, random logos, misspelled text, poor fit, extra limbs, bad hands, child, teen, underage, watermark, low detail, blur",Male/Hollywood Evening,1,False
0344 | Male/Polished Culture/Hollywood Evening - Evening Look / Textured Crop - Evening Finish,"adult man, precise dinner jacket or modern suit, open collar and restrained formal accessories, a polished suit or dinner jacket, precise shirt styling and minimal formal accessories, textured crop with controlled matte finish, olive, stone and black palette, richer contrast, polished evening finish and refined statement accessories, authentic fabric texture, precise seams and fasteners, natural drape, believable accessories, polished editorial styling","wrong hairstyle, inconsistent hair length, merged hair strands, duplicate accessories, incorrect garment layering, warped clothing, broken seams, broken fasteners, malformed footwear, random logos, misspelled text, poor fit, extra limbs, bad hands, child, teen, underage, watermark, low detail, blur",Male/Hollywood Evening,1,False
0345 | Male/Polished Culture/Hollywood Evening - Evening Look / Side Part - Day Finish,"adult man, precise dinner jacket or modern suit, open collar and restrained formal accessories, a polished suit or dinner jacket, precise shirt styling and minimal formal accessories, refined side part with soft natural hold, camel, cream and dark brown palette, soft matte daytime finish, practical restrained accessories, authentic fabric texture, precise seams and fasteners, natural drape, believable accessories, polished editorial styling","wrong hairstyle, inconsistent hair length, merged hair strands, duplicate accessories, incorrect garment layering, warped clothing, broken seams, broken fasteners, malformed footwear, random logos, misspelled text, poor fit, extra limbs, bad hands, child, teen, underage, watermark, low detail, blur",Male/Hollywood Evening,1,False
0346 | Male/Polished Culture/Hollywood Evening - Evening Look / Side Part - Evening Finish,"adult man, precise dinner jacket or modern suit, open collar and restrained formal accessories, a polished suit or dinner jacket, precise shirt styling and minimal formal accessories, refined side part with soft natural hold, camel, cream and dark brown palette, richer contrast, polished evening finish and refined statement accessories, authentic fabric texture, precise seams and fasteners, natural drape, believable accessories, polished editorial styling","wrong hairstyle, inconsistent hair length, merged hair strands, duplicate accessories, incorrect garment layering, warped clothing, broken seams, broken fasteners, malformed footwear, random logos, misspelled text, poor fit, extra limbs, bad hands, child, teen, underage, watermark, low detail, blur",Male/Hollywood Evening,1,False
0347 | Male/Polished Culture/Hollywood Evening - Evening Look / Medium Swept Back - Day Finish,"adult man, precise dinner jacket or modern suit, open collar and restrained formal accessories, a polished suit or dinner jacket, precise shirt styling and minimal formal accessories, medium-length hair swept back with realistic movement, black, grey and silver palette, soft matte daytime finish, practical restrained accessories, authentic fabric texture, precise seams and fasteners, natural drape, believable accessories, polished editorial styling","wrong hairstyle, inconsistent hair length, merged hair strands, duplicate accessories, incorrect garment layering, warped clothing, broken seams, broken fasteners, malformed footwear, random logos, misspelled text, poor fit, extra limbs, bad hands, child, teen, underage, watermark, low detail, blur",Male/Hollywood Evening,1,False
0348 | Male/Polished Culture/Hollywood Evening - Evening Look / Medium Swept Back - Evening Finish,"adult man, precise dinner jacket or modern suit, open collar and restrained formal accessories, a polished suit or dinner jacket, precise shirt styling and minimal formal accessories, medium-length hair swept back with realistic movement, black, grey and silver palette, richer contrast, polished evening finish and refined statement accessories, authentic fabric texture, precise seams and fasteners, natural drape, believable accessories, polished editorial styling","wrong hairstyle, inconsistent hair length, merged hair strands, duplicate accessories, incorrect garment layering, warped clothing, broken seams, broken fasteners, malformed footwear, random logos, misspelled text, poor fit, extra limbs, bad hands, child, teen, underage, watermark, low detail, blur",Male/Hollywood Evening,1,False
0349 | Male/Polished Culture/Hollywood Evening - Evening Look / Natural Curls - Day Finish,"adult man, precise dinner jacket or modern suit, open collar and restrained formal accessories, a polished suit or dinner jacket, precise shirt styling and minimal formal accessories, defined natural curls with balanced shape, rust, navy and cream palette, soft matte daytime finish, practical restrained accessories, authentic fabric texture, precise seams and fasteners, natural drape, believable accessories, polished editorial styling","wrong hairstyle, inconsistent hair length, merged hair strands, duplicate accessories, incorrect garment layering, warped clothing, broken seams, broken fasteners, malformed footwear, random logos, misspelled text, poor fit, extra limbs, bad hands, child, teen, underage, watermark, low detail, blur",Male/Hollywood Evening,1,False
0350 | Male/Polished Culture/Hollywood Evening - Evening Look / Natural Curls - Evening Finish,"adult man, precise dinner jacket or modern suit, open collar and restrained formal accessories, a polished suit or dinner jacket, precise shirt styling and minimal formal accessories, defined natural curls with balanced shape, rust, navy and cream palette, richer contrast, polished evening finish and refined statement accessories, authentic fabric texture, precise seams and fasteners, natural drape, believable accessories, polished editorial styling","wrong hairstyle, inconsistent hair length, merged hair strands, duplicate accessories, incorrect garment layering, warped clothing, broken seams, broken fasteners, malformed footwear, random logos, misspelled text, poor fit, extra limbs, bad hands, child, teen, underage, watermark, low detail, blur",Male/Hollywood Evening,1,False
0351 | Male/Polished Culture/Hollywood Evening - Evening Look / Close Buzz Cut - Day Finish,"adult man, precise dinner jacket or modern suit, open collar and restrained formal accessories, a polished suit or dinner jacket, precise shirt styling and minimal formal accessories, precise close buzz cut with clean hairline, black, white and cobalt palette, soft matte daytime finish, practical restrained accessories, authentic fabric texture, precise seams and fasteners, natural drape, believable accessories, polished editorial styling","wrong hairstyle, inconsistent hair length, merged hair strands, duplicate accessories, incorrect garment layering, warped clothing, broken seams, broken fasteners, malformed footwear, random logos, misspelled text, poor fit, extra limbs, bad hands, child, teen, underage, watermark, low detail, blur",Male/Hollywood Evening,1,False
0352 | Male/Polished Culture/Hollywood Evening - Evening Look / Close Buzz Cut - Evening Finish,"adult man, precise dinner jacket or modern suit, open collar and restrained formal accessories, a polished suit or dinner jacket, precise shirt styling and minimal formal accessories, precise close buzz cut with clean hairline, black, white and cobalt palette, richer contrast, polished evening finish and refined statement accessories, authentic fabric texture, precise seams and fasteners, natural drape, believable accessories, polished editorial styling","wrong hairstyle, inconsistent hair length, merged hair strands, duplicate accessories, incorrect garment layering, warped clothing, broken seams, broken fasteners, malformed footwear, random logos, misspelled text, poor fit, extra limbs, bad hands, child, teen, underage, watermark, low detail, blur",Male/Hollywood Evening,1,False
0353 | Male/Polished Culture/Hollywood Evening - Evening Look / Modern Quiff - Day Finish,"adult man, precise dinner jacket or modern suit, open collar and restrained formal accessories, a polished suit or dinner jacket, precise shirt styling and minimal formal accessories, modern quiff with controlled volume, burgundy, charcoal and black palette, soft matte daytime finish, practical restrained accessories, authentic fabric texture, precise seams and fasteners, natural drape, believable accessories, polished editorial styling","wrong hairstyle, inconsistent hair length, merged hair strands, duplicate accessories, incorrect garment layering, warped clothing, broken seams, broken fasteners, malformed footwear, random logos, misspelled text, poor fit, extra limbs, bad hands, child, teen, underage, watermark, low detail, blur",Male/Hollywood Evening,1,False
0354 | Male/Polished Culture/Hollywood Evening - Evening Look / Modern Quiff - Evening Finish,"adult man, precise dinner jacket or modern suit, open collar and restrained formal accessories, a polished suit or dinner jacket, precise shirt styling and minimal formal accessories, modern quiff with controlled volume, burgundy, charcoal and black palette, richer contrast, polished evening finish and refined statement accessories, authentic fabric texture, precise seams and fasteners, natural drape, believable accessories, polished editorial styling","wrong hairstyle, inconsistent hair length, merged hair strands, duplicate accessories, incorrect garment layering, warped clothing, broken seams, broken fasteners, malformed footwear, random logos, misspelled text, poor fit, extra limbs, bad hands, child, teen, underage, watermark, low detail, blur",Male/Hollywood Evening,1,False
0355 | Male/Polished Culture/Hollywood Evening - Evening Look / Shoulder Length Waves - Day Finish,"adult man, precise dinner jacket or modern suit, open collar and restrained formal accessories, a polished suit or dinner jacket, precise shirt styling and minimal formal accessories, shoulder-length waves with natural separation, forest, tan and dark denim palette, soft matte daytime finish, practical restrained accessories, authentic fabric texture, precise seams and fasteners, natural drape, believable accessories, polished editorial styling","wrong hairstyle, inconsistent hair length, merged hair strands, duplicate accessories, incorrect garment layering, warped clothing, broken seams, broken fasteners, malformed footwear, random logos, misspelled text, poor fit, extra limbs, bad hands, child, teen, underage, watermark, low detail, blur",Male/Hollywood Evening,1,False
0356 | Male/Polished Culture/Hollywood Evening - Evening Look / Shoulder Length Waves - Evening Finish,"adult man, precise dinner jacket or modern suit, open collar and restrained formal accessories, a polished suit or dinner jacket, precise shirt styling and minimal formal accessories, shoulder-length waves with natural separation, forest, tan and dark denim palette, richer contrast, polished evening finish and refined statement accessories, authentic fabric texture, precise seams and fasteners, natural drape, believable accessories, polished editorial styling","wrong hairstyle, inconsistent hair length, merged hair strands, duplicate accessories, incorrect garment layering, warped clothing, broken seams, broken fasteners, malformed footwear, random logos, misspelled text, poor fit, extra limbs, bad hands, child, teen, underage, watermark, low detail, blur",Male/Hollywood Evening,1,False
0357 | Male/Polished Culture/Hollywood Evening - Evening Look / Braided Style - Day Finish,"adult man, precise dinner jacket or modern suit, open collar and restrained formal accessories, a polished suit or dinner jacket, precise shirt styling and minimal formal accessories, precise braided style with clean scalp detail, earth tones, black and bronze palette, soft matte daytime finish, practical restrained accessories, authentic fabric texture, precise seams and fasteners, natural drape, believable accessories, polished editorial styling","wrong hairstyle, inconsistent hair length, merged hair strands, duplicate accessories, incorrect garment layering, warped clothing, broken seams, broken fasteners, malformed footwear, random logos, misspelled text, poor fit, extra limbs, bad hands, child, teen, underage, watermark, low detail, blur",Male/Hollywood Evening,1,False
0358 | Male/Polished Culture/Hollywood Evening - Evening Look / Braided Style - Evening Finish,"adult man, precise dinner jacket or modern suit, open collar and restrained formal accessories, a polished suit or dinner jacket, precise shirt styling and minimal formal accessories, precise braided style with clean scalp detail, earth tones, black and bronze palette, richer contrast, polished evening finish and refined statement accessories, authentic fabric texture, precise seams and fasteners, natural drape, believable accessories, polished editorial styling","wrong hairstyle, inconsistent hair length, merged hair strands, duplicate accessories, incorrect garment layering, warped clothing, broken seams, broken fasteners, malformed footwear, random logos, misspelled text, poor fit, extra limbs, bad hands, child, teen, underage, watermark, low detail, blur",Male/Hollywood Evening,1,False
0359 | Male/Polished Culture/Hollywood Evening - Evening Look / Silvered Taper - Day Finish,"adult man, precise dinner jacket or modern suit, open collar and restrained formal accessories, a polished suit or dinner jacket, precise shirt styling and minimal formal accessories, mature silvered taper with refined texture, navy, grey and oxblood palette, soft matte daytime finish, practical restrained accessories, authentic fabric texture, precise seams and fasteners, natural drape, believable accessories, polished editorial styling","wrong hairstyle, inconsistent hair length, merged hair strands, duplicate accessories, incorrect garment layering, warped clothing, broken seams, broken fasteners, malformed footwear, random logos, misspelled text, poor fit, extra limbs, bad hands, child, teen, underage, watermark, low detail, blur",Male/Hollywood Evening,1,False
0360 | Male/Polished Culture/Hollywood Evening - Evening Look / Silvered Taper - Evening Finish,"adult man, precise dinner jacket or modern suit, open collar and restrained formal accessories, a polished suit or dinner jacket, precise shirt styling and minimal formal accessories, mature silvered taper with refined texture, navy, grey and oxblood palette, richer contrast, polished evening finish and refined statement accessories, authentic fabric texture, precise seams and fasteners, natural drape, believable accessories, polished editorial styling","wrong hairstyle, inconsistent hair length, merged hair strands, duplicate accessories, incorrect garment layering, warped clothing, broken seams, broken fasteners, malformed footwear, random logos, misspelled text, poor fit, extra limbs, bad hands, child, teen, underage, watermark, low detail, blur",Male/Hollywood Evening,1,False
0361 | Male/Polished Culture/Nashville Western - Outerwear Look / Classic Taper - Day Finish,"adult man, tailored western shirt, dark denim, polished boots and subtle silver hardware, a structured jacket or coat over layered knitwear, tailored trousers and coordinated footwear, clean classic taper with natural texture, navy, charcoal and white palette, soft matte daytime finish, practical restrained accessories, authentic fabric texture, precise seams and fasteners, natural drape, believable accessories, polished editorial styling","wrong hairstyle, inconsistent hair length, merged hair strands, duplicate accessories, incorrect garment layering, warped clothing, broken seams, broken fasteners, malformed footwear, random logos, misspelled text, poor fit, extra limbs, bad hands, child, teen, underage, watermark, low detail, blur",Male/Nashville Western,1,False
0362 | Male/Polished Culture/Nashville Western - Outerwear Look / Classic Taper - Evening Finish,"adult man, tailored western shirt, dark denim, polished boots and subtle silver hardware, a structured jacket or coat over layered knitwear, tailored trousers and coordinated footwear, clean classic taper with natural texture, navy, charcoal and white palette, richer contrast, polished evening finish and refined statement accessories, authentic fabric texture, precise seams and fasteners, natural drape, believable accessories, polished editorial styling","wrong hairstyle, inconsistent hair length, merged hair strands, duplicate accessories, incorrect garment layering, warped clothing, broken seams, broken fasteners, malformed footwear, random logos, misspelled text, poor fit, extra limbs, bad hands, child, teen, underage, watermark, low detail, blur",Male/Nashville Western,1,False
0363 | Male/Polished Culture/Nashville Western - Outerwear Look / Textured Crop - Day Finish,"adult man, tailored western shirt, dark denim, polished boots and subtle silver hardware, a structured jacket or coat over layered knitwear, tailored trousers and coordinated footwear, textured crop with controlled matte finish, olive, stone and black palette, soft matte daytime finish, practical restrained accessories, authentic fabric texture, precise seams and fasteners, natural drape, believable accessories, polished editorial styling","wrong hairstyle, inconsistent hair length, merged hair strands, duplicate accessories, incorrect garment layering, warped clothing, broken seams, broken fasteners, malformed footwear, random logos, misspelled text, poor fit, extra limbs, bad hands, child, teen, underage, watermark, low detail, blur",Male/Nashville Western,1,False
0364 | Male/Polished Culture/Nashville Western - Outerwear Look / Textured Crop - Evening Finish,"adult man, tailored western shirt, dark denim, polished boots and subtle silver hardware, a structured jacket or coat over layered knitwear, tailored trousers and coordinated footwear, textured crop with controlled matte finish, olive, stone and black palette, richer contrast, polished evening finish and refined statement accessories, authentic fabric texture, precise seams and fasteners, natural drape, believable accessories, polished editorial styling","wrong hairstyle, inconsistent hair length, merged hair strands, duplicate accessories, incorrect garment layering, warped clothing, broken seams, broken fasteners, malformed footwear, random logos, misspelled text, poor fit, extra limbs, bad hands, child, teen, underage, watermark, low detail, blur",Male/Nashville Western,1,False
0365 | Male/Polished Culture/Nashville Western - Outerwear Look / Side Part - Day Finish,"adult man, tailored western shirt, dark denim, polished boots and subtle silver hardware, a structured jacket or coat over layered knitwear, tailored trousers and coordinated footwear, refined side part with soft natural hold, camel, cream and dark brown palette, soft matte daytime finish, practical restrained accessories, authentic fabric texture, precise seams and fasteners, natural drape, believable accessories, polished editorial styling","wrong hairstyle, inconsistent hair length, merged hair strands, duplicate accessories, incorrect garment layering, warped clothing, broken seams, broken fasteners, malformed footwear, random logos, misspelled text, poor fit, extra limbs, bad hands, child, teen, underage, watermark, low detail, blur",Male/Nashville Western,1,False
0366 | Male/Polished Culture/Nashville Western - Outerwear Look / Side Part - Evening Finish,"adult man, tailored western shirt, dark denim, polished boots and subtle silver hardware, a structured jacket or coat over layered knitwear, tailored trousers and coordinated footwear, refined side part with soft natural hold, camel, cream and dark brown palette, richer contrast, polished evening finish and refined statement accessories, authentic fabric texture, precise seams and fasteners, natural drape, believable accessories, polished editorial styling","wrong hairstyle, inconsistent hair length, merged hair strands, duplicate accessories, incorrect garment layering, warped clothing, broken seams, broken fasteners, malformed footwear, random logos, misspelled text, poor fit, extra limbs, bad hands, child, teen, underage, watermark, low detail, blur",Male/Nashville Western,1,False
0367 | Male/Polished Culture/Nashville Western - Outerwear Look / Medium Swept Back - Day Finish,"adult man, tailored western shirt, dark denim, polished boots and subtle silver hardware, a structured jacket or coat over layered knitwear, tailored trousers and coordinated footwear, medium-length hair swept back with realistic movement, black, grey and silver palette, soft matte daytime finish, practical restrained accessories, authentic fabric texture, precise seams and fasteners, natural drape, believable accessories, polished editorial styling","wrong hairstyle, inconsistent hair length, merged hair strands, duplicate accessories, incorrect garment layering, warped clothing, broken seams, broken fasteners, malformed footwear, random logos, misspelled text, poor fit, extra limbs, bad hands, child, teen, underage, watermark, low detail, blur",Male/Nashville Western,1,False
0368 | Male/Polished Culture/Nashville Western - Outerwear Look / Medium Swept Back - Evening Finish,"adult man, tailored western shirt, dark denim, polished boots and subtle silver hardware, a structured jacket or coat over layered knitwear, tailored trousers and coordinated footwear, medium-length hair swept back with realistic movement, black, grey and silver palette, richer contrast, polished evening finish and refined statement accessories, authentic fabric texture, precise seams and fasteners, natural drape, believable accessories, polished editorial styling","wrong hairstyle, inconsistent hair length, merged hair strands, duplicate accessories, incorrect garment layering, warped clothing, broken seams, broken fasteners, malformed footwear, random logos, misspelled text, poor fit, extra limbs, bad hands, child, teen, underage, watermark, low detail, blur",Male/Nashville Western,1,False
0369 | Male/Polished Culture/Nashville Western - Outerwear Look / Natural Curls - Day Finish,"adult man, tailored western shirt, dark denim, polished boots and subtle silver hardware, a structured jacket or coat over layered knitwear, tailored trousers and coordinated footwear, defined natural curls with balanced shape, rust, navy and cream palette, soft matte daytime finish, practical restrained accessories, authentic fabric texture, precise seams and fasteners, natural drape, believable accessories, polished editorial styling","wrong hairstyle, inconsistent hair length, merged hair strands, duplicate accessories, incorrect garment layering, warped clothing, broken seams, broken fasteners, malformed footwear, random logos, misspelled text, poor fit, extra limbs, bad hands, child, teen, underage, watermark, low detail, blur",Male/Nashville Western,1,False
0370 | Male/Polished Culture/Nashville Western - Outerwear Look / Natural Curls - Evening Finish,"adult man, tailored western shirt, dark denim, polished boots and subtle silver hardware, a structured jacket or coat over layered knitwear, tailored trousers and coordinated footwear, defined natural curls with balanced shape, rust, navy and cream palette, richer contrast, polished evening finish and refined statement accessories, authentic fabric texture, precise seams and fasteners, natural drape, believable accessories, polished editorial styling","wrong hairstyle, inconsistent hair length, merged hair strands, duplicate accessories, incorrect garment layering, warped clothing, broken seams, broken fasteners, malformed footwear, random logos, misspelled text, poor fit, extra limbs, bad hands, child, teen, underage, watermark, low detail, blur",Male/Nashville Western,1,False
0371 | Male/Polished Culture/Nashville Western - Outerwear Look / Close Buzz Cut - Day Finish,"adult man, tailored western shirt, dark denim, polished boots and subtle silver hardware, a structured jacket or coat over layered knitwear, tailored trousers and coordinated footwear, precise close buzz cut with clean hairline, black, white and cobalt palette, soft matte daytime finish, practical restrained accessories, authentic fabric texture, precise seams and fasteners, natural drape, believable accessories, polished editorial styling","wrong hairstyle, inconsistent hair length, merged hair strands, duplicate accessories, incorrect garment layering, warped clothing, broken seams, broken fasteners, malformed footwear, random logos, misspelled text, poor fit, extra limbs, bad hands, child, teen, underage, watermark, low detail, blur",Male/Nashville Western,1,False
0372 | Male/Polished Culture/Nashville Western - Outerwear Look / Close Buzz Cut - Evening Finish,"adult man, tailored western shirt, dark denim, polished boots and subtle silver hardware, a structured jacket or coat over layered knitwear, tailored trousers and coordinated footwear, precise close buzz cut with clean hairline, black, white and cobalt palette, richer contrast, polished evening finish and refined statement accessories, authentic fabric texture, precise seams and fasteners, natural drape, believable accessories, polished editorial styling","wrong hairstyle, inconsistent hair length, merged hair strands, duplicate accessories, incorrect garment layering, warped clothing, broken seams, broken fasteners, malformed footwear, random logos, misspelled text, poor fit, extra limbs, bad hands, child, teen, underage, watermark, low detail, blur",Male/Nashville Western,1,False
0373 | Male/Polished Culture/Nashville Western - Outerwear Look / Modern Quiff - Day Finish,"adult man, tailored western shirt, dark denim, polished boots and subtle silver hardware, a structured jacket or coat over layered knitwear, tailored trousers and coordinated footwear, modern quiff with controlled volume, burgundy, charcoal and black palette, soft matte daytime finish, practical restrained accessories, authentic fabric texture, precise seams and fasteners, natural drape, believable accessories, polished editorial styling","wrong hairstyle, inconsistent hair length, merged hair strands, duplicate accessories, incorrect garment layering, warped clothing, broken seams, broken fasteners, malformed footwear, random logos, misspelled text, poor fit, extra limbs, bad hands, child, teen, underage, watermark, low detail, blur",Male/Nashville Western,1,False
0374 | Male/Polished Culture/Nashville Western - Outerwear Look / Modern Quiff - Evening Finish,"adult man, tailored western shirt, dark denim, polished boots and subtle silver hardware, a structured jacket or coat over layered knitwear, tailored trousers and coordinated footwear, modern quiff with controlled volume, burgundy, charcoal and black palette, richer contrast, polished evening finish and refined statement accessories, authentic fabric texture, precise seams and fasteners, natural drape, believable accessories, polished editorial styling","wrong hairstyle, inconsistent hair length, merged hair strands, duplicate accessories, incorrect garment layering, warped clothing, broken seams, broken fasteners, malformed footwear, random logos, misspelled text, poor fit, extra limbs, bad hands, child, teen, underage, watermark, low detail, blur",Male/Nashville Western,1,False
0375 | Male/Polished Culture/Nashville Western - Outerwear Look / Shoulder Length Waves - Day Finish,"adult man, tailored western shirt, dark denim, polished boots and subtle silver hardware, a structured jacket or coat over layered knitwear, tailored trousers and coordinated footwear, shoulder-length waves with natural separation, forest, tan and dark denim palette, soft matte daytime finish, practical restrained accessories, authentic fabric texture, precise seams and fasteners, natural drape, believable accessories, polished editorial styling","wrong hairstyle, inconsistent hair length, merged hair strands, duplicate accessories, incorrect garment layering, warped clothing, broken seams, broken fasteners, malformed footwear, random logos, misspelled text, poor fit, extra limbs, bad hands, child, teen, underage, watermark, low detail, blur",Male/Nashville Western,1,False
0376 | Male/Polished Culture/Nashville Western - Outerwear Look / Shoulder Length Waves - Evening Finish,"adult man, tailored western shirt, dark denim, polished boots and subtle silver hardware, a structured jacket or coat over layered knitwear, tailored trousers and coordinated footwear, shoulder-length waves with natural separation, forest, tan and dark denim palette, richer contrast, polished evening finish and refined statement accessories, authentic fabric texture, precise seams and fasteners, natural drape, believable accessories, polished editorial styling","wrong hairstyle, inconsistent hair length, merged hair strands, duplicate accessories, incorrect garment layering, warped clothing, broken seams, broken fasteners, malformed footwear, random logos, misspelled text, poor fit, extra limbs, bad hands, child, teen, underage, watermark, low detail, blur",Male/Nashville Western,1,False
0377 | Male/Polished Culture/Nashville Western - Outerwear Look / Braided Style - Day Finish,"adult man, tailored western shirt, dark denim, polished boots and subtle silver hardware, a structured jacket or coat over layered knitwear, tailored trousers and coordinated footwear, precise braided style with clean scalp detail, earth tones, black and bronze palette, soft matte daytime finish, practical restrained accessories, authentic fabric texture, precise seams and fasteners, natural drape, believable accessories, polished editorial styling","wrong hairstyle, inconsistent hair length, merged hair strands, duplicate accessories, incorrect garment layering, warped clothing, broken seams, broken fasteners, malformed footwear, random logos, misspelled text, poor fit, extra limbs, bad hands, child, teen, underage, watermark, low detail, blur",Male/Nashville Western,1,False
0378 | Male/Polished Culture/Nashville Western - Outerwear Look / Braided Style - Evening Finish,"adult man, tailored western shirt, dark denim, polished boots and subtle silver hardware, a structured jacket or coat over layered knitwear, tailored trousers and coordinated footwear, precise braided style with clean scalp detail, earth tones, black and bronze palette, richer contrast, polished evening finish and refined statement accessories, authentic fabric texture, precise seams and fasteners, natural drape, believable accessories, polished editorial styling","wrong hairstyle, inconsistent hair length, merged hair strands, duplicate accessories, incorrect garment layering, warped clothing, broken seams, broken fasteners, malformed footwear, random logos, misspelled text, poor fit, extra limbs, bad hands, child, teen, underage, watermark, low detail, blur",Male/Nashville Western,1,False
0379 | Male/Polished Culture/Nashville Western - Outerwear Look / Silvered Taper - Day Finish,"adult man, tailored western shirt, dark denim, polished boots and subtle silver hardware, a structured jacket or coat over layered knitwear, tailored trousers and coordinated footwear, mature silvered taper with refined texture, navy, grey and oxblood palette, soft matte daytime finish, practical restrained accessories, authentic fabric texture, precise seams and fasteners, natural drape, believable accessories, polished editorial styling","wrong hairstyle, inconsistent hair length, merged hair strands, duplicate accessories, incorrect garment layering, warped clothing, broken seams, broken fasteners, malformed footwear, random logos, misspelled text, poor fit, extra limbs, bad hands, child, teen, underage, watermark, low detail, blur",Male/Nashville Western,1,False
0380 | Male/Polished Culture/Nashville Western - Outerwear Look / Silvered Taper - Evening Finish,"adult man, tailored western shirt, dark denim, polished boots and subtle silver hardware, a structured jacket or coat over layered knitwear, tailored trousers and coordinated footwear, mature silvered taper with refined texture, navy, grey and oxblood palette, richer contrast, polished evening finish and refined statement accessories, authentic fabric texture, precise seams and fasteners, natural drape, believable accessories, polished editorial styling","wrong hairstyle, inconsistent hair length, merged hair strands, duplicate accessories, incorrect garment layering, warped clothing, broken seams, broken fasteners, malformed footwear, random logos, misspelled text, poor fit, extra limbs, bad hands, child, teen, underage, watermark, low detail, blur",Male/Nashville Western,1,False
0381 | Male/Polished Culture/Nashville Western - Smart Casual / Classic Taper - Day Finish,"adult man, tailored western shirt, dark denim, polished boots and subtle silver hardware, a refined shirt or polo, lightweight jacket, clean trousers and understated accessories, clean classic taper with natural texture, navy, charcoal and white palette, soft matte daytime finish, practical restrained accessories, authentic fabric texture, precise seams and fasteners, natural drape, believable accessories, polished editorial styling","wrong hairstyle, inconsistent hair length, merged hair strands, duplicate accessories, incorrect garment layering, warped clothing, broken seams, broken fasteners, malformed footwear, random logos, misspelled text, poor fit, extra limbs, bad hands, child, teen, underage, watermark, low detail, blur",Male/Nashville Western,1,False
0382 | Male/Polished Culture/Nashville Western - Smart Casual / Classic Taper - Evening Finish,"adult man, tailored western shirt, dark denim, polished boots and subtle silver hardware, a refined shirt or polo, lightweight jacket, clean trousers and understated accessories, clean classic taper with natural texture, navy, charcoal and white palette, richer contrast, polished evening finish and refined statement accessories, authentic fabric texture, precise seams and fasteners, natural drape, believable accessories, polished editorial styling","wrong hairstyle, inconsistent hair length, merged hair strands, duplicate accessories, incorrect garment layering, warped clothing, broken seams, broken fasteners, malformed footwear, random logos, misspelled text, poor fit, extra limbs, bad hands, child, teen, underage, watermark, low detail, blur",Male/Nashville Western,1,False
0383 | Male/Polished Culture/Nashville Western - Smart Casual / Textured Crop - Day Finish,"adult man, tailored western shirt, dark denim, polished boots and subtle silver hardware, a refined shirt or polo, lightweight jacket, clean trousers and understated accessories, textured crop with controlled matte finish, olive, stone and black palette, soft matte daytime finish, practical restrained accessories, authentic fabric texture, precise seams and fasteners, natural drape, believable accessories, polished editorial styling","wrong hairstyle, inconsistent hair length, merged hair strands, duplicate accessories, incorrect garment layering, warped clothing, broken seams, broken fasteners, malformed footwear, random logos, misspelled text, poor fit, extra limbs, bad hands, child, teen, underage, watermark, low detail, blur",Male/Nashville Western,1,False
0384 | Male/Polished Culture/Nashville Western - Smart Casual / Textured Crop - Evening Finish,"adult man, tailored western shirt, dark denim, polished boots and subtle silver hardware, a refined shirt or polo, lightweight jacket, clean trousers and understated accessories, textured crop with controlled matte finish, olive, stone and black palette, richer contrast, polished evening finish and refined statement accessories, authentic fabric texture, precise seams and fasteners, natural drape, believable accessories, polished editorial styling","wrong hairstyle, inconsistent hair length, merged hair strands, duplicate accessories, incorrect garment layering, warped clothing, broken seams, broken fasteners, malformed footwear, random logos, misspelled text, poor fit, extra limbs, bad hands, child, teen, underage, watermark, low detail, blur",Male/Nashville Western,1,False
0385 | Male/Polished Culture/Nashville Western - Smart Casual / Side Part - Day Finish,"adult man, tailored western shirt, dark denim, polished boots and subtle silver hardware, a refined shirt or polo, lightweight jacket, clean trousers and understated accessories, refined side part with soft natural hold, camel, cream and dark brown palette, soft matte daytime finish, practical restrained accessories, authentic fabric texture, precise seams and fasteners, natural drape, believable accessories, polished editorial styling","wrong hairstyle, inconsistent hair length, merged hair strands, duplicate accessories, incorrect garment layering, warped clothing, broken seams, broken fasteners, malformed footwear, random logos, misspelled text, poor fit, extra limbs, bad hands, child, teen, underage, watermark, low detail, blur",Male/Nashville Western,1,False
0386 | Male/Polished Culture/Nashville Western - Smart Casual / Side Part - Evening Finish,"adult man, tailored western shirt, dark denim, polished boots and subtle silver hardware, a refined shirt or polo, lightweight jacket, clean trousers and understated accessories, refined side part with soft natural hold, camel, cream and dark brown palette, richer contrast, polished evening finish and refined statement accessories, authentic fabric texture, precise seams and fasteners, natural drape, believable accessories, polished editorial styling","wrong hairstyle, inconsistent hair length, merged hair strands, duplicate accessories, incorrect garment layering, warped clothing, broken seams, broken fasteners, malformed footwear, random logos, misspelled text, poor fit, extra limbs, bad hands, child, teen, underage, watermark, low detail, blur",Male/Nashville Western,1,False
0387 | Male/Polished Culture/Nashville Western - Smart Casual / Medium Swept Back - Day Finish,"adult man, tailored western shirt, dark denim, polished boots and subtle silver hardware, a refined shirt or polo, lightweight jacket, clean trousers and understated accessories, medium-length hair swept back with realistic movement, black, grey and silver palette, soft matte daytime finish, practical restrained accessories, authentic fabric texture, precise seams and fasteners, natural drape, believable accessories, polished editorial styling","wrong hairstyle, inconsistent hair length, merged hair strands, duplicate accessories, incorrect garment layering, warped clothing, broken seams, broken fasteners, malformed footwear, random logos, misspelled text, poor fit, extra limbs, bad hands, child, teen, underage, watermark, low detail, blur",Male/Nashville Western,1,False
0388 | Male/Polished Culture/Nashville Western - Smart Casual / Medium Swept Back - Evening Finish,"adult man, tailored western shirt, dark denim, polished boots and subtle silver hardware, a refined shirt or polo, lightweight jacket, clean trousers and understated accessories, medium-length hair swept back with realistic movement, black, grey and silver palette, richer contrast, polished evening finish and refined statement accessories, authentic fabric texture, precise seams and fasteners, natural drape, believable accessories, polished editorial styling","wrong hairstyle, inconsistent hair length, merged hair strands, duplicate accessories, incorrect garment layering, warped clothing, broken seams, broken fasteners, malformed footwear, random logos, misspelled text, poor fit, extra limbs, bad hands, child, teen, underage, watermark, low detail, blur",Male/Nashville Western,1,False
0389 | Male/Polished Culture/Nashville Western - Smart Casual / Natural Curls - Day Finish,"adult man, tailored western shirt, dark denim, polished boots and subtle silver hardware, a refined shirt or polo, lightweight jacket, clean trousers and understated accessories, defined natural curls with balanced shape, rust, navy and cream palette, soft matte daytime finish, practical restrained accessories, authentic fabric texture, precise seams and fasteners, natural drape, believable accessories, polished editorial styling","wrong hairstyle, inconsistent hair length, merged hair strands, duplicate accessories, incorrect garment layering, warped clothing, broken seams, broken fasteners, malformed footwear, random logos, misspelled text, poor fit, extra limbs, bad hands, child, teen, underage, watermark, low detail, blur",Male/Nashville Western,1,False
0390 | Male/Polished Culture/Nashville Western - Smart Casual / Natural Curls - Evening Finish,"adult man, tailored western shirt, dark denim, polished boots and subtle silver hardware, a refined shirt or polo, lightweight jacket, clean trousers and understated accessories, defined natural curls with balanced shape, rust, navy and cream palette, richer contrast, polished evening finish and refined statement accessories, authentic fabric texture, precise seams and fasteners, natural drape, believable accessories, polished editorial styling","wrong hairstyle, inconsistent hair length, merged hair strands, duplicate accessories, incorrect garment layering, warped clothing, broken seams, broken fasteners, malformed footwear, random logos, misspelled text, poor fit, extra limbs, bad hands, child, teen, underage, watermark, low detail, blur",Male/Nashville Western,1,False
0391 | Male/Polished Culture/Nashville Western - Smart Casual / Close Buzz Cut - Day Finish,"adult man, tailored western shirt, dark denim, polished boots and subtle silver hardware, a refined shirt or polo, lightweight jacket, clean trousers and understated accessories, precise close buzz cut with clean hairline, black, white and cobalt palette, soft matte daytime finish, practical restrained accessories, authentic fabric texture, precise seams and fasteners, natural drape, believable accessories, polished editorial styling","wrong hairstyle, inconsistent hair length, merged hair strands, duplicate accessories, incorrect garment layering, warped clothing, broken seams, broken fasteners, malformed footwear, random logos, misspelled text, poor fit, extra limbs, bad hands, child, teen, underage, watermark, low detail, blur",Male/Nashville Western,1,False
0392 | Male/Polished Culture/Nashville Western - Smart Casual / Close Buzz Cut - Evening Finish,"adult man, tailored western shirt, dark denim, polished boots and subtle silver hardware, a refined shirt or polo, lightweight jacket, clean trousers and understated accessories, precise close buzz cut with clean hairline, black, white and cobalt palette, richer contrast, polished evening finish and refined statement accessories, authentic fabric texture, precise seams and fasteners, natural drape, believable accessories, polished editorial styling","wrong hairstyle, inconsistent hair length, merged hair strands, duplicate accessories, incorrect garment layering, warped clothing, broken seams, broken fasteners, malformed footwear, random logos, misspelled text, poor fit, extra limbs, bad hands, child, teen, underage, watermark, low detail, blur",Male/Nashville Western,1,False
0393 | Male/Polished Culture/Nashville Western - Smart Casual / Modern Quiff - Day Finish,"adult man, tailored western shirt, dark denim, polished boots and subtle silver hardware, a refined shirt or polo, lightweight jacket, clean trousers and understated accessories, modern quiff with controlled volume, burgundy, charcoal and black palette, soft matte daytime finish, practical restrained accessories, authentic fabric texture, precise seams and fasteners, natural drape, believable accessories, polished editorial styling","wrong hairstyle, inconsistent hair length, merged hair strands, duplicate accessories, incorrect garment layering, warped clothing, broken seams, broken fasteners, malformed footwear, random logos, misspelled text, poor fit, extra limbs, bad hands, child, teen, underage, watermark, low detail, blur",Male/Nashville Western,1,False
0394 | Male/Polished Culture/Nashville Western - Smart Casual / Modern Quiff - Evening Finish,"adult man, tailored western shirt, dark denim, polished boots and subtle silver hardware, a refined shirt or polo, lightweight jacket, clean trousers and understated accessories, modern quiff with controlled volume, burgundy, charcoal and black palette, richer contrast, polished evening finish and refined statement accessories, authentic fabric texture, precise seams and fasteners, natural drape, believable accessories, polished editorial styling","wrong hairstyle, inconsistent hair length, merged hair strands, duplicate accessories, incorrect garment layering, warped clothing, broken seams, broken fasteners, malformed footwear, random logos, misspelled text, poor fit, extra limbs, bad hands, child, teen, underage, watermark, low detail, blur",Male/Nashville Western,1,False
0395 | Male/Polished Culture/Nashville Western - Smart Casual / Shoulder Length Waves - Day Finish,"adult man, tailored western shirt, dark denim, polished boots and subtle silver hardware, a refined shirt or polo, lightweight jacket, clean trousers and understated accessories, shoulder-length waves with natural separation, forest, tan and dark denim palette, soft matte daytime finish, practical restrained accessories, authentic fabric texture, precise seams and fasteners, natural drape, believable accessories, polished editorial styling","wrong hairstyle, inconsistent hair length, merged hair strands, duplicate accessories, incorrect garment layering, warped clothing, broken seams, broken fasteners, malformed footwear, random logos, misspelled text, poor fit, extra limbs, bad hands, child, teen, underage, watermark, low detail, blur",Male/Nashville Western,1,False
0396 | Male/Polished Culture/Nashville Western - Smart Casual / Shoulder Length Waves - Evening Finish,"adult man, tailored western shirt, dark denim, polished boots and subtle silver hardware, a refined shirt or polo, lightweight jacket, clean trousers and understated accessories, shoulder-length waves with natural separation, forest, tan and dark denim palette, richer contrast, polished evening finish and refined statement accessories, authentic fabric texture, precise seams and fasteners, natural drape, believable accessories, polished editorial styling","wrong hairstyle, inconsistent hair length, merged hair strands, duplicate accessories, incorrect garment layering, warped clothing, broken seams, broken fasteners, malformed footwear, random logos, misspelled text, poor fit, extra limbs, bad hands, child, teen, underage, watermark, low detail, blur",Male/Nashville Western,1,False
0397 | Male/Polished Culture/Nashville Western - Smart Casual / Braided Style - Day Finish,"adult man, tailored western shirt, dark denim, polished boots and subtle silver hardware, a refined shirt or polo, lightweight jacket, clean trousers and understated accessories, precise braided style with clean scalp detail, earth tones, black and bronze palette, soft matte daytime finish, practical restrained accessories, authentic fabric texture, precise seams and fasteners, natural drape, believable accessories, polished editorial styling","wrong hairstyle, inconsistent hair length, merged hair strands, duplicate accessories, incorrect garment layering, warped clothing, broken seams, broken fasteners, malformed footwear, random logos, misspelled text, poor fit, extra limbs, bad hands, child, teen, underage, watermark, low detail, blur",Male/Nashville Western,1,False
0398 | Male/Polished Culture/Nashville Western - Smart Casual / Braided Style - Evening Finish,"adult man, tailored western shirt, dark denim, polished boots and subtle silver hardware, a refined shirt or polo, lightweight jacket, clean trousers and understated accessories, precise braided style with clean scalp detail, earth tones, black and bronze palette, richer contrast, polished evening finish and refined statement accessories, authentic fabric texture, precise seams and fasteners, natural drape, believable accessories, polished editorial styling","wrong hairstyle, inconsistent hair length, merged hair strands, duplicate accessories, incorrect garment layering, warped clothing, broken seams, broken fasteners, malformed footwear, random logos, misspelled text, poor fit, extra limbs, bad hands, child, teen, underage, watermark, low detail, blur",Male/Nashville Western,1,False
0399 | Male/Polished Culture/Nashville Western - Smart Casual / Silvered Taper - Day Finish,"adult man, tailored western shirt, dark denim, polished boots and subtle silver hardware, a refined shirt or polo, lightweight jacket, clean trousers and understated accessories, mature silvered taper with refined texture, navy, grey and oxblood palette, soft matte daytime finish, practical restrained accessories, authentic fabric texture, precise seams and fasteners, natural drape, believable accessories, polished editorial styling","wrong hairstyle, inconsistent hair length, merged hair strands, duplicate accessories, incorrect garment layering, warped clothing, broken seams, broken fasteners, malformed footwear, random logos, misspelled text, poor fit, extra limbs, bad hands, child, teen, underage, watermark, low detail, blur",Male/Nashville Western,1,False
0400 | Male/Polished Culture/Nashville Western - Smart Casual / Silvered Taper - Evening Finish,"adult man, tailored western shirt, dark denim, polished boots and subtle silver hardware, a refined shirt or polo, lightweight jacket, clean trousers and understated accessories, mature silvered taper with refined texture, navy, grey and oxblood palette, richer contrast, polished evening finish and refined statement accessories, authentic fabric texture, precise seams and fasteners, natural drape, believable accessories, polished editorial styling","wrong hairstyle, inconsistent hair length, merged hair strands, duplicate accessories, incorrect garment layering, warped clothing, broken seams, broken fasteners, malformed footwear, random logos, misspelled text, poor fit, extra limbs, bad hands, child, teen, underage, watermark, low detail, blur",Male/Nashville Western,1,False
0401 | Male/Polished Culture/Nashville Western - Evening Look / Classic Taper - Day Finish,"adult man, tailored western shirt, dark denim, polished boots and subtle silver hardware, a polished suit or dinner jacket, precise shirt styling and minimal formal accessories, clean classic taper with natural texture, navy, charcoal and white palette, soft matte daytime finish, practical restrained accessories, authentic fabric texture, precise seams and fasteners, natural drape, believable accessories, polished editorial styling","wrong hairstyle, inconsistent hair length, merged hair strands, duplicate accessories, incorrect garment layering, warped clothing, broken seams, broken fasteners, malformed footwear, random logos, misspelled text, poor fit, extra limbs, bad hands, child, teen, underage, watermark, low detail, blur",Male/Nashville Western,1,False
0402 | Male/Polished Culture/Nashville Western - Evening Look / Classic Taper - Evening Finish,"adult man, tailored western shirt, dark denim, polished boots and subtle silver hardware, a polished suit or dinner jacket, precise shirt styling and minimal formal accessories, clean classic taper with natural texture, navy, charcoal and white palette, richer contrast, polished evening finish and refined statement accessories, authentic fabric texture, precise seams and fasteners, natural drape, believable accessories, polished editorial styling","wrong hairstyle, inconsistent hair length, merged hair strands, duplicate accessories, incorrect garment layering, warped clothing, broken seams, broken fasteners, malformed footwear, random logos, misspelled text, poor fit, extra limbs, bad hands, child, teen, underage, watermark, low detail, blur",Male/Nashville Western,1,False
0403 | Male/Polished Culture/Nashville Western - Evening Look / Textured Crop - Day Finish,"adult man, tailored western shirt, dark denim, polished boots and subtle silver hardware, a polished suit or dinner jacket, precise shirt styling and minimal formal accessories, textured crop with controlled matte finish, olive, stone and black palette, soft matte daytime finish, practical restrained accessories, authentic fabric texture, precise seams and fasteners, natural drape, believable accessories, polished editorial styling","wrong hairstyle, inconsistent hair length, merged hair strands, duplicate accessories, incorrect garment layering, warped clothing, broken seams, broken fasteners, malformed footwear, random logos, misspelled text, poor fit, extra limbs, bad hands, child, teen, underage, watermark, low detail, blur",Male/Nashville Western,1,False
0404 | Male/Polished Culture/Nashville Western - Evening Look / Textured Crop - Evening Finish,"adult man, tailored western shirt, dark denim, polished boots and subtle silver hardware, a polished suit or dinner jacket, precise shirt styling and minimal formal accessories, textured crop with controlled matte finish, olive, stone and black palette, richer contrast, polished evening finish and refined statement accessories, authentic fabric texture, precise seams and fasteners, natural drape, believable accessories, polished editorial styling","wrong hairstyle, inconsistent hair length, merged hair strands, duplicate accessories, incorrect garment layering, warped clothing, broken seams, broken fasteners, malformed footwear, random logos, misspelled text, poor fit, extra limbs, bad hands, child, teen, underage, watermark, low detail, blur",Male/Nashville Western,1,False
0405 | Male/Polished Culture/Nashville Western - Evening Look / Side Part - Day Finish,"adult man, tailored western shirt, dark denim, polished boots and subtle silver hardware, a polished suit or dinner jacket, precise shirt styling and minimal formal accessories, refined side part with soft natural hold, camel, cream and dark brown palette, soft matte daytime finish, practical restrained accessories, authentic fabric texture, precise seams and fasteners, natural drape, believable accessories, polished editorial styling","wrong hairstyle, inconsistent hair length, merged hair strands, duplicate accessories, incorrect garment layering, warped clothing, broken seams, broken fasteners, malformed footwear, random logos, misspelled text, poor fit, extra limbs, bad hands, child, teen, underage, watermark, low detail, blur",Male/Nashville Western,1,False
0406 | Male/Polished Culture/Nashville Western - Evening Look / Side Part - Evening Finish,"adult man, tailored western shirt, dark denim, polished boots and subtle silver hardware, a polished suit or dinner jacket, precise shirt styling and minimal formal accessories, refined side part with soft natural hold, camel, cream and dark brown palette, richer contrast, polished evening finish and refined statement accessories, authentic fabric texture, precise seams and fasteners, natural drape, believable accessories, polished editorial styling","wrong hairstyle, inconsistent hair length, merged hair strands, duplicate accessories, incorrect garment layering, warped clothing, broken seams, broken fasteners, malformed footwear, random logos, misspelled text, poor fit, extra limbs, bad hands, child, teen, underage, watermark, low detail, blur",Male/Nashville Western,1,False
0407 | Male/Polished Culture/Nashville Western - Evening Look / Medium Swept Back - Day Finish,"adult man, tailored western shirt, dark denim, polished boots and subtle silver hardware, a polished suit or dinner jacket, precise shirt styling and minimal formal accessories, medium-length hair swept back with realistic movement, black, grey and silver palette, soft matte daytime finish, practical restrained accessories, authentic fabric texture, precise seams and fasteners, natural drape, believable accessories, polished editorial styling","wrong hairstyle, inconsistent hair length, merged hair strands, duplicate accessories, incorrect garment layering, warped clothing, broken seams, broken fasteners, malformed footwear, random logos, misspelled text, poor fit, extra limbs, bad hands, child, teen, underage, watermark, low detail, blur",Male/Nashville Western,1,False
0408 | Male/Polished Culture/Nashville Western - Evening Look / Medium Swept Back - Evening Finish,"adult man, tailored western shirt, dark denim, polished boots and subtle silver hardware, a polished suit or dinner jacket, precise shirt styling and minimal formal accessories, medium-length hair swept back with realistic movement, black, grey and silver palette, richer contrast, polished evening finish and refined statement accessories, authentic fabric texture, precise seams and fasteners, natural drape, believable accessories, polished editorial styling","wrong hairstyle, inconsistent hair length, merged hair strands, duplicate accessories, incorrect garment layering, warped clothing, broken seams, broken fasteners, malformed footwear, random logos, misspelled text, poor fit, extra limbs, bad hands, child, teen, underage, watermark, low detail, blur",Male/Nashville Western,1,False
0409 | Male/Polished Culture/Nashville Western - Evening Look / Natural Curls - Day Finish,"adult man, tailored western shirt, dark denim, polished boots and subtle silver hardware, a polished suit or dinner jacket, precise shirt styling and minimal formal accessories, defined natural curls with balanced shape, rust, navy and cream palette, soft matte daytime finish, practical restrained accessories, authentic fabric texture, precise seams and fasteners, natural drape, believable accessories, polished editorial styling","wrong hairstyle, inconsistent hair length, merged hair strands, duplicate accessories, incorrect garment layering, warped clothing, broken seams, broken fasteners, malformed footwear, random logos, misspelled text, poor fit, extra limbs, bad hands, child, teen, underage, watermark, low detail, blur",Male/Nashville Western,1,False
0410 | Male/Polished Culture/Nashville Western - Evening Look / Natural Curls - Evening Finish,"adult man, tailored western shirt, dark denim, polished boots and subtle silver hardware, a polished suit or dinner jacket, precise shirt styling and minimal formal accessories, defined natural curls with balanced shape, rust, navy and cream palette, richer contrast, polished evening finish and refined statement accessories, authentic fabric texture, precise seams and fasteners, natural drape, believable accessories, polished editorial styling","wrong hairstyle, inconsistent hair length, merged hair strands, duplicate accessories, incorrect garment layering, warped clothing, broken seams, broken fasteners, malformed footwear, random logos, misspelled text, poor fit, extra limbs, bad hands, child, teen, underage, watermark, low detail, blur",Male/Nashville Western,1,False
0411 | Male/Polished Culture/Nashville Western - Evening Look / Close Buzz Cut - Day Finish,"adult man, tailored western shirt, dark denim, polished boots and subtle silver hardware, a polished suit or dinner jacket, precise shirt styling and minimal formal accessories, precise close buzz cut with clean hairline, black, white and cobalt palette, soft matte daytime finish, practical restrained accessories, authentic fabric texture, precise seams and fasteners, natural drape, believable accessories, polished editorial styling","wrong hairstyle, inconsistent hair length, merged hair strands, duplicate accessories, incorrect garment layering, warped clothing, broken seams, broken fasteners, malformed footwear, random logos, misspelled text, poor fit, extra limbs, bad hands, child, teen, underage, watermark, low detail, blur",Male/Nashville Western,1,False
0412 | Male/Polished Culture/Nashville Western - Evening Look / Close Buzz Cut - Evening Finish,"adult man, tailored western shirt, dark denim, polished boots and subtle silver hardware, a polished suit or dinner jacket, precise shirt styling and minimal formal accessories, precise close buzz cut with clean hairline, black, white and cobalt palette, richer contrast, polished evening finish and refined statement accessories, authentic fabric texture, precise seams and fasteners, natural drape, believable accessories, polished editorial styling","wrong hairstyle, inconsistent hair length, merged hair strands, duplicate accessories, incorrect garment layering, warped clothing, broken seams, broken fasteners, malformed footwear, random logos, misspelled text, poor fit, extra limbs, bad hands, child, teen, underage, watermark, low detail, blur",Male/Nashville Western,1,False
0413 | Male/Polished Culture/Nashville Western - Evening Look / Modern Quiff - Day Finish,"adult man, tailored western shirt, dark denim, polished boots and subtle silver hardware, a polished suit or dinner jacket, precise shirt styling and minimal formal accessories, modern quiff with controlled volume, burgundy, charcoal and black palette, soft matte daytime finish, practical restrained accessories, authentic fabric texture, precise seams and fasteners, natural drape, believable accessories, polished editorial styling","wrong hairstyle, inconsistent hair length, merged hair strands, duplicate accessories, incorrect garment layering, warped clothing, broken seams, broken fasteners, malformed footwear, random logos, misspelled text, poor fit, extra limbs, bad hands, child, teen, underage, watermark, low detail, blur",Male/Nashville Western,1,False
0414 | Male/Polished Culture/Nashville Western - Evening Look / Modern Quiff - Evening Finish,"adult man, tailored western shirt, dark denim, polished boots and subtle silver hardware, a polished suit or dinner jacket, precise shirt styling and minimal formal accessories, modern quiff with controlled volume, burgundy, charcoal and black palette, richer contrast, polished evening finish and refined statement accessories, authentic fabric texture, precise seams and fasteners, natural drape, believable accessories, polished editorial styling","wrong hairstyle, inconsistent hair length, merged hair strands, duplicate accessories, incorrect garment layering, warped clothing, broken seams, broken fasteners, malformed footwear, random logos, misspelled text, poor fit, extra limbs, bad hands, child, teen, underage, watermark, low detail, blur",Male/Nashville Western,1,False
0415 | Male/Polished Culture/Nashville Western - Evening Look / Shoulder Length Waves - Day Finish,"adult man, tailored western shirt, dark denim, polished boots and subtle silver hardware, a polished suit or dinner jacket, precise shirt styling and minimal formal accessories, shoulder-length waves with natural separation, forest, tan and dark denim palette, soft matte daytime finish, practical restrained accessories, authentic fabric texture, precise seams and fasteners, natural drape, believable accessories, polished editorial styling","wrong hairstyle, inconsistent hair length, merged hair strands, duplicate accessories, incorrect garment layering, warped clothing, broken seams, broken fasteners, malformed footwear, random logos, misspelled text, poor fit, extra limbs, bad hands, child, teen, underage, watermark, low detail, blur",Male/Nashville Western,1,False
0416 | Male/Polished Culture/Nashville Western - Evening Look / Shoulder Length Waves - Evening Finish,"adult man, tailored western shirt, dark denim, polished boots and subtle silver hardware, a polished suit or dinner jacket, precise shirt styling and minimal formal accessories, shoulder-length waves with natural separation, forest, tan and dark denim palette, richer contrast, polished evening finish and refined statement accessories, authentic fabric texture, precise seams and fasteners, natural drape, believable accessories, polished editorial styling","wrong hairstyle, inconsistent hair length, merged hair strands, duplicate accessories, incorrect garment layering, warped clothing, broken seams, broken fasteners, malformed footwear, random logos, misspelled text, poor fit, extra limbs, bad hands, child, teen, underage, watermark, low detail, blur",Male/Nashville Western,1,False
0417 | Male/Polished Culture/Nashville Western - Evening Look / Braided Style - Day Finish,"adult man, tailored western shirt, dark denim, polished boots and subtle silver hardware, a polished suit or dinner jacket, precise shirt styling and minimal formal accessories, precise braided style with clean scalp detail, earth tones, black and bronze palette, soft matte daytime finish, practical restrained accessories, authentic fabric texture, precise seams and fasteners, natural drape, believable accessories, polished editorial styling","wrong hairstyle, inconsistent hair length, merged hair strands, duplicate accessories, incorrect garment layering, warped clothing, broken seams, broken fasteners, malformed footwear, random logos, misspelled text, poor fit, extra limbs, bad hands, child, teen, underage, watermark, low detail, blur",Male/Nashville Western,1,False
0418 | Male/Polished Culture/Nashville Western - Evening Look / Braided Style - Evening Finish,"adult man, tailored western shirt, dark denim, polished boots and subtle silver hardware, a polished suit or dinner jacket, precise shirt styling and minimal formal accessories, precise braided style with clean scalp detail, earth tones, black and bronze palette, richer contrast, polished evening finish and refined statement accessories, authentic fabric texture, precise seams and fasteners, natural drape, believable accessories, polished editorial styling","wrong hairstyle, inconsistent hair length, merged hair strands, duplicate accessories, incorrect garment layering, warped clothing, broken seams, broken fasteners, malformed footwear, random logos, misspelled text, poor fit, extra limbs, bad hands, child, teen, underage, watermark, low detail, blur",Male/Nashville Western,1,False
0419 | Male/Polished Culture/Nashville Western - Evening Look / Silvered Taper - Day Finish,"adult man, tailored western shirt, dark denim, polished boots and subtle silver hardware, a polished suit or dinner jacket, precise shirt styling and minimal formal accessories, mature silvered taper with refined texture, navy, grey and oxblood palette, soft matte daytime finish, practical restrained accessories, authentic fabric texture, precise seams and fasteners, natural drape, believable accessories, polished editorial styling","wrong hairstyle, inconsistent hair length, merged hair strands, duplicate accessories, incorrect garment layering, warped clothing, broken seams, broken fasteners, malformed footwear, random logos, misspelled text, poor fit, extra limbs, bad hands, child, teen, underage, watermark, low detail, blur",Male/Nashville Western,1,False
0420 | Male/Polished Culture/Nashville Western - Evening Look / Silvered Taper - Evening Finish,"adult man, tailored western shirt, dark denim, polished boots and subtle silver hardware, a polished suit or dinner jacket, precise shirt styling and minimal formal accessories, mature silvered taper with refined texture, navy, grey and oxblood palette, richer contrast, polished evening finish and refined statement accessories, authentic fabric texture, precise seams and fasteners, natural drape, believable accessories, polished editorial styling","wrong hairstyle, inconsistent hair length, merged hair strands, duplicate accessories, incorrect garment layering, warped clothing, broken seams, broken fasteners, malformed footwear, random logos, misspelled text, poor fit, extra limbs, bad hands, child, teen, underage, watermark, low detail, blur",Male/Nashville Western,1,False
0421 | Male/Polished Culture/New England Prep - Outerwear Look / Classic Taper - Day Finish,"adult man, navy blazer, oxford shirt, knit layer and classic loafers, a structured jacket or coat over layered knitwear, tailored trousers and coordinated footwear, clean classic taper with natural texture, navy, charcoal and white palette, soft matte daytime finish, practical restrained accessories, authentic fabric texture, precise seams and fasteners, natural drape, believable accessories, polished editorial styling","wrong hairstyle, inconsistent hair length, merged hair strands, duplicate accessories, incorrect garment layering, warped clothing, broken seams, broken fasteners, malformed footwear, random logos, misspelled text, poor fit, extra limbs, bad hands, child, teen, underage, watermark, low detail, blur",Male/New England Prep,1,False
0422 | Male/Polished Culture/New England Prep - Outerwear Look / Classic Taper - Evening Finish,"adult man, navy blazer, oxford shirt, knit layer and classic loafers, a structured jacket or coat over layered knitwear, tailored trousers and coordinated footwear, clean classic taper with natural texture, navy, charcoal and white palette, richer contrast, polished evening finish and refined statement accessories, authentic fabric texture, precise seams and fasteners, natural drape, believable accessories, polished editorial styling","wrong hairstyle, inconsistent hair length, merged hair strands, duplicate accessories, incorrect garment layering, warped clothing, broken seams, broken fasteners, malformed footwear, random logos, misspelled text, poor fit, extra limbs, bad hands, child, teen, underage, watermark, low detail, blur",Male/New England Prep,1,False
0423 | Male/Polished Culture/New England Prep - Outerwear Look / Textured Crop - Day Finish,"adult man, navy blazer, oxford shirt, knit layer and classic loafers, a structured jacket or coat over layered knitwear, tailored trousers and coordinated footwear, textured crop with controlled matte finish, olive, stone and black palette, soft matte daytime finish, practical restrained accessories, authentic fabric texture, precise seams and fasteners, natural drape, believable accessories, polished editorial styling","wrong hairstyle, inconsistent hair length, merged hair strands, duplicate accessories, incorrect garment layering, warped clothing, broken seams, broken fasteners, malformed footwear, random logos, misspelled text, poor fit, extra limbs, bad hands, child, teen, underage, watermark, low detail, blur",Male/New England Prep,1,False
0424 | Male/Polished Culture/New England Prep - Outerwear Look / Textured Crop - Evening Finish,"adult man, navy blazer, oxford shirt, knit layer and classic loafers, a structured jacket or coat over layered knitwear, tailored trousers and coordinated footwear, textured crop with controlled matte finish, olive, stone and black palette, richer contrast, polished evening finish and refined statement accessories, authentic fabric texture, precise seams and fasteners, natural drape, believable accessories, polished editorial styling","wrong hairstyle, inconsistent hair length, merged hair strands, duplicate accessories, incorrect garment layering, warped clothing, broken seams, broken fasteners, malformed footwear, random logos, misspelled text, poor fit, extra limbs, bad hands, child, teen, underage, watermark, low detail, blur",Male/New England Prep,1,False
0425 | Male/Polished Culture/New England Prep - Outerwear Look / Side Part - Day Finish,"adult man, navy blazer, oxford shirt, knit layer and classic loafers, a structured jacket or coat over layered knitwear, tailored trousers and coordinated footwear, refined side part with soft natural hold, camel, cream and dark brown palette, soft matte daytime finish, practical restrained accessories, authentic fabric texture, precise seams and fasteners, natural drape, believable accessories, polished editorial styling","wrong hairstyle, inconsistent hair length, merged hair strands, duplicate accessories, incorrect garment layering, warped clothing, broken seams, broken fasteners, malformed footwear, random logos, misspelled text, poor fit, extra limbs, bad hands, child, teen, underage, watermark, low detail, blur",Male/New England Prep,1,False
0426 | Male/Polished Culture/New England Prep - Outerwear Look / Side Part - Evening Finish,"adult man, navy blazer, oxford shirt, knit layer and classic loafers, a structured jacket or coat over layered knitwear, tailored trousers and coordinated footwear, refined side part with soft natural hold, camel, cream and dark brown palette, richer contrast, polished evening finish and refined statement accessories, authentic fabric texture, precise seams and fasteners, natural drape, believable accessories, polished editorial styling","wrong hairstyle, inconsistent hair length, merged hair strands, duplicate accessories, incorrect garment layering, warped clothing, broken seams, broken fasteners, malformed footwear, random logos, misspelled text, poor fit, extra limbs, bad hands, child, teen, underage, watermark, low detail, blur",Male/New England Prep,1,False
0427 | Male/Polished Culture/New England Prep - Outerwear Look / Medium Swept Back - Day Finish,"adult man, navy blazer, oxford shirt, knit layer and classic loafers, a structured jacket or coat over layered knitwear, tailored trousers and coordinated footwear, medium-length hair swept back with realistic movement, black, grey and silver palette, soft matte daytime finish, practical restrained accessories, authentic fabric texture, precise seams and fasteners, natural drape, believable accessories, polished editorial styling","wrong hairstyle, inconsistent hair length, merged hair strands, duplicate accessories, incorrect garment layering, warped clothing, broken seams, broken fasteners, malformed footwear, random logos, misspelled text, poor fit, extra limbs, bad hands, child, teen, underage, watermark, low detail, blur",Male/New England Prep,1,False
0428 | Male/Polished Culture/New England Prep - Outerwear Look / Medium Swept Back - Evening Finish,"adult man, navy blazer, oxford shirt, knit layer and classic loafers, a structured jacket or coat over layered knitwear, tailored trousers and coordinated footwear, medium-length hair swept back with realistic movement, black, grey and silver palette, richer contrast, polished evening finish and refined statement accessories, authentic fabric texture, precise seams and fasteners, natural drape, believable accessories, polished editorial styling","wrong hairstyle, inconsistent hair length, merged hair strands, duplicate accessories, incorrect garment layering, warped clothing, broken seams, broken fasteners, malformed footwear, random logos, misspelled text, poor fit, extra limbs, bad hands, child, teen, underage, watermark, low detail, blur",Male/New England Prep,1,False
0429 | Male/Polished Culture/New England Prep - Outerwear Look / Natural Curls - Day Finish,"adult man, navy blazer, oxford shirt, knit layer and classic loafers, a structured jacket or coat over layered knitwear, tailored trousers and coordinated footwear, defined natural curls with balanced shape, rust, navy and cream palette, soft matte daytime finish, practical restrained accessories, authentic fabric texture, precise seams and fasteners, natural drape, believable accessories, polished editorial styling","wrong hairstyle, inconsistent hair length, merged hair strands, duplicate accessories, incorrect garment layering, warped clothing, broken seams, broken fasteners, malformed footwear, random logos, misspelled text, poor fit, extra limbs, bad hands, child, teen, underage, watermark, low detail, blur",Male/New England Prep,1,False
0430 | Male/Polished Culture/New England Prep - Outerwear Look / Natural Curls - Evening Finish,"adult man, navy blazer, oxford shirt, knit layer and classic loafers, a structured jacket or coat over layered knitwear, tailored trousers and coordinated footwear, defined natural curls with balanced shape, rust, navy and cream palette, richer contrast, polished evening finish and refined statement accessories, authentic fabric texture, precise seams and fasteners, natural drape, believable accessories, polished editorial styling","wrong hairstyle, inconsistent hair length, merged hair strands, duplicate accessories, incorrect garment layering, warped clothing, broken seams, broken fasteners, malformed footwear, random logos, misspelled text, poor fit, extra limbs, bad hands, child, teen, underage, watermark, low detail, blur",Male/New England Prep,1,False
0431 | Male/Polished Culture/New England Prep - Outerwear Look / Close Buzz Cut - Day Finish,"adult man, navy blazer, oxford shirt, knit layer and classic loafers, a structured jacket or coat over layered knitwear, tailored trousers and coordinated footwear, precise close buzz cut with clean hairline, black, white and cobalt palette, soft matte daytime finish, practical restrained accessories, authentic fabric texture, precise seams and fasteners, natural drape, believable accessories, polished editorial styling","wrong hairstyle, inconsistent hair length, merged hair strands, duplicate accessories, incorrect garment layering, warped clothing, broken seams, broken fasteners, malformed footwear, random logos, misspelled text, poor fit, extra limbs, bad hands, child, teen, underage, watermark, low detail, blur",Male/New England Prep,1,False
0432 | Male/Polished Culture/New England Prep - Outerwear Look / Close Buzz Cut - Evening Finish,"adult man, navy blazer, oxford shirt, knit layer and classic loafers, a structured jacket or coat over layered knitwear, tailored trousers and coordinated footwear, precise close buzz cut with clean hairline, black, white and cobalt palette, richer contrast, polished evening finish and refined statement accessories, authentic fabric texture, precise seams and fasteners, natural drape, believable accessories, polished editorial styling","wrong hairstyle, inconsistent hair length, merged hair strands, duplicate accessories, incorrect garment layering, warped clothing, broken seams, broken fasteners, malformed footwear, random logos, misspelled text, poor fit, extra limbs, bad hands, child, teen, underage, watermark, low detail, blur",Male/New England Prep,1,False
0433 | Male/Polished Culture/New England Prep - Outerwear Look / Modern Quiff - Day Finish,"adult man, navy blazer, oxford shirt, knit layer and classic loafers, a structured jacket or coat over layered knitwear, tailored trousers and coordinated footwear, modern quiff with controlled volume, burgundy, charcoal and black palette, soft matte daytime finish, practical restrained accessories, authentic fabric texture, precise seams and fasteners, natural drape, believable accessories, polished editorial styling","wrong hairstyle, inconsistent hair length, merged hair strands, duplicate accessories, incorrect garment layering, warped clothing, broken seams, broken fasteners, malformed footwear, random logos, misspelled text, poor fit, extra limbs, bad hands, child, teen, underage, watermark, low detail, blur",Male/New England Prep,1,False
0434 | Male/Polished Culture/New England Prep - Outerwear Look / Modern Quiff - Evening Finish,"adult man, navy blazer, oxford shirt, knit layer and classic loafers, a structured jacket or coat over layered knitwear, tailored trousers and coordinated footwear, modern quiff with controlled volume, burgundy, charcoal and black palette, richer contrast, polished evening finish and refined statement accessories, authentic fabric texture, precise seams and fasteners, natural drape, believable accessories, polished editorial styling","wrong hairstyle, inconsistent hair length, merged hair strands, duplicate accessories, incorrect garment layering, warped clothing, broken seams, broken fasteners, malformed footwear, random logos, misspelled text, poor fit, extra limbs, bad hands, child, teen, underage, watermark, low detail, blur",Male/New England Prep,1,False
0435 | Male/Polished Culture/New England Prep - Outerwear Look / Shoulder Length Waves - Day Finish,"adult man, navy blazer, oxford shirt, knit layer and classic loafers, a structured jacket or coat over layered knitwear, tailored trousers and coordinated footwear, shoulder-length waves with natural separation, forest, tan and dark denim palette, soft matte daytime finish, practical restrained accessories, authentic fabric texture, precise seams and fasteners, natural drape, believable accessories, polished editorial styling","wrong hairstyle, inconsistent hair length, merged hair strands, duplicate accessories, incorrect garment layering, warped clothing, broken seams, broken fasteners, malformed footwear, random logos, misspelled text, poor fit, extra limbs, bad hands, child, teen, underage, watermark, low detail, blur",Male/New England Prep,1,False
0436 | Male/Polished Culture/New England Prep - Outerwear Look / Shoulder Length Waves - Evening Finish,"adult man, navy blazer, oxford shirt, knit layer and classic loafers, a structured jacket or coat over layered knitwear, tailored trousers and coordinated footwear, shoulder-length waves with natural separation, forest, tan and dark denim palette, richer contrast, polished evening finish and refined statement accessories, authentic fabric texture, precise seams and fasteners, natural drape, believable accessories, polished editorial styling","wrong hairstyle, inconsistent hair length, merged hair strands, duplicate accessories, incorrect garment layering, warped clothing, broken seams, broken fasteners, malformed footwear, random logos, misspelled text, poor fit, extra limbs, bad hands, child, teen, underage, watermark, low detail, blur",Male/New England Prep,1,False
0437 | Male/Polished Culture/New England Prep - Outerwear Look / Braided Style - Day Finish,"adult man, navy blazer, oxford shirt, knit layer and classic loafers, a structured jacket or coat over layered knitwear, tailored trousers and coordinated footwear, precise braided style with clean scalp detail, earth tones, black and bronze palette, soft matte daytime finish, practical restrained accessories, authentic fabric texture, precise seams and fasteners, natural drape, believable accessories, polished editorial styling","wrong hairstyle, inconsistent hair length, merged hair strands, duplicate accessories, incorrect garment layering, warped clothing, broken seams, broken fasteners, malformed footwear, random logos, misspelled text, poor fit, extra limbs, bad hands, child, teen, underage, watermark, low detail, blur",Male/New England Prep,1,False
0438 | Male/Polished Culture/New England Prep - Outerwear Look / Braided Style - Evening Finish,"adult man, navy blazer, oxford shirt, knit layer and classic loafers, a structured jacket or coat over layered knitwear, tailored trousers and coordinated footwear, precise braided style with clean scalp detail, earth tones, black and bronze palette, richer contrast, polished evening finish and refined statement accessories, authentic fabric texture, precise seams and fasteners, natural drape, believable accessories, polished editorial styling","wrong hairstyle, inconsistent hair length, merged hair strands, duplicate accessories, incorrect garment layering, warped clothing, broken seams, broken fasteners, malformed footwear, random logos, misspelled text, poor fit, extra limbs, bad hands, child, teen, underage, watermark, low detail, blur",Male/New England Prep,1,False
0439 | Male/Polished Culture/New England Prep - Outerwear Look / Silvered Taper - Day Finish,"adult man, navy blazer, oxford shirt, knit layer and classic loafers, a structured jacket or coat over layered knitwear, tailored trousers and coordinated footwear, mature silvered taper with refined texture, navy, grey and oxblood palette, soft matte daytime finish, practical restrained accessories, authentic fabric texture, precise seams and fasteners, natural drape, believable accessories, polished editorial styling","wrong hairstyle, inconsistent hair length, merged hair strands, duplicate accessories, incorrect garment layering, warped clothing, broken seams, broken fasteners, malformed footwear, random logos, misspelled text, poor fit, extra limbs, bad hands, child, teen, underage, watermark, low detail, blur",Male/New England Prep,1,False
0440 | Male/Polished Culture/New England Prep - Outerwear Look / Silvered Taper - Evening Finish,"adult man, navy blazer, oxford shirt, knit layer and classic loafers, a structured jacket or coat over layered knitwear, tailored trousers and coordinated footwear, mature silvered taper with refined texture, navy, grey and oxblood palette, richer contrast, polished evening finish and refined statement accessories, authentic fabric texture, precise seams and fasteners, natural drape, believable accessories, polished editorial styling","wrong hairstyle, inconsistent hair length, merged hair strands, duplicate accessories, incorrect garment layering, warped clothing, broken seams, broken fasteners, malformed footwear, random logos, misspelled text, poor fit, extra limbs, bad hands, child, teen, underage, watermark, low detail, blur",Male/New England Prep,1,False
0441 | Male/Polished Culture/New England Prep - Smart Casual / Classic Taper - Day Finish,"adult man, navy blazer, oxford shirt, knit layer and classic loafers, a refined shirt or polo, lightweight jacket, clean trousers and understated accessories, clean classic taper with natural texture, navy, charcoal and white palette, soft matte daytime finish, practical restrained accessories, authentic fabric texture, precise seams and fasteners, natural drape, believable accessories, polished editorial styling","wrong hairstyle, inconsistent hair length, merged hair strands, duplicate accessories, incorrect garment layering, warped clothing, broken seams, broken fasteners, malformed footwear, random logos, misspelled text, poor fit, extra limbs, bad hands, child, teen, underage, watermark, low detail, blur",Male/New England Prep,1,False
0442 | Male/Polished Culture/New England Prep - Smart Casual / Classic Taper - Evening Finish,"adult man, navy blazer, oxford shirt, knit layer and classic loafers, a refined shirt or polo, lightweight jacket, clean trousers and understated accessories, clean classic taper with natural texture, navy, charcoal and white palette, richer contrast, polished evening finish and refined statement accessories, authentic fabric texture, precise seams and fasteners, natural drape, believable accessories, polished editorial styling","wrong hairstyle, inconsistent hair length, merged hair strands, duplicate accessories, incorrect garment layering, warped clothing, broken seams, broken fasteners, malformed footwear, random logos, misspelled text, poor fit, extra limbs, bad hands, child, teen, underage, watermark, low detail, blur",Male/New England Prep,1,False
0443 | Male/Polished Culture/New England Prep - Smart Casual / Textured Crop - Day Finish,"adult man, navy blazer, oxford shirt, knit layer and classic loafers, a refined shirt or polo, lightweight jacket, clean trousers and understated accessories, textured crop with controlled matte finish, olive, stone and black palette, soft matte daytime finish, practical restrained accessories, authentic fabric texture, precise seams and fasteners, natural drape, believable accessories, polished editorial styling","wrong hairstyle, inconsistent hair length, merged hair strands, duplicate accessories, incorrect garment layering, warped clothing, broken seams, broken fasteners, malformed footwear, random logos, misspelled text, poor fit, extra limbs, bad hands, child, teen, underage, watermark, low detail, blur",Male/New England Prep,1,False
0444 | Male/Polished Culture/New England Prep - Smart Casual / Textured Crop - Evening Finish,"adult man, navy blazer, oxford shirt, knit layer and classic loafers, a refined shirt or polo, lightweight jacket, clean trousers and understated accessories, textured crop with controlled matte finish, olive, stone and black palette, richer contrast, polished evening finish and refined statement accessories, authentic fabric texture, precise seams and fasteners, natural drape, believable accessories, polished editorial styling","wrong hairstyle, inconsistent hair length, merged hair strands, duplicate accessories, incorrect garment layering, warped clothing, broken seams, broken fasteners, malformed footwear, random logos, misspelled text, poor fit, extra limbs, bad hands, child, teen, underage, watermark, low detail, blur",Male/New England Prep,1,False
0445 | Male/Polished Culture/New England Prep - Smart Casual / Side Part - Day Finish,"adult man, navy blazer, oxford shirt, knit layer and classic loafers, a refined shirt or polo, lightweight jacket, clean trousers and understated accessories, refined side part with soft natural hold, camel, cream and dark brown palette, soft matte daytime finish, practical restrained accessories, authentic fabric texture, precise seams and fasteners, natural drape, believable accessories, polished editorial styling","wrong hairstyle, inconsistent hair length, merged hair strands, duplicate accessories, incorrect garment layering, warped clothing, broken seams, broken fasteners, malformed footwear, random logos, misspelled text, poor fit, extra limbs, bad hands, child, teen, underage, watermark, low detail, blur",Male/New England Prep,1,False
0446 | Male/Polished Culture/New England Prep - Smart Casual / Side Part - Evening Finish,"adult man, navy blazer, oxford shirt, knit layer and classic loafers, a refined shirt or polo, lightweight jacket, clean trousers and understated accessories, refined side part with soft natural hold, camel, cream and dark brown palette, richer contrast, polished evening finish and refined statement accessories, authentic fabric texture, precise seams and fasteners, natural drape, believable accessories, polished editorial styling","wrong hairstyle, inconsistent hair length, merged hair strands, duplicate accessories, incorrect garment layering, warped clothing, broken seams, broken fasteners, malformed footwear, random logos, misspelled text, poor fit, extra limbs, bad hands, child, teen, underage, watermark, low detail, blur",Male/New England Prep,1,False
0447 | Male/Polished Culture/New England Prep - Smart Casual / Medium Swept Back - Day Finish,"adult man, navy blazer, oxford shirt, knit layer and classic loafers, a refined shirt or polo, lightweight jacket, clean trousers and understated accessories, medium-length hair swept back with realistic movement, black, grey and silver palette, soft matte daytime finish, practical restrained accessories, authentic fabric texture, precise seams and fasteners, natural drape, believable accessories, polished editorial styling","wrong hairstyle, inconsistent hair length, merged hair strands, duplicate accessories, incorrect garment layering, warped clothing, broken seams, broken fasteners, malformed footwear, random logos, misspelled text, poor fit, extra limbs, bad hands, child, teen, underage, watermark, low detail, blur",Male/New England Prep,1,False
0448 | Male/Polished Culture/New England Prep - Smart Casual / Medium Swept Back - Evening Finish,"adult man, navy blazer, oxford shirt, knit layer and classic loafers, a refined shirt or polo, lightweight jacket, clean trousers and understated accessories, medium-length hair swept back with realistic movement, black, grey and silver palette, richer contrast, polished evening finish and refined statement accessories, authentic fabric texture, precise seams and fasteners, natural drape, believable accessories, polished editorial styling","wrong hairstyle, inconsistent hair length, merged hair strands, duplicate accessories, incorrect garment layering, warped clothing, broken seams, broken fasteners, malformed footwear, random logos, misspelled text, poor fit, extra limbs, bad hands, child, teen, underage, watermark, low detail, blur",Male/New England Prep,1,False
0449 | Male/Polished Culture/New England Prep - Smart Casual / Natural Curls - Day Finish,"adult man, navy blazer, oxford shirt, knit layer and classic loafers, a refined shirt or polo, lightweight jacket, clean trousers and understated accessories, defined natural curls with balanced shape, rust, navy and cream palette, soft matte daytime finish, practical restrained accessories, authentic fabric texture, precise seams and fasteners, natural drape, believable accessories, polished editorial styling","wrong hairstyle, inconsistent hair length, merged hair strands, duplicate accessories, incorrect garment layering, warped clothing, broken seams, broken fasteners, malformed footwear, random logos, misspelled text, poor fit, extra limbs, bad hands, child, teen, underage, watermark, low detail, blur",Male/New England Prep,1,False
0450 | Male/Polished Culture/New England Prep - Smart Casual / Natural Curls - Evening Finish,"adult man, navy blazer, oxford shirt, knit layer and classic loafers, a refined shirt or polo, lightweight jacket, clean trousers and understated accessories, defined natural curls with balanced shape, rust, navy and cream palette, richer contrast, polished evening finish and refined statement accessories, authentic fabric texture, precise seams and fasteners, natural drape, believable accessories, polished editorial styling","wrong hairstyle, inconsistent hair length, merged hair strands, duplicate accessories, incorrect garment layering, warped clothing, broken seams, broken fasteners, malformed footwear, random logos, misspelled text, poor fit, extra limbs, bad hands, child, teen, underage, watermark, low detail, blur",Male/New England Prep,1,False
0451 | Male/Polished Culture/New England Prep - Smart Casual / Close Buzz Cut - Day Finish,"adult man, navy blazer, oxford shirt, knit layer and classic loafers, a refined shirt or polo, lightweight jacket, clean trousers and understated accessories, precise close buzz cut with clean hairline, black, white and cobalt palette, soft matte daytime finish, practical restrained accessories, authentic fabric texture, precise seams and fasteners, natural drape, believable accessories, polished editorial styling","wrong hairstyle, inconsistent hair length, merged hair strands, duplicate accessories, incorrect garment layering, warped clothing, broken seams, broken fasteners, malformed footwear, random logos, misspelled text, poor fit, extra limbs, bad hands, child, teen, underage, watermark, low detail, blur",Male/New England Prep,1,False
0452 | Male/Polished Culture/New England Prep - Smart Casual / Close Buzz Cut - Evening Finish,"adult man, navy blazer, oxford shirt, knit layer and classic loafers, a refined shirt or polo, lightweight jacket, clean trousers and understated accessories, precise close buzz cut with clean hairline, black, white and cobalt palette, richer contrast, polished evening finish and refined statement accessories, authentic fabric texture, precise seams and fasteners, natural drape, believable accessories, polished editorial styling","wrong hairstyle, inconsistent hair length, merged hair strands, duplicate accessories, incorrect garment layering, warped clothing, broken seams, broken fasteners, malformed footwear, random logos, misspelled text, poor fit, extra limbs, bad hands, child, teen, underage, watermark, low detail, blur",Male/New England Prep,1,False
0453 | Male/Polished Culture/New England Prep - Smart Casual / Modern Quiff - Day Finish,"adult man, navy blazer, oxford shirt, knit layer and classic loafers, a refined shirt or polo, lightweight jacket, clean trousers and understated accessories, modern quiff with controlled volume, burgundy, charcoal and black palette, soft matte daytime finish, practical restrained accessories, authentic fabric texture, precise seams and fasteners, natural drape, believable accessories, polished editorial styling","wrong hairstyle, inconsistent hair length, merged hair strands, duplicate accessories, incorrect garment layering, warped clothing, broken seams, broken fasteners, malformed footwear, random logos, misspelled text, poor fit, extra limbs, bad hands, child, teen, underage, watermark, low detail, blur",Male/New England Prep,1,False
0454 | Male/Polished Culture/New England Prep - Smart Casual / Modern Quiff - Evening Finish,"adult man, navy blazer, oxford shirt, knit layer and classic loafers, a refined shirt or polo, lightweight jacket, clean trousers and understated accessories, modern quiff with controlled volume, burgundy, charcoal and black palette, richer contrast, polished evening finish and refined statement accessories, authentic fabric texture, precise seams and fasteners, natural drape, believable accessories, polished editorial styling","wrong hairstyle, inconsistent hair length, merged hair strands, duplicate accessories, incorrect garment layering, warped clothing, broken seams, broken fasteners, malformed footwear, random logos, misspelled text, poor fit, extra limbs, bad hands, child, teen, underage, watermark, low detail, blur",Male/New England Prep,1,False
0455 | Male/Polished Culture/New England Prep - Smart Casual / Shoulder Length Waves - Day Finish,"adult man, navy blazer, oxford shirt, knit layer and classic loafers, a refined shirt or polo, lightweight jacket, clean trousers and understated accessories, shoulder-length waves with natural separation, forest, tan and dark denim palette, soft matte daytime finish, practical restrained accessories, authentic fabric texture, precise seams and fasteners, natural drape, believable accessories, polished editorial styling","wrong hairstyle, inconsistent hair length, merged hair strands, duplicate accessories, incorrect garment layering, warped clothing, broken seams, broken fasteners, malformed footwear, random logos, misspelled text, poor fit, extra limbs, bad hands, child, teen, underage, watermark, low detail, blur",Male/New England Prep,1,False
0456 | Male/Polished Culture/New England Prep - Smart Casual / Shoulder Length Waves - Evening Finish,"adult man, navy blazer, oxford shirt, knit layer and classic loafers, a refined shirt or polo, lightweight jacket, clean trousers and understated accessories, shoulder-length waves with natural separation, forest, tan and dark denim palette, richer contrast, polished evening finish and refined statement accessories, authentic fabric texture, precise seams and fasteners, natural drape, believable accessories, polished editorial styling","wrong hairstyle, inconsistent hair length, merged hair strands, duplicate accessories, incorrect garment layering, warped clothing, broken seams, broken fasteners, malformed footwear, random logos, misspelled text, poor fit, extra limbs, bad hands, child, teen, underage, watermark, low detail, blur",Male/New England Prep,1,False
0457 | Male/Polished Culture/New England Prep - Smart Casual / Braided Style - Day Finish,"adult man, navy blazer, oxford shirt, knit layer and classic loafers, a refined shirt or polo, lightweight jacket, clean trousers and understated accessories, precise braided style with clean scalp detail, earth tones, black and bronze palette, soft matte daytime finish, practical restrained accessories, authentic fabric texture, precise seams and fasteners, natural drape, believable accessories, polished editorial styling","wrong hairstyle, inconsistent hair length, merged hair strands, duplicate accessories, incorrect garment layering, warped clothing, broken seams, broken fasteners, malformed footwear, random logos, misspelled text, poor fit, extra limbs, bad hands, child, teen, underage, watermark, low detail, blur",Male/New England Prep,1,False
0458 | Male/Polished Culture/New England Prep - Smart Casual / Braided Style - Evening Finish,"adult man, navy blazer, oxford shirt, knit layer and classic loafers, a refined shirt or polo, lightweight jacket, clean trousers and understated accessories, precise braided style with clean scalp detail, earth tones, black and bronze palette, richer contrast, polished evening finish and refined statement accessories, authentic fabric texture, precise seams and fasteners, natural drape, believable accessories, polished editorial styling","wrong hairstyle, inconsistent hair length, merged hair strands, duplicate accessories, incorrect garment layering, warped clothing, broken seams, broken fasteners, malformed footwear, random logos, misspelled text, poor fit, extra limbs, bad hands, child, teen, underage, watermark, low detail, blur",Male/New England Prep,1,False
0459 | Male/Polished Culture/New England Prep - Smart Casual / Silvered Taper - Day Finish,"adult man, navy blazer, oxford shirt, knit layer and classic loafers, a refined shirt or polo, lightweight jacket, clean trousers and understated accessories, mature silvered taper with refined texture, navy, grey and oxblood palette, soft matte daytime finish, practical restrained accessories, authentic fabric texture, precise seams and fasteners, natural drape, believable accessories, polished editorial styling","wrong hairstyle, inconsistent hair length, merged hair strands, duplicate accessories, incorrect garment layering, warped clothing, broken seams, broken fasteners, malformed footwear, random logos, misspelled text, poor fit, extra limbs, bad hands, child, teen, underage, watermark, low detail, blur",Male/New England Prep,1,False
0460 | Male/Polished Culture/New England Prep - Smart Casual / Silvered Taper - Evening Finish,"adult man, navy blazer, oxford shirt, knit layer and classic loafers, a refined shirt or polo, lightweight jacket, clean trousers and understated accessories, mature silvered taper with refined texture, navy, grey and oxblood palette, richer contrast, polished evening finish and refined statement accessories, authentic fabric texture, precise seams and fasteners, natural drape, believable accessories, polished editorial styling","wrong hairstyle, inconsistent hair length, merged hair strands, duplicate accessories, incorrect garment layering, warped clothing, broken seams, broken fasteners, malformed footwear, random logos, misspelled text, poor fit, extra limbs, bad hands, child, teen, underage, watermark, low detail, blur",Male/New England Prep,1,False
0461 | Male/Polished Culture/New England Prep - Evening Look / Classic Taper - Day Finish,"adult man, navy blazer, oxford shirt, knit layer and classic loafers, a polished suit or dinner jacket, precise shirt styling and minimal formal accessories, clean classic taper with natural texture, navy, charcoal and white palette, soft matte daytime finish, practical restrained accessories, authentic fabric texture, precise seams and fasteners, natural drape, believable accessories, polished editorial styling","wrong hairstyle, inconsistent hair length, merged hair strands, duplicate accessories, incorrect garment layering, warped clothing, broken seams, broken fasteners, malformed footwear, random logos, misspelled text, poor fit, extra limbs, bad hands, child, teen, underage, watermark, low detail, blur",Male/New England Prep,1,False
0462 | Male/Polished Culture/New England Prep - Evening Look / Classic Taper - Evening Finish,"adult man, navy blazer, oxford shirt, knit layer and classic loafers, a polished suit or dinner jacket, precise shirt styling and minimal formal accessories, clean classic taper with natural texture, navy, charcoal and white palette, richer contrast, polished evening finish and refined statement accessories, authentic fabric texture, precise seams and fasteners, natural drape, believable accessories, polished editorial styling","wrong hairstyle, inconsistent hair length, merged hair strands, duplicate accessories, incorrect garment layering, warped clothing, broken seams, broken fasteners, malformed footwear, random logos, misspelled text, poor fit, extra limbs, bad hands, child, teen, underage, watermark, low detail, blur",Male/New England Prep,1,False
0463 | Male/Polished Culture/New England Prep - Evening Look / Textured Crop - Day Finish,"adult man, navy blazer, oxford shirt, knit layer and classic loafers, a polished suit or dinner jacket, precise shirt styling and minimal formal accessories, textured crop with controlled matte finish, olive, stone and black palette, soft matte daytime finish, practical restrained accessories, authentic fabric texture, precise seams and fasteners, natural drape, believable accessories, polished editorial styling","wrong hairstyle, inconsistent hair length, merged hair strands, duplicate accessories, incorrect garment layering, warped clothing, broken seams, broken fasteners, malformed footwear, random logos, misspelled text, poor fit, extra limbs, bad hands, child, teen, underage, watermark, low detail, blur",Male/New England Prep,1,False
0464 | Male/Polished Culture/New England Prep - Evening Look / Textured Crop - Evening Finish,"adult man, navy blazer, oxford shirt, knit layer and classic loafers, a polished suit or dinner jacket, precise shirt styling and minimal formal accessories, textured crop with controlled matte finish, olive, stone and black palette, richer contrast, polished evening finish and refined statement accessories, authentic fabric texture, precise seams and fasteners, natural drape, believable accessories, polished editorial styling","wrong hairstyle, inconsistent hair length, merged hair strands, duplicate accessories, incorrect garment layering, warped clothing, broken seams, broken fasteners, malformed footwear, random logos, misspelled text, poor fit, extra limbs, bad hands, child, teen, underage, watermark, low detail, blur",Male/New England Prep,1,False
0465 | Male/Polished Culture/New England Prep - Evening Look / Side Part - Day Finish,"adult man, navy blazer, oxford shirt, knit layer and classic loafers, a polished suit or dinner jacket, precise shirt styling and minimal formal accessories, refined side part with soft natural hold, camel, cream and dark brown palette, soft matte daytime finish, practical restrained accessories, authentic fabric texture, precise seams and fasteners, natural drape, believable accessories, polished editorial styling","wrong hairstyle, inconsistent hair length, merged hair strands, duplicate accessories, incorrect garment layering, warped clothing, broken seams, broken fasteners, malformed footwear, random logos, misspelled text, poor fit, extra limbs, bad hands, child, teen, underage, watermark, low detail, blur",Male/New England Prep,1,False
0466 | Male/Polished Culture/New England Prep - Evening Look / Side Part - Evening Finish,"adult man, navy blazer, oxford shirt, knit layer and classic loafers, a polished suit or dinner jacket, precise shirt styling and minimal formal accessories, refined side part with soft natural hold, camel, cream and dark brown palette, richer contrast, polished evening finish and refined statement accessories, authentic fabric texture, precise seams and fasteners, natural drape, believable accessories, polished editorial styling","wrong hairstyle, inconsistent hair length, merged hair strands, duplicate accessories, incorrect garment layering, warped clothing, broken seams, broken fasteners, malformed footwear, random logos, misspelled text, poor fit, extra limbs, bad hands, child, teen, underage, watermark, low detail, blur",Male/New England Prep,1,False
0467 | Male/Polished Culture/New England Prep - Evening Look / Medium Swept Back - Day Finish,"adult man, navy blazer, oxford shirt, knit layer and classic loafers, a polished suit or dinner jacket, precise shirt styling and minimal formal accessories, medium-length hair swept back with realistic movement, black, grey and silver palette, soft matte daytime finish, practical restrained accessories, authentic fabric texture, precise seams and fasteners, natural drape, believable accessories, polished editorial styling","wrong hairstyle, inconsistent hair length, merged hair strands, duplicate accessories, incorrect garment layering, warped clothing, broken seams, broken fasteners, malformed footwear, random logos, misspelled text, poor fit, extra limbs, bad hands, child, teen, underage, watermark, low detail, blur",Male/New England Prep,1,False
0468 | Male/Polished Culture/New England Prep - Evening Look / Medium Swept Back - Evening Finish,"adult man, navy blazer, oxford shirt, knit layer and classic loafers, a polished suit or dinner jacket, precise shirt styling and minimal formal accessories, medium-length hair swept back with realistic movement, black, grey and silver palette, richer contrast, polished evening finish and refined statement accessories, authentic fabric texture, precise seams and fasteners, natural drape, believable accessories, polished editorial styling","wrong hairstyle, inconsistent hair length, merged hair strands, duplicate accessories, incorrect garment layering, warped clothing, broken seams, broken fasteners, malformed footwear, random logos, misspelled text, poor fit, extra limbs, bad hands, child, teen, underage, watermark, low detail, blur",Male/New England Prep,1,False
0469 | Male/Polished Culture/New England Prep - Evening Look / Natural Curls - Day Finish,"adult man, navy blazer, oxford shirt, knit layer and classic loafers, a polished suit or dinner jacket, precise shirt styling and minimal formal accessories, defined natural curls with balanced shape, rust, navy and cream palette, soft matte daytime finish, practical restrained accessories, authentic fabric texture, precise seams and fasteners, natural drape, believable accessories, polished editorial styling","wrong hairstyle, inconsistent hair length, merged hair strands, duplicate accessories, incorrect garment layering, warped clothing, broken seams, broken fasteners, malformed footwear, random logos, misspelled text, poor fit, extra limbs, bad hands, child, teen, underage, watermark, low detail, blur",Male/New England Prep,1,False
0470 | Male/Polished Culture/New England Prep - Evening Look / Natural Curls - Evening Finish,"adult man, navy blazer, oxford shirt, knit layer and classic loafers, a polished suit or dinner jacket, precise shirt styling and minimal formal accessories, defined natural curls with balanced shape, rust, navy and cream palette, richer contrast, polished evening finish and refined statement accessories, authentic fabric texture, precise seams and fasteners, natural drape, believable accessories, polished editorial styling","wrong hairstyle, inconsistent hair length, merged hair strands, duplicate accessories, incorrect garment layering, warped clothing, broken seams, broken fasteners, malformed footwear, random logos, misspelled text, poor fit, extra limbs, bad hands, child, teen, underage, watermark, low detail, blur",Male/New England Prep,1,False
0471 | Male/Polished Culture/New England Prep - Evening Look / Close Buzz Cut - Day Finish,"adult man, navy blazer, oxford shirt, knit layer and classic loafers, a polished suit or dinner jacket, precise shirt styling and minimal formal accessories, precise close buzz cut with clean hairline, black, white and cobalt palette, soft matte daytime finish, practical restrained accessories, authentic fabric texture, precise seams and fasteners, natural drape, believable accessories, polished editorial styling","wrong hairstyle, inconsistent hair length, merged hair strands, duplicate accessories, incorrect garment layering, warped clothing, broken seams, broken fasteners, malformed footwear, random logos, misspelled text, poor fit, extra limbs, bad hands, child, teen, underage, watermark, low detail, blur",Male/New England Prep,1,False
0472 | Male/Polished Culture/New England Prep - Evening Look / Close Buzz Cut - Evening Finish,"adult man, navy blazer, oxford shirt, knit layer and classic loafers, a polished suit or dinner jacket, precise shirt styling and minimal formal accessories, precise close buzz cut with clean hairline, black, white and cobalt palette, richer contrast, polished evening finish and refined statement accessories, authentic fabric texture, precise seams and fasteners, natural drape, believable accessories, polished editorial styling","wrong hairstyle, inconsistent hair length, merged hair strands, duplicate accessories, incorrect garment layering, warped clothing, broken seams, broken fasteners, malformed footwear, random logos, misspelled text, poor fit, extra limbs, bad hands, child, teen, underage, watermark, low detail, blur",Male/New England Prep,1,False
0473 | Male/Polished Culture/New England Prep - Evening Look / Modern Quiff - Day Finish,"adult man, navy blazer, oxford shirt, knit layer and classic loafers, a polished suit or dinner jacket, precise shirt styling and minimal formal accessories, modern quiff with controlled volume, burgundy, charcoal and black palette, soft matte daytime finish, practical restrained accessories, authentic fabric texture, precise seams and fasteners, natural drape, believable accessories, polished editorial styling","wrong hairstyle, inconsistent hair length, merged hair strands, duplicate accessories, incorrect garment layering, warped clothing, broken seams, broken fasteners, malformed footwear, random logos, misspelled text, poor fit, extra limbs, bad hands, child, teen, underage, watermark, low detail, blur",Male/New England Prep,1,False
0474 | Male/Polished Culture/New England Prep - Evening Look / Modern Quiff - Evening Finish,"adult man, navy blazer, oxford shirt, knit layer and classic loafers, a polished suit or dinner jacket, precise shirt styling and minimal formal accessories, modern quiff with controlled volume, burgundy, charcoal and black palette, richer contrast, polished evening finish and refined statement accessories, authentic fabric texture, precise seams and fasteners, natural drape, believable accessories, polished editorial styling","wrong hairstyle, inconsistent hair length, merged hair strands, duplicate accessories, incorrect garment layering, warped clothing, broken seams, broken fasteners, malformed footwear, random logos, misspelled text, poor fit, extra limbs, bad hands, child, teen, underage, watermark, low detail, blur",Male/New England Prep,1,False
0475 | Male/Polished Culture/New England Prep - Evening Look / Shoulder Length Waves - Day Finish,"adult man, navy blazer, oxford shirt, knit layer and classic loafers, a polished suit or dinner jacket, precise shirt styling and minimal formal accessories, shoulder-length waves with natural separation, forest, tan and dark denim palette, soft matte daytime finish, practical restrained accessories, authentic fabric texture, precise seams and fasteners, natural drape, believable accessories, polished editorial styling","wrong hairstyle, inconsistent hair length, merged hair strands, duplicate accessories, incorrect garment layering, warped clothing, broken seams, broken fasteners, malformed footwear, random logos, misspelled text, poor fit, extra limbs, bad hands, child, teen, underage, watermark, low detail, blur",Male/New England Prep,1,False
0476 | Male/Polished Culture/New England Prep - Evening Look / Shoulder Length Waves - Evening Finish,"adult man, navy blazer, oxford shirt, knit layer and classic loafers, a polished suit or dinner jacket, precise shirt styling and minimal formal accessories, shoulder-length waves with natural separation, forest, tan and dark denim palette, richer contrast, polished evening finish and refined statement accessories, authentic fabric texture, precise seams and fasteners, natural drape, believable accessories, polished editorial styling","wrong hairstyle, inconsistent hair length, merged hair strands, duplicate accessories, incorrect garment layering, warped clothing, broken seams, broken fasteners, malformed footwear, random logos, misspelled text, poor fit, extra limbs, bad hands, child, teen, underage, watermark, low detail, blur",Male/New England Prep,1,False
0477 | Male/Polished Culture/New England Prep - Evening Look / Braided Style - Day Finish,"adult man, navy blazer, oxford shirt, knit layer and classic loafers, a polished suit or dinner jacket, precise shirt styling and minimal formal accessories, precise braided style with clean scalp detail, earth tones, black and bronze palette, soft matte daytime finish, practical restrained accessories, authentic fabric texture, precise seams and fasteners, natural drape, believable accessories, polished editorial styling","wrong hairstyle, inconsistent hair length, merged hair strands, duplicate accessories, incorrect garment layering, warped clothing, broken seams, broken fasteners, malformed footwear, random logos, misspelled text, poor fit, extra limbs, bad hands, child, teen, underage, watermark, low detail, blur",Male/New England Prep,1,False
0478 | Male/Polished Culture/New England Prep - Evening Look / Braided Style - Evening Finish,"adult man, navy blazer, oxford shirt, knit layer and classic loafers, a polished suit or dinner jacket, precise shirt styling and minimal formal accessories, precise braided style with clean scalp detail, earth tones, black and bronze palette, richer contrast, polished evening finish and refined statement accessories, authentic fabric texture, precise seams and fasteners, natural drape, believable accessories, polished editorial styling","wrong hairstyle, inconsistent hair length, merged hair strands, duplicate accessories, incorrect garment layering, warped clothing, broken seams, broken fasteners, malformed footwear, random logos, misspelled text, poor fit, extra limbs, bad hands, child, teen, underage, watermark, low detail, blur",Male/New England Prep,1,False
0479 | Male/Polished Culture/New England Prep - Evening Look / Silvered Taper - Day Finish,"adult man, navy blazer, oxford shirt, knit layer and classic loafers, a polished suit or dinner jacket, precise shirt styling and minimal formal accessories, mature silvered taper with refined texture, navy, grey and oxblood palette, soft matte daytime finish, practical restrained accessories, authentic fabric texture, precise seams and fasteners, natural drape, believable accessories, polished editorial styling","wrong hairstyle, inconsistent hair length, merged hair strands, duplicate accessories, incorrect garment layering, warped clothing, broken seams, broken fasteners, malformed footwear, random logos, misspelled text, poor fit, extra limbs, bad hands, child, teen, underage, watermark, low detail, blur",Male/New England Prep,1,False
0480 | Male/Polished Culture/New England Prep - Evening Look / Silvered Taper - Evening Finish,"adult man, navy blazer, oxford shirt, knit layer and classic loafers, a polished suit or dinner jacket, precise shirt styling and minimal formal accessories, mature silvered taper with refined texture, navy, grey and oxblood palette, richer contrast, polished evening finish and refined statement accessories, authentic fabric texture, precise seams and fasteners, natural drape, believable accessories, polished editorial styling","wrong hairstyle, inconsistent hair length, merged hair strands, duplicate accessories, incorrect garment layering, warped clothing, broken seams, broken fasteners, malformed footwear, random logos, misspelled text, poor fit, extra limbs, bad hands, child, teen, underage, watermark, low detail, blur",Male/New England Prep,1,False
0481 | Male/Polished Culture/Sydney Smart Casual - Outerwear Look / Classic Taper - Day Finish,"adult man, lightweight tailoring, linen shirt, clean trousers and contemporary leather sneakers, a structured jacket or coat over layered knitwear, tailored trousers and coordinated footwear, clean classic taper with natural texture, navy, charcoal and white palette, soft matte daytime finish, practical restrained accessories, authentic fabric texture, precise seams and fasteners, natural drape, believable accessories, polished editorial styling","wrong hairstyle, inconsistent hair length, merged hair strands, duplicate accessories, incorrect garment layering, warped clothing, broken seams, broken fasteners, malformed footwear, random logos, misspelled text, poor fit, extra limbs, bad hands, child, teen, underage, watermark, low detail, blur",Male/Sydney Smart Casual,1,False
0482 | Male/Polished Culture/Sydney Smart Casual - Outerwear Look / Classic Taper - Evening Finish,"adult man, lightweight tailoring, linen shirt, clean trousers and contemporary leather sneakers, a structured jacket or coat over layered knitwear, tailored trousers and coordinated footwear, clean classic taper with natural texture, navy, charcoal and white palette, richer contrast, polished evening finish and refined statement accessories, authentic fabric texture, precise seams and fasteners, natural drape, believable accessories, polished editorial styling","wrong hairstyle, inconsistent hair length, merged hair strands, duplicate accessories, incorrect garment layering, warped clothing, broken seams, broken fasteners, malformed footwear, random logos, misspelled text, poor fit, extra limbs, bad hands, child, teen, underage, watermark, low detail, blur",Male/Sydney Smart Casual,1,False
0483 | Male/Polished Culture/Sydney Smart Casual - Outerwear Look / Textured Crop - Day Finish,"adult man, lightweight tailoring, linen shirt, clean trousers and contemporary leather sneakers, a structured jacket or coat over layered knitwear, tailored trousers and coordinated footwear, textured crop with controlled matte finish, olive, stone and black palette, soft matte daytime finish, practical restrained accessories, authentic fabric texture, precise seams and fasteners, natural drape, believable accessories, polished editorial styling","wrong hairstyle, inconsistent hair length, merged hair strands, duplicate accessories, incorrect garment layering, warped clothing, broken seams, broken fasteners, malformed footwear, random logos, misspelled text, poor fit, extra limbs, bad hands, child, teen, underage, watermark, low detail, blur",Male/Sydney Smart Casual,1,False
0484 | Male/Polished Culture/Sydney Smart Casual - Outerwear Look / Textured Crop - Evening Finish,"adult man, lightweight tailoring, linen shirt, clean trousers and contemporary leather sneakers, a structured jacket or coat over layered knitwear, tailored trousers and coordinated footwear, textured crop with controlled matte finish, olive, stone and black palette, richer contrast, polished evening finish and refined statement accessories, authentic fabric texture, precise seams and fasteners, natural drape, believable accessories, polished editorial styling","wrong hairstyle, inconsistent hair length, merged hair strands, duplicate accessories, incorrect garment layering, warped clothing, broken seams, broken fasteners, malformed footwear, random logos, misspelled text, poor fit, extra limbs, bad hands, child, teen, underage, watermark, low detail, blur",Male/Sydney Smart Casual,1,False
0485 | Male/Polished Culture/Sydney Smart Casual - Outerwear Look / Side Part - Day Finish,"adult man, lightweight tailoring, linen shirt, clean trousers and contemporary leather sneakers, a structured jacket or coat over layered knitwear, tailored trousers and coordinated footwear, refined side part with soft natural hold, camel, cream and dark brown palette, soft matte daytime finish, practical restrained accessories, authentic fabric texture, precise seams and fasteners, natural drape, believable accessories, polished editorial styling","wrong hairstyle, inconsistent hair length, merged hair strands, duplicate accessories, incorrect garment layering, warped clothing, broken seams, broken fasteners, malformed footwear, random logos, misspelled text, poor fit, extra limbs, bad hands, child, teen, underage, watermark, low detail, blur",Male/Sydney Smart Casual,1,False
0486 | Male/Polished Culture/Sydney Smart Casual - Outerwear Look / Side Part - Evening Finish,"adult man, lightweight tailoring, linen shirt, clean trousers and contemporary leather sneakers, a structured jacket or coat over layered knitwear, tailored trousers and coordinated footwear, refined side part with soft natural hold, camel, cream and dark brown palette, richer contrast, polished evening finish and refined statement accessories, authentic fabric texture, precise seams and fasteners, natural drape, believable accessories, polished editorial styling","wrong hairstyle, inconsistent hair length, merged hair strands, duplicate accessories, incorrect garment layering, warped clothing, broken seams, broken fasteners, malformed footwear, random logos, misspelled text, poor fit, extra limbs, bad hands, child, teen, underage, watermark, low detail, blur",Male/Sydney Smart Casual,1,False
0487 | Male/Polished Culture/Sydney Smart Casual - Outerwear Look / Medium Swept Back - Day Finish,"adult man, lightweight tailoring, linen shirt, clean trousers and contemporary leather sneakers, a structured jacket or coat over layered knitwear, tailored trousers and coordinated footwear, medium-length hair swept back with realistic movement, black, grey and silver palette, soft matte daytime finish, practical restrained accessories, authentic fabric texture, precise seams and fasteners, natural drape, believable accessories, polished editorial styling","wrong hairstyle, inconsistent hair length, merged hair strands, duplicate accessories, incorrect garment layering, warped clothing, broken seams, broken fasteners, malformed footwear, random logos, misspelled text, poor fit, extra limbs, bad hands, child, teen, underage, watermark, low detail, blur",Male/Sydney Smart Casual,1,False
0488 | Male/Polished Culture/Sydney Smart Casual - Outerwear Look / Medium Swept Back - Evening Finish,"adult man, lightweight tailoring, linen shirt, clean trousers and contemporary leather sneakers, a structured jacket or coat over layered knitwear, tailored trousers and coordinated footwear, medium-length hair swept back with realistic movement, black, grey and silver palette, richer contrast, polished evening finish and refined statement accessories, authentic fabric texture, precise seams and fasteners, natural drape, believable accessories, polished editorial styling","wrong hairstyle, inconsistent hair length, merged hair strands, duplicate accessories, incorrect garment layering, warped clothing, broken seams, broken fasteners, malformed footwear, random logos, misspelled text, poor fit, extra limbs, bad hands, child, teen, underage, watermark, low detail, blur",Male/Sydney Smart Casual,1,False
0489 | Male/Polished Culture/Sydney Smart Casual - Outerwear Look / Natural Curls - Day Finish,"adult man, lightweight tailoring, linen shirt, clean trousers and contemporary leather sneakers, a structured jacket or coat over layered knitwear, tailored trousers and coordinated footwear, defined natural curls with balanced shape, rust, navy and cream palette, soft matte daytime finish, practical restrained accessories, authentic fabric texture, precise seams and fasteners, natural drape, believable accessories, polished editorial styling","wrong hairstyle, inconsistent hair length, merged hair strands, duplicate accessories, incorrect garment layering, warped clothing, broken seams, broken fasteners, malformed footwear, random logos, misspelled text, poor fit, extra limbs, bad hands, child, teen, underage, watermark, low detail, blur",Male/Sydney Smart Casual,1,False
0490 | Male/Polished Culture/Sydney Smart Casual - Outerwear Look / Natural Curls - Evening Finish,"adult man, lightweight tailoring, linen shirt, clean trousers and contemporary leather sneakers, a structured jacket or coat over layered knitwear, tailored trousers and coordinated footwear, defined natural curls with balanced shape, rust, navy and cream palette, richer contrast, polished evening finish and refined statement accessories, authentic fabric texture, precise seams and fasteners, natural drape, believable accessories, polished editorial styling","wrong hairstyle, inconsistent hair length, merged hair strands, duplicate accessories, incorrect garment layering, warped clothing, broken seams, broken fasteners, malformed footwear, random logos, misspelled text, poor fit, extra limbs, bad hands, child, teen, underage, watermark, low detail, blur",Male/Sydney Smart Casual,1,False
0491 | Male/Polished Culture/Sydney Smart Casual - Outerwear Look / Close Buzz Cut - Day Finish,"adult man, lightweight tailoring, linen shirt, clean trousers and contemporary leather sneakers, a structured jacket or coat over layered knitwear, tailored trousers and coordinated footwear, precise close buzz cut with clean hairline, black, white and cobalt palette, soft matte daytime finish, practical restrained accessories, authentic fabric texture, precise seams and fasteners, natural drape, believable accessories, polished editorial styling","wrong hairstyle, inconsistent hair length, merged hair strands, duplicate accessories, incorrect garment layering, warped clothing, broken seams, broken fasteners, malformed footwear, random logos, misspelled text, poor fit, extra limbs, bad hands, child, teen, underage, watermark, low detail, blur",Male/Sydney Smart Casual,1,False
0492 | Male/Polished Culture/Sydney Smart Casual - Outerwear Look / Close Buzz Cut - Evening Finish,"adult man, lightweight tailoring, linen shirt, clean trousers and contemporary leather sneakers, a structured jacket or coat over layered knitwear, tailored trousers and coordinated footwear, precise close buzz cut with clean hairline, black, white and cobalt palette, richer contrast, polished evening finish and refined statement accessories, authentic fabric texture, precise seams and fasteners, natural drape, believable accessories, polished editorial styling","wrong hairstyle, inconsistent hair length, merged hair strands, duplicate accessories, incorrect garment layering, warped clothing, broken seams, broken fasteners, malformed footwear, random logos, misspelled text, poor fit, extra limbs, bad hands, child, teen, underage, watermark, low detail, blur",Male/Sydney Smart Casual,1,False
0493 | Male/Polished Culture/Sydney Smart Casual - Outerwear Look / Modern Quiff - Day Finish,"adult man, lightweight tailoring, linen shirt, clean trousers and contemporary leather sneakers, a structured jacket or coat over layered knitwear, tailored trousers and coordinated footwear, modern quiff with controlled volume, burgundy, charcoal and black palette, soft matte daytime finish, practical restrained accessories, authentic fabric texture, precise seams and fasteners, natural drape, believable accessories, polished editorial styling","wrong hairstyle, inconsistent hair length, merged hair strands, duplicate accessories, incorrect garment layering, warped clothing, broken seams, broken fasteners, malformed footwear, random logos, misspelled text, poor fit, extra limbs, bad hands, child, teen, underage, watermark, low detail, blur",Male/Sydney Smart Casual,1,False
0494 | Male/Polished Culture/Sydney Smart Casual - Outerwear Look / Modern Quiff - Evening Finish,"adult man, lightweight tailoring, linen shirt, clean trousers and contemporary leather sneakers, a structured jacket or coat over layered knitwear, tailored trousers and coordinated footwear, modern quiff with controlled volume, burgundy, charcoal and black palette, richer contrast, polished evening finish and refined statement accessories, authentic fabric texture, precise seams and fasteners, natural drape, believable accessories, polished editorial styling","wrong hairstyle, inconsistent hair length, merged hair strands, duplicate accessories, incorrect garment layering, warped clothing, broken seams, broken fasteners, malformed footwear, random logos, misspelled text, poor fit, extra limbs, bad hands, child, teen, underage, watermark, low detail, blur",Male/Sydney Smart Casual,1,False
0495 | Male/Polished Culture/Sydney Smart Casual - Outerwear Look / Shoulder Length Waves - Day Finish,"adult man, lightweight tailoring, linen shirt, clean trousers and contemporary leather sneakers, a structured jacket or coat over layered knitwear, tailored trousers and coordinated footwear, shoulder-length waves with natural separation, forest, tan and dark denim palette, soft matte daytime finish, practical restrained accessories, authentic fabric texture, precise seams and fasteners, natural drape, believable accessories, polished editorial styling","wrong hairstyle, inconsistent hair length, merged hair strands, duplicate accessories, incorrect garment layering, warped clothing, broken seams, broken fasteners, malformed footwear, random logos, misspelled text, poor fit, extra limbs, bad hands, child, teen, underage, watermark, low detail, blur",Male/Sydney Smart Casual,1,False
0496 | Male/Polished Culture/Sydney Smart Casual - Outerwear Look / Shoulder Length Waves - Evening Finish,"adult man, lightweight tailoring, linen shirt, clean trousers and contemporary leather sneakers, a structured jacket or coat over layered knitwear, tailored trousers and coordinated footwear, shoulder-length waves with natural separation, forest, tan and dark denim palette, richer contrast, polished evening finish and refined statement accessories, authentic fabric texture, precise seams and fasteners, natural drape, believable accessories, polished editorial styling","wrong hairstyle, inconsistent hair length, merged hair strands, duplicate accessories, incorrect garment layering, warped clothing, broken seams, broken fasteners, malformed footwear, random logos, misspelled text, poor fit, extra limbs, bad hands, child, teen, underage, watermark, low detail, blur",Male/Sydney Smart Casual,1,False
0497 | Male/Polished Culture/Sydney Smart Casual - Outerwear Look / Braided Style - Day Finish,"adult man, lightweight tailoring, linen shirt, clean trousers and contemporary leather sneakers, a structured jacket or coat over layered knitwear, tailored trousers and coordinated footwear, precise braided style with clean scalp detail, earth tones, black and bronze palette, soft matte daytime finish, practical restrained accessories, authentic fabric texture, precise seams and fasteners, natural drape, believable accessories, polished editorial styling","wrong hairstyle, inconsistent hair length, merged hair strands, duplicate accessories, incorrect garment layering, warped clothing, broken seams, broken fasteners, malformed footwear, random logos, misspelled text, poor fit, extra limbs, bad hands, child, teen, underage, watermark, low detail, blur",Male/Sydney Smart Casual,1,False
0498 | Male/Polished Culture/Sydney Smart Casual - Outerwear Look / Braided Style - Evening Finish,"adult man, lightweight tailoring, linen shirt, clean trousers and contemporary leather sneakers, a structured jacket or coat over layered knitwear, tailored trousers and coordinated footwear, precise braided style with clean scalp detail, earth tones, black and bronze palette, richer contrast, polished evening finish and refined statement accessories, authentic fabric texture, precise seams and fasteners, natural drape, believable accessories, polished editorial styling","wrong hairstyle, inconsistent hair length, merged hair strands, duplicate accessories, incorrect garment layering, warped clothing, broken seams, broken fasteners, malformed footwear, random logos, misspelled text, poor fit, extra limbs, bad hands, child, teen, underage, watermark, low detail, blur",Male/Sydney Smart Casual,1,False
0499 | Male/Polished Culture/Sydney Smart Casual - Outerwear Look / Silvered Taper - Day Finish,"adult man, lightweight tailoring, linen shirt, clean trousers and contemporary leather sneakers, a structured jacket or coat over layered knitwear, tailored trousers and coordinated footwear, mature silvered taper with refined texture, navy, grey and oxblood palette, soft matte daytime finish, practical restrained accessories, authentic fabric texture, precise seams and fasteners, natural drape, believable accessories, polished editorial styling","wrong hairstyle, inconsistent hair length, merged hair strands, duplicate accessories, incorrect garment layering, warped clothing, broken seams, broken fasteners, malformed footwear, random logos, misspelled text, poor fit, extra limbs, bad hands, child, teen, underage, watermark, low detail, blur",Male/Sydney Smart Casual,1,False
0500 | Male/Polished Culture/Sydney Smart Casual - Outerwear Look / Silvered Taper - Evening Finish,"adult man, lightweight tailoring, linen shirt, clean trousers and contemporary leather sneakers, a structured jacket or coat over layered knitwear, tailored trousers and coordinated footwear, mature silvered taper with refined texture, navy, grey and oxblood palette, richer contrast, polished evening finish and refined statement accessories, authentic fabric texture, precise seams and fasteners, natural drape, believable accessories, polished editorial styling","wrong hairstyle, inconsistent hair length, merged hair strands, duplicate accessories, incorrect garment layering, warped clothing, broken seams, broken fasteners, malformed footwear, random logos, misspelled text, poor fit, extra limbs, bad hands, child, teen, underage, watermark, low detail, blur",Male/Sydney Smart Casual,1,False
0501 | Male/Polished Culture/Sydney Smart Casual - Smart Casual / Classic Taper - Day Finish,"adult man, lightweight tailoring, linen shirt, clean trousers and contemporary leather sneakers, a refined shirt or polo, lightweight jacket, clean trousers and understated accessories, clean classic taper with natural texture, navy, charcoal and white palette, soft matte daytime finish, practical restrained accessories, authentic fabric texture, precise seams and fasteners, natural drape, believable accessories, polished editorial styling","wrong hairstyle, inconsistent hair length, merged hair strands, duplicate accessories, incorrect garment layering, warped clothing, broken seams, broken fasteners, malformed footwear, random logos, misspelled text, poor fit, extra limbs, bad hands, child, teen, underage, watermark, low detail, blur",Male/Sydney Smart Casual,1,False
0502 | Male/Polished Culture/Sydney Smart Casual - Smart Casual / Classic Taper - Evening Finish,"adult man, lightweight tailoring, linen shirt, clean trousers and contemporary leather sneakers, a refined shirt or polo, lightweight jacket, clean trousers and understated accessories, clean classic taper with natural texture, navy, charcoal and white palette, richer contrast, polished evening finish and refined statement accessories, authentic fabric texture, precise seams and fasteners, natural drape, believable accessories, polished editorial styling","wrong hairstyle, inconsistent hair length, merged hair strands, duplicate accessories, incorrect garment layering, warped clothing, broken seams, broken fasteners, malformed footwear, random logos, misspelled text, poor fit, extra limbs, bad hands, child, teen, underage, watermark, low detail, blur",Male/Sydney Smart Casual,1,False
0503 | Male/Polished Culture/Sydney Smart Casual - Smart Casual / Textured Crop - Day Finish,"adult man, lightweight tailoring, linen shirt, clean trousers and contemporary leather sneakers, a refined shirt or polo, lightweight jacket, clean trousers and understated accessories, textured crop with controlled matte finish, olive, stone and black palette, soft matte daytime finish, practical restrained accessories, authentic fabric texture, precise seams and fasteners, natural drape, believable accessories, polished editorial styling","wrong hairstyle, inconsistent hair length, merged hair strands, duplicate accessories, incorrect garment layering, warped clothing, broken seams, broken fasteners, malformed footwear, random logos, misspelled text, poor fit, extra limbs, bad hands, child, teen, underage, watermark, low detail, blur",Male/Sydney Smart Casual,1,False
0504 | Male/Polished Culture/Sydney Smart Casual - Smart Casual / Textured Crop - Evening Finish,"adult man, lightweight tailoring, linen shirt, clean trousers and contemporary leather sneakers, a refined shirt or polo, lightweight jacket, clean trousers and understated accessories, textured crop with controlled matte finish, olive, stone and black palette, richer contrast, polished evening finish and refined statement accessories, authentic fabric texture, precise seams and fasteners, natural drape, believable accessories, polished editorial styling","wrong hairstyle, inconsistent hair length, merged hair strands, duplicate accessories, incorrect garment layering, warped clothing, broken seams, broken fasteners, malformed footwear, random logos, misspelled text, poor fit, extra limbs, bad hands, child, teen, underage, watermark, low detail, blur",Male/Sydney Smart Casual,1,False
0505 | Male/Polished Culture/Sydney Smart Casual - Smart Casual / Side Part - Day Finish,"adult man, lightweight tailoring, linen shirt, clean trousers and contemporary leather sneakers, a refined shirt or polo, lightweight jacket, clean trousers and understated accessories, refined side part with soft natural hold, camel, cream and dark brown palette, soft matte daytime finish, practical restrained accessories, authentic fabric texture, precise seams and fasteners, natural drape, believable accessories, polished editorial styling","wrong hairstyle, inconsistent hair length, merged hair strands, duplicate accessories, incorrect garment layering, warped clothing, broken seams, broken fasteners, malformed footwear, random logos, misspelled text, poor fit, extra limbs, bad hands, child, teen, underage, watermark, low detail, blur",Male/Sydney Smart Casual,1,False
0506 | Male/Polished Culture/Sydney Smart Casual - Smart Casual / Side Part - Evening Finish,"adult man, lightweight tailoring, linen shirt, clean trousers and contemporary leather sneakers, a refined shirt or polo, lightweight jacket, clean trousers and understated accessories, refined side part with soft natural hold, camel, cream and dark brown palette, richer contrast, polished evening finish and refined statement accessories, authentic fabric texture, precise seams and fasteners, natural drape, believable accessories, polished editorial styling","wrong hairstyle, inconsistent hair length, merged hair strands, duplicate accessories, incorrect garment layering, warped clothing, broken seams, broken fasteners, malformed footwear, random logos, misspelled text, poor fit, extra limbs, bad hands, child, teen, underage, watermark, low detail, blur",Male/Sydney Smart Casual,1,False
0507 | Male/Polished Culture/Sydney Smart Casual - Smart Casual / Medium Swept Back - Day Finish,"adult man, lightweight tailoring, linen shirt, clean trousers and contemporary leather sneakers, a refined shirt or polo, lightweight jacket, clean trousers and understated accessories, medium-length hair swept back with realistic movement, black, grey and silver palette, soft matte daytime finish, practical restrained accessories, authentic fabric texture, precise seams and fasteners, natural drape, believable accessories, polished editorial styling","wrong hairstyle, inconsistent hair length, merged hair strands, duplicate accessories, incorrect garment layering, warped clothing, broken seams, broken fasteners, malformed footwear, random logos, misspelled text, poor fit, extra limbs, bad hands, child, teen, underage, watermark, low detail, blur",Male/Sydney Smart Casual,1,False
0508 | Male/Polished Culture/Sydney Smart Casual - Smart Casual / Medium Swept Back - Evening Finish,"adult man, lightweight tailoring, linen shirt, clean trousers and contemporary leather sneakers, a refined shirt or polo, lightweight jacket, clean trousers and understated accessories, medium-length hair swept back with realistic movement, black, grey and silver palette, richer contrast, polished evening finish and refined statement accessories, authentic fabric texture, precise seams and fasteners, natural drape, believable accessories, polished editorial styling","wrong hairstyle, inconsistent hair length, merged hair strands, duplicate accessories, incorrect garment layering, warped clothing, broken seams, broken fasteners, malformed footwear, random logos, misspelled text, poor fit, extra limbs, bad hands, child, teen, underage, watermark, low detail, blur",Male/Sydney Smart Casual,1,False
0509 | Male/Polished Culture/Sydney Smart Casual - Smart Casual / Natural Curls - Day Finish,"adult man, lightweight tailoring, linen shirt, clean trousers and contemporary leather sneakers, a refined shirt or polo, lightweight jacket, clean trousers and understated accessories, defined natural curls with balanced shape, rust, navy and cream palette, soft matte daytime finish, practical restrained accessories, authentic fabric texture, precise seams and fasteners, natural drape, believable accessories, polished editorial styling","wrong hairstyle, inconsistent hair length, merged hair strands, duplicate accessories, incorrect garment layering, warped clothing, broken seams, broken fasteners, malformed footwear, random logos, misspelled text, poor fit, extra limbs, bad hands, child, teen, underage, watermark, low detail, blur",Male/Sydney Smart Casual,1,False
0510 | Male/Polished Culture/Sydney Smart Casual - Smart Casual / Natural Curls - Evening Finish,"adult man, lightweight tailoring, linen shirt, clean trousers and contemporary leather sneakers, a refined shirt or polo, lightweight jacket, clean trousers and understated accessories, defined natural curls with balanced shape, rust, navy and cream palette, richer contrast, polished evening finish and refined statement accessories, authentic fabric texture, precise seams and fasteners, natural drape, believable accessories, polished editorial styling","wrong hairstyle, inconsistent hair length, merged hair strands, duplicate accessories, incorrect garment layering, warped clothing, broken seams, broken fasteners, malformed footwear, random logos, misspelled text, poor fit, extra limbs, bad hands, child, teen, underage, watermark, low detail, blur",Male/Sydney Smart Casual,1,False
0511 | Male/Polished Culture/Sydney Smart Casual - Smart Casual / Close Buzz Cut - Day Finish,"adult man, lightweight tailoring, linen shirt, clean trousers and contemporary leather sneakers, a refined shirt or polo, lightweight jacket, clean trousers and understated accessories, precise close buzz cut with clean hairline, black, white and cobalt palette, soft matte daytime finish, practical restrained accessories, authentic fabric texture, precise seams and fasteners, natural drape, believable accessories, polished editorial styling","wrong hairstyle, inconsistent hair length, merged hair strands, duplicate accessories, incorrect garment layering, warped clothing, broken seams, broken fasteners, malformed footwear, random logos, misspelled text, poor fit, extra limbs, bad hands, child, teen, underage, watermark, low detail, blur",Male/Sydney Smart Casual,1,False
0512 | Male/Polished Culture/Sydney Smart Casual - Smart Casual / Close Buzz Cut - Evening Finish,"adult man, lightweight tailoring, linen shirt, clean trousers and contemporary leather sneakers, a refined shirt or polo, lightweight jacket, clean trousers and understated accessories, precise close buzz cut with clean hairline, black, white and cobalt palette, richer contrast, polished evening finish and refined statement accessories, authentic fabric texture, precise seams and fasteners, natural drape, believable accessories, polished editorial styling","wrong hairstyle, inconsistent hair length, merged hair strands, duplicate accessories, incorrect garment layering, warped clothing, broken seams, broken fasteners, malformed footwear, random logos, misspelled text, poor fit, extra limbs, bad hands, child, teen, underage, watermark, low detail, blur",Male/Sydney Smart Casual,1,False
0513 | Male/Polished Culture/Sydney Smart Casual - Smart Casual / Modern Quiff - Day Finish,"adult man, lightweight tailoring, linen shirt, clean trousers and contemporary leather sneakers, a refined shirt or polo, lightweight jacket, clean trousers and understated accessories, modern quiff with controlled volume, burgundy, charcoal and black palette, soft matte daytime finish, practical restrained accessories, authentic fabric texture, precise seams and fasteners, natural drape, believable accessories, polished editorial styling","wrong hairstyle, inconsistent hair length, merged hair strands, duplicate accessories, incorrect garment layering, warped clothing, broken seams, broken fasteners, malformed footwear, random logos, misspelled text, poor fit, extra limbs, bad hands, child, teen, underage, watermark, low detail, blur",Male/Sydney Smart Casual,1,False
0514 | Male/Polished Culture/Sydney Smart Casual - Smart Casual / Modern Quiff - Evening Finish,"adult man, lightweight tailoring, linen shirt, clean trousers and contemporary leather sneakers, a refined shirt or polo, lightweight jacket, clean trousers and understated accessories, modern quiff with controlled volume, burgundy, charcoal and black palette, richer contrast, polished evening finish and refined statement accessories, authentic fabric texture, precise seams and fasteners, natural drape, believable accessories, polished editorial styling","wrong hairstyle, inconsistent hair length, merged hair strands, duplicate accessories, incorrect garment layering, warped clothing, broken seams, broken fasteners, malformed footwear, random logos, misspelled text, poor fit, extra limbs, bad hands, child, teen, underage, watermark, low detail, blur",Male/Sydney Smart Casual,1,False
0515 | Male/Polished Culture/Sydney Smart Casual - Smart Casual / Shoulder Length Waves - Day Finish,"adult man, lightweight tailoring, linen shirt, clean trousers and contemporary leather sneakers, a refined shirt or polo, lightweight jacket, clean trousers and understated accessories, shoulder-length waves with natural separation, forest, tan and dark denim palette, soft matte daytime finish, practical restrained accessories, authentic fabric texture, precise seams and fasteners, natural drape, believable accessories, polished editorial styling","wrong hairstyle, inconsistent hair length, merged hair strands, duplicate accessories, incorrect garment layering, warped clothing, broken seams, broken fasteners, malformed footwear, random logos, misspelled text, poor fit, extra limbs, bad hands, child, teen, underage, watermark, low detail, blur",Male/Sydney Smart Casual,1,False
0516 | Male/Polished Culture/Sydney Smart Casual - Smart Casual / Shoulder Length Waves - Evening Finish,"adult man, lightweight tailoring, linen shirt, clean trousers and contemporary leather sneakers, a refined shirt or polo, lightweight jacket, clean trousers and understated accessories, shoulder-length waves with natural separation, forest, tan and dark denim palette, richer contrast, polished evening finish and refined statement accessories, authentic fabric texture, precise seams and fasteners, natural drape, believable accessories, polished editorial styling","wrong hairstyle, inconsistent hair length, merged hair strands, duplicate accessories, incorrect garment layering, warped clothing, broken seams, broken fasteners, malformed footwear, random logos, misspelled text, poor fit, extra limbs, bad hands, child, teen, underage, watermark, low detail, blur",Male/Sydney Smart Casual,1,False
0517 | Male/Polished Culture/Sydney Smart Casual - Smart Casual / Braided Style - Day Finish,"adult man, lightweight tailoring, linen shirt, clean trousers and contemporary leather sneakers, a refined shirt or polo, lightweight jacket, clean trousers and understated accessories, precise braided style with clean scalp detail, earth tones, black and bronze palette, soft matte daytime finish, practical restrained accessories, authentic fabric texture, precise seams and fasteners, natural drape, believable accessories, polished editorial styling","wrong hairstyle, inconsistent hair length, merged hair strands, duplicate accessories, incorrect garment layering, warped clothing, broken seams, broken fasteners, malformed footwear, random logos, misspelled text, poor fit, extra limbs, bad hands, child, teen, underage, watermark, low detail, blur",Male/Sydney Smart Casual,1,False
0518 | Male/Polished Culture/Sydney Smart Casual - Smart Casual / Braided Style - Evening Finish,"adult man, lightweight tailoring, linen shirt, clean trousers and contemporary leather sneakers, a refined shirt or polo, lightweight jacket, clean trousers and understated accessories, precise braided style with clean scalp detail, earth tones, black and bronze palette, richer contrast, polished evening finish and refined statement accessories, authentic fabric texture, precise seams and fasteners, natural drape, believable accessories, polished editorial styling","wrong hairstyle, inconsistent hair length, merged hair strands, duplicate accessories, incorrect garment layering, warped clothing, broken seams, broken fasteners, malformed footwear, random logos, misspelled text, poor fit, extra limbs, bad hands, child, teen, underage, watermark, low detail, blur",Male/Sydney Smart Casual,1,False
0519 | Male/Polished Culture/Sydney Smart Casual - Smart Casual / Silvered Taper - Day Finish,"adult man, lightweight tailoring, linen shirt, clean trousers and contemporary leather sneakers, a refined shirt or polo, lightweight jacket, clean trousers and understated accessories, mature silvered taper with refined texture, navy, grey and oxblood palette, soft matte daytime finish, practical restrained accessories, authentic fabric texture, precise seams and fasteners, natural drape, believable accessories, polished editorial styling","wrong hairstyle, inconsistent hair length, merged hair strands, duplicate accessories, incorrect garment layering, warped clothing, broken seams, broken fasteners, malformed footwear, random logos, misspelled text, poor fit, extra limbs, bad hands, child, teen, underage, watermark, low detail, blur",Male/Sydney Smart Casual,1,False
0520 | Male/Polished Culture/Sydney Smart Casual - Smart Casual / Silvered Taper - Evening Finish,"adult man, lightweight tailoring, linen shirt, clean trousers and contemporary leather sneakers, a refined shirt or polo, lightweight jacket, clean trousers and understated accessories, mature silvered taper with refined texture, navy, grey and oxblood palette, richer contrast, polished evening finish and refined statement accessories, authentic fabric texture, precise seams and fasteners, natural drape, believable accessories, polished editorial styling","wrong hairstyle, inconsistent hair length, merged hair strands, duplicate accessories, incorrect garment layering, warped clothing, broken seams, broken fasteners, malformed footwear, random logos, misspelled text, poor fit, extra limbs, bad hands, child, teen, underage, watermark, low detail, blur",Male/Sydney Smart Casual,1,False
0521 | Male/Polished Culture/Sydney Smart Casual - Evening Look / Classic Taper - Day Finish,"adult man, lightweight tailoring, linen shirt, clean trousers and contemporary leather sneakers, a polished suit or dinner jacket, precise shirt styling and minimal formal accessories, clean classic taper with natural texture, navy, charcoal and white palette, soft matte daytime finish, practical restrained accessories, authentic fabric texture, precise seams and fasteners, natural drape, believable accessories, polished editorial styling","wrong hairstyle, inconsistent hair length, merged hair strands, duplicate accessories, incorrect garment layering, warped clothing, broken seams, broken fasteners, malformed footwear, random logos, misspelled text, poor fit, extra limbs, bad hands, child, teen, underage, watermark, low detail, blur",Male/Sydney Smart Casual,1,False
0522 | Male/Polished Culture/Sydney Smart Casual - Evening Look / Classic Taper - Evening Finish,"adult man, lightweight tailoring, linen shirt, clean trousers and contemporary leather sneakers, a polished suit or dinner jacket, precise shirt styling and minimal formal accessories, clean classic taper with natural texture, navy, charcoal and white palette, richer contrast, polished evening finish and refined statement accessories, authentic fabric texture, precise seams and fasteners, natural drape, believable accessories, polished editorial styling","wrong hairstyle, inconsistent hair length, merged hair strands, duplicate accessories, incorrect garment layering, warped clothing, broken seams, broken fasteners, malformed footwear, random logos, misspelled text, poor fit, extra limbs, bad hands, child, teen, underage, watermark, low detail, blur",Male/Sydney Smart Casual,1,False
0523 | Male/Polished Culture/Sydney Smart Casual - Evening Look / Textured Crop - Day Finish,"adult man, lightweight tailoring, linen shirt, clean trousers and contemporary leather sneakers, a polished suit or dinner jacket, precise shirt styling and minimal formal accessories, textured crop with controlled matte finish, olive, stone and black palette, soft matte daytime finish, practical restrained accessories, authentic fabric texture, precise seams and fasteners, natural drape, believable accessories, polished editorial styling","wrong hairstyle, inconsistent hair length, merged hair strands, duplicate accessories, incorrect garment layering, warped clothing, broken seams, broken fasteners, malformed footwear, random logos, misspelled text, poor fit, extra limbs, bad hands, child, teen, underage, watermark, low detail, blur",Male/Sydney Smart Casual,1,False
0524 | Male/Polished Culture/Sydney Smart Casual - Evening Look / Textured Crop - Evening Finish,"adult man, lightweight tailoring, linen shirt, clean trousers and contemporary leather sneakers, a polished suit or dinner jacket, precise shirt styling and minimal formal accessories, textured crop with controlled matte finish, olive, stone and black palette, richer contrast, polished evening finish and refined statement accessories, authentic fabric texture, precise seams and fasteners, natural drape, believable accessories, polished editorial styling","wrong hairstyle, inconsistent hair length, merged hair strands, duplicate accessories, incorrect garment layering, warped clothing, broken seams, broken fasteners, malformed footwear, random logos, misspelled text, poor fit, extra limbs, bad hands, child, teen, underage, watermark, low detail, blur",Male/Sydney Smart Casual,1,False
0525 | Male/Polished Culture/Sydney Smart Casual - Evening Look / Side Part - Day Finish,"adult man, lightweight tailoring, linen shirt, clean trousers and contemporary leather sneakers, a polished suit or dinner jacket, precise shirt styling and minimal formal accessories, refined side part with soft natural hold, camel, cream and dark brown palette, soft matte daytime finish, practical restrained accessories, authentic fabric texture, precise seams and fasteners, natural drape, believable accessories, polished editorial styling","wrong hairstyle, inconsistent hair length, merged hair strands, duplicate accessories, incorrect garment layering, warped clothing, broken seams, broken fasteners, malformed footwear, random logos, misspelled text, poor fit, extra limbs, bad hands, child, teen, underage, watermark, low detail, blur",Male/Sydney Smart Casual,1,False
0526 | Male/Polished Culture/Sydney Smart Casual - Evening Look / Side Part - Evening Finish,"adult man, lightweight tailoring, linen shirt, clean trousers and contemporary leather sneakers, a polished suit or dinner jacket, precise shirt styling and minimal formal accessories, refined side part with soft natural hold, camel, cream and dark brown palette, richer contrast, polished evening finish and refined statement accessories, authentic fabric texture, precise seams and fasteners, natural drape, believable accessories, polished editorial styling","wrong hairstyle, inconsistent hair length, merged hair strands, duplicate accessories, incorrect garment layering, warped clothing, broken seams, broken fasteners, malformed footwear, random logos, misspelled text, poor fit, extra limbs, bad hands, child, teen, underage, watermark, low detail, blur",Male/Sydney Smart Casual,1,False
0527 | Male/Polished Culture/Sydney Smart Casual - Evening Look / Medium Swept Back - Day Finish,"adult man, lightweight tailoring, linen shirt, clean trousers and contemporary leather sneakers, a polished suit or dinner jacket, precise shirt styling and minimal formal accessories, medium-length hair swept back with realistic movement, black, grey and silver palette, soft matte daytime finish, practical restrained accessories, authentic fabric texture, precise seams and fasteners, natural drape, believable accessories, polished editorial styling","wrong hairstyle, inconsistent hair length, merged hair strands, duplicate accessories, incorrect garment layering, warped clothing, broken seams, broken fasteners, malformed footwear, random logos, misspelled text, poor fit, extra limbs, bad hands, child, teen, underage, watermark, low detail, blur",Male/Sydney Smart Casual,1,False
0528 | Male/Polished Culture/Sydney Smart Casual - Evening Look / Medium Swept Back - Evening Finish,"adult man, lightweight tailoring, linen shirt, clean trousers and contemporary leather sneakers, a polished suit or dinner jacket, precise shirt styling and minimal formal accessories, medium-length hair swept back with realistic movement, black, grey and silver palette, richer contrast, polished evening finish and refined statement accessories, authentic fabric texture, precise seams and fasteners, natural drape, believable accessories, polished editorial styling","wrong hairstyle, inconsistent hair length, merged hair strands, duplicate accessories, incorrect garment layering, warped clothing, broken seams, broken fasteners, malformed footwear, random logos, misspelled text, poor fit, extra limbs, bad hands, child, teen, underage, watermark, low detail, blur",Male/Sydney Smart Casual,1,False
0529 | Male/Polished Culture/Sydney Smart Casual - Evening Look / Natural Curls - Day Finish,"adult man, lightweight tailoring, linen shirt, clean trousers and contemporary leather sneakers, a polished suit or dinner jacket, precise shirt styling and minimal formal accessories, defined natural curls with balanced shape, rust, navy and cream palette, soft matte daytime finish, practical restrained accessories, authentic fabric texture, precise seams and fasteners, natural drape, believable accessories, polished editorial styling","wrong hairstyle, inconsistent hair length, merged hair strands, duplicate accessories, incorrect garment layering, warped clothing, broken seams, broken fasteners, malformed footwear, random logos, misspelled text, poor fit, extra limbs, bad hands, child, teen, underage, watermark, low detail, blur",Male/Sydney Smart Casual,1,False
0530 | Male/Polished Culture/Sydney Smart Casual - Evening Look / Natural Curls - Evening Finish,"adult man, lightweight tailoring, linen shirt, clean trousers and contemporary leather sneakers, a polished suit or dinner jacket, precise shirt styling and minimal formal accessories, defined natural curls with balanced shape, rust, navy and cream palette, richer contrast, polished evening finish and refined statement accessories, authentic fabric texture, precise seams and fasteners, natural drape, believable accessories, polished editorial styling","wrong hairstyle, inconsistent hair length, merged hair strands, duplicate accessories, incorrect garment layering, warped clothing, broken seams, broken fasteners, malformed footwear, random logos, misspelled text, poor fit, extra limbs, bad hands, child, teen, underage, watermark, low detail, blur",Male/Sydney Smart Casual,1,False
0531 | Male/Polished Culture/Sydney Smart Casual - Evening Look / Close Buzz Cut - Day Finish,"adult man, lightweight tailoring, linen shirt, clean trousers and contemporary leather sneakers, a polished suit or dinner jacket, precise shirt styling and minimal formal accessories, precise close buzz cut with clean hairline, black, white and cobalt palette, soft matte daytime finish, practical restrained accessories, authentic fabric texture, precise seams and fasteners, natural drape, believable accessories, polished editorial styling","wrong hairstyle, inconsistent hair length, merged hair strands, duplicate accessories, incorrect garment layering, warped clothing, broken seams, broken fasteners, malformed footwear, random logos, misspelled text, poor fit, extra limbs, bad hands, child, teen, underage, watermark, low detail, blur",Male/Sydney Smart Casual,1,False
0532 | Male/Polished Culture/Sydney Smart Casual - Evening Look / Close Buzz Cut - Evening Finish,"adult man, lightweight tailoring, linen shirt, clean trousers and contemporary leather sneakers, a polished suit or dinner jacket, precise shirt styling and minimal formal accessories, precise close buzz cut with clean hairline, black, white and cobalt palette, richer contrast, polished evening finish and refined statement accessories, authentic fabric texture, precise seams and fasteners, natural drape, believable accessories, polished editorial styling","wrong hairstyle, inconsistent hair length, merged hair strands, duplicate accessories, incorrect garment layering, warped clothing, broken seams, broken fasteners, malformed footwear, random logos, misspelled text, poor fit, extra limbs, bad hands, child, teen, underage, watermark, low detail, blur",Male/Sydney Smart Casual,1,False
0533 | Male/Polished Culture/Sydney Smart Casual - Evening Look / Modern Quiff - Day Finish,"adult man, lightweight tailoring, linen shirt, clean trousers and contemporary leather sneakers, a polished suit or dinner jacket, precise shirt styling and minimal formal accessories, modern quiff with controlled volume, burgundy, charcoal and black palette, soft matte daytime finish, practical restrained accessories, authentic fabric texture, precise seams and fasteners, natural drape, believable accessories, polished editorial styling","wrong hairstyle, inconsistent hair length, merged hair strands, duplicate accessories, incorrect garment layering, warped clothing, broken seams, broken fasteners, malformed footwear, random logos, misspelled text, poor fit, extra limbs, bad hands, child, teen, underage, watermark, low detail, blur",Male/Sydney Smart Casual,1,False
0534 | Male/Polished Culture/Sydney Smart Casual - Evening Look / Modern Quiff - Evening Finish,"adult man, lightweight tailoring, linen shirt, clean trousers and contemporary leather sneakers, a polished suit or dinner jacket, precise shirt styling and minimal formal accessories, modern quiff with controlled volume, burgundy, charcoal and black palette, richer contrast, polished evening finish and refined statement accessories, authentic fabric texture, precise seams and fasteners, natural drape, believable accessories, polished editorial styling","wrong hairstyle, inconsistent hair length, merged hair strands, duplicate accessories, incorrect garment layering, warped clothing, broken seams, broken fasteners, malformed footwear, random logos, misspelled text, poor fit, extra limbs, bad hands, child, teen, underage, watermark, low detail, blur",Male/Sydney Smart Casual,1,False
0535 | Male/Polished Culture/Sydney Smart Casual - Evening Look / Shoulder Length Waves - Day Finish,"adult man, lightweight tailoring, linen shirt, clean trousers and contemporary leather sneakers, a polished suit or dinner jacket, precise shirt styling and minimal formal accessories, shoulder-length waves with natural separation, forest, tan and dark denim palette, soft matte daytime finish, practical restrained accessories, authentic fabric texture, precise seams and fasteners, natural drape, believable accessories, polished editorial styling","wrong hairstyle, inconsistent hair length, merged hair strands, duplicate accessories, incorrect garment layering, warped clothing, broken seams, broken fasteners, malformed footwear, random logos, misspelled text, poor fit, extra limbs, bad hands, child, teen, underage, watermark, low detail, blur",Male/Sydney Smart Casual,1,False
0536 | Male/Polished Culture/Sydney Smart Casual - Evening Look / Shoulder Length Waves - Evening Finish,"adult man, lightweight tailoring, linen shirt, clean trousers and contemporary leather sneakers, a polished suit or dinner jacket, precise shirt styling and minimal formal accessories, shoulder-length waves with natural separation, forest, tan and dark denim palette, richer contrast, polished evening finish and refined statement accessories, authentic fabric texture, precise seams and fasteners, natural drape, believable accessories, polished editorial styling","wrong hairstyle, inconsistent hair length, merged hair strands, duplicate accessories, incorrect garment layering, warped clothing, broken seams, broken fasteners, malformed footwear, random logos, misspelled text, poor fit, extra limbs, bad hands, child, teen, underage, watermark, low detail, blur",Male/Sydney Smart Casual,1,False
0537 | Male/Polished Culture/Sydney Smart Casual - Evening Look / Braided Style - Day Finish,"adult man, lightweight tailoring, linen shirt, clean trousers and contemporary leather sneakers, a polished suit or dinner jacket, precise shirt styling and minimal formal accessories, precise braided style with clean scalp detail, earth tones, black and bronze palette, soft matte daytime finish, practical restrained accessories, authentic fabric texture, precise seams and fasteners, natural drape, believable accessories, polished editorial styling","wrong hairstyle, inconsistent hair length, merged hair strands, duplicate accessories, incorrect garment layering, warped clothing, broken seams, broken fasteners, malformed footwear, random logos, misspelled text, poor fit, extra limbs, bad hands, child, teen, underage, watermark, low detail, blur",Male/Sydney Smart Casual,1,False
0538 | Male/Polished Culture/Sydney Smart Casual - Evening Look / Braided Style - Evening Finish,"adult man, lightweight tailoring, linen shirt, clean trousers and contemporary leather sneakers, a polished suit or dinner jacket, precise shirt styling and minimal formal accessories, precise braided style with clean scalp detail, earth tones, black and bronze palette, richer contrast, polished evening finish and refined statement accessories, authentic fabric texture, precise seams and fasteners, natural drape, believable accessories, polished editorial styling","wrong hairstyle, inconsistent hair length, merged hair strands, duplicate accessories, incorrect garment layering, warped clothing, broken seams, broken fasteners, malformed footwear, random logos, misspelled text, poor fit, extra limbs, bad hands, child, teen, underage, watermark, low detail, blur",Male/Sydney Smart Casual,1,False
0539 | Male/Polished Culture/Sydney Smart Casual - Evening Look / Silvered Taper - Day Finish,"adult man, lightweight tailoring, linen shirt, clean trousers and contemporary leather sneakers, a polished suit or dinner jacket, precise shirt styling and minimal formal accessories, mature silvered taper with refined texture, navy, grey and oxblood palette, soft matte daytime finish, practical restrained accessories, authentic fabric texture, precise seams and fasteners, natural drape, believable accessories, polished editorial styling","wrong hairstyle, inconsistent hair length, merged hair strands, duplicate accessories, incorrect garment layering, warped clothing, broken seams, broken fasteners, malformed footwear, random logos, misspelled text, poor fit, extra limbs, bad hands, child, teen, underage, watermark, low detail, blur",Male/Sydney Smart Casual,1,False
0540 | Male/Polished Culture/Sydney Smart Casual - Evening Look / Silvered Taper - Evening Finish,"adult man, lightweight tailoring, linen shirt, clean trousers and contemporary leather sneakers, a polished suit or dinner jacket, precise shirt styling and minimal formal accessories, mature silvered taper with refined texture, navy, grey and oxblood palette, richer contrast, polished evening finish and refined statement accessories, authentic fabric texture, precise seams and fasteners, natural drape, believable accessories, polished editorial styling","wrong hairstyle, inconsistent hair length, merged hair strands, duplicate accessories, incorrect garment layering, warped clothing, broken seams, broken fasteners, malformed footwear, random logos, misspelled text, poor fit, extra limbs, bad hands, child, teen, underage, watermark, low detail, blur",Male/Sydney Smart Casual,1,False
0541 | Male/Polished Culture/Melbourne Creative - Outerwear Look / Classic Taper - Day Finish,"adult man, dark structured layers, textured shirt, cropped trousers and design-forward footwear, a structured jacket or coat over layered knitwear, tailored trousers and coordinated footwear, clean classic taper with natural texture, navy, charcoal and white palette, soft matte daytime finish, practical restrained accessories, authentic fabric texture, precise seams and fasteners, natural drape, believable accessories, polished editorial styling","wrong hairstyle, inconsistent hair length, merged hair strands, duplicate accessories, incorrect garment layering, warped clothing, broken seams, broken fasteners, malformed footwear, random logos, misspelled text, poor fit, extra limbs, bad hands, child, teen, underage, watermark, low detail, blur",Male/Melbourne Creative,1,False
0542 | Male/Polished Culture/Melbourne Creative - Outerwear Look / Classic Taper - Evening Finish,"adult man, dark structured layers, textured shirt, cropped trousers and design-forward footwear, a structured jacket or coat over layered knitwear, tailored trousers and coordinated footwear, clean classic taper with natural texture, navy, charcoal and white palette, richer contrast, polished evening finish and refined statement accessories, authentic fabric texture, precise seams and fasteners, natural drape, believable accessories, polished editorial styling","wrong hairstyle, inconsistent hair length, merged hair strands, duplicate accessories, incorrect garment layering, warped clothing, broken seams, broken fasteners, malformed footwear, random logos, misspelled text, poor fit, extra limbs, bad hands, child, teen, underage, watermark, low detail, blur",Male/Melbourne Creative,1,False
0543 | Male/Polished Culture/Melbourne Creative - Outerwear Look / Textured Crop - Day Finish,"adult man, dark structured layers, textured shirt, cropped trousers and design-forward footwear, a structured jacket or coat over layered knitwear, tailored trousers and coordinated footwear, textured crop with controlled matte finish, olive, stone and black palette, soft matte daytime finish, practical restrained accessories, authentic fabric texture, precise seams and fasteners, natural drape, believable accessories, polished editorial styling","wrong hairstyle, inconsistent hair length, merged hair strands, duplicate accessories, incorrect garment layering, warped clothing, broken seams, broken fasteners, malformed footwear, random logos, misspelled text, poor fit, extra limbs, bad hands, child, teen, underage, watermark, low detail, blur",Male/Melbourne Creative,1,False
0544 | Male/Polished Culture/Melbourne Creative - Outerwear Look / Textured Crop - Evening Finish,"adult man, dark structured layers, textured shirt, cropped trousers and design-forward footwear, a structured jacket or coat over layered knitwear, tailored trousers and coordinated footwear, textured crop with controlled matte finish, olive, stone and black palette, richer contrast, polished evening finish and refined statement accessories, authentic fabric texture, precise seams and fasteners, natural drape, believable accessories, polished editorial styling","wrong hairstyle, inconsistent hair length, merged hair strands, duplicate accessories, incorrect garment layering, warped clothing, broken seams, broken fasteners, malformed footwear, random logos, misspelled text, poor fit, extra limbs, bad hands, child, teen, underage, watermark, low detail, blur",Male/Melbourne Creative,1,False
0545 | Male/Polished Culture/Melbourne Creative - Outerwear Look / Side Part - Day Finish,"adult man, dark structured layers, textured shirt, cropped trousers and design-forward footwear, a structured jacket or coat over layered knitwear, tailored trousers and coordinated footwear, refined side part with soft natural hold, camel, cream and dark brown palette, soft matte daytime finish, practical restrained accessories, authentic fabric texture, precise seams and fasteners, natural drape, believable accessories, polished editorial styling","wrong hairstyle, inconsistent hair length, merged hair strands, duplicate accessories, incorrect garment layering, warped clothing, broken seams, broken fasteners, malformed footwear, random logos, misspelled text, poor fit, extra limbs, bad hands, child, teen, underage, watermark, low detail, blur",Male/Melbourne Creative,1,False
0546 | Male/Polished Culture/Melbourne Creative - Outerwear Look / Side Part - Evening Finish,"adult man, dark structured layers, textured shirt, cropped trousers and design-forward footwear, a structured jacket or coat over layered knitwear, tailored trousers and coordinated footwear, refined side part with soft natural hold, camel, cream and dark brown palette, richer contrast, polished evening finish and refined statement accessories, authentic fabric texture, precise seams and fasteners, natural drape, believable accessories, polished editorial styling","wrong hairstyle, inconsistent hair length, merged hair strands, duplicate accessories, incorrect garment layering, warped clothing, broken seams, broken fasteners, malformed footwear, random logos, misspelled text, poor fit, extra limbs, bad hands, child, teen, underage, watermark, low detail, blur",Male/Melbourne Creative,1,False
0547 | Male/Polished Culture/Melbourne Creative - Outerwear Look / Medium Swept Back - Day Finish,"adult man, dark structured layers, textured shirt, cropped trousers and design-forward footwear, a structured jacket or coat over layered knitwear, tailored trousers and coordinated footwear, medium-length hair swept back with realistic movement, black, grey and silver palette, soft matte daytime finish, practical restrained accessories, authentic fabric texture, precise seams and fasteners, natural drape, believable accessories, polished editorial styling","wrong hairstyle, inconsistent hair length, merged hair strands, duplicate accessories, incorrect garment layering, warped clothing, broken seams, broken fasteners, malformed footwear, random logos, misspelled text, poor fit, extra limbs, bad hands, child, teen, underage, watermark, low detail, blur",Male/Melbourne Creative,1,False
0548 | Male/Polished Culture/Melbourne Creative - Outerwear Look / Medium Swept Back - Evening Finish,"adult man, dark structured layers, textured shirt, cropped trousers and design-forward footwear, a structured jacket or coat over layered knitwear, tailored trousers and coordinated footwear, medium-length hair swept back with realistic movement, black, grey and silver palette, richer contrast, polished evening finish and refined statement accessories, authentic fabric texture, precise seams and fasteners, natural drape, believable accessories, polished editorial styling","wrong hairstyle, inconsistent hair length, merged hair strands, duplicate accessories, incorrect garment layering, warped clothing, broken seams, broken fasteners, malformed footwear, random logos, misspelled text, poor fit, extra limbs, bad hands, child, teen, underage, watermark, low detail, blur",Male/Melbourne Creative,1,False
0549 | Male/Polished Culture/Melbourne Creative - Outerwear Look / Natural Curls - Day Finish,"adult man, dark structured layers, textured shirt, cropped trousers and design-forward footwear, a structured jacket or coat over layered knitwear, tailored trousers and coordinated footwear, defined natural curls with balanced shape, rust, navy and cream palette, soft matte daytime finish, practical restrained accessories, authentic fabric texture, precise seams and fasteners, natural drape, believable accessories, polished editorial styling","wrong hairstyle, inconsistent hair length, merged hair strands, duplicate accessories, incorrect garment layering, warped clothing, broken seams, broken fasteners, malformed footwear, random logos, misspelled text, poor fit, extra limbs, bad hands, child, teen, underage, watermark, low detail, blur",Male/Melbourne Creative,1,False
0550 | Male/Polished Culture/Melbourne Creative - Outerwear Look / Natural Curls - Evening Finish,"adult man, dark structured layers, textured shirt, cropped trousers and design-forward footwear, a structured jacket or coat over layered knitwear, tailored trousers and coordinated footwear, defined natural curls with balanced shape, rust, navy and cream palette, richer contrast, polished evening finish and refined statement accessories, authentic fabric texture, precise seams and fasteners, natural drape, believable accessories, polished editorial styling","wrong hairstyle, inconsistent hair length, merged hair strands, duplicate accessories, incorrect garment layering, warped clothing, broken seams, broken fasteners, malformed footwear, random logos, misspelled text, poor fit, extra limbs, bad hands, child, teen, underage, watermark, low detail, blur",Male/Melbourne Creative,1,False
0551 | Male/Polished Culture/Melbourne Creative - Outerwear Look / Close Buzz Cut - Day Finish,"adult man, dark structured layers, textured shirt, cropped trousers and design-forward footwear, a structured jacket or coat over layered knitwear, tailored trousers and coordinated footwear, precise close buzz cut with clean hairline, black, white and cobalt palette, soft matte daytime finish, practical restrained accessories, authentic fabric texture, precise seams and fasteners, natural drape, believable accessories, polished editorial styling","wrong hairstyle, inconsistent hair length, merged hair strands, duplicate accessories, incorrect garment layering, warped clothing, broken seams, broken fasteners, malformed footwear, random logos, misspelled text, poor fit, extra limbs, bad hands, child, teen, underage, watermark, low detail, blur",Male/Melbourne Creative,1,False
0552 | Male/Polished Culture/Melbourne Creative - Outerwear Look / Close Buzz Cut - Evening Finish,"adult man, dark structured layers, textured shirt, cropped trousers and design-forward footwear, a structured jacket or coat over layered knitwear, tailored trousers and coordinated footwear, precise close buzz cut with clean hairline, black, white and cobalt palette, richer contrast, polished evening finish and refined statement accessories, authentic fabric texture, precise seams and fasteners, natural drape, believable accessories, polished editorial styling","wrong hairstyle, inconsistent hair length, merged hair strands, duplicate accessories, incorrect garment layering, warped clothing, broken seams, broken fasteners, malformed footwear, random logos, misspelled text, poor fit, extra limbs, bad hands, child, teen, underage, watermark, low detail, blur",Male/Melbourne Creative,1,False
0553 | Male/Polished Culture/Melbourne Creative - Outerwear Look / Modern Quiff - Day Finish,"adult man, dark structured layers, textured shirt, cropped trousers and design-forward footwear, a structured jacket or coat over layered knitwear, tailored trousers and coordinated footwear, modern quiff with controlled volume, burgundy, charcoal and black palette, soft matte daytime finish, practical restrained accessories, authentic fabric texture, precise seams and fasteners, natural drape, believable accessories, polished editorial styling","wrong hairstyle, inconsistent hair length, merged hair strands, duplicate accessories, incorrect garment layering, warped clothing, broken seams, broken fasteners, malformed footwear, random logos, misspelled text, poor fit, extra limbs, bad hands, child, teen, underage, watermark, low detail, blur",Male/Melbourne Creative,1,False
0554 | Male/Polished Culture/Melbourne Creative - Outerwear Look / Modern Quiff - Evening Finish,"adult man, dark structured layers, textured shirt, cropped trousers and design-forward footwear, a structured jacket or coat over layered knitwear, tailored trousers and coordinated footwear, modern quiff with controlled volume, burgundy, charcoal and black palette, richer contrast, polished evening finish and refined statement accessories, authentic fabric texture, precise seams and fasteners, natural drape, believable accessories, polished editorial styling","wrong hairstyle, inconsistent hair length, merged hair strands, duplicate accessories, incorrect garment layering, warped clothing, broken seams, broken fasteners, malformed footwear, random logos, misspelled text, poor fit, extra limbs, bad hands, child, teen, underage, watermark, low detail, blur",Male/Melbourne Creative,1,False
0555 | Male/Polished Culture/Melbourne Creative - Outerwear Look / Shoulder Length Waves - Day Finish,"adult man, dark structured layers, textured shirt, cropped trousers and design-forward footwear, a structured jacket or coat over layered knitwear, tailored trousers and coordinated footwear, shoulder-length waves with natural separation, forest, tan and dark denim palette, soft matte daytime finish, practical restrained accessories, authentic fabric texture, precise seams and fasteners, natural drape, believable accessories, polished editorial styling","wrong hairstyle, inconsistent hair length, merged hair strands, duplicate accessories, incorrect garment layering, warped clothing, broken seams, broken fasteners, malformed footwear, random logos, misspelled text, poor fit, extra limbs, bad hands, child, teen, underage, watermark, low detail, blur",Male/Melbourne Creative,1,False
0556 | Male/Polished Culture/Melbourne Creative - Outerwear Look / Shoulder Length Waves - Evening Finish,"adult man, dark structured layers, textured shirt, cropped trousers and design-forward footwear, a structured jacket or coat over layered knitwear, tailored trousers and coordinated footwear, shoulder-length waves with natural separation, forest, tan and dark denim palette, richer contrast, polished evening finish and refined statement accessories, authentic fabric texture, precise seams and fasteners, natural drape, believable accessories, polished editorial styling","wrong hairstyle, inconsistent hair length, merged hair strands, duplicate accessories, incorrect garment layering, warped clothing, broken seams, broken fasteners, malformed footwear, random logos, misspelled text, poor fit, extra limbs, bad hands, child, teen, underage, watermark, low detail, blur",Male/Melbourne Creative,1,False
0557 | Male/Polished Culture/Melbourne Creative - Outerwear Look / Braided Style - Day Finish,"adult man, dark structured layers, textured shirt, cropped trousers and design-forward footwear, a structured jacket or coat over layered knitwear, tailored trousers and coordinated footwear, precise braided style with clean scalp detail, earth tones, black and bronze palette, soft matte daytime finish, practical restrained accessories, authentic fabric texture, precise seams and fasteners, natural drape, believable accessories, polished editorial styling","wrong hairstyle, inconsistent hair length, merged hair strands, duplicate accessories, incorrect garment layering, warped clothing, broken seams, broken fasteners, malformed footwear, random logos, misspelled text, poor fit, extra limbs, bad hands, child, teen, underage, watermark, low detail, blur",Male/Melbourne Creative,1,False
0558 | Male/Polished Culture/Melbourne Creative - Outerwear Look / Braided Style - Evening Finish,"adult man, dark structured layers, textured shirt, cropped trousers and design-forward footwear, a structured jacket or coat over layered knitwear, tailored trousers and coordinated footwear, precise braided style with clean scalp detail, earth tones, black and bronze palette, richer contrast, polished evening finish and refined statement accessories, authentic fabric texture, precise seams and fasteners, natural drape, believable accessories, polished editorial styling","wrong hairstyle, inconsistent hair length, merged hair strands, duplicate accessories, incorrect garment layering, warped clothing, broken seams, broken fasteners, malformed footwear, random logos, misspelled text, poor fit, extra limbs, bad hands, child, teen, underage, watermark, low detail, blur",Male/Melbourne Creative,1,False
0559 | Male/Polished Culture/Melbourne Creative - Outerwear Look / Silvered Taper - Day Finish,"adult man, dark structured layers, textured shirt, cropped trousers and design-forward footwear, a structured jacket or coat over layered knitwear, tailored trousers and coordinated footwear, mature silvered taper with refined texture, navy, grey and oxblood palette, soft matte daytime finish, practical restrained accessories, authentic fabric texture, precise seams and fasteners, natural drape, believable accessories, polished editorial styling","wrong hairstyle, inconsistent hair length, merged hair strands, duplicate accessories, incorrect garment layering, warped clothing, broken seams, broken fasteners, malformed footwear, random logos, misspelled text, poor fit, extra limbs, bad hands, child, teen, underage, watermark, low detail, blur",Male/Melbourne Creative,1,False
0560 | Male/Polished Culture/Melbourne Creative - Outerwear Look / Silvered Taper - Evening Finish,"adult man, dark structured layers, textured shirt, cropped trousers and design-forward footwear, a structured jacket or coat over layered knitwear, tailored trousers and coordinated footwear, mature silvered taper with refined texture, navy, grey and oxblood palette, richer contrast, polished evening finish and refined statement accessories, authentic fabric texture, precise seams and fasteners, natural drape, believable accessories, polished editorial styling","wrong hairstyle, inconsistent hair length, merged hair strands, duplicate accessories, incorrect garment layering, warped clothing, broken seams, broken fasteners, malformed footwear, random logos, misspelled text, poor fit, extra limbs, bad hands, child, teen, underage, watermark, low detail, blur",Male/Melbourne Creative,1,False
0561 | Male/Polished Culture/Melbourne Creative - Smart Casual / Classic Taper - Day Finish,"adult man, dark structured layers, textured shirt, cropped trousers and design-forward footwear, a refined shirt or polo, lightweight jacket, clean trousers and understated accessories, clean classic taper with natural texture, navy, charcoal and white palette, soft matte daytime finish, practical restrained accessories, authentic fabric texture, precise seams and fasteners, natural drape, believable accessories, polished editorial styling","wrong hairstyle, inconsistent hair length, merged hair strands, duplicate accessories, incorrect garment layering, warped clothing, broken seams, broken fasteners, malformed footwear, random logos, misspelled text, poor fit, extra limbs, bad hands, child, teen, underage, watermark, low detail, blur",Male/Melbourne Creative,1,False
0562 | Male/Polished Culture/Melbourne Creative - Smart Casual / Classic Taper - Evening Finish,"adult man, dark structured layers, textured shirt, cropped trousers and design-forward footwear, a refined shirt or polo, lightweight jacket, clean trousers and understated accessories, clean classic taper with natural texture, navy, charcoal and white palette, richer contrast, polished evening finish and refined statement accessories, authentic fabric texture, precise seams and fasteners, natural drape, believable accessories, polished editorial styling","wrong hairstyle, inconsistent hair length, merged hair strands, duplicate accessories, incorrect garment layering, warped clothing, broken seams, broken fasteners, malformed footwear, random logos, misspelled text, poor fit, extra limbs, bad hands, child, teen, underage, watermark, low detail, blur",Male/Melbourne Creative,1,False
0563 | Male/Polished Culture/Melbourne Creative - Smart Casual / Textured Crop - Day Finish,"adult man, dark structured layers, textured shirt, cropped trousers and design-forward footwear, a refined shirt or polo, lightweight jacket, clean trousers and understated accessories, textured crop with controlled matte finish, olive, stone and black palette, soft matte daytime finish, practical restrained accessories, authentic fabric texture, precise seams and fasteners, natural drape, believable accessories, polished editorial styling","wrong hairstyle, inconsistent hair length, merged hair strands, duplicate accessories, incorrect garment layering, warped clothing, broken seams, broken fasteners, malformed footwear, random logos, misspelled text, poor fit, extra limbs, bad hands, child, teen, underage, watermark, low detail, blur",Male/Melbourne Creative,1,False
0564 | Male/Polished Culture/Melbourne Creative - Smart Casual / Textured Crop - Evening Finish,"adult man, dark structured layers, textured shirt, cropped trousers and design-forward footwear, a refined shirt or polo, lightweight jacket, clean trousers and understated accessories, textured crop with controlled matte finish, olive, stone and black palette, richer contrast, polished evening finish and refined statement accessories, authentic fabric texture, precise seams and fasteners, natural drape, believable accessories, polished editorial styling","wrong hairstyle, inconsistent hair length, merged hair strands, duplicate accessories, incorrect garment layering, warped clothing, broken seams, broken fasteners, malformed footwear, random logos, misspelled text, poor fit, extra limbs, bad hands, child, teen, underage, watermark, low detail, blur",Male/Melbourne Creative,1,False
0565 | Male/Polished Culture/Melbourne Creative - Smart Casual / Side Part - Day Finish,"adult man, dark structured layers, textured shirt, cropped trousers and design-forward footwear, a refined shirt or polo, lightweight jacket, clean trousers and understated accessories, refined side part with soft natural hold, camel, cream and dark brown palette, soft matte daytime finish, practical restrained accessories, authentic fabric texture, precise seams and fasteners, natural drape, believable accessories, polished editorial styling","wrong hairstyle, inconsistent hair length, merged hair strands, duplicate accessories, incorrect garment layering, warped clothing, broken seams, broken fasteners, malformed footwear, random logos, misspelled text, poor fit, extra limbs, bad hands, child, teen, underage, watermark, low detail, blur",Male/Melbourne Creative,1,False
0566 | Male/Polished Culture/Melbourne Creative - Smart Casual / Side Part - Evening Finish,"adult man, dark structured layers, textured shirt, cropped trousers and design-forward footwear, a refined shirt or polo, lightweight jacket, clean trousers and understated accessories, refined side part with soft natural hold, camel, cream and dark brown palette, richer contrast, polished evening finish and refined statement accessories, authentic fabric texture, precise seams and fasteners, natural drape, believable accessories, polished editorial styling","wrong hairstyle, inconsistent hair length, merged hair strands, duplicate accessories, incorrect garment layering, warped clothing, broken seams, broken fasteners, malformed footwear, random logos, misspelled text, poor fit, extra limbs, bad hands, child, teen, underage, watermark, low detail, blur",Male/Melbourne Creative,1,False
0567 | Male/Polished Culture/Melbourne Creative - Smart Casual / Medium Swept Back - Day Finish,"adult man, dark structured layers, textured shirt, cropped trousers and design-forward footwear, a refined shirt or polo, lightweight jacket, clean trousers and understated accessories, medium-length hair swept back with realistic movement, black, grey and silver palette, soft matte daytime finish, practical restrained accessories, authentic fabric texture, precise seams and fasteners, natural drape, believable accessories, polished editorial styling","wrong hairstyle, inconsistent hair length, merged hair strands, duplicate accessories, incorrect garment layering, warped clothing, broken seams, broken fasteners, malformed footwear, random logos, misspelled text, poor fit, extra limbs, bad hands, child, teen, underage, watermark, low detail, blur",Male/Melbourne Creative,1,False
0568 | Male/Polished Culture/Melbourne Creative - Smart Casual / Medium Swept Back - Evening Finish,"adult man, dark structured layers, textured shirt, cropped trousers and design-forward footwear, a refined shirt or polo, lightweight jacket, clean trousers and understated accessories, medium-length hair swept back with realistic movement, black, grey and silver palette, richer contrast, polished evening finish and refined statement accessories, authentic fabric texture, precise seams and fasteners, natural drape, believable accessories, polished editorial styling","wrong hairstyle, inconsistent hair length, merged hair strands, duplicate accessories, incorrect garment layering, warped clothing, broken seams, broken fasteners, malformed footwear, random logos, misspelled text, poor fit, extra limbs, bad hands, child, teen, underage, watermark, low detail, blur",Male/Melbourne Creative,1,False
0569 | Male/Polished Culture/Melbourne Creative - Smart Casual / Natural Curls - Day Finish,"adult man, dark structured layers, textured shirt, cropped trousers and design-forward footwear, a refined shirt or polo, lightweight jacket, clean trousers and understated accessories, defined natural curls with balanced shape, rust, navy and cream palette, soft matte daytime finish, practical restrained accessories, authentic fabric texture, precise seams and fasteners, natural drape, believable accessories, polished editorial styling","wrong hairstyle, inconsistent hair length, merged hair strands, duplicate accessories, incorrect garment layering, warped clothing, broken seams, broken fasteners, malformed footwear, random logos, misspelled text, poor fit, extra limbs, bad hands, child, teen, underage, watermark, low detail, blur",Male/Melbourne Creative,1,False
0570 | Male/Polished Culture/Melbourne Creative - Smart Casual / Natural Curls - Evening Finish,"adult man, dark structured layers, textured shirt, cropped trousers and design-forward footwear, a refined shirt or polo, lightweight jacket, clean trousers and understated accessories, defined natural curls with balanced shape, rust, navy and cream palette, richer contrast, polished evening finish and refined statement accessories, authentic fabric texture, precise seams and fasteners, natural drape, believable accessories, polished editorial styling","wrong hairstyle, inconsistent hair length, merged hair strands, duplicate accessories, incorrect garment layering, warped clothing, broken seams, broken fasteners, malformed footwear, random logos, misspelled text, poor fit, extra limbs, bad hands, child, teen, underage, watermark, low detail, blur",Male/Melbourne Creative,1,False
0571 | Male/Polished Culture/Melbourne Creative - Smart Casual / Close Buzz Cut - Day Finish,"adult man, dark structured layers, textured shirt, cropped trousers and design-forward footwear, a refined shirt or polo, lightweight jacket, clean trousers and understated accessories, precise close buzz cut with clean hairline, black, white and cobalt palette, soft matte daytime finish, practical restrained accessories, authentic fabric texture, precise seams and fasteners, natural drape, believable accessories, polished editorial styling","wrong hairstyle, inconsistent hair length, merged hair strands, duplicate accessories, incorrect garment layering, warped clothing, broken seams, broken fasteners, malformed footwear, random logos, misspelled text, poor fit, extra limbs, bad hands, child, teen, underage, watermark, low detail, blur",Male/Melbourne Creative,1,False
0572 | Male/Polished Culture/Melbourne Creative - Smart Casual / Close Buzz Cut - Evening Finish,"adult man, dark structured layers, textured shirt, cropped trousers and design-forward footwear, a refined shirt or polo, lightweight jacket, clean trousers and understated accessories, precise close buzz cut with clean hairline, black, white and cobalt palette, richer contrast, polished evening finish and refined statement accessories, authentic fabric texture, precise seams and fasteners, natural drape, believable accessories, polished editorial styling","wrong hairstyle, inconsistent hair length, merged hair strands, duplicate accessories, incorrect garment layering, warped clothing, broken seams, broken fasteners, malformed footwear, random logos, misspelled text, poor fit, extra limbs, bad hands, child, teen, underage, watermark, low detail, blur",Male/Melbourne Creative,1,False
0573 | Male/Polished Culture/Melbourne Creative - Smart Casual / Modern Quiff - Day Finish,"adult man, dark structured layers, textured shirt, cropped trousers and design-forward footwear, a refined shirt or polo, lightweight jacket, clean trousers and understated accessories, modern quiff with controlled volume, burgundy, charcoal and black palette, soft matte daytime finish, practical restrained accessories, authentic fabric texture, precise seams and fasteners, natural drape, believable accessories, polished editorial styling","wrong hairstyle, inconsistent hair length, merged hair strands, duplicate accessories, incorrect garment layering, warped clothing, broken seams, broken fasteners, malformed footwear, random logos, misspelled text, poor fit, extra limbs, bad hands, child, teen, underage, watermark, low detail, blur",Male/Melbourne Creative,1,False
0574 | Male/Polished Culture/Melbourne Creative - Smart Casual / Modern Quiff - Evening Finish,"adult man, dark structured layers, textured shirt, cropped trousers and design-forward footwear, a refined shirt or polo, lightweight jacket, clean trousers and understated accessories, modern quiff with controlled volume, burgundy, charcoal and black palette, richer contrast, polished evening finish and refined statement accessories, authentic fabric texture, precise seams and fasteners, natural drape, believable accessories, polished editorial styling","wrong hairstyle, inconsistent hair length, merged hair strands, duplicate accessories, incorrect garment layering, warped clothing, broken seams, broken fasteners, malformed footwear, random logos, misspelled text, poor fit, extra limbs, bad hands, child, teen, underage, watermark, low detail, blur",Male/Melbourne Creative,1,False
0575 | Male/Polished Culture/Melbourne Creative - Smart Casual / Shoulder Length Waves - Day Finish,"adult man, dark structured layers, textured shirt, cropped trousers and design-forward footwear, a refined shirt or polo, lightweight jacket, clean trousers and understated accessories, shoulder-length waves with natural separation, forest, tan and dark denim palette, soft matte daytime finish, practical restrained accessories, authentic fabric texture, precise seams and fasteners, natural drape, believable accessories, polished editorial styling","wrong hairstyle, inconsistent hair length, merged hair strands, duplicate accessories, incorrect garment layering, warped clothing, broken seams, broken fasteners, malformed footwear, random logos, misspelled text, poor fit, extra limbs, bad hands, child, teen, underage, watermark, low detail, blur",Male/Melbourne Creative,1,False
0576 | Male/Polished Culture/Melbourne Creative - Smart Casual / Shoulder Length Waves - Evening Finish,"adult man, dark structured layers, textured shirt, cropped trousers and design-forward footwear, a refined shirt or polo, lightweight jacket, clean trousers and understated accessories, shoulder-length waves with natural separation, forest, tan and dark denim palette, richer contrast, polished evening finish and refined statement accessories, authentic fabric texture, precise seams and fasteners, natural drape, believable accessories, polished editorial styling","wrong hairstyle, inconsistent hair length, merged hair strands, duplicate accessories, incorrect garment layering, warped clothing, broken seams, broken fasteners, malformed footwear, random logos, misspelled text, poor fit, extra limbs, bad hands, child, teen, underage, watermark, low detail, blur",Male/Melbourne Creative,1,False
0577 | Male/Polished Culture/Melbourne Creative - Smart Casual / Braided Style - Day Finish,"adult man, dark structured layers, textured shirt, cropped trousers and design-forward footwear, a refined shirt or polo, lightweight jacket, clean trousers and understated accessories, precise braided style with clean scalp detail, earth tones, black and bronze palette, soft matte daytime finish, practical restrained accessories, authentic fabric texture, precise seams and fasteners, natural drape, believable accessories, polished editorial styling","wrong hairstyle, inconsistent hair length, merged hair strands, duplicate accessories, incorrect garment layering, warped clothing, broken seams, broken fasteners, malformed footwear, random logos, misspelled text, poor fit, extra limbs, bad hands, child, teen, underage, watermark, low detail, blur",Male/Melbourne Creative,1,False
0578 | Male/Polished Culture/Melbourne Creative - Smart Casual / Braided Style - Evening Finish,"adult man, dark structured layers, textured shirt, cropped trousers and design-forward footwear, a refined shirt or polo, lightweight jacket, clean trousers and understated accessories, precise braided style with clean scalp detail, earth tones, black and bronze palette, richer contrast, polished evening finish and refined statement accessories, authentic fabric texture, precise seams and fasteners, natural drape, believable accessories, polished editorial styling","wrong hairstyle, inconsistent hair length, merged hair strands, duplicate accessories, incorrect garment layering, warped clothing, broken seams, broken fasteners, malformed footwear, random logos, misspelled text, poor fit, extra limbs, bad hands, child, teen, underage, watermark, low detail, blur",Male/Melbourne Creative,1,False
0579 | Male/Polished Culture/Melbourne Creative - Smart Casual / Silvered Taper - Day Finish,"adult man, dark structured layers, textured shirt, cropped trousers and design-forward footwear, a refined shirt or polo, lightweight jacket, clean trousers and understated accessories, mature silvered taper with refined texture, navy, grey and oxblood palette, soft matte daytime finish, practical restrained accessories, authentic fabric texture, precise seams and fasteners, natural drape, believable accessories, polished editorial styling","wrong hairstyle, inconsistent hair length, merged hair strands, duplicate accessories, incorrect garment layering, warped clothing, broken seams, broken fasteners, malformed footwear, random logos, misspelled text, poor fit, extra limbs, bad hands, child, teen, underage, watermark, low detail, blur",Male/Melbourne Creative,1,False
0580 | Male/Polished Culture/Melbourne Creative - Smart Casual / Silvered Taper - Evening Finish,"adult man, dark structured layers, textured shirt, cropped trousers and design-forward footwear, a refined shirt or polo, lightweight jacket, clean trousers and understated accessories, mature silvered taper with refined texture, navy, grey and oxblood palette, richer contrast, polished evening finish and refined statement accessories, authentic fabric texture, precise seams and fasteners, natural drape, believable accessories, polished editorial styling","wrong hairstyle, inconsistent hair length, merged hair strands, duplicate accessories, incorrect garment layering, warped clothing, broken seams, broken fasteners, malformed footwear, random logos, misspelled text, poor fit, extra limbs, bad hands, child, teen, underage, watermark, low detail, blur",Male/Melbourne Creative,1,False
0581 | Male/Polished Culture/Melbourne Creative - Evening Look / Classic Taper - Day Finish,"adult man, dark structured layers, textured shirt, cropped trousers and design-forward footwear, a polished suit or dinner jacket, precise shirt styling and minimal formal accessories, clean classic taper with natural texture, navy, charcoal and white palette, soft matte daytime finish, practical restrained accessories, authentic fabric texture, precise seams and fasteners, natural drape, believable accessories, polished editorial styling","wrong hairstyle, inconsistent hair length, merged hair strands, duplicate accessories, incorrect garment layering, warped clothing, broken seams, broken fasteners, malformed footwear, random logos, misspelled text, poor fit, extra limbs, bad hands, child, teen, underage, watermark, low detail, blur",Male/Melbourne Creative,1,False
0582 | Male/Polished Culture/Melbourne Creative - Evening Look / Classic Taper - Evening Finish,"adult man, dark structured layers, textured shirt, cropped trousers and design-forward footwear, a polished suit or dinner jacket, precise shirt styling and minimal formal accessories, clean classic taper with natural texture, navy, charcoal and white palette, richer contrast, polished evening finish and refined statement accessories, authentic fabric texture, precise seams and fasteners, natural drape, believable accessories, polished editorial styling","wrong hairstyle, inconsistent hair length, merged hair strands, duplicate accessories, incorrect garment layering, warped clothing, broken seams, broken fasteners, malformed footwear, random logos, misspelled text, poor fit, extra limbs, bad hands, child, teen, underage, watermark, low detail, blur",Male/Melbourne Creative,1,False
0583 | Male/Polished Culture/Melbourne Creative - Evening Look / Textured Crop - Day Finish,"adult man, dark structured layers, textured shirt, cropped trousers and design-forward footwear, a polished suit or dinner jacket, precise shirt styling and minimal formal accessories, textured crop with controlled matte finish, olive, stone and black palette, soft matte daytime finish, practical restrained accessories, authentic fabric texture, precise seams and fasteners, natural drape, believable accessories, polished editorial styling","wrong hairstyle, inconsistent hair length, merged hair strands, duplicate accessories, incorrect garment layering, warped clothing, broken seams, broken fasteners, malformed footwear, random logos, misspelled text, poor fit, extra limbs, bad hands, child, teen, underage, watermark, low detail, blur",Male/Melbourne Creative,1,False
0584 | Male/Polished Culture/Melbourne Creative - Evening Look / Textured Crop - Evening Finish,"adult man, dark structured layers, textured shirt, cropped trousers and design-forward footwear, a polished suit or dinner jacket, precise shirt styling and minimal formal accessories, textured crop with controlled matte finish, olive, stone and black palette, richer contrast, polished evening finish and refined statement accessories, authentic fabric texture, precise seams and fasteners, natural drape, believable accessories, polished editorial styling","wrong hairstyle, inconsistent hair length, merged hair strands, duplicate accessories, incorrect garment layering, warped clothing, broken seams, broken fasteners, malformed footwear, random logos, misspelled text, poor fit, extra limbs, bad hands, child, teen, underage, watermark, low detail, blur",Male/Melbourne Creative,1,False
0585 | Male/Polished Culture/Melbourne Creative - Evening Look / Side Part - Day Finish,"adult man, dark structured layers, textured shirt, cropped trousers and design-forward footwear, a polished suit or dinner jacket, precise shirt styling and minimal formal accessories, refined side part with soft natural hold, camel, cream and dark brown palette, soft matte daytime finish, practical restrained accessories, authentic fabric texture, precise seams and fasteners, natural drape, believable accessories, polished editorial styling","wrong hairstyle, inconsistent hair length, merged hair strands, duplicate accessories, incorrect garment layering, warped clothing, broken seams, broken fasteners, malformed footwear, random logos, misspelled text, poor fit, extra limbs, bad hands, child, teen, underage, watermark, low detail, blur",Male/Melbourne Creative,1,False
0586 | Male/Polished Culture/Melbourne Creative - Evening Look / Side Part - Evening Finish,"adult man, dark structured layers, textured shirt, cropped trousers and design-forward footwear, a polished suit or dinner jacket, precise shirt styling and minimal formal accessories, refined side part with soft natural hold, camel, cream and dark brown palette, richer contrast, polished evening finish and refined statement accessories, authentic fabric texture, precise seams and fasteners, natural drape, believable accessories, polished editorial styling","wrong hairstyle, inconsistent hair length, merged hair strands, duplicate accessories, incorrect garment layering, warped clothing, broken seams, broken fasteners, malformed footwear, random logos, misspelled text, poor fit, extra limbs, bad hands, child, teen, underage, watermark, low detail, blur",Male/Melbourne Creative,1,False
0587 | Male/Polished Culture/Melbourne Creative - Evening Look / Medium Swept Back - Day Finish,"adult man, dark structured layers, textured shirt, cropped trousers and design-forward footwear, a polished suit or dinner jacket, precise shirt styling and minimal formal accessories, medium-length hair swept back with realistic movement, black, grey and silver palette, soft matte daytime finish, practical restrained accessories, authentic fabric texture, precise seams and fasteners, natural drape, believable accessories, polished editorial styling","wrong hairstyle, inconsistent hair length, merged hair strands, duplicate accessories, incorrect garment layering, warped clothing, broken seams, broken fasteners, malformed footwear, random logos, misspelled text, poor fit, extra limbs, bad hands, child, teen, underage, watermark, low detail, blur",Male/Melbourne Creative,1,False
0588 | Male/Polished Culture/Melbourne Creative - Evening Look / Medium Swept Back - Evening Finish,"adult man, dark structured layers, textured shirt, cropped trousers and design-forward footwear, a polished suit or dinner jacket, precise shirt styling and minimal formal accessories, medium-length hair swept back with realistic movement, black, grey and silver palette, richer contrast, polished evening finish and refined statement accessories, authentic fabric texture, precise seams and fasteners, natural drape, believable accessories, polished editorial styling","wrong hairstyle, inconsistent hair length, merged hair strands, duplicate accessories, incorrect garment layering, warped clothing, broken seams, broken fasteners, malformed footwear, random logos, misspelled text, poor fit, extra limbs, bad hands, child, teen, underage, watermark, low detail, blur",Male/Melbourne Creative,1,False
0589 | Male/Polished Culture/Melbourne Creative - Evening Look / Natural Curls - Day Finish,"adult man, dark structured layers, textured shirt, cropped trousers and design-forward footwear, a polished suit or dinner jacket, precise shirt styling and minimal formal accessories, defined natural curls with balanced shape, rust, navy and cream palette, soft matte daytime finish, practical restrained accessories, authentic fabric texture, precise seams and fasteners, natural drape, believable accessories, polished editorial styling","wrong hairstyle, inconsistent hair length, merged hair strands, duplicate accessories, incorrect garment layering, warped clothing, broken seams, broken fasteners, malformed footwear, random logos, misspelled text, poor fit, extra limbs, bad hands, child, teen, underage, watermark, low detail, blur",Male/Melbourne Creative,1,False
0590 | Male/Polished Culture/Melbourne Creative - Evening Look / Natural Curls - Evening Finish,"adult man, dark structured layers, textured shirt, cropped trousers and design-forward footwear, a polished suit or dinner jacket, precise shirt styling and minimal formal accessories, defined natural curls with balanced shape, rust, navy and cream palette, richer contrast, polished evening finish and refined statement accessories, authentic fabric texture, precise seams and fasteners, natural drape, believable accessories, polished editorial styling","wrong hairstyle, inconsistent hair length, merged hair strands, duplicate accessories, incorrect garment layering, warped clothing, broken seams, broken fasteners, malformed footwear, random logos, misspelled text, poor fit, extra limbs, bad hands, child, teen, underage, watermark, low detail, blur",Male/Melbourne Creative,1,False
0591 | Male/Polished Culture/Melbourne Creative - Evening Look / Close Buzz Cut - Day Finish,"adult man, dark structured layers, textured shirt, cropped trousers and design-forward footwear, a polished suit or dinner jacket, precise shirt styling and minimal formal accessories, precise close buzz cut with clean hairline, black, white and cobalt palette, soft matte daytime finish, practical restrained accessories, authentic fabric texture, precise seams and fasteners, natural drape, believable accessories, polished editorial styling","wrong hairstyle, inconsistent hair length, merged hair strands, duplicate accessories, incorrect garment layering, warped clothing, broken seams, broken fasteners, malformed footwear, random logos, misspelled text, poor fit, extra limbs, bad hands, child, teen, underage, watermark, low detail, blur",Male/Melbourne Creative,1,False
0592 | Male/Polished Culture/Melbourne Creative - Evening Look / Close Buzz Cut - Evening Finish,"adult man, dark structured layers, textured shirt, cropped trousers and design-forward footwear, a polished suit or dinner jacket, precise shirt styling and minimal formal accessories, precise close buzz cut with clean hairline, black, white and cobalt palette, richer contrast, polished evening finish and refined statement accessories, authentic fabric texture, precise seams and fasteners, natural drape, believable accessories, polished editorial styling","wrong hairstyle, inconsistent hair length, merged hair strands, duplicate accessories, incorrect garment layering, warped clothing, broken seams, broken fasteners, malformed footwear, random logos, misspelled text, poor fit, extra limbs, bad hands, child, teen, underage, watermark, low detail, blur",Male/Melbourne Creative,1,False
0593 | Male/Polished Culture/Melbourne Creative - Evening Look / Modern Quiff - Day Finish,"adult man, dark structured layers, textured shirt, cropped trousers and design-forward footwear, a polished suit or dinner jacket, precise shirt styling and minimal formal accessories, modern quiff with controlled volume, burgundy, charcoal and black palette, soft matte daytime finish, practical restrained accessories, authentic fabric texture, precise seams and fasteners, natural drape, believable accessories, polished editorial styling","wrong hairstyle, inconsistent hair length, merged hair strands, duplicate accessories, incorrect garment layering, warped clothing, broken seams, broken fasteners, malformed footwear, random logos, misspelled text, poor fit, extra limbs, bad hands, child, teen, underage, watermark, low detail, blur",Male/Melbourne Creative,1,False
0594 | Male/Polished Culture/Melbourne Creative - Evening Look / Modern Quiff - Evening Finish,"adult man, dark structured layers, textured shirt, cropped trousers and design-forward footwear, a polished suit or dinner jacket, precise shirt styling and minimal formal accessories, modern quiff with controlled volume, burgundy, charcoal and black palette, richer contrast, polished evening finish and refined statement accessories, authentic fabric texture, precise seams and fasteners, natural drape, believable accessories, polished editorial styling","wrong hairstyle, inconsistent hair length, merged hair strands, duplicate accessories, incorrect garment layering, warped clothing, broken seams, broken fasteners, malformed footwear, random logos, misspelled text, poor fit, extra limbs, bad hands, child, teen, underage, watermark, low detail, blur",Male/Melbourne Creative,1,False
0595 | Male/Polished Culture/Melbourne Creative - Evening Look / Shoulder Length Waves - Day Finish,"adult man, dark structured layers, textured shirt, cropped trousers and design-forward footwear, a polished suit or dinner jacket, precise shirt styling and minimal formal accessories, shoulder-length waves with natural separation, forest, tan and dark denim palette, soft matte daytime finish, practical restrained accessories, authentic fabric texture, precise seams and fasteners, natural drape, believable accessories, polished editorial styling","wrong hairstyle, inconsistent hair length, merged hair strands, duplicate accessories, incorrect garment layering, warped clothing, broken seams, broken fasteners, malformed footwear, random logos, misspelled text, poor fit, extra limbs, bad hands, child, teen, underage, watermark, low detail, blur",Male/Melbourne Creative,1,False
0596 | Male/Polished Culture/Melbourne Creative - Evening Look / Shoulder Length Waves - Evening Finish,"adult man, dark structured layers, textured shirt, cropped trousers and design-forward footwear, a polished suit or dinner jacket, precise shirt styling and minimal formal accessories, shoulder-length waves with natural separation, forest, tan and dark denim palette, richer contrast, polished evening finish and refined statement accessories, authentic fabric texture, precise seams and fasteners, natural drape, believable accessories, polished editorial styling","wrong hairstyle, inconsistent hair length, merged hair strands, duplicate accessories, incorrect garment layering, warped clothing, broken seams, broken fasteners, malformed footwear, random logos, misspelled text, poor fit, extra limbs, bad hands, child, teen, underage, watermark, low detail, blur",Male/Melbourne Creative,1,False
0597 | Male/Polished Culture/Melbourne Creative - Evening Look / Braided Style - Day Finish,"adult man, dark structured layers, textured shirt, cropped trousers and design-forward footwear, a polished suit or dinner jacket, precise shirt styling and minimal formal accessories, precise braided style with clean scalp detail, earth tones, black and bronze palette, soft matte daytime finish, practical restrained accessories, authentic fabric texture, precise seams and fasteners, natural drape, believable accessories, polished editorial styling","wrong hairstyle, inconsistent hair length, merged hair strands, duplicate accessories, incorrect garment layering, warped clothing, broken seams, broken fasteners, malformed footwear, random logos, misspelled text, poor fit, extra limbs, bad hands, child, teen, underage, watermark, low detail, blur",Male/Melbourne Creative,1,False
0598 | Male/Polished Culture/Melbourne Creative - Evening Look / Braided Style - Evening Finish,"adult man, dark structured layers, textured shirt, cropped trousers and design-forward footwear, a polished suit or dinner jacket, precise shirt styling and minimal formal accessories, precise braided style with clean scalp detail, earth tones, black and bronze palette, richer contrast, polished evening finish and refined statement accessories, authentic fabric texture, precise seams and fasteners, natural drape, believable accessories, polished editorial styling","wrong hairstyle, inconsistent hair length, merged hair strands, duplicate accessories, incorrect garment layering, warped clothing, broken seams, broken fasteners, malformed footwear, random logos, misspelled text, poor fit, extra limbs, bad hands, child, teen, underage, watermark, low detail, blur",Male/Melbourne Creative,1,False
0599 | Male/Polished Culture/Melbourne Creative - Evening Look / Silvered Taper - Day Finish,"adult man, dark structured layers, textured shirt, cropped trousers and design-forward footwear, a polished suit or dinner jacket, precise shirt styling and minimal formal accessories, mature silvered taper with refined texture, navy, grey and oxblood palette, soft matte daytime finish, practical restrained accessories, authentic fabric texture, precise seams and fasteners, natural drape, believable accessories, polished editorial styling","wrong hairstyle, inconsistent hair length, merged hair strands, duplicate accessories, incorrect garment layering, warped clothing, broken seams, broken fasteners, malformed footwear, random logos, misspelled text, poor fit, extra limbs, bad hands, child, teen, underage, watermark, low detail, blur",Male/Melbourne Creative,1,False
0600 | Male/Polished Culture/Melbourne Creative - Evening Look / Silvered Taper - Evening Finish,"adult man, dark structured layers, textured shirt, cropped trousers and design-forward footwear, a polished suit or dinner jacket, precise shirt styling and minimal formal accessories, mature silvered taper with refined texture, navy, grey and oxblood palette, richer contrast, polished evening finish and refined statement accessories, authentic fabric texture, precise seams and fasteners, natural drape, believable accessories, polished editorial styling","wrong hairstyle, inconsistent hair length, merged hair strands, duplicate accessories, incorrect garment layering, warped clothing, broken seams, broken fasteners, malformed footwear, random logos, misspelled text, poor fit, extra limbs, bad hands, child, teen, underage, watermark, low detail, blur",Male/Melbourne Creative,1,False
