name,prompt,negative_prompt,category,weight,favorite
0001 | Pose/Support/Reverse and Bridge/Reverse Support and Bridge — both palms planted behind the pelvis and both feet planted — head level,"both palms planted behind the pelvis and both feet planted, elbows straight, hips elevated, torso facing upward; head level, chin neutral, gaze fixed forward; clear joint alignment; distinct limb separation","hips resting on the support plane, prone posture, tabletop facing downward, seated posture, different pose, altered limb placement, extra limbs, missing limbs, fused limbs, duplicated hands, duplicated feet, twisted joints, dislocated shoulders, broken spine, impossible balance, contradictory weight distribution",Pose/Support/Reverse and Bridge,1,False
0002 | Pose/Support/Reverse and Bridge/Reverse Support and Bridge — both palms planted behind the pelvis and both feet planted — chin slightly lowered,"both palms planted behind the pelvis and both feet planted, elbows straight, hips elevated, torso facing upward; chin slightly lowered, gaze fixed downward; clear joint alignment; distinct limb separation","hips resting on the support plane, prone posture, tabletop facing downward, seated posture, different pose, altered limb placement, extra limbs, missing limbs, fused limbs, duplicated hands, duplicated feet, twisted joints, dislocated shoulders, broken spine, impossible balance, contradictory weight distribution",Pose/Support/Reverse and Bridge,1,False
0003 | Pose/Support/Reverse and Bridge/Reverse Support and Bridge — both palms planted behind the pelvis and both feet planted — chin slightly raised,"both palms planted behind the pelvis and both feet planted, elbows straight, hips elevated, torso facing upward; chin slightly raised, gaze fixed upward; clear joint alignment; distinct limb separation","hips resting on the support plane, prone posture, tabletop facing downward, seated posture, different pose, altered limb placement, extra limbs, missing limbs, fused limbs, duplicated hands, duplicated feet, twisted joints, dislocated shoulders, broken spine, impossible balance, contradictory weight distribution",Pose/Support/Reverse and Bridge,1,False
0004 | Pose/Support/Reverse and Bridge/Reverse Support and Bridge — both palms planted behind the pelvis and both feet planted — head rotated slightly left,"both palms planted behind the pelvis and both feet planted, elbows straight, hips elevated, torso facing upward; head rotated slightly left, balance maintained; clear joint alignment; distinct limb separation","hips resting on the support plane, prone posture, tabletop facing downward, seated posture, different pose, altered limb placement, extra limbs, missing limbs, fused limbs, duplicated hands, duplicated feet, twisted joints, dislocated shoulders, broken spine, impossible balance, contradictory weight distribution",Pose/Support/Reverse and Bridge,1,False
0005 | Pose/Support/Reverse and Bridge/Reverse Support and Bridge — both palms planted behind the pelvis and both feet planted — head rotated slightly right,"both palms planted behind the pelvis and both feet planted, elbows straight, hips elevated, torso facing upward; head rotated slightly right, balance maintained; clear joint alignment; distinct limb separation","hips resting on the support plane, prone posture, tabletop facing downward, seated posture, different pose, altered limb placement, extra limbs, missing limbs, fused limbs, duplicated hands, duplicated feet, twisted joints, dislocated shoulders, broken spine, impossible balance, contradictory weight distribution",Pose/Support/Reverse and Bridge,1,False
0006 | Pose/Support/Reverse and Bridge/Reverse Support and Bridge — both palms planted behind the pelvis and both feet planted — arms held symmetrically for balance,"both palms planted behind the pelvis and both feet planted, elbows straight, hips elevated, torso facing upward; arms held symmetrically for balance; clear joint alignment; distinct limb separation","hips resting on the support plane, prone posture, tabletop facing downward, seated posture, different pose, altered limb placement, extra limbs, missing limbs, fused limbs, duplicated hands, duplicated feet, twisted joints, dislocated shoulders, broken spine, impossible balance, contradictory weight distribution",Pose/Support/Reverse and Bridge,1,False
0007 | Pose/Support/Reverse and Bridge/Reverse Support and Bridge — both palms planted behind the pelvis and both feet planted — arms held asymmetrically for balance,"both palms planted behind the pelvis and both feet planted, elbows straight, hips elevated, torso facing upward; arms held asymmetrically for balance; clear joint alignment; distinct limb separation","hips resting on the support plane, prone posture, tabletop facing downward, seated posture, different pose, altered limb placement, extra limbs, missing limbs, fused limbs, duplicated hands, duplicated feet, twisted joints, dislocated shoulders, broken spine, impossible balance, contradictory weight distribution",Pose/Support/Reverse and Bridge,1,False
0008 | Pose/Support/Reverse and Bridge/Reverse Support and Bridge — both palms planted behind the pelvis and both feet planted — shoulders level,"both palms planted behind the pelvis and both feet planted, elbows straight, hips elevated, torso facing upward; shoulders level, ribcage centred over the supporting limb; clear joint alignment; distinct limb separation","hips resting on the support plane, prone posture, tabletop facing downward, seated posture, different pose, altered limb placement, extra limbs, missing limbs, fused limbs, duplicated hands, duplicated feet, twisted joints, dislocated shoulders, broken spine, impossible balance, contradictory weight distribution",Pose/Support/Reverse and Bridge,1,False
0009 | Pose/Support/Reverse and Bridge/Reverse Support and Bridge — both palms planted behind the pelvis and both feet planted — left shoulder slightly higher,"both palms planted behind the pelvis and both feet planted, elbows straight, hips elevated, torso facing upward; left shoulder slightly higher, pelvis counterbalanced; clear joint alignment; distinct limb separation","hips resting on the support plane, prone posture, tabletop facing downward, seated posture, different pose, altered limb placement, extra limbs, missing limbs, fused limbs, duplicated hands, duplicated feet, twisted joints, dislocated shoulders, broken spine, impossible balance, contradictory weight distribution",Pose/Support/Reverse and Bridge,1,False
0010 | Pose/Support/Reverse and Bridge/Reverse Support and Bridge — both palms planted behind the pelvis and both feet planted — right shoulder slightly higher,"both palms planted behind the pelvis and both feet planted, elbows straight, hips elevated, torso facing upward; right shoulder slightly higher, pelvis counterbalanced; clear joint alignment; distinct limb separation","hips resting on the support plane, prone posture, tabletop facing downward, seated posture, different pose, altered limb placement, extra limbs, missing limbs, fused limbs, duplicated hands, duplicated feet, twisted joints, dislocated shoulders, broken spine, impossible balance, contradictory weight distribution",Pose/Support/Reverse and Bridge,1,False
0011 | Pose/Support/Reverse and Bridge/Reverse Support and Bridge — both palms planted behind the pelvis and both feet planted — ribcage rotated slightly left,"both palms planted behind the pelvis and both feet planted, elbows straight, hips elevated, torso facing upward; ribcage rotated slightly left, supporting limb stable; clear joint alignment; distinct limb separation","hips resting on the support plane, prone posture, tabletop facing downward, seated posture, different pose, altered limb placement, extra limbs, missing limbs, fused limbs, duplicated hands, duplicated feet, twisted joints, dislocated shoulders, broken spine, impossible balance, contradictory weight distribution",Pose/Support/Reverse and Bridge,1,False
0012 | Pose/Support/Reverse and Bridge/Reverse Support and Bridge — both palms planted behind the pelvis and both feet planted — ribcage rotated slightly right,"both palms planted behind the pelvis and both feet planted, elbows straight, hips elevated, torso facing upward; ribcage rotated slightly right, supporting limb stable; clear joint alignment; distinct limb separation","hips resting on the support plane, prone posture, tabletop facing downward, seated posture, different pose, altered limb placement, extra limbs, missing limbs, fused limbs, duplicated hands, duplicated feet, twisted joints, dislocated shoulders, broken spine, impossible balance, contradictory weight distribution",Pose/Support/Reverse and Bridge,1,False
0013 | Pose/Support/Reverse and Bridge/Reverse Support and Bridge — both palms planted behind the pelvis and both feet planted — torso inclined slightly forward,"both palms planted behind the pelvis and both feet planted, elbows straight, hips elevated, torso facing upward; torso inclined slightly forward, supporting limb stable; clear joint alignment; distinct limb separation","hips resting on the support plane, prone posture, tabletop facing downward, seated posture, different pose, altered limb placement, extra limbs, missing limbs, fused limbs, duplicated hands, duplicated feet, twisted joints, dislocated shoulders, broken spine, impossible balance, contradictory weight distribution",Pose/Support/Reverse and Bridge,1,False
0014 | Pose/Support/Reverse and Bridge/Reverse Support and Bridge — both palms planted behind the pelvis and both feet planted — torso inclined slightly backward,"both palms planted behind the pelvis and both feet planted, elbows straight, hips elevated, torso facing upward; torso inclined slightly backward, supporting limb stable; clear joint alignment; distinct limb separation","hips resting on the support plane, prone posture, tabletop facing downward, seated posture, different pose, altered limb placement, extra limbs, missing limbs, fused limbs, duplicated hands, duplicated feet, twisted joints, dislocated shoulders, broken spine, impossible balance, contradictory weight distribution",Pose/Support/Reverse and Bridge,1,False
0015 | Pose/Support/Reverse and Bridge/Reverse Support and Bridge — both palms planted behind the pelvis and both feet planted — pelvis shifted slightly left,"both palms planted behind the pelvis and both feet planted, elbows straight, hips elevated, torso facing upward; pelvis shifted slightly left, supporting limb stable; clear joint alignment; distinct limb separation","hips resting on the support plane, prone posture, tabletop facing downward, seated posture, different pose, altered limb placement, extra limbs, missing limbs, fused limbs, duplicated hands, duplicated feet, twisted joints, dislocated shoulders, broken spine, impossible balance, contradictory weight distribution",Pose/Support/Reverse and Bridge,1,False
0016 | Pose/Support/Reverse and Bridge/Reverse Support and Bridge — both palms planted behind the pelvis and both feet planted — pelvis shifted slightly right,"both palms planted behind the pelvis and both feet planted, elbows straight, hips elevated, torso facing upward; pelvis shifted slightly right, supporting limb stable; clear joint alignment; distinct limb separation","hips resting on the support plane, prone posture, tabletop facing downward, seated posture, different pose, altered limb placement, extra limbs, missing limbs, fused limbs, duplicated hands, duplicated feet, twisted joints, dislocated shoulders, broken spine, impossible balance, contradictory weight distribution",Pose/Support/Reverse and Bridge,1,False
0017 | Pose/Support/Reverse and Bridge/Reverse Support and Bridge — both palms planted behind the pelvis and both feet planted — spine long and vertical,"both palms planted behind the pelvis and both feet planted, elbows straight, hips elevated, torso facing upward; spine long and vertical; clear joint alignment; distinct limb separation","hips resting on the support plane, prone posture, tabletop facing downward, seated posture, different pose, altered limb placement, extra limbs, missing limbs, fused limbs, duplicated hands, duplicated feet, twisted joints, dislocated shoulders, broken spine, impossible balance, contradictory weight distribution",Pose/Support/Reverse and Bridge,1,False
0018 | Pose/Support/Reverse and Bridge/Reverse Support and Bridge — both palms planted behind the pelvis and both feet planted — upper back gently rounded,"both palms planted behind the pelvis and both feet planted, elbows straight, hips elevated, torso facing upward; upper back gently rounded; clear joint alignment; distinct limb separation","hips resting on the support plane, prone posture, tabletop facing downward, seated posture, different pose, altered limb placement, extra limbs, missing limbs, fused limbs, duplicated hands, duplicated feet, twisted joints, dislocated shoulders, broken spine, impossible balance, contradictory weight distribution",Pose/Support/Reverse and Bridge,1,False
0019 | Pose/Support/Reverse and Bridge/Reverse Support and Bridge — both palms planted behind the pelvis and both feet planted — upper back gently extended,"both palms planted behind the pelvis and both feet planted, elbows straight, hips elevated, torso facing upward; upper back gently extended; clear joint alignment; distinct limb separation","hips resting on the support plane, prone posture, tabletop facing downward, seated posture, different pose, altered limb placement, extra limbs, missing limbs, fused limbs, duplicated hands, duplicated feet, twisted joints, dislocated shoulders, broken spine, impossible balance, contradictory weight distribution",Pose/Support/Reverse and Bridge,1,False
0020 | Pose/Support/Reverse and Bridge/Reverse Support and Bridge — both palms planted behind the pelvis and both feet planted — head aligned with the spine,"both palms planted behind the pelvis and both feet planted, elbows straight, hips elevated, torso facing upward; head aligned with the spine; clear joint alignment; distinct limb separation","hips resting on the support plane, prone posture, tabletop facing downward, seated posture, different pose, altered limb placement, extra limbs, missing limbs, fused limbs, duplicated hands, duplicated feet, twisted joints, dislocated shoulders, broken spine, impossible balance, contradictory weight distribution",Pose/Support/Reverse and Bridge,1,False
0021 | Pose/Support/Reverse and Bridge/Reverse Support and Bridge — both forearms planted behind the pelvis and both feet planted — head level,"both forearms planted behind the pelvis and both feet planted, hips elevated, torso facing upward; head level, chin neutral, gaze fixed forward; clear joint alignment; distinct limb separation","hips resting on the support plane, prone posture, tabletop facing downward, seated posture, different pose, altered limb placement, extra limbs, missing limbs, fused limbs, duplicated hands, duplicated feet, twisted joints, dislocated shoulders, broken spine, impossible balance, contradictory weight distribution",Pose/Support/Reverse and Bridge,1,False
0022 | Pose/Support/Reverse and Bridge/Reverse Support and Bridge — both forearms planted behind the pelvis and both feet planted — chin slightly lowered,"both forearms planted behind the pelvis and both feet planted, hips elevated, torso facing upward; chin slightly lowered, gaze fixed downward; clear joint alignment; distinct limb separation","hips resting on the support plane, prone posture, tabletop facing downward, seated posture, different pose, altered limb placement, extra limbs, missing limbs, fused limbs, duplicated hands, duplicated feet, twisted joints, dislocated shoulders, broken spine, impossible balance, contradictory weight distribution",Pose/Support/Reverse and Bridge,1,False
0023 | Pose/Support/Reverse and Bridge/Reverse Support and Bridge — both forearms planted behind the pelvis and both feet planted — chin slightly raised,"both forearms planted behind the pelvis and both feet planted, hips elevated, torso facing upward; chin slightly raised, gaze fixed upward; clear joint alignment; distinct limb separation","hips resting on the support plane, prone posture, tabletop facing downward, seated posture, different pose, altered limb placement, extra limbs, missing limbs, fused limbs, duplicated hands, duplicated feet, twisted joints, dislocated shoulders, broken spine, impossible balance, contradictory weight distribution",Pose/Support/Reverse and Bridge,1,False
0024 | Pose/Support/Reverse and Bridge/Reverse Support and Bridge — both forearms planted behind the pelvis and both feet planted — head rotated slightly left,"both forearms planted behind the pelvis and both feet planted, hips elevated, torso facing upward; head rotated slightly left, balance maintained; clear joint alignment; distinct limb separation","hips resting on the support plane, prone posture, tabletop facing downward, seated posture, different pose, altered limb placement, extra limbs, missing limbs, fused limbs, duplicated hands, duplicated feet, twisted joints, dislocated shoulders, broken spine, impossible balance, contradictory weight distribution",Pose/Support/Reverse and Bridge,1,False
0025 | Pose/Support/Reverse and Bridge/Reverse Support and Bridge — both forearms planted behind the pelvis and both feet planted — head rotated slightly right,"both forearms planted behind the pelvis and both feet planted, hips elevated, torso facing upward; head rotated slightly right, balance maintained; clear joint alignment; distinct limb separation","hips resting on the support plane, prone posture, tabletop facing downward, seated posture, different pose, altered limb placement, extra limbs, missing limbs, fused limbs, duplicated hands, duplicated feet, twisted joints, dislocated shoulders, broken spine, impossible balance, contradictory weight distribution",Pose/Support/Reverse and Bridge,1,False
0026 | Pose/Support/Reverse and Bridge/Reverse Support and Bridge — both forearms planted behind the pelvis and both feet planted — arms held symmetrically for balance,"both forearms planted behind the pelvis and both feet planted, hips elevated, torso facing upward; arms held symmetrically for balance; clear joint alignment; distinct limb separation","hips resting on the support plane, prone posture, tabletop facing downward, seated posture, different pose, altered limb placement, extra limbs, missing limbs, fused limbs, duplicated hands, duplicated feet, twisted joints, dislocated shoulders, broken spine, impossible balance, contradictory weight distribution",Pose/Support/Reverse and Bridge,1,False
0027 | Pose/Support/Reverse and Bridge/Reverse Support and Bridge — both forearms planted behind the pelvis and both feet planted — arms held asymmetrically for balance,"both forearms planted behind the pelvis and both feet planted, hips elevated, torso facing upward; arms held asymmetrically for balance; clear joint alignment; distinct limb separation","hips resting on the support plane, prone posture, tabletop facing downward, seated posture, different pose, altered limb placement, extra limbs, missing limbs, fused limbs, duplicated hands, duplicated feet, twisted joints, dislocated shoulders, broken spine, impossible balance, contradictory weight distribution",Pose/Support/Reverse and Bridge,1,False
0028 | Pose/Support/Reverse and Bridge/Reverse Support and Bridge — both forearms planted behind the pelvis and both feet planted — shoulders level,"both forearms planted behind the pelvis and both feet planted, hips elevated, torso facing upward; shoulders level, ribcage centred over the supporting limb; clear joint alignment; distinct limb separation","hips resting on the support plane, prone posture, tabletop facing downward, seated posture, different pose, altered limb placement, extra limbs, missing limbs, fused limbs, duplicated hands, duplicated feet, twisted joints, dislocated shoulders, broken spine, impossible balance, contradictory weight distribution",Pose/Support/Reverse and Bridge,1,False
0029 | Pose/Support/Reverse and Bridge/Reverse Support and Bridge — both forearms planted behind the pelvis and both feet planted — left shoulder slightly higher,"both forearms planted behind the pelvis and both feet planted, hips elevated, torso facing upward; left shoulder slightly higher, pelvis counterbalanced; clear joint alignment; distinct limb separation","hips resting on the support plane, prone posture, tabletop facing downward, seated posture, different pose, altered limb placement, extra limbs, missing limbs, fused limbs, duplicated hands, duplicated feet, twisted joints, dislocated shoulders, broken spine, impossible balance, contradictory weight distribution",Pose/Support/Reverse and Bridge,1,False
0030 | Pose/Support/Reverse and Bridge/Reverse Support and Bridge — both forearms planted behind the pelvis and both feet planted — right shoulder slightly higher,"both forearms planted behind the pelvis and both feet planted, hips elevated, torso facing upward; right shoulder slightly higher, pelvis counterbalanced; clear joint alignment; distinct limb separation","hips resting on the support plane, prone posture, tabletop facing downward, seated posture, different pose, altered limb placement, extra limbs, missing limbs, fused limbs, duplicated hands, duplicated feet, twisted joints, dislocated shoulders, broken spine, impossible balance, contradictory weight distribution",Pose/Support/Reverse and Bridge,1,False
0031 | Pose/Support/Reverse and Bridge/Reverse Support and Bridge — both forearms planted behind the pelvis and both feet planted — ribcage rotated slightly left,"both forearms planted behind the pelvis and both feet planted, hips elevated, torso facing upward; ribcage rotated slightly left, supporting limb stable; clear joint alignment; distinct limb separation","hips resting on the support plane, prone posture, tabletop facing downward, seated posture, different pose, altered limb placement, extra limbs, missing limbs, fused limbs, duplicated hands, duplicated feet, twisted joints, dislocated shoulders, broken spine, impossible balance, contradictory weight distribution",Pose/Support/Reverse and Bridge,1,False
0032 | Pose/Support/Reverse and Bridge/Reverse Support and Bridge — both forearms planted behind the pelvis and both feet planted — ribcage rotated slightly right,"both forearms planted behind the pelvis and both feet planted, hips elevated, torso facing upward; ribcage rotated slightly right, supporting limb stable; clear joint alignment; distinct limb separation","hips resting on the support plane, prone posture, tabletop facing downward, seated posture, different pose, altered limb placement, extra limbs, missing limbs, fused limbs, duplicated hands, duplicated feet, twisted joints, dislocated shoulders, broken spine, impossible balance, contradictory weight distribution",Pose/Support/Reverse and Bridge,1,False
0033 | Pose/Support/Reverse and Bridge/Reverse Support and Bridge — both forearms planted behind the pelvis and both feet planted — torso inclined slightly forward,"both forearms planted behind the pelvis and both feet planted, hips elevated, torso facing upward; torso inclined slightly forward, supporting limb stable; clear joint alignment; distinct limb separation","hips resting on the support plane, prone posture, tabletop facing downward, seated posture, different pose, altered limb placement, extra limbs, missing limbs, fused limbs, duplicated hands, duplicated feet, twisted joints, dislocated shoulders, broken spine, impossible balance, contradictory weight distribution",Pose/Support/Reverse and Bridge,1,False
0034 | Pose/Support/Reverse and Bridge/Reverse Support and Bridge — both forearms planted behind the pelvis and both feet planted — torso inclined slightly backward,"both forearms planted behind the pelvis and both feet planted, hips elevated, torso facing upward; torso inclined slightly backward, supporting limb stable; clear joint alignment; distinct limb separation","hips resting on the support plane, prone posture, tabletop facing downward, seated posture, different pose, altered limb placement, extra limbs, missing limbs, fused limbs, duplicated hands, duplicated feet, twisted joints, dislocated shoulders, broken spine, impossible balance, contradictory weight distribution",Pose/Support/Reverse and Bridge,1,False
0035 | Pose/Support/Reverse and Bridge/Reverse Support and Bridge — both forearms planted behind the pelvis and both feet planted — pelvis shifted slightly left,"both forearms planted behind the pelvis and both feet planted, hips elevated, torso facing upward; pelvis shifted slightly left, supporting limb stable; clear joint alignment; distinct limb separation","hips resting on the support plane, prone posture, tabletop facing downward, seated posture, different pose, altered limb placement, extra limbs, missing limbs, fused limbs, duplicated hands, duplicated feet, twisted joints, dislocated shoulders, broken spine, impossible balance, contradictory weight distribution",Pose/Support/Reverse and Bridge,1,False
0036 | Pose/Support/Reverse and Bridge/Reverse Support and Bridge — both forearms planted behind the pelvis and both feet planted — pelvis shifted slightly right,"both forearms planted behind the pelvis and both feet planted, hips elevated, torso facing upward; pelvis shifted slightly right, supporting limb stable; clear joint alignment; distinct limb separation","hips resting on the support plane, prone posture, tabletop facing downward, seated posture, different pose, altered limb placement, extra limbs, missing limbs, fused limbs, duplicated hands, duplicated feet, twisted joints, dislocated shoulders, broken spine, impossible balance, contradictory weight distribution",Pose/Support/Reverse and Bridge,1,False
0037 | Pose/Support/Reverse and Bridge/Reverse Support and Bridge — both forearms planted behind the pelvis and both feet planted — spine long and vertical,"both forearms planted behind the pelvis and both feet planted, hips elevated, torso facing upward; spine long and vertical; clear joint alignment; distinct limb separation","hips resting on the support plane, prone posture, tabletop facing downward, seated posture, different pose, altered limb placement, extra limbs, missing limbs, fused limbs, duplicated hands, duplicated feet, twisted joints, dislocated shoulders, broken spine, impossible balance, contradictory weight distribution",Pose/Support/Reverse and Bridge,1,False
0038 | Pose/Support/Reverse and Bridge/Reverse Support and Bridge — both forearms planted behind the pelvis and both feet planted — upper back gently rounded,"both forearms planted behind the pelvis and both feet planted, hips elevated, torso facing upward; upper back gently rounded; clear joint alignment; distinct limb separation","hips resting on the support plane, prone posture, tabletop facing downward, seated posture, different pose, altered limb placement, extra limbs, missing limbs, fused limbs, duplicated hands, duplicated feet, twisted joints, dislocated shoulders, broken spine, impossible balance, contradictory weight distribution",Pose/Support/Reverse and Bridge,1,False
0039 | Pose/Support/Reverse and Bridge/Reverse Support and Bridge — both forearms planted behind the pelvis and both feet planted — upper back gently extended,"both forearms planted behind the pelvis and both feet planted, hips elevated, torso facing upward; upper back gently extended; clear joint alignment; distinct limb separation","hips resting on the support plane, prone posture, tabletop facing downward, seated posture, different pose, altered limb placement, extra limbs, missing limbs, fused limbs, duplicated hands, duplicated feet, twisted joints, dislocated shoulders, broken spine, impossible balance, contradictory weight distribution",Pose/Support/Reverse and Bridge,1,False
0040 | Pose/Support/Reverse and Bridge/Reverse Support and Bridge — both forearms planted behind the pelvis and both feet planted — head aligned with the spine,"both forearms planted behind the pelvis and both feet planted, hips elevated, torso facing upward; head aligned with the spine; clear joint alignment; distinct limb separation","hips resting on the support plane, prone posture, tabletop facing downward, seated posture, different pose, altered limb placement, extra limbs, missing limbs, fused limbs, duplicated hands, duplicated feet, twisted joints, dislocated shoulders, broken spine, impossible balance, contradictory weight distribution",Pose/Support/Reverse and Bridge,1,False
0041 | Pose/Support/Reverse and Bridge/Reverse Support and Bridge — both palms planted behind — head level,"both palms planted behind, legs straight forward, heels grounded, hips elevated; head level, chin neutral, gaze fixed forward; clear joint alignment; distinct limb separation","hips resting on the support plane, prone posture, tabletop facing downward, seated posture, different pose, altered limb placement, extra limbs, missing limbs, fused limbs, duplicated hands, duplicated feet, twisted joints, dislocated shoulders, broken spine, impossible balance, contradictory weight distribution",Pose/Support/Reverse and Bridge,1,False
0042 | Pose/Support/Reverse and Bridge/Reverse Support and Bridge — both palms planted behind — chin slightly lowered,"both palms planted behind, legs straight forward, heels grounded, hips elevated; chin slightly lowered, gaze fixed downward; clear joint alignment; distinct limb separation","hips resting on the support plane, prone posture, tabletop facing downward, seated posture, different pose, altered limb placement, extra limbs, missing limbs, fused limbs, duplicated hands, duplicated feet, twisted joints, dislocated shoulders, broken spine, impossible balance, contradictory weight distribution",Pose/Support/Reverse and Bridge,1,False
0043 | Pose/Support/Reverse and Bridge/Reverse Support and Bridge — both palms planted behind — chin slightly raised,"both palms planted behind, legs straight forward, heels grounded, hips elevated; chin slightly raised, gaze fixed upward; clear joint alignment; distinct limb separation","hips resting on the support plane, prone posture, tabletop facing downward, seated posture, different pose, altered limb placement, extra limbs, missing limbs, fused limbs, duplicated hands, duplicated feet, twisted joints, dislocated shoulders, broken spine, impossible balance, contradictory weight distribution",Pose/Support/Reverse and Bridge,1,False
0044 | Pose/Support/Reverse and Bridge/Reverse Support and Bridge — both palms planted behind — head rotated slightly left,"both palms planted behind, legs straight forward, heels grounded, hips elevated; head rotated slightly left, balance maintained; clear joint alignment; distinct limb separation","hips resting on the support plane, prone posture, tabletop facing downward, seated posture, different pose, altered limb placement, extra limbs, missing limbs, fused limbs, duplicated hands, duplicated feet, twisted joints, dislocated shoulders, broken spine, impossible balance, contradictory weight distribution",Pose/Support/Reverse and Bridge,1,False
0045 | Pose/Support/Reverse and Bridge/Reverse Support and Bridge — both palms planted behind — head rotated slightly right,"both palms planted behind, legs straight forward, heels grounded, hips elevated; head rotated slightly right, balance maintained; clear joint alignment; distinct limb separation","hips resting on the support plane, prone posture, tabletop facing downward, seated posture, different pose, altered limb placement, extra limbs, missing limbs, fused limbs, duplicated hands, duplicated feet, twisted joints, dislocated shoulders, broken spine, impossible balance, contradictory weight distribution",Pose/Support/Reverse and Bridge,1,False
0046 | Pose/Support/Reverse and Bridge/Reverse Support and Bridge — both palms planted behind — arms held symmetrically for balance,"both palms planted behind, legs straight forward, heels grounded, hips elevated; arms held symmetrically for balance; clear joint alignment; distinct limb separation","hips resting on the support plane, prone posture, tabletop facing downward, seated posture, different pose, altered limb placement, extra limbs, missing limbs, fused limbs, duplicated hands, duplicated feet, twisted joints, dislocated shoulders, broken spine, impossible balance, contradictory weight distribution",Pose/Support/Reverse and Bridge,1,False
0047 | Pose/Support/Reverse and Bridge/Reverse Support and Bridge — both palms planted behind — arms held asymmetrically for balance,"both palms planted behind, legs straight forward, heels grounded, hips elevated; arms held asymmetrically for balance; clear joint alignment; distinct limb separation","hips resting on the support plane, prone posture, tabletop facing downward, seated posture, different pose, altered limb placement, extra limbs, missing limbs, fused limbs, duplicated hands, duplicated feet, twisted joints, dislocated shoulders, broken spine, impossible balance, contradictory weight distribution",Pose/Support/Reverse and Bridge,1,False
0048 | Pose/Support/Reverse and Bridge/Reverse Support and Bridge — both palms planted behind — shoulders level,"both palms planted behind, legs straight forward, heels grounded, hips elevated; shoulders level, ribcage centred over the supporting limb; clear joint alignment; distinct limb separation","hips resting on the support plane, prone posture, tabletop facing downward, seated posture, different pose, altered limb placement, extra limbs, missing limbs, fused limbs, duplicated hands, duplicated feet, twisted joints, dislocated shoulders, broken spine, impossible balance, contradictory weight distribution",Pose/Support/Reverse and Bridge,1,False
0049 | Pose/Support/Reverse and Bridge/Reverse Support and Bridge — both palms planted behind — left shoulder slightly higher,"both palms planted behind, legs straight forward, heels grounded, hips elevated; left shoulder slightly higher, pelvis counterbalanced; clear joint alignment; distinct limb separation","hips resting on the support plane, prone posture, tabletop facing downward, seated posture, different pose, altered limb placement, extra limbs, missing limbs, fused limbs, duplicated hands, duplicated feet, twisted joints, dislocated shoulders, broken spine, impossible balance, contradictory weight distribution",Pose/Support/Reverse and Bridge,1,False
0050 | Pose/Support/Reverse and Bridge/Reverse Support and Bridge — both palms planted behind — right shoulder slightly higher,"both palms planted behind, legs straight forward, heels grounded, hips elevated; right shoulder slightly higher, pelvis counterbalanced; clear joint alignment; distinct limb separation","hips resting on the support plane, prone posture, tabletop facing downward, seated posture, different pose, altered limb placement, extra limbs, missing limbs, fused limbs, duplicated hands, duplicated feet, twisted joints, dislocated shoulders, broken spine, impossible balance, contradictory weight distribution",Pose/Support/Reverse and Bridge,1,False
0051 | Pose/Support/Reverse and Bridge/Reverse Support and Bridge — both palms planted behind — ribcage rotated slightly left,"both palms planted behind, legs straight forward, heels grounded, hips elevated; ribcage rotated slightly left, supporting limb stable; clear joint alignment; distinct limb separation","hips resting on the support plane, prone posture, tabletop facing downward, seated posture, different pose, altered limb placement, extra limbs, missing limbs, fused limbs, duplicated hands, duplicated feet, twisted joints, dislocated shoulders, broken spine, impossible balance, contradictory weight distribution",Pose/Support/Reverse and Bridge,1,False
0052 | Pose/Support/Reverse and Bridge/Reverse Support and Bridge — both palms planted behind — ribcage rotated slightly right,"both palms planted behind, legs straight forward, heels grounded, hips elevated; ribcage rotated slightly right, supporting limb stable; clear joint alignment; distinct limb separation","hips resting on the support plane, prone posture, tabletop facing downward, seated posture, different pose, altered limb placement, extra limbs, missing limbs, fused limbs, duplicated hands, duplicated feet, twisted joints, dislocated shoulders, broken spine, impossible balance, contradictory weight distribution",Pose/Support/Reverse and Bridge,1,False
0053 | Pose/Support/Reverse and Bridge/Reverse Support and Bridge — both palms planted behind — torso inclined slightly forward,"both palms planted behind, legs straight forward, heels grounded, hips elevated; torso inclined slightly forward, supporting limb stable; clear joint alignment; distinct limb separation","hips resting on the support plane, prone posture, tabletop facing downward, seated posture, different pose, altered limb placement, extra limbs, missing limbs, fused limbs, duplicated hands, duplicated feet, twisted joints, dislocated shoulders, broken spine, impossible balance, contradictory weight distribution",Pose/Support/Reverse and Bridge,1,False
0054 | Pose/Support/Reverse and Bridge/Reverse Support and Bridge — both palms planted behind — torso inclined slightly backward,"both palms planted behind, legs straight forward, heels grounded, hips elevated; torso inclined slightly backward, supporting limb stable; clear joint alignment; distinct limb separation","hips resting on the support plane, prone posture, tabletop facing downward, seated posture, different pose, altered limb placement, extra limbs, missing limbs, fused limbs, duplicated hands, duplicated feet, twisted joints, dislocated shoulders, broken spine, impossible balance, contradictory weight distribution",Pose/Support/Reverse and Bridge,1,False
0055 | Pose/Support/Reverse and Bridge/Reverse Support and Bridge — both palms planted behind — pelvis shifted slightly left,"both palms planted behind, legs straight forward, heels grounded, hips elevated; pelvis shifted slightly left, supporting limb stable; clear joint alignment; distinct limb separation","hips resting on the support plane, prone posture, tabletop facing downward, seated posture, different pose, altered limb placement, extra limbs, missing limbs, fused limbs, duplicated hands, duplicated feet, twisted joints, dislocated shoulders, broken spine, impossible balance, contradictory weight distribution",Pose/Support/Reverse and Bridge,1,False
0056 | Pose/Support/Reverse and Bridge/Reverse Support and Bridge — both palms planted behind — pelvis shifted slightly right,"both palms planted behind, legs straight forward, heels grounded, hips elevated; pelvis shifted slightly right, supporting limb stable; clear joint alignment; distinct limb separation","hips resting on the support plane, prone posture, tabletop facing downward, seated posture, different pose, altered limb placement, extra limbs, missing limbs, fused limbs, duplicated hands, duplicated feet, twisted joints, dislocated shoulders, broken spine, impossible balance, contradictory weight distribution",Pose/Support/Reverse and Bridge,1,False
0057 | Pose/Support/Reverse and Bridge/Reverse Support and Bridge — both palms planted behind — spine long and vertical,"both palms planted behind, legs straight forward, heels grounded, hips elevated; spine long and vertical; clear joint alignment; distinct limb separation","hips resting on the support plane, prone posture, tabletop facing downward, seated posture, different pose, altered limb placement, extra limbs, missing limbs, fused limbs, duplicated hands, duplicated feet, twisted joints, dislocated shoulders, broken spine, impossible balance, contradictory weight distribution",Pose/Support/Reverse and Bridge,1,False
0058 | Pose/Support/Reverse and Bridge/Reverse Support and Bridge — both palms planted behind — upper back gently rounded,"both palms planted behind, legs straight forward, heels grounded, hips elevated; upper back gently rounded; clear joint alignment; distinct limb separation","hips resting on the support plane, prone posture, tabletop facing downward, seated posture, different pose, altered limb placement, extra limbs, missing limbs, fused limbs, duplicated hands, duplicated feet, twisted joints, dislocated shoulders, broken spine, impossible balance, contradictory weight distribution",Pose/Support/Reverse and Bridge,1,False
0059 | Pose/Support/Reverse and Bridge/Reverse Support and Bridge — both palms planted behind — upper back gently extended,"both palms planted behind, legs straight forward, heels grounded, hips elevated; upper back gently extended; clear joint alignment; distinct limb separation","hips resting on the support plane, prone posture, tabletop facing downward, seated posture, different pose, altered limb placement, extra limbs, missing limbs, fused limbs, duplicated hands, duplicated feet, twisted joints, dislocated shoulders, broken spine, impossible balance, contradictory weight distribution",Pose/Support/Reverse and Bridge,1,False
0060 | Pose/Support/Reverse and Bridge/Reverse Support and Bridge — both palms planted behind — head aligned with the spine,"both palms planted behind, legs straight forward, heels grounded, hips elevated; head aligned with the spine; clear joint alignment; distinct limb separation","hips resting on the support plane, prone posture, tabletop facing downward, seated posture, different pose, altered limb placement, extra limbs, missing limbs, fused limbs, duplicated hands, duplicated feet, twisted joints, dislocated shoulders, broken spine, impossible balance, contradictory weight distribution",Pose/Support/Reverse and Bridge,1,False
0061 | Pose/Support/Reverse and Bridge/Reverse Support and Bridge — both palms planted behind — head level,"both palms planted behind, knees bent, feet hip-width apart, hips elevated; head level, chin neutral, gaze fixed forward; clear joint alignment; distinct limb separation","hips resting on the support plane, prone posture, tabletop facing downward, seated posture, different pose, altered limb placement, extra limbs, missing limbs, fused limbs, duplicated hands, duplicated feet, twisted joints, dislocated shoulders, broken spine, impossible balance, contradictory weight distribution",Pose/Support/Reverse and Bridge,1,False
0062 | Pose/Support/Reverse and Bridge/Reverse Support and Bridge — both palms planted behind — chin slightly lowered,"both palms planted behind, knees bent, feet hip-width apart, hips elevated; chin slightly lowered, gaze fixed downward; clear joint alignment; distinct limb separation","hips resting on the support plane, prone posture, tabletop facing downward, seated posture, different pose, altered limb placement, extra limbs, missing limbs, fused limbs, duplicated hands, duplicated feet, twisted joints, dislocated shoulders, broken spine, impossible balance, contradictory weight distribution",Pose/Support/Reverse and Bridge,1,False
0063 | Pose/Support/Reverse and Bridge/Reverse Support and Bridge — both palms planted behind — chin slightly raised,"both palms planted behind, knees bent, feet hip-width apart, hips elevated; chin slightly raised, gaze fixed upward; clear joint alignment; distinct limb separation","hips resting on the support plane, prone posture, tabletop facing downward, seated posture, different pose, altered limb placement, extra limbs, missing limbs, fused limbs, duplicated hands, duplicated feet, twisted joints, dislocated shoulders, broken spine, impossible balance, contradictory weight distribution",Pose/Support/Reverse and Bridge,1,False
0064 | Pose/Support/Reverse and Bridge/Reverse Support and Bridge — both palms planted behind — head rotated slightly left,"both palms planted behind, knees bent, feet hip-width apart, hips elevated; head rotated slightly left, balance maintained; clear joint alignment; distinct limb separation","hips resting on the support plane, prone posture, tabletop facing downward, seated posture, different pose, altered limb placement, extra limbs, missing limbs, fused limbs, duplicated hands, duplicated feet, twisted joints, dislocated shoulders, broken spine, impossible balance, contradictory weight distribution",Pose/Support/Reverse and Bridge,1,False
0065 | Pose/Support/Reverse and Bridge/Reverse Support and Bridge — both palms planted behind — head rotated slightly right,"both palms planted behind, knees bent, feet hip-width apart, hips elevated; head rotated slightly right, balance maintained; clear joint alignment; distinct limb separation","hips resting on the support plane, prone posture, tabletop facing downward, seated posture, different pose, altered limb placement, extra limbs, missing limbs, fused limbs, duplicated hands, duplicated feet, twisted joints, dislocated shoulders, broken spine, impossible balance, contradictory weight distribution",Pose/Support/Reverse and Bridge,1,False
0066 | Pose/Support/Reverse and Bridge/Reverse Support and Bridge — both palms planted behind — arms held symmetrically for balance,"both palms planted behind, knees bent, feet hip-width apart, hips elevated; arms held symmetrically for balance; clear joint alignment; distinct limb separation","hips resting on the support plane, prone posture, tabletop facing downward, seated posture, different pose, altered limb placement, extra limbs, missing limbs, fused limbs, duplicated hands, duplicated feet, twisted joints, dislocated shoulders, broken spine, impossible balance, contradictory weight distribution",Pose/Support/Reverse and Bridge,1,False
0067 | Pose/Support/Reverse and Bridge/Reverse Support and Bridge — both palms planted behind — arms held asymmetrically for balance,"both palms planted behind, knees bent, feet hip-width apart, hips elevated; arms held asymmetrically for balance; clear joint alignment; distinct limb separation","hips resting on the support plane, prone posture, tabletop facing downward, seated posture, different pose, altered limb placement, extra limbs, missing limbs, fused limbs, duplicated hands, duplicated feet, twisted joints, dislocated shoulders, broken spine, impossible balance, contradictory weight distribution",Pose/Support/Reverse and Bridge,1,False
0068 | Pose/Support/Reverse and Bridge/Reverse Support and Bridge — both palms planted behind — shoulders level,"both palms planted behind, knees bent, feet hip-width apart, hips elevated; shoulders level, ribcage centred over the supporting limb; clear joint alignment; distinct limb separation","hips resting on the support plane, prone posture, tabletop facing downward, seated posture, different pose, altered limb placement, extra limbs, missing limbs, fused limbs, duplicated hands, duplicated feet, twisted joints, dislocated shoulders, broken spine, impossible balance, contradictory weight distribution",Pose/Support/Reverse and Bridge,1,False
0069 | Pose/Support/Reverse and Bridge/Reverse Support and Bridge — both palms planted behind — left shoulder slightly higher,"both palms planted behind, knees bent, feet hip-width apart, hips elevated; left shoulder slightly higher, pelvis counterbalanced; clear joint alignment; distinct limb separation","hips resting on the support plane, prone posture, tabletop facing downward, seated posture, different pose, altered limb placement, extra limbs, missing limbs, fused limbs, duplicated hands, duplicated feet, twisted joints, dislocated shoulders, broken spine, impossible balance, contradictory weight distribution",Pose/Support/Reverse and Bridge,1,False
0070 | Pose/Support/Reverse and Bridge/Reverse Support and Bridge — both palms planted behind — right shoulder slightly higher,"both palms planted behind, knees bent, feet hip-width apart, hips elevated; right shoulder slightly higher, pelvis counterbalanced; clear joint alignment; distinct limb separation","hips resting on the support plane, prone posture, tabletop facing downward, seated posture, different pose, altered limb placement, extra limbs, missing limbs, fused limbs, duplicated hands, duplicated feet, twisted joints, dislocated shoulders, broken spine, impossible balance, contradictory weight distribution",Pose/Support/Reverse and Bridge,1,False
0071 | Pose/Support/Reverse and Bridge/Reverse Support and Bridge — both palms planted behind — ribcage rotated slightly left,"both palms planted behind, knees bent, feet hip-width apart, hips elevated; ribcage rotated slightly left, supporting limb stable; clear joint alignment; distinct limb separation","hips resting on the support plane, prone posture, tabletop facing downward, seated posture, different pose, altered limb placement, extra limbs, missing limbs, fused limbs, duplicated hands, duplicated feet, twisted joints, dislocated shoulders, broken spine, impossible balance, contradictory weight distribution",Pose/Support/Reverse and Bridge,1,False
0072 | Pose/Support/Reverse and Bridge/Reverse Support and Bridge — both palms planted behind — ribcage rotated slightly right,"both palms planted behind, knees bent, feet hip-width apart, hips elevated; ribcage rotated slightly right, supporting limb stable; clear joint alignment; distinct limb separation","hips resting on the support plane, prone posture, tabletop facing downward, seated posture, different pose, altered limb placement, extra limbs, missing limbs, fused limbs, duplicated hands, duplicated feet, twisted joints, dislocated shoulders, broken spine, impossible balance, contradictory weight distribution",Pose/Support/Reverse and Bridge,1,False
0073 | Pose/Support/Reverse and Bridge/Reverse Support and Bridge — both palms planted behind — torso inclined slightly forward,"both palms planted behind, knees bent, feet hip-width apart, hips elevated; torso inclined slightly forward, supporting limb stable; clear joint alignment; distinct limb separation","hips resting on the support plane, prone posture, tabletop facing downward, seated posture, different pose, altered limb placement, extra limbs, missing limbs, fused limbs, duplicated hands, duplicated feet, twisted joints, dislocated shoulders, broken spine, impossible balance, contradictory weight distribution",Pose/Support/Reverse and Bridge,1,False
0074 | Pose/Support/Reverse and Bridge/Reverse Support and Bridge — both palms planted behind — torso inclined slightly backward,"both palms planted behind, knees bent, feet hip-width apart, hips elevated; torso inclined slightly backward, supporting limb stable; clear joint alignment; distinct limb separation","hips resting on the support plane, prone posture, tabletop facing downward, seated posture, different pose, altered limb placement, extra limbs, missing limbs, fused limbs, duplicated hands, duplicated feet, twisted joints, dislocated shoulders, broken spine, impossible balance, contradictory weight distribution",Pose/Support/Reverse and Bridge,1,False
0075 | Pose/Support/Reverse and Bridge/Reverse Support and Bridge — both palms planted behind — pelvis shifted slightly left,"both palms planted behind, knees bent, feet hip-width apart, hips elevated; pelvis shifted slightly left, supporting limb stable; clear joint alignment; distinct limb separation","hips resting on the support plane, prone posture, tabletop facing downward, seated posture, different pose, altered limb placement, extra limbs, missing limbs, fused limbs, duplicated hands, duplicated feet, twisted joints, dislocated shoulders, broken spine, impossible balance, contradictory weight distribution",Pose/Support/Reverse and Bridge,1,False
0076 | Pose/Support/Reverse and Bridge/Reverse Support and Bridge — both palms planted behind — pelvis shifted slightly right,"both palms planted behind, knees bent, feet hip-width apart, hips elevated; pelvis shifted slightly right, supporting limb stable; clear joint alignment; distinct limb separation","hips resting on the support plane, prone posture, tabletop facing downward, seated posture, different pose, altered limb placement, extra limbs, missing limbs, fused limbs, duplicated hands, duplicated feet, twisted joints, dislocated shoulders, broken spine, impossible balance, contradictory weight distribution",Pose/Support/Reverse and Bridge,1,False
0077 | Pose/Support/Reverse and Bridge/Reverse Support and Bridge — both palms planted behind — spine long and vertical,"both palms planted behind, knees bent, feet hip-width apart, hips elevated; spine long and vertical; clear joint alignment; distinct limb separation","hips resting on the support plane, prone posture, tabletop facing downward, seated posture, different pose, altered limb placement, extra limbs, missing limbs, fused limbs, duplicated hands, duplicated feet, twisted joints, dislocated shoulders, broken spine, impossible balance, contradictory weight distribution",Pose/Support/Reverse and Bridge,1,False
0078 | Pose/Support/Reverse and Bridge/Reverse Support and Bridge — both palms planted behind — upper back gently rounded,"both palms planted behind, knees bent, feet hip-width apart, hips elevated; upper back gently rounded; clear joint alignment; distinct limb separation","hips resting on the support plane, prone posture, tabletop facing downward, seated posture, different pose, altered limb placement, extra limbs, missing limbs, fused limbs, duplicated hands, duplicated feet, twisted joints, dislocated shoulders, broken spine, impossible balance, contradictory weight distribution",Pose/Support/Reverse and Bridge,1,False
0079 | Pose/Support/Reverse and Bridge/Reverse Support and Bridge — both palms planted behind — upper back gently extended,"both palms planted behind, knees bent, feet hip-width apart, hips elevated; upper back gently extended; clear joint alignment; distinct limb separation","hips resting on the support plane, prone posture, tabletop facing downward, seated posture, different pose, altered limb placement, extra limbs, missing limbs, fused limbs, duplicated hands, duplicated feet, twisted joints, dislocated shoulders, broken spine, impossible balance, contradictory weight distribution",Pose/Support/Reverse and Bridge,1,False
0080 | Pose/Support/Reverse and Bridge/Reverse Support and Bridge — both palms planted behind — head aligned with the spine,"both palms planted behind, knees bent, feet hip-width apart, hips elevated; head aligned with the spine; clear joint alignment; distinct limb separation","hips resting on the support plane, prone posture, tabletop facing downward, seated posture, different pose, altered limb placement, extra limbs, missing limbs, fused limbs, duplicated hands, duplicated feet, twisted joints, dislocated shoulders, broken spine, impossible balance, contradictory weight distribution",Pose/Support/Reverse and Bridge,1,False
0081 | Pose/Support/Reverse and Bridge/Reverse Support and Bridge — left palm and both feet supporting — head level,"left palm and both feet supporting, right arm extended upward, hips elevated; head level, chin neutral, gaze fixed forward; clear joint alignment; distinct limb separation","hips resting on the support plane, prone posture, tabletop facing downward, seated posture, different pose, altered limb placement, extra limbs, missing limbs, fused limbs, duplicated hands, duplicated feet, twisted joints, dislocated shoulders, broken spine, impossible balance, contradictory weight distribution",Pose/Support/Reverse and Bridge,1,False
0082 | Pose/Support/Reverse and Bridge/Reverse Support and Bridge — left palm and both feet supporting — chin slightly lowered,"left palm and both feet supporting, right arm extended upward, hips elevated; chin slightly lowered, gaze fixed downward; clear joint alignment; distinct limb separation","hips resting on the support plane, prone posture, tabletop facing downward, seated posture, different pose, altered limb placement, extra limbs, missing limbs, fused limbs, duplicated hands, duplicated feet, twisted joints, dislocated shoulders, broken spine, impossible balance, contradictory weight distribution",Pose/Support/Reverse and Bridge,1,False
0083 | Pose/Support/Reverse and Bridge/Reverse Support and Bridge — left palm and both feet supporting — chin slightly raised,"left palm and both feet supporting, right arm extended upward, hips elevated; chin slightly raised, gaze fixed upward; clear joint alignment; distinct limb separation","hips resting on the support plane, prone posture, tabletop facing downward, seated posture, different pose, altered limb placement, extra limbs, missing limbs, fused limbs, duplicated hands, duplicated feet, twisted joints, dislocated shoulders, broken spine, impossible balance, contradictory weight distribution",Pose/Support/Reverse and Bridge,1,False
0084 | Pose/Support/Reverse and Bridge/Reverse Support and Bridge — left palm and both feet supporting — head rotated slightly left,"left palm and both feet supporting, right arm extended upward, hips elevated; head rotated slightly left, balance maintained; clear joint alignment; distinct limb separation","hips resting on the support plane, prone posture, tabletop facing downward, seated posture, different pose, altered limb placement, extra limbs, missing limbs, fused limbs, duplicated hands, duplicated feet, twisted joints, dislocated shoulders, broken spine, impossible balance, contradictory weight distribution",Pose/Support/Reverse and Bridge,1,False
0085 | Pose/Support/Reverse and Bridge/Reverse Support and Bridge — left palm and both feet supporting — head rotated slightly right,"left palm and both feet supporting, right arm extended upward, hips elevated; head rotated slightly right, balance maintained; clear joint alignment; distinct limb separation","hips resting on the support plane, prone posture, tabletop facing downward, seated posture, different pose, altered limb placement, extra limbs, missing limbs, fused limbs, duplicated hands, duplicated feet, twisted joints, dislocated shoulders, broken spine, impossible balance, contradictory weight distribution",Pose/Support/Reverse and Bridge,1,False
0086 | Pose/Support/Reverse and Bridge/Reverse Support and Bridge — left palm and both feet supporting — arms held symmetrically for balance,"left palm and both feet supporting, right arm extended upward, hips elevated; arms held symmetrically for balance; clear joint alignment; distinct limb separation","hips resting on the support plane, prone posture, tabletop facing downward, seated posture, different pose, altered limb placement, extra limbs, missing limbs, fused limbs, duplicated hands, duplicated feet, twisted joints, dislocated shoulders, broken spine, impossible balance, contradictory weight distribution",Pose/Support/Reverse and Bridge,1,False
0087 | Pose/Support/Reverse and Bridge/Reverse Support and Bridge — left palm and both feet supporting — arms held asymmetrically for balance,"left palm and both feet supporting, right arm extended upward, hips elevated; arms held asymmetrically for balance; clear joint alignment; distinct limb separation","hips resting on the support plane, prone posture, tabletop facing downward, seated posture, different pose, altered limb placement, extra limbs, missing limbs, fused limbs, duplicated hands, duplicated feet, twisted joints, dislocated shoulders, broken spine, impossible balance, contradictory weight distribution",Pose/Support/Reverse and Bridge,1,False
0088 | Pose/Support/Reverse and Bridge/Reverse Support and Bridge — left palm and both feet supporting — shoulders level,"left palm and both feet supporting, right arm extended upward, hips elevated; shoulders level, ribcage centred over the supporting limb; clear joint alignment; distinct limb separation","hips resting on the support plane, prone posture, tabletop facing downward, seated posture, different pose, altered limb placement, extra limbs, missing limbs, fused limbs, duplicated hands, duplicated feet, twisted joints, dislocated shoulders, broken spine, impossible balance, contradictory weight distribution",Pose/Support/Reverse and Bridge,1,False
0089 | Pose/Support/Reverse and Bridge/Reverse Support and Bridge — left palm and both feet supporting — left shoulder slightly higher,"left palm and both feet supporting, right arm extended upward, hips elevated; left shoulder slightly higher, pelvis counterbalanced; clear joint alignment; distinct limb separation","hips resting on the support plane, prone posture, tabletop facing downward, seated posture, different pose, altered limb placement, extra limbs, missing limbs, fused limbs, duplicated hands, duplicated feet, twisted joints, dislocated shoulders, broken spine, impossible balance, contradictory weight distribution",Pose/Support/Reverse and Bridge,1,False
0090 | Pose/Support/Reverse and Bridge/Reverse Support and Bridge — left palm and both feet supporting — right shoulder slightly higher,"left palm and both feet supporting, right arm extended upward, hips elevated; right shoulder slightly higher, pelvis counterbalanced; clear joint alignment; distinct limb separation","hips resting on the support plane, prone posture, tabletop facing downward, seated posture, different pose, altered limb placement, extra limbs, missing limbs, fused limbs, duplicated hands, duplicated feet, twisted joints, dislocated shoulders, broken spine, impossible balance, contradictory weight distribution",Pose/Support/Reverse and Bridge,1,False
0091 | Pose/Support/Reverse and Bridge/Reverse Support and Bridge — left palm and both feet supporting — ribcage rotated slightly left,"left palm and both feet supporting, right arm extended upward, hips elevated; ribcage rotated slightly left, supporting limb stable; clear joint alignment; distinct limb separation","hips resting on the support plane, prone posture, tabletop facing downward, seated posture, different pose, altered limb placement, extra limbs, missing limbs, fused limbs, duplicated hands, duplicated feet, twisted joints, dislocated shoulders, broken spine, impossible balance, contradictory weight distribution",Pose/Support/Reverse and Bridge,1,False
0092 | Pose/Support/Reverse and Bridge/Reverse Support and Bridge — left palm and both feet supporting — ribcage rotated slightly right,"left palm and both feet supporting, right arm extended upward, hips elevated; ribcage rotated slightly right, supporting limb stable; clear joint alignment; distinct limb separation","hips resting on the support plane, prone posture, tabletop facing downward, seated posture, different pose, altered limb placement, extra limbs, missing limbs, fused limbs, duplicated hands, duplicated feet, twisted joints, dislocated shoulders, broken spine, impossible balance, contradictory weight distribution",Pose/Support/Reverse and Bridge,1,False
0093 | Pose/Support/Reverse and Bridge/Reverse Support and Bridge — left palm and both feet supporting — torso inclined slightly forward,"left palm and both feet supporting, right arm extended upward, hips elevated; torso inclined slightly forward, supporting limb stable; clear joint alignment; distinct limb separation","hips resting on the support plane, prone posture, tabletop facing downward, seated posture, different pose, altered limb placement, extra limbs, missing limbs, fused limbs, duplicated hands, duplicated feet, twisted joints, dislocated shoulders, broken spine, impossible balance, contradictory weight distribution",Pose/Support/Reverse and Bridge,1,False
0094 | Pose/Support/Reverse and Bridge/Reverse Support and Bridge — left palm and both feet supporting — torso inclined slightly backward,"left palm and both feet supporting, right arm extended upward, hips elevated; torso inclined slightly backward, supporting limb stable; clear joint alignment; distinct limb separation","hips resting on the support plane, prone posture, tabletop facing downward, seated posture, different pose, altered limb placement, extra limbs, missing limbs, fused limbs, duplicated hands, duplicated feet, twisted joints, dislocated shoulders, broken spine, impossible balance, contradictory weight distribution",Pose/Support/Reverse and Bridge,1,False
0095 | Pose/Support/Reverse and Bridge/Reverse Support and Bridge — left palm and both feet supporting — pelvis shifted slightly left,"left palm and both feet supporting, right arm extended upward, hips elevated; pelvis shifted slightly left, supporting limb stable; clear joint alignment; distinct limb separation","hips resting on the support plane, prone posture, tabletop facing downward, seated posture, different pose, altered limb placement, extra limbs, missing limbs, fused limbs, duplicated hands, duplicated feet, twisted joints, dislocated shoulders, broken spine, impossible balance, contradictory weight distribution",Pose/Support/Reverse and Bridge,1,False
0096 | Pose/Support/Reverse and Bridge/Reverse Support and Bridge — left palm and both feet supporting — pelvis shifted slightly right,"left palm and both feet supporting, right arm extended upward, hips elevated; pelvis shifted slightly right, supporting limb stable; clear joint alignment; distinct limb separation","hips resting on the support plane, prone posture, tabletop facing downward, seated posture, different pose, altered limb placement, extra limbs, missing limbs, fused limbs, duplicated hands, duplicated feet, twisted joints, dislocated shoulders, broken spine, impossible balance, contradictory weight distribution",Pose/Support/Reverse and Bridge,1,False
0097 | Pose/Support/Reverse and Bridge/Reverse Support and Bridge — left palm and both feet supporting — spine long and vertical,"left palm and both feet supporting, right arm extended upward, hips elevated; spine long and vertical; clear joint alignment; distinct limb separation","hips resting on the support plane, prone posture, tabletop facing downward, seated posture, different pose, altered limb placement, extra limbs, missing limbs, fused limbs, duplicated hands, duplicated feet, twisted joints, dislocated shoulders, broken spine, impossible balance, contradictory weight distribution",Pose/Support/Reverse and Bridge,1,False
0098 | Pose/Support/Reverse and Bridge/Reverse Support and Bridge — left palm and both feet supporting — upper back gently rounded,"left palm and both feet supporting, right arm extended upward, hips elevated; upper back gently rounded; clear joint alignment; distinct limb separation","hips resting on the support plane, prone posture, tabletop facing downward, seated posture, different pose, altered limb placement, extra limbs, missing limbs, fused limbs, duplicated hands, duplicated feet, twisted joints, dislocated shoulders, broken spine, impossible balance, contradictory weight distribution",Pose/Support/Reverse and Bridge,1,False
0099 | Pose/Support/Reverse and Bridge/Reverse Support and Bridge — left palm and both feet supporting — upper back gently extended,"left palm and both feet supporting, right arm extended upward, hips elevated; upper back gently extended; clear joint alignment; distinct limb separation","hips resting on the support plane, prone posture, tabletop facing downward, seated posture, different pose, altered limb placement, extra limbs, missing limbs, fused limbs, duplicated hands, duplicated feet, twisted joints, dislocated shoulders, broken spine, impossible balance, contradictory weight distribution",Pose/Support/Reverse and Bridge,1,False
0100 | Pose/Support/Reverse and Bridge/Reverse Support and Bridge — left palm and both feet supporting — head aligned with the spine,"left palm and both feet supporting, right arm extended upward, hips elevated; head aligned with the spine; clear joint alignment; distinct limb separation","hips resting on the support plane, prone posture, tabletop facing downward, seated posture, different pose, altered limb placement, extra limbs, missing limbs, fused limbs, duplicated hands, duplicated feet, twisted joints, dislocated shoulders, broken spine, impossible balance, contradictory weight distribution",Pose/Support/Reverse and Bridge,1,False
0101 | Pose/Support/Reverse and Bridge/Reverse Support and Bridge — right palm and both feet supporting — head level,"right palm and both feet supporting, left arm extended upward, hips elevated; head level, chin neutral, gaze fixed forward; clear joint alignment; distinct limb separation","hips resting on the support plane, prone posture, tabletop facing downward, seated posture, different pose, altered limb placement, extra limbs, missing limbs, fused limbs, duplicated hands, duplicated feet, twisted joints, dislocated shoulders, broken spine, impossible balance, contradictory weight distribution",Pose/Support/Reverse and Bridge,1,False
0102 | Pose/Support/Reverse and Bridge/Reverse Support and Bridge — right palm and both feet supporting — chin slightly lowered,"right palm and both feet supporting, left arm extended upward, hips elevated; chin slightly lowered, gaze fixed downward; clear joint alignment; distinct limb separation","hips resting on the support plane, prone posture, tabletop facing downward, seated posture, different pose, altered limb placement, extra limbs, missing limbs, fused limbs, duplicated hands, duplicated feet, twisted joints, dislocated shoulders, broken spine, impossible balance, contradictory weight distribution",Pose/Support/Reverse and Bridge,1,False
0103 | Pose/Support/Reverse and Bridge/Reverse Support and Bridge — right palm and both feet supporting — chin slightly raised,"right palm and both feet supporting, left arm extended upward, hips elevated; chin slightly raised, gaze fixed upward; clear joint alignment; distinct limb separation","hips resting on the support plane, prone posture, tabletop facing downward, seated posture, different pose, altered limb placement, extra limbs, missing limbs, fused limbs, duplicated hands, duplicated feet, twisted joints, dislocated shoulders, broken spine, impossible balance, contradictory weight distribution",Pose/Support/Reverse and Bridge,1,False
0104 | Pose/Support/Reverse and Bridge/Reverse Support and Bridge — right palm and both feet supporting — head rotated slightly left,"right palm and both feet supporting, left arm extended upward, hips elevated; head rotated slightly left, balance maintained; clear joint alignment; distinct limb separation","hips resting on the support plane, prone posture, tabletop facing downward, seated posture, different pose, altered limb placement, extra limbs, missing limbs, fused limbs, duplicated hands, duplicated feet, twisted joints, dislocated shoulders, broken spine, impossible balance, contradictory weight distribution",Pose/Support/Reverse and Bridge,1,False
0105 | Pose/Support/Reverse and Bridge/Reverse Support and Bridge — right palm and both feet supporting — head rotated slightly right,"right palm and both feet supporting, left arm extended upward, hips elevated; head rotated slightly right, balance maintained; clear joint alignment; distinct limb separation","hips resting on the support plane, prone posture, tabletop facing downward, seated posture, different pose, altered limb placement, extra limbs, missing limbs, fused limbs, duplicated hands, duplicated feet, twisted joints, dislocated shoulders, broken spine, impossible balance, contradictory weight distribution",Pose/Support/Reverse and Bridge,1,False
0106 | Pose/Support/Reverse and Bridge/Reverse Support and Bridge — right palm and both feet supporting — arms held symmetrically for balance,"right palm and both feet supporting, left arm extended upward, hips elevated; arms held symmetrically for balance; clear joint alignment; distinct limb separation","hips resting on the support plane, prone posture, tabletop facing downward, seated posture, different pose, altered limb placement, extra limbs, missing limbs, fused limbs, duplicated hands, duplicated feet, twisted joints, dislocated shoulders, broken spine, impossible balance, contradictory weight distribution",Pose/Support/Reverse and Bridge,1,False
0107 | Pose/Support/Reverse and Bridge/Reverse Support and Bridge — right palm and both feet supporting — arms held asymmetrically for balance,"right palm and both feet supporting, left arm extended upward, hips elevated; arms held asymmetrically for balance; clear joint alignment; distinct limb separation","hips resting on the support plane, prone posture, tabletop facing downward, seated posture, different pose, altered limb placement, extra limbs, missing limbs, fused limbs, duplicated hands, duplicated feet, twisted joints, dislocated shoulders, broken spine, impossible balance, contradictory weight distribution",Pose/Support/Reverse and Bridge,1,False
0108 | Pose/Support/Reverse and Bridge/Reverse Support and Bridge — right palm and both feet supporting — shoulders level,"right palm and both feet supporting, left arm extended upward, hips elevated; shoulders level, ribcage centred over the supporting limb; clear joint alignment; distinct limb separation","hips resting on the support plane, prone posture, tabletop facing downward, seated posture, different pose, altered limb placement, extra limbs, missing limbs, fused limbs, duplicated hands, duplicated feet, twisted joints, dislocated shoulders, broken spine, impossible balance, contradictory weight distribution",Pose/Support/Reverse and Bridge,1,False
0109 | Pose/Support/Reverse and Bridge/Reverse Support and Bridge — right palm and both feet supporting — left shoulder slightly higher,"right palm and both feet supporting, left arm extended upward, hips elevated; left shoulder slightly higher, pelvis counterbalanced; clear joint alignment; distinct limb separation","hips resting on the support plane, prone posture, tabletop facing downward, seated posture, different pose, altered limb placement, extra limbs, missing limbs, fused limbs, duplicated hands, duplicated feet, twisted joints, dislocated shoulders, broken spine, impossible balance, contradictory weight distribution",Pose/Support/Reverse and Bridge,1,False
0110 | Pose/Support/Reverse and Bridge/Reverse Support and Bridge — right palm and both feet supporting — right shoulder slightly higher,"right palm and both feet supporting, left arm extended upward, hips elevated; right shoulder slightly higher, pelvis counterbalanced; clear joint alignment; distinct limb separation","hips resting on the support plane, prone posture, tabletop facing downward, seated posture, different pose, altered limb placement, extra limbs, missing limbs, fused limbs, duplicated hands, duplicated feet, twisted joints, dislocated shoulders, broken spine, impossible balance, contradictory weight distribution",Pose/Support/Reverse and Bridge,1,False
0111 | Pose/Support/Reverse and Bridge/Reverse Support and Bridge — right palm and both feet supporting — ribcage rotated slightly left,"right palm and both feet supporting, left arm extended upward, hips elevated; ribcage rotated slightly left, supporting limb stable; clear joint alignment; distinct limb separation","hips resting on the support plane, prone posture, tabletop facing downward, seated posture, different pose, altered limb placement, extra limbs, missing limbs, fused limbs, duplicated hands, duplicated feet, twisted joints, dislocated shoulders, broken spine, impossible balance, contradictory weight distribution",Pose/Support/Reverse and Bridge,1,False
0112 | Pose/Support/Reverse and Bridge/Reverse Support and Bridge — right palm and both feet supporting — ribcage rotated slightly right,"right palm and both feet supporting, left arm extended upward, hips elevated; ribcage rotated slightly right, supporting limb stable; clear joint alignment; distinct limb separation","hips resting on the support plane, prone posture, tabletop facing downward, seated posture, different pose, altered limb placement, extra limbs, missing limbs, fused limbs, duplicated hands, duplicated feet, twisted joints, dislocated shoulders, broken spine, impossible balance, contradictory weight distribution",Pose/Support/Reverse and Bridge,1,False
0113 | Pose/Support/Reverse and Bridge/Reverse Support and Bridge — right palm and both feet supporting — torso inclined slightly forward,"right palm and both feet supporting, left arm extended upward, hips elevated; torso inclined slightly forward, supporting limb stable; clear joint alignment; distinct limb separation","hips resting on the support plane, prone posture, tabletop facing downward, seated posture, different pose, altered limb placement, extra limbs, missing limbs, fused limbs, duplicated hands, duplicated feet, twisted joints, dislocated shoulders, broken spine, impossible balance, contradictory weight distribution",Pose/Support/Reverse and Bridge,1,False
0114 | Pose/Support/Reverse and Bridge/Reverse Support and Bridge — right palm and both feet supporting — torso inclined slightly backward,"right palm and both feet supporting, left arm extended upward, hips elevated; torso inclined slightly backward, supporting limb stable; clear joint alignment; distinct limb separation","hips resting on the support plane, prone posture, tabletop facing downward, seated posture, different pose, altered limb placement, extra limbs, missing limbs, fused limbs, duplicated hands, duplicated feet, twisted joints, dislocated shoulders, broken spine, impossible balance, contradictory weight distribution",Pose/Support/Reverse and Bridge,1,False
0115 | Pose/Support/Reverse and Bridge/Reverse Support and Bridge — right palm and both feet supporting — pelvis shifted slightly left,"right palm and both feet supporting, left arm extended upward, hips elevated; pelvis shifted slightly left, supporting limb stable; clear joint alignment; distinct limb separation","hips resting on the support plane, prone posture, tabletop facing downward, seated posture, different pose, altered limb placement, extra limbs, missing limbs, fused limbs, duplicated hands, duplicated feet, twisted joints, dislocated shoulders, broken spine, impossible balance, contradictory weight distribution",Pose/Support/Reverse and Bridge,1,False
0116 | Pose/Support/Reverse and Bridge/Reverse Support and Bridge — right palm and both feet supporting — pelvis shifted slightly right,"right palm and both feet supporting, left arm extended upward, hips elevated; pelvis shifted slightly right, supporting limb stable; clear joint alignment; distinct limb separation","hips resting on the support plane, prone posture, tabletop facing downward, seated posture, different pose, altered limb placement, extra limbs, missing limbs, fused limbs, duplicated hands, duplicated feet, twisted joints, dislocated shoulders, broken spine, impossible balance, contradictory weight distribution",Pose/Support/Reverse and Bridge,1,False
0117 | Pose/Support/Reverse and Bridge/Reverse Support and Bridge — right palm and both feet supporting — spine long and vertical,"right palm and both feet supporting, left arm extended upward, hips elevated; spine long and vertical; clear joint alignment; distinct limb separation","hips resting on the support plane, prone posture, tabletop facing downward, seated posture, different pose, altered limb placement, extra limbs, missing limbs, fused limbs, duplicated hands, duplicated feet, twisted joints, dislocated shoulders, broken spine, impossible balance, contradictory weight distribution",Pose/Support/Reverse and Bridge,1,False
0118 | Pose/Support/Reverse and Bridge/Reverse Support and Bridge — right palm and both feet supporting — upper back gently rounded,"right palm and both feet supporting, left arm extended upward, hips elevated; upper back gently rounded; clear joint alignment; distinct limb separation","hips resting on the support plane, prone posture, tabletop facing downward, seated posture, different pose, altered limb placement, extra limbs, missing limbs, fused limbs, duplicated hands, duplicated feet, twisted joints, dislocated shoulders, broken spine, impossible balance, contradictory weight distribution",Pose/Support/Reverse and Bridge,1,False
0119 | Pose/Support/Reverse and Bridge/Reverse Support and Bridge — right palm and both feet supporting — upper back gently extended,"right palm and both feet supporting, left arm extended upward, hips elevated; upper back gently extended; clear joint alignment; distinct limb separation","hips resting on the support plane, prone posture, tabletop facing downward, seated posture, different pose, altered limb placement, extra limbs, missing limbs, fused limbs, duplicated hands, duplicated feet, twisted joints, dislocated shoulders, broken spine, impossible balance, contradictory weight distribution",Pose/Support/Reverse and Bridge,1,False
0120 | Pose/Support/Reverse and Bridge/Reverse Support and Bridge — right palm and both feet supporting — head aligned with the spine,"right palm and both feet supporting, left arm extended upward, hips elevated; head aligned with the spine; clear joint alignment; distinct limb separation","hips resting on the support plane, prone posture, tabletop facing downward, seated posture, different pose, altered limb placement, extra limbs, missing limbs, fused limbs, duplicated hands, duplicated feet, twisted joints, dislocated shoulders, broken spine, impossible balance, contradictory weight distribution",Pose/Support/Reverse and Bridge,1,False
0121 | Pose/Support/Reverse and Bridge/Reverse Support and Bridge — both shoulders and both feet supporting — head level,"both shoulders and both feet supporting, knees bent, hips elevated; head level, chin neutral, gaze fixed forward; clear joint alignment; distinct limb separation","hips resting on the support plane, prone posture, tabletop facing downward, seated posture, different pose, altered limb placement, extra limbs, missing limbs, fused limbs, duplicated hands, duplicated feet, twisted joints, dislocated shoulders, broken spine, impossible balance, contradictory weight distribution",Pose/Support/Reverse and Bridge,1,False
0122 | Pose/Support/Reverse and Bridge/Reverse Support and Bridge — both shoulders and both feet supporting — chin slightly lowered,"both shoulders and both feet supporting, knees bent, hips elevated; chin slightly lowered, gaze fixed downward; clear joint alignment; distinct limb separation","hips resting on the support plane, prone posture, tabletop facing downward, seated posture, different pose, altered limb placement, extra limbs, missing limbs, fused limbs, duplicated hands, duplicated feet, twisted joints, dislocated shoulders, broken spine, impossible balance, contradictory weight distribution",Pose/Support/Reverse and Bridge,1,False
0123 | Pose/Support/Reverse and Bridge/Reverse Support and Bridge — both shoulders and both feet supporting — chin slightly raised,"both shoulders and both feet supporting, knees bent, hips elevated; chin slightly raised, gaze fixed upward; clear joint alignment; distinct limb separation","hips resting on the support plane, prone posture, tabletop facing downward, seated posture, different pose, altered limb placement, extra limbs, missing limbs, fused limbs, duplicated hands, duplicated feet, twisted joints, dislocated shoulders, broken spine, impossible balance, contradictory weight distribution",Pose/Support/Reverse and Bridge,1,False
0124 | Pose/Support/Reverse and Bridge/Reverse Support and Bridge — both shoulders and both feet supporting — head rotated slightly left,"both shoulders and both feet supporting, knees bent, hips elevated; head rotated slightly left, balance maintained; clear joint alignment; distinct limb separation","hips resting on the support plane, prone posture, tabletop facing downward, seated posture, different pose, altered limb placement, extra limbs, missing limbs, fused limbs, duplicated hands, duplicated feet, twisted joints, dislocated shoulders, broken spine, impossible balance, contradictory weight distribution",Pose/Support/Reverse and Bridge,1,False
0125 | Pose/Support/Reverse and Bridge/Reverse Support and Bridge — both shoulders and both feet supporting — head rotated slightly right,"both shoulders and both feet supporting, knees bent, hips elevated; head rotated slightly right, balance maintained; clear joint alignment; distinct limb separation","hips resting on the support plane, prone posture, tabletop facing downward, seated posture, different pose, altered limb placement, extra limbs, missing limbs, fused limbs, duplicated hands, duplicated feet, twisted joints, dislocated shoulders, broken spine, impossible balance, contradictory weight distribution",Pose/Support/Reverse and Bridge,1,False
0126 | Pose/Support/Reverse and Bridge/Reverse Support and Bridge — both shoulders and both feet supporting — arms held symmetrically for balance,"both shoulders and both feet supporting, knees bent, hips elevated; arms held symmetrically for balance; clear joint alignment; distinct limb separation","hips resting on the support plane, prone posture, tabletop facing downward, seated posture, different pose, altered limb placement, extra limbs, missing limbs, fused limbs, duplicated hands, duplicated feet, twisted joints, dislocated shoulders, broken spine, impossible balance, contradictory weight distribution",Pose/Support/Reverse and Bridge,1,False
0127 | Pose/Support/Reverse and Bridge/Reverse Support and Bridge — both shoulders and both feet supporting — arms held asymmetrically for balance,"both shoulders and both feet supporting, knees bent, hips elevated; arms held asymmetrically for balance; clear joint alignment; distinct limb separation","hips resting on the support plane, prone posture, tabletop facing downward, seated posture, different pose, altered limb placement, extra limbs, missing limbs, fused limbs, duplicated hands, duplicated feet, twisted joints, dislocated shoulders, broken spine, impossible balance, contradictory weight distribution",Pose/Support/Reverse and Bridge,1,False
0128 | Pose/Support/Reverse and Bridge/Reverse Support and Bridge — both shoulders and both feet supporting — shoulders level,"both shoulders and both feet supporting, knees bent, hips elevated; shoulders level, ribcage centred over the supporting limb; clear joint alignment; distinct limb separation","hips resting on the support plane, prone posture, tabletop facing downward, seated posture, different pose, altered limb placement, extra limbs, missing limbs, fused limbs, duplicated hands, duplicated feet, twisted joints, dislocated shoulders, broken spine, impossible balance, contradictory weight distribution",Pose/Support/Reverse and Bridge,1,False
0129 | Pose/Support/Reverse and Bridge/Reverse Support and Bridge — both shoulders and both feet supporting — left shoulder slightly higher,"both shoulders and both feet supporting, knees bent, hips elevated; left shoulder slightly higher, pelvis counterbalanced; clear joint alignment; distinct limb separation","hips resting on the support plane, prone posture, tabletop facing downward, seated posture, different pose, altered limb placement, extra limbs, missing limbs, fused limbs, duplicated hands, duplicated feet, twisted joints, dislocated shoulders, broken spine, impossible balance, contradictory weight distribution",Pose/Support/Reverse and Bridge,1,False
0130 | Pose/Support/Reverse and Bridge/Reverse Support and Bridge — both shoulders and both feet supporting — right shoulder slightly higher,"both shoulders and both feet supporting, knees bent, hips elevated; right shoulder slightly higher, pelvis counterbalanced; clear joint alignment; distinct limb separation","hips resting on the support plane, prone posture, tabletop facing downward, seated posture, different pose, altered limb placement, extra limbs, missing limbs, fused limbs, duplicated hands, duplicated feet, twisted joints, dislocated shoulders, broken spine, impossible balance, contradictory weight distribution",Pose/Support/Reverse and Bridge,1,False
0131 | Pose/Support/Reverse and Bridge/Reverse Support and Bridge — both shoulders and both feet supporting — ribcage rotated slightly left,"both shoulders and both feet supporting, knees bent, hips elevated; ribcage rotated slightly left, supporting limb stable; clear joint alignment; distinct limb separation","hips resting on the support plane, prone posture, tabletop facing downward, seated posture, different pose, altered limb placement, extra limbs, missing limbs, fused limbs, duplicated hands, duplicated feet, twisted joints, dislocated shoulders, broken spine, impossible balance, contradictory weight distribution",Pose/Support/Reverse and Bridge,1,False
0132 | Pose/Support/Reverse and Bridge/Reverse Support and Bridge — both shoulders and both feet supporting — ribcage rotated slightly right,"both shoulders and both feet supporting, knees bent, hips elevated; ribcage rotated slightly right, supporting limb stable; clear joint alignment; distinct limb separation","hips resting on the support plane, prone posture, tabletop facing downward, seated posture, different pose, altered limb placement, extra limbs, missing limbs, fused limbs, duplicated hands, duplicated feet, twisted joints, dislocated shoulders, broken spine, impossible balance, contradictory weight distribution",Pose/Support/Reverse and Bridge,1,False
0133 | Pose/Support/Reverse and Bridge/Reverse Support and Bridge — both shoulders and both feet supporting — torso inclined slightly forward,"both shoulders and both feet supporting, knees bent, hips elevated; torso inclined slightly forward, supporting limb stable; clear joint alignment; distinct limb separation","hips resting on the support plane, prone posture, tabletop facing downward, seated posture, different pose, altered limb placement, extra limbs, missing limbs, fused limbs, duplicated hands, duplicated feet, twisted joints, dislocated shoulders, broken spine, impossible balance, contradictory weight distribution",Pose/Support/Reverse and Bridge,1,False
0134 | Pose/Support/Reverse and Bridge/Reverse Support and Bridge — both shoulders and both feet supporting — torso inclined slightly backward,"both shoulders and both feet supporting, knees bent, hips elevated; torso inclined slightly backward, supporting limb stable; clear joint alignment; distinct limb separation","hips resting on the support plane, prone posture, tabletop facing downward, seated posture, different pose, altered limb placement, extra limbs, missing limbs, fused limbs, duplicated hands, duplicated feet, twisted joints, dislocated shoulders, broken spine, impossible balance, contradictory weight distribution",Pose/Support/Reverse and Bridge,1,False
0135 | Pose/Support/Reverse and Bridge/Reverse Support and Bridge — both shoulders and both feet supporting — pelvis shifted slightly left,"both shoulders and both feet supporting, knees bent, hips elevated; pelvis shifted slightly left, supporting limb stable; clear joint alignment; distinct limb separation","hips resting on the support plane, prone posture, tabletop facing downward, seated posture, different pose, altered limb placement, extra limbs, missing limbs, fused limbs, duplicated hands, duplicated feet, twisted joints, dislocated shoulders, broken spine, impossible balance, contradictory weight distribution",Pose/Support/Reverse and Bridge,1,False
0136 | Pose/Support/Reverse and Bridge/Reverse Support and Bridge — both shoulders and both feet supporting — pelvis shifted slightly right,"both shoulders and both feet supporting, knees bent, hips elevated; pelvis shifted slightly right, supporting limb stable; clear joint alignment; distinct limb separation","hips resting on the support plane, prone posture, tabletop facing downward, seated posture, different pose, altered limb placement, extra limbs, missing limbs, fused limbs, duplicated hands, duplicated feet, twisted joints, dislocated shoulders, broken spine, impossible balance, contradictory weight distribution",Pose/Support/Reverse and Bridge,1,False
0137 | Pose/Support/Reverse and Bridge/Reverse Support and Bridge — both shoulders and both feet supporting — spine long and vertical,"both shoulders and both feet supporting, knees bent, hips elevated; spine long and vertical; clear joint alignment; distinct limb separation","hips resting on the support plane, prone posture, tabletop facing downward, seated posture, different pose, altered limb placement, extra limbs, missing limbs, fused limbs, duplicated hands, duplicated feet, twisted joints, dislocated shoulders, broken spine, impossible balance, contradictory weight distribution",Pose/Support/Reverse and Bridge,1,False
0138 | Pose/Support/Reverse and Bridge/Reverse Support and Bridge — both shoulders and both feet supporting — upper back gently rounded,"both shoulders and both feet supporting, knees bent, hips elevated; upper back gently rounded; clear joint alignment; distinct limb separation","hips resting on the support plane, prone posture, tabletop facing downward, seated posture, different pose, altered limb placement, extra limbs, missing limbs, fused limbs, duplicated hands, duplicated feet, twisted joints, dislocated shoulders, broken spine, impossible balance, contradictory weight distribution",Pose/Support/Reverse and Bridge,1,False
0139 | Pose/Support/Reverse and Bridge/Reverse Support and Bridge — both shoulders and both feet supporting — upper back gently extended,"both shoulders and both feet supporting, knees bent, hips elevated; upper back gently extended; clear joint alignment; distinct limb separation","hips resting on the support plane, prone posture, tabletop facing downward, seated posture, different pose, altered limb placement, extra limbs, missing limbs, fused limbs, duplicated hands, duplicated feet, twisted joints, dislocated shoulders, broken spine, impossible balance, contradictory weight distribution",Pose/Support/Reverse and Bridge,1,False
0140 | Pose/Support/Reverse and Bridge/Reverse Support and Bridge — both shoulders and both feet supporting — head aligned with the spine,"both shoulders and both feet supporting, knees bent, hips elevated; head aligned with the spine; clear joint alignment; distinct limb separation","hips resting on the support plane, prone posture, tabletop facing downward, seated posture, different pose, altered limb placement, extra limbs, missing limbs, fused limbs, duplicated hands, duplicated feet, twisted joints, dislocated shoulders, broken spine, impossible balance, contradictory weight distribution",Pose/Support/Reverse and Bridge,1,False
0141 | Pose/Support/Reverse and Bridge/Reverse Support and Bridge — both shoulders and both heels supporting — head level,"both shoulders and both heels supporting, legs nearly straight, hips elevated; head level, chin neutral, gaze fixed forward; clear joint alignment; distinct limb separation","hips resting on the support plane, prone posture, tabletop facing downward, seated posture, different pose, altered limb placement, extra limbs, missing limbs, fused limbs, duplicated hands, duplicated feet, twisted joints, dislocated shoulders, broken spine, impossible balance, contradictory weight distribution",Pose/Support/Reverse and Bridge,1,False
0142 | Pose/Support/Reverse and Bridge/Reverse Support and Bridge — both shoulders and both heels supporting — chin slightly lowered,"both shoulders and both heels supporting, legs nearly straight, hips elevated; chin slightly lowered, gaze fixed downward; clear joint alignment; distinct limb separation","hips resting on the support plane, prone posture, tabletop facing downward, seated posture, different pose, altered limb placement, extra limbs, missing limbs, fused limbs, duplicated hands, duplicated feet, twisted joints, dislocated shoulders, broken spine, impossible balance, contradictory weight distribution",Pose/Support/Reverse and Bridge,1,False
0143 | Pose/Support/Reverse and Bridge/Reverse Support and Bridge — both shoulders and both heels supporting — chin slightly raised,"both shoulders and both heels supporting, legs nearly straight, hips elevated; chin slightly raised, gaze fixed upward; clear joint alignment; distinct limb separation","hips resting on the support plane, prone posture, tabletop facing downward, seated posture, different pose, altered limb placement, extra limbs, missing limbs, fused limbs, duplicated hands, duplicated feet, twisted joints, dislocated shoulders, broken spine, impossible balance, contradictory weight distribution",Pose/Support/Reverse and Bridge,1,False
0144 | Pose/Support/Reverse and Bridge/Reverse Support and Bridge — both shoulders and both heels supporting — head rotated slightly left,"both shoulders and both heels supporting, legs nearly straight, hips elevated; head rotated slightly left, balance maintained; clear joint alignment; distinct limb separation","hips resting on the support plane, prone posture, tabletop facing downward, seated posture, different pose, altered limb placement, extra limbs, missing limbs, fused limbs, duplicated hands, duplicated feet, twisted joints, dislocated shoulders, broken spine, impossible balance, contradictory weight distribution",Pose/Support/Reverse and Bridge,1,False
0145 | Pose/Support/Reverse and Bridge/Reverse Support and Bridge — both shoulders and both heels supporting — head rotated slightly right,"both shoulders and both heels supporting, legs nearly straight, hips elevated; head rotated slightly right, balance maintained; clear joint alignment; distinct limb separation","hips resting on the support plane, prone posture, tabletop facing downward, seated posture, different pose, altered limb placement, extra limbs, missing limbs, fused limbs, duplicated hands, duplicated feet, twisted joints, dislocated shoulders, broken spine, impossible balance, contradictory weight distribution",Pose/Support/Reverse and Bridge,1,False
0146 | Pose/Support/Reverse and Bridge/Reverse Support and Bridge — both shoulders and both heels supporting — arms held symmetrically for balance,"both shoulders and both heels supporting, legs nearly straight, hips elevated; arms held symmetrically for balance; clear joint alignment; distinct limb separation","hips resting on the support plane, prone posture, tabletop facing downward, seated posture, different pose, altered limb placement, extra limbs, missing limbs, fused limbs, duplicated hands, duplicated feet, twisted joints, dislocated shoulders, broken spine, impossible balance, contradictory weight distribution",Pose/Support/Reverse and Bridge,1,False
0147 | Pose/Support/Reverse and Bridge/Reverse Support and Bridge — both shoulders and both heels supporting — arms held asymmetrically for balance,"both shoulders and both heels supporting, legs nearly straight, hips elevated; arms held asymmetrically for balance; clear joint alignment; distinct limb separation","hips resting on the support plane, prone posture, tabletop facing downward, seated posture, different pose, altered limb placement, extra limbs, missing limbs, fused limbs, duplicated hands, duplicated feet, twisted joints, dislocated shoulders, broken spine, impossible balance, contradictory weight distribution",Pose/Support/Reverse and Bridge,1,False
0148 | Pose/Support/Reverse and Bridge/Reverse Support and Bridge — both shoulders and both heels supporting — shoulders level,"both shoulders and both heels supporting, legs nearly straight, hips elevated; shoulders level, ribcage centred over the supporting limb; clear joint alignment; distinct limb separation","hips resting on the support plane, prone posture, tabletop facing downward, seated posture, different pose, altered limb placement, extra limbs, missing limbs, fused limbs, duplicated hands, duplicated feet, twisted joints, dislocated shoulders, broken spine, impossible balance, contradictory weight distribution",Pose/Support/Reverse and Bridge,1,False
0149 | Pose/Support/Reverse and Bridge/Reverse Support and Bridge — both shoulders and both heels supporting — left shoulder slightly higher,"both shoulders and both heels supporting, legs nearly straight, hips elevated; left shoulder slightly higher, pelvis counterbalanced; clear joint alignment; distinct limb separation","hips resting on the support plane, prone posture, tabletop facing downward, seated posture, different pose, altered limb placement, extra limbs, missing limbs, fused limbs, duplicated hands, duplicated feet, twisted joints, dislocated shoulders, broken spine, impossible balance, contradictory weight distribution",Pose/Support/Reverse and Bridge,1,False
0150 | Pose/Support/Reverse and Bridge/Reverse Support and Bridge — both shoulders and both heels supporting — right shoulder slightly higher,"both shoulders and both heels supporting, legs nearly straight, hips elevated; right shoulder slightly higher, pelvis counterbalanced; clear joint alignment; distinct limb separation","hips resting on the support plane, prone posture, tabletop facing downward, seated posture, different pose, altered limb placement, extra limbs, missing limbs, fused limbs, duplicated hands, duplicated feet, twisted joints, dislocated shoulders, broken spine, impossible balance, contradictory weight distribution",Pose/Support/Reverse and Bridge,1,False
0151 | Pose/Support/Reverse and Bridge/Reverse Support and Bridge — both shoulders and both heels supporting — ribcage rotated slightly left,"both shoulders and both heels supporting, legs nearly straight, hips elevated; ribcage rotated slightly left, supporting limb stable; clear joint alignment; distinct limb separation","hips resting on the support plane, prone posture, tabletop facing downward, seated posture, different pose, altered limb placement, extra limbs, missing limbs, fused limbs, duplicated hands, duplicated feet, twisted joints, dislocated shoulders, broken spine, impossible balance, contradictory weight distribution",Pose/Support/Reverse and Bridge,1,False
0152 | Pose/Support/Reverse and Bridge/Reverse Support and Bridge — both shoulders and both heels supporting — ribcage rotated slightly right,"both shoulders and both heels supporting, legs nearly straight, hips elevated; ribcage rotated slightly right, supporting limb stable; clear joint alignment; distinct limb separation","hips resting on the support plane, prone posture, tabletop facing downward, seated posture, different pose, altered limb placement, extra limbs, missing limbs, fused limbs, duplicated hands, duplicated feet, twisted joints, dislocated shoulders, broken spine, impossible balance, contradictory weight distribution",Pose/Support/Reverse and Bridge,1,False
0153 | Pose/Support/Reverse and Bridge/Reverse Support and Bridge — both shoulders and both heels supporting — torso inclined slightly forward,"both shoulders and both heels supporting, legs nearly straight, hips elevated; torso inclined slightly forward, supporting limb stable; clear joint alignment; distinct limb separation","hips resting on the support plane, prone posture, tabletop facing downward, seated posture, different pose, altered limb placement, extra limbs, missing limbs, fused limbs, duplicated hands, duplicated feet, twisted joints, dislocated shoulders, broken spine, impossible balance, contradictory weight distribution",Pose/Support/Reverse and Bridge,1,False
0154 | Pose/Support/Reverse and Bridge/Reverse Support and Bridge — both shoulders and both heels supporting — torso inclined slightly backward,"both shoulders and both heels supporting, legs nearly straight, hips elevated; torso inclined slightly backward, supporting limb stable; clear joint alignment; distinct limb separation","hips resting on the support plane, prone posture, tabletop facing downward, seated posture, different pose, altered limb placement, extra limbs, missing limbs, fused limbs, duplicated hands, duplicated feet, twisted joints, dislocated shoulders, broken spine, impossible balance, contradictory weight distribution",Pose/Support/Reverse and Bridge,1,False
0155 | Pose/Support/Reverse and Bridge/Reverse Support and Bridge — both shoulders and both heels supporting — pelvis shifted slightly left,"both shoulders and both heels supporting, legs nearly straight, hips elevated; pelvis shifted slightly left, supporting limb stable; clear joint alignment; distinct limb separation","hips resting on the support plane, prone posture, tabletop facing downward, seated posture, different pose, altered limb placement, extra limbs, missing limbs, fused limbs, duplicated hands, duplicated feet, twisted joints, dislocated shoulders, broken spine, impossible balance, contradictory weight distribution",Pose/Support/Reverse and Bridge,1,False
0156 | Pose/Support/Reverse and Bridge/Reverse Support and Bridge — both shoulders and both heels supporting — pelvis shifted slightly right,"both shoulders and both heels supporting, legs nearly straight, hips elevated; pelvis shifted slightly right, supporting limb stable; clear joint alignment; distinct limb separation","hips resting on the support plane, prone posture, tabletop facing downward, seated posture, different pose, altered limb placement, extra limbs, missing limbs, fused limbs, duplicated hands, duplicated feet, twisted joints, dislocated shoulders, broken spine, impossible balance, contradictory weight distribution",Pose/Support/Reverse and Bridge,1,False
0157 | Pose/Support/Reverse and Bridge/Reverse Support and Bridge — both shoulders and both heels supporting — spine long and vertical,"both shoulders and both heels supporting, legs nearly straight, hips elevated; spine long and vertical; clear joint alignment; distinct limb separation","hips resting on the support plane, prone posture, tabletop facing downward, seated posture, different pose, altered limb placement, extra limbs, missing limbs, fused limbs, duplicated hands, duplicated feet, twisted joints, dislocated shoulders, broken spine, impossible balance, contradictory weight distribution",Pose/Support/Reverse and Bridge,1,False
0158 | Pose/Support/Reverse and Bridge/Reverse Support and Bridge — both shoulders and both heels supporting — upper back gently rounded,"both shoulders and both heels supporting, legs nearly straight, hips elevated; upper back gently rounded; clear joint alignment; distinct limb separation","hips resting on the support plane, prone posture, tabletop facing downward, seated posture, different pose, altered limb placement, extra limbs, missing limbs, fused limbs, duplicated hands, duplicated feet, twisted joints, dislocated shoulders, broken spine, impossible balance, contradictory weight distribution",Pose/Support/Reverse and Bridge,1,False
0159 | Pose/Support/Reverse and Bridge/Reverse Support and Bridge — both shoulders and both heels supporting — upper back gently extended,"both shoulders and both heels supporting, legs nearly straight, hips elevated; upper back gently extended; clear joint alignment; distinct limb separation","hips resting on the support plane, prone posture, tabletop facing downward, seated posture, different pose, altered limb placement, extra limbs, missing limbs, fused limbs, duplicated hands, duplicated feet, twisted joints, dislocated shoulders, broken spine, impossible balance, contradictory weight distribution",Pose/Support/Reverse and Bridge,1,False
0160 | Pose/Support/Reverse and Bridge/Reverse Support and Bridge — both shoulders and both heels supporting — head aligned with the spine,"both shoulders and both heels supporting, legs nearly straight, hips elevated; head aligned with the spine; clear joint alignment; distinct limb separation","hips resting on the support plane, prone posture, tabletop facing downward, seated posture, different pose, altered limb placement, extra limbs, missing limbs, fused limbs, duplicated hands, duplicated feet, twisted joints, dislocated shoulders, broken spine, impossible balance, contradictory weight distribution",Pose/Support/Reverse and Bridge,1,False
0161 | Pose/Support/Reverse and Bridge/Reverse Support and Bridge — both palms and left foot supporting — head level,"both palms and left foot supporting, right leg extended upward, hips elevated; head level, chin neutral, gaze fixed forward; clear joint alignment; distinct limb separation","hips resting on the support plane, prone posture, tabletop facing downward, seated posture, different pose, altered limb placement, extra limbs, missing limbs, fused limbs, duplicated hands, duplicated feet, twisted joints, dislocated shoulders, broken spine, impossible balance, contradictory weight distribution",Pose/Support/Reverse and Bridge,1,False
0162 | Pose/Support/Reverse and Bridge/Reverse Support and Bridge — both palms and left foot supporting — chin slightly lowered,"both palms and left foot supporting, right leg extended upward, hips elevated; chin slightly lowered, gaze fixed downward; clear joint alignment; distinct limb separation","hips resting on the support plane, prone posture, tabletop facing downward, seated posture, different pose, altered limb placement, extra limbs, missing limbs, fused limbs, duplicated hands, duplicated feet, twisted joints, dislocated shoulders, broken spine, impossible balance, contradictory weight distribution",Pose/Support/Reverse and Bridge,1,False
0163 | Pose/Support/Reverse and Bridge/Reverse Support and Bridge — both palms and left foot supporting — chin slightly raised,"both palms and left foot supporting, right leg extended upward, hips elevated; chin slightly raised, gaze fixed upward; clear joint alignment; distinct limb separation","hips resting on the support plane, prone posture, tabletop facing downward, seated posture, different pose, altered limb placement, extra limbs, missing limbs, fused limbs, duplicated hands, duplicated feet, twisted joints, dislocated shoulders, broken spine, impossible balance, contradictory weight distribution",Pose/Support/Reverse and Bridge,1,False
0164 | Pose/Support/Reverse and Bridge/Reverse Support and Bridge — both palms and left foot supporting — head rotated slightly left,"both palms and left foot supporting, right leg extended upward, hips elevated; head rotated slightly left, balance maintained; clear joint alignment; distinct limb separation","hips resting on the support plane, prone posture, tabletop facing downward, seated posture, different pose, altered limb placement, extra limbs, missing limbs, fused limbs, duplicated hands, duplicated feet, twisted joints, dislocated shoulders, broken spine, impossible balance, contradictory weight distribution",Pose/Support/Reverse and Bridge,1,False
0165 | Pose/Support/Reverse and Bridge/Reverse Support and Bridge — both palms and left foot supporting — head rotated slightly right,"both palms and left foot supporting, right leg extended upward, hips elevated; head rotated slightly right, balance maintained; clear joint alignment; distinct limb separation","hips resting on the support plane, prone posture, tabletop facing downward, seated posture, different pose, altered limb placement, extra limbs, missing limbs, fused limbs, duplicated hands, duplicated feet, twisted joints, dislocated shoulders, broken spine, impossible balance, contradictory weight distribution",Pose/Support/Reverse and Bridge,1,False
0166 | Pose/Support/Reverse and Bridge/Reverse Support and Bridge — both palms and left foot supporting — arms held symmetrically for balance,"both palms and left foot supporting, right leg extended upward, hips elevated; arms held symmetrically for balance; clear joint alignment; distinct limb separation","hips resting on the support plane, prone posture, tabletop facing downward, seated posture, different pose, altered limb placement, extra limbs, missing limbs, fused limbs, duplicated hands, duplicated feet, twisted joints, dislocated shoulders, broken spine, impossible balance, contradictory weight distribution",Pose/Support/Reverse and Bridge,1,False
0167 | Pose/Support/Reverse and Bridge/Reverse Support and Bridge — both palms and left foot supporting — arms held asymmetrically for balance,"both palms and left foot supporting, right leg extended upward, hips elevated; arms held asymmetrically for balance; clear joint alignment; distinct limb separation","hips resting on the support plane, prone posture, tabletop facing downward, seated posture, different pose, altered limb placement, extra limbs, missing limbs, fused limbs, duplicated hands, duplicated feet, twisted joints, dislocated shoulders, broken spine, impossible balance, contradictory weight distribution",Pose/Support/Reverse and Bridge,1,False
0168 | Pose/Support/Reverse and Bridge/Reverse Support and Bridge — both palms and left foot supporting — shoulders level,"both palms and left foot supporting, right leg extended upward, hips elevated; shoulders level, ribcage centred over the supporting limb; clear joint alignment; distinct limb separation","hips resting on the support plane, prone posture, tabletop facing downward, seated posture, different pose, altered limb placement, extra limbs, missing limbs, fused limbs, duplicated hands, duplicated feet, twisted joints, dislocated shoulders, broken spine, impossible balance, contradictory weight distribution",Pose/Support/Reverse and Bridge,1,False
0169 | Pose/Support/Reverse and Bridge/Reverse Support and Bridge — both palms and left foot supporting — left shoulder slightly higher,"both palms and left foot supporting, right leg extended upward, hips elevated; left shoulder slightly higher, pelvis counterbalanced; clear joint alignment; distinct limb separation","hips resting on the support plane, prone posture, tabletop facing downward, seated posture, different pose, altered limb placement, extra limbs, missing limbs, fused limbs, duplicated hands, duplicated feet, twisted joints, dislocated shoulders, broken spine, impossible balance, contradictory weight distribution",Pose/Support/Reverse and Bridge,1,False
0170 | Pose/Support/Reverse and Bridge/Reverse Support and Bridge — both palms and left foot supporting — right shoulder slightly higher,"both palms and left foot supporting, right leg extended upward, hips elevated; right shoulder slightly higher, pelvis counterbalanced; clear joint alignment; distinct limb separation","hips resting on the support plane, prone posture, tabletop facing downward, seated posture, different pose, altered limb placement, extra limbs, missing limbs, fused limbs, duplicated hands, duplicated feet, twisted joints, dislocated shoulders, broken spine, impossible balance, contradictory weight distribution",Pose/Support/Reverse and Bridge,1,False
0171 | Pose/Support/Reverse and Bridge/Reverse Support and Bridge — both palms and left foot supporting — ribcage rotated slightly left,"both palms and left foot supporting, right leg extended upward, hips elevated; ribcage rotated slightly left, supporting limb stable; clear joint alignment; distinct limb separation","hips resting on the support plane, prone posture, tabletop facing downward, seated posture, different pose, altered limb placement, extra limbs, missing limbs, fused limbs, duplicated hands, duplicated feet, twisted joints, dislocated shoulders, broken spine, impossible balance, contradictory weight distribution",Pose/Support/Reverse and Bridge,1,False
0172 | Pose/Support/Reverse and Bridge/Reverse Support and Bridge — both palms and left foot supporting — ribcage rotated slightly right,"both palms and left foot supporting, right leg extended upward, hips elevated; ribcage rotated slightly right, supporting limb stable; clear joint alignment; distinct limb separation","hips resting on the support plane, prone posture, tabletop facing downward, seated posture, different pose, altered limb placement, extra limbs, missing limbs, fused limbs, duplicated hands, duplicated feet, twisted joints, dislocated shoulders, broken spine, impossible balance, contradictory weight distribution",Pose/Support/Reverse and Bridge,1,False
0173 | Pose/Support/Reverse and Bridge/Reverse Support and Bridge — both palms and left foot supporting — torso inclined slightly forward,"both palms and left foot supporting, right leg extended upward, hips elevated; torso inclined slightly forward, supporting limb stable; clear joint alignment; distinct limb separation","hips resting on the support plane, prone posture, tabletop facing downward, seated posture, different pose, altered limb placement, extra limbs, missing limbs, fused limbs, duplicated hands, duplicated feet, twisted joints, dislocated shoulders, broken spine, impossible balance, contradictory weight distribution",Pose/Support/Reverse and Bridge,1,False
0174 | Pose/Support/Reverse and Bridge/Reverse Support and Bridge — both palms and left foot supporting — torso inclined slightly backward,"both palms and left foot supporting, right leg extended upward, hips elevated; torso inclined slightly backward, supporting limb stable; clear joint alignment; distinct limb separation","hips resting on the support plane, prone posture, tabletop facing downward, seated posture, different pose, altered limb placement, extra limbs, missing limbs, fused limbs, duplicated hands, duplicated feet, twisted joints, dislocated shoulders, broken spine, impossible balance, contradictory weight distribution",Pose/Support/Reverse and Bridge,1,False
0175 | Pose/Support/Reverse and Bridge/Reverse Support and Bridge — both palms and left foot supporting — pelvis shifted slightly left,"both palms and left foot supporting, right leg extended upward, hips elevated; pelvis shifted slightly left, supporting limb stable; clear joint alignment; distinct limb separation","hips resting on the support plane, prone posture, tabletop facing downward, seated posture, different pose, altered limb placement, extra limbs, missing limbs, fused limbs, duplicated hands, duplicated feet, twisted joints, dislocated shoulders, broken spine, impossible balance, contradictory weight distribution",Pose/Support/Reverse and Bridge,1,False
0176 | Pose/Support/Reverse and Bridge/Reverse Support and Bridge — both palms and left foot supporting — pelvis shifted slightly right,"both palms and left foot supporting, right leg extended upward, hips elevated; pelvis shifted slightly right, supporting limb stable; clear joint alignment; distinct limb separation","hips resting on the support plane, prone posture, tabletop facing downward, seated posture, different pose, altered limb placement, extra limbs, missing limbs, fused limbs, duplicated hands, duplicated feet, twisted joints, dislocated shoulders, broken spine, impossible balance, contradictory weight distribution",Pose/Support/Reverse and Bridge,1,False
0177 | Pose/Support/Reverse and Bridge/Reverse Support and Bridge — both palms and left foot supporting — spine long and vertical,"both palms and left foot supporting, right leg extended upward, hips elevated; spine long and vertical; clear joint alignment; distinct limb separation","hips resting on the support plane, prone posture, tabletop facing downward, seated posture, different pose, altered limb placement, extra limbs, missing limbs, fused limbs, duplicated hands, duplicated feet, twisted joints, dislocated shoulders, broken spine, impossible balance, contradictory weight distribution",Pose/Support/Reverse and Bridge,1,False
0178 | Pose/Support/Reverse and Bridge/Reverse Support and Bridge — both palms and left foot supporting — upper back gently rounded,"both palms and left foot supporting, right leg extended upward, hips elevated; upper back gently rounded; clear joint alignment; distinct limb separation","hips resting on the support plane, prone posture, tabletop facing downward, seated posture, different pose, altered limb placement, extra limbs, missing limbs, fused limbs, duplicated hands, duplicated feet, twisted joints, dislocated shoulders, broken spine, impossible balance, contradictory weight distribution",Pose/Support/Reverse and Bridge,1,False
0179 | Pose/Support/Reverse and Bridge/Reverse Support and Bridge — both palms and left foot supporting — upper back gently extended,"both palms and left foot supporting, right leg extended upward, hips elevated; upper back gently extended; clear joint alignment; distinct limb separation","hips resting on the support plane, prone posture, tabletop facing downward, seated posture, different pose, altered limb placement, extra limbs, missing limbs, fused limbs, duplicated hands, duplicated feet, twisted joints, dislocated shoulders, broken spine, impossible balance, contradictory weight distribution",Pose/Support/Reverse and Bridge,1,False
0180 | Pose/Support/Reverse and Bridge/Reverse Support and Bridge — both palms and left foot supporting — head aligned with the spine,"both palms and left foot supporting, right leg extended upward, hips elevated; head aligned with the spine; clear joint alignment; distinct limb separation","hips resting on the support plane, prone posture, tabletop facing downward, seated posture, different pose, altered limb placement, extra limbs, missing limbs, fused limbs, duplicated hands, duplicated feet, twisted joints, dislocated shoulders, broken spine, impossible balance, contradictory weight distribution",Pose/Support/Reverse and Bridge,1,False
0181 | Pose/Support/Reverse and Bridge/Reverse Support and Bridge — both palms and right foot supporting — head level,"both palms and right foot supporting, left leg extended upward, hips elevated; head level, chin neutral, gaze fixed forward; clear joint alignment; distinct limb separation","hips resting on the support plane, prone posture, tabletop facing downward, seated posture, different pose, altered limb placement, extra limbs, missing limbs, fused limbs, duplicated hands, duplicated feet, twisted joints, dislocated shoulders, broken spine, impossible balance, contradictory weight distribution",Pose/Support/Reverse and Bridge,1,False
0182 | Pose/Support/Reverse and Bridge/Reverse Support and Bridge — both palms and right foot supporting — chin slightly lowered,"both palms and right foot supporting, left leg extended upward, hips elevated; chin slightly lowered, gaze fixed downward; clear joint alignment; distinct limb separation","hips resting on the support plane, prone posture, tabletop facing downward, seated posture, different pose, altered limb placement, extra limbs, missing limbs, fused limbs, duplicated hands, duplicated feet, twisted joints, dislocated shoulders, broken spine, impossible balance, contradictory weight distribution",Pose/Support/Reverse and Bridge,1,False
0183 | Pose/Support/Reverse and Bridge/Reverse Support and Bridge — both palms and right foot supporting — chin slightly raised,"both palms and right foot supporting, left leg extended upward, hips elevated; chin slightly raised, gaze fixed upward; clear joint alignment; distinct limb separation","hips resting on the support plane, prone posture, tabletop facing downward, seated posture, different pose, altered limb placement, extra limbs, missing limbs, fused limbs, duplicated hands, duplicated feet, twisted joints, dislocated shoulders, broken spine, impossible balance, contradictory weight distribution",Pose/Support/Reverse and Bridge,1,False
0184 | Pose/Support/Reverse and Bridge/Reverse Support and Bridge — both palms and right foot supporting — head rotated slightly left,"both palms and right foot supporting, left leg extended upward, hips elevated; head rotated slightly left, balance maintained; clear joint alignment; distinct limb separation","hips resting on the support plane, prone posture, tabletop facing downward, seated posture, different pose, altered limb placement, extra limbs, missing limbs, fused limbs, duplicated hands, duplicated feet, twisted joints, dislocated shoulders, broken spine, impossible balance, contradictory weight distribution",Pose/Support/Reverse and Bridge,1,False
0185 | Pose/Support/Reverse and Bridge/Reverse Support and Bridge — both palms and right foot supporting — head rotated slightly right,"both palms and right foot supporting, left leg extended upward, hips elevated; head rotated slightly right, balance maintained; clear joint alignment; distinct limb separation","hips resting on the support plane, prone posture, tabletop facing downward, seated posture, different pose, altered limb placement, extra limbs, missing limbs, fused limbs, duplicated hands, duplicated feet, twisted joints, dislocated shoulders, broken spine, impossible balance, contradictory weight distribution",Pose/Support/Reverse and Bridge,1,False
0186 | Pose/Support/Reverse and Bridge/Reverse Support and Bridge — both palms and right foot supporting — arms held symmetrically for balance,"both palms and right foot supporting, left leg extended upward, hips elevated; arms held symmetrically for balance; clear joint alignment; distinct limb separation","hips resting on the support plane, prone posture, tabletop facing downward, seated posture, different pose, altered limb placement, extra limbs, missing limbs, fused limbs, duplicated hands, duplicated feet, twisted joints, dislocated shoulders, broken spine, impossible balance, contradictory weight distribution",Pose/Support/Reverse and Bridge,1,False
0187 | Pose/Support/Reverse and Bridge/Reverse Support and Bridge — both palms and right foot supporting — arms held asymmetrically for balance,"both palms and right foot supporting, left leg extended upward, hips elevated; arms held asymmetrically for balance; clear joint alignment; distinct limb separation","hips resting on the support plane, prone posture, tabletop facing downward, seated posture, different pose, altered limb placement, extra limbs, missing limbs, fused limbs, duplicated hands, duplicated feet, twisted joints, dislocated shoulders, broken spine, impossible balance, contradictory weight distribution",Pose/Support/Reverse and Bridge,1,False
0188 | Pose/Support/Reverse and Bridge/Reverse Support and Bridge — both palms and right foot supporting — shoulders level,"both palms and right foot supporting, left leg extended upward, hips elevated; shoulders level, ribcage centred over the supporting limb; clear joint alignment; distinct limb separation","hips resting on the support plane, prone posture, tabletop facing downward, seated posture, different pose, altered limb placement, extra limbs, missing limbs, fused limbs, duplicated hands, duplicated feet, twisted joints, dislocated shoulders, broken spine, impossible balance, contradictory weight distribution",Pose/Support/Reverse and Bridge,1,False
0189 | Pose/Support/Reverse and Bridge/Reverse Support and Bridge — both palms and right foot supporting — left shoulder slightly higher,"both palms and right foot supporting, left leg extended upward, hips elevated; left shoulder slightly higher, pelvis counterbalanced; clear joint alignment; distinct limb separation","hips resting on the support plane, prone posture, tabletop facing downward, seated posture, different pose, altered limb placement, extra limbs, missing limbs, fused limbs, duplicated hands, duplicated feet, twisted joints, dislocated shoulders, broken spine, impossible balance, contradictory weight distribution",Pose/Support/Reverse and Bridge,1,False
0190 | Pose/Support/Reverse and Bridge/Reverse Support and Bridge — both palms and right foot supporting — right shoulder slightly higher,"both palms and right foot supporting, left leg extended upward, hips elevated; right shoulder slightly higher, pelvis counterbalanced; clear joint alignment; distinct limb separation","hips resting on the support plane, prone posture, tabletop facing downward, seated posture, different pose, altered limb placement, extra limbs, missing limbs, fused limbs, duplicated hands, duplicated feet, twisted joints, dislocated shoulders, broken spine, impossible balance, contradictory weight distribution",Pose/Support/Reverse and Bridge,1,False
0191 | Pose/Support/Reverse and Bridge/Reverse Support and Bridge — both palms and right foot supporting — ribcage rotated slightly left,"both palms and right foot supporting, left leg extended upward, hips elevated; ribcage rotated slightly left, supporting limb stable; clear joint alignment; distinct limb separation","hips resting on the support plane, prone posture, tabletop facing downward, seated posture, different pose, altered limb placement, extra limbs, missing limbs, fused limbs, duplicated hands, duplicated feet, twisted joints, dislocated shoulders, broken spine, impossible balance, contradictory weight distribution",Pose/Support/Reverse and Bridge,1,False
0192 | Pose/Support/Reverse and Bridge/Reverse Support and Bridge — both palms and right foot supporting — ribcage rotated slightly right,"both palms and right foot supporting, left leg extended upward, hips elevated; ribcage rotated slightly right, supporting limb stable; clear joint alignment; distinct limb separation","hips resting on the support plane, prone posture, tabletop facing downward, seated posture, different pose, altered limb placement, extra limbs, missing limbs, fused limbs, duplicated hands, duplicated feet, twisted joints, dislocated shoulders, broken spine, impossible balance, contradictory weight distribution",Pose/Support/Reverse and Bridge,1,False
0193 | Pose/Support/Reverse and Bridge/Reverse Support and Bridge — both palms and right foot supporting — torso inclined slightly forward,"both palms and right foot supporting, left leg extended upward, hips elevated; torso inclined slightly forward, supporting limb stable; clear joint alignment; distinct limb separation","hips resting on the support plane, prone posture, tabletop facing downward, seated posture, different pose, altered limb placement, extra limbs, missing limbs, fused limbs, duplicated hands, duplicated feet, twisted joints, dislocated shoulders, broken spine, impossible balance, contradictory weight distribution",Pose/Support/Reverse and Bridge,1,False
0194 | Pose/Support/Reverse and Bridge/Reverse Support and Bridge — both palms and right foot supporting — torso inclined slightly backward,"both palms and right foot supporting, left leg extended upward, hips elevated; torso inclined slightly backward, supporting limb stable; clear joint alignment; distinct limb separation","hips resting on the support plane, prone posture, tabletop facing downward, seated posture, different pose, altered limb placement, extra limbs, missing limbs, fused limbs, duplicated hands, duplicated feet, twisted joints, dislocated shoulders, broken spine, impossible balance, contradictory weight distribution",Pose/Support/Reverse and Bridge,1,False
0195 | Pose/Support/Reverse and Bridge/Reverse Support and Bridge — both palms and right foot supporting — pelvis shifted slightly left,"both palms and right foot supporting, left leg extended upward, hips elevated; pelvis shifted slightly left, supporting limb stable; clear joint alignment; distinct limb separation","hips resting on the support plane, prone posture, tabletop facing downward, seated posture, different pose, altered limb placement, extra limbs, missing limbs, fused limbs, duplicated hands, duplicated feet, twisted joints, dislocated shoulders, broken spine, impossible balance, contradictory weight distribution",Pose/Support/Reverse and Bridge,1,False
0196 | Pose/Support/Reverse and Bridge/Reverse Support and Bridge — both palms and right foot supporting — pelvis shifted slightly right,"both palms and right foot supporting, left leg extended upward, hips elevated; pelvis shifted slightly right, supporting limb stable; clear joint alignment; distinct limb separation","hips resting on the support plane, prone posture, tabletop facing downward, seated posture, different pose, altered limb placement, extra limbs, missing limbs, fused limbs, duplicated hands, duplicated feet, twisted joints, dislocated shoulders, broken spine, impossible balance, contradictory weight distribution",Pose/Support/Reverse and Bridge,1,False
0197 | Pose/Support/Reverse and Bridge/Reverse Support and Bridge — both palms and right foot supporting — spine long and vertical,"both palms and right foot supporting, left leg extended upward, hips elevated; spine long and vertical; clear joint alignment; distinct limb separation","hips resting on the support plane, prone posture, tabletop facing downward, seated posture, different pose, altered limb placement, extra limbs, missing limbs, fused limbs, duplicated hands, duplicated feet, twisted joints, dislocated shoulders, broken spine, impossible balance, contradictory weight distribution",Pose/Support/Reverse and Bridge,1,False
0198 | Pose/Support/Reverse and Bridge/Reverse Support and Bridge — both palms and right foot supporting — upper back gently rounded,"both palms and right foot supporting, left leg extended upward, hips elevated; upper back gently rounded; clear joint alignment; distinct limb separation","hips resting on the support plane, prone posture, tabletop facing downward, seated posture, different pose, altered limb placement, extra limbs, missing limbs, fused limbs, duplicated hands, duplicated feet, twisted joints, dislocated shoulders, broken spine, impossible balance, contradictory weight distribution",Pose/Support/Reverse and Bridge,1,False
0199 | Pose/Support/Reverse and Bridge/Reverse Support and Bridge — both palms and right foot supporting — upper back gently extended,"both palms and right foot supporting, left leg extended upward, hips elevated; upper back gently extended; clear joint alignment; distinct limb separation","hips resting on the support plane, prone posture, tabletop facing downward, seated posture, different pose, altered limb placement, extra limbs, missing limbs, fused limbs, duplicated hands, duplicated feet, twisted joints, dislocated shoulders, broken spine, impossible balance, contradictory weight distribution",Pose/Support/Reverse and Bridge,1,False
0200 | Pose/Support/Reverse and Bridge/Reverse Support and Bridge — both palms and right foot supporting — head aligned with the spine,"both palms and right foot supporting, left leg extended upward, hips elevated; head aligned with the spine; clear joint alignment; distinct limb separation","hips resting on the support plane, prone posture, tabletop facing downward, seated posture, different pose, altered limb placement, extra limbs, missing limbs, fused limbs, duplicated hands, duplicated feet, twisted joints, dislocated shoulders, broken spine, impossible balance, contradictory weight distribution",Pose/Support/Reverse and Bridge,1,False
