name,prompt,negative_prompt,category,weight,favorite
0001 | Pose/Crouching/Compact/Compact Crouch — both feet flat and close together — spine vertical,"both feet flat and close together, both knees deeply bent, pelvis lowered near the heels, torso inclined forward; spine vertical, shoulders level, chin neutral; clear joint alignment; distinct limb separation","upright standing posture, seated posture, lying posture, knees straight, different pose, altered limb placement, extra limbs, missing limbs, fused limbs, duplicated hands, duplicated feet, twisted joints, dislocated shoulders, broken spine, impossible balance, contradictory weight distribution",Pose/Crouching/Compact,1,False
0002 | Pose/Crouching/Compact/Compact Crouch — both feet flat and close together — chin slightly lowered,"both feet flat and close together, both knees deeply bent, pelvis lowered near the heels, torso inclined forward; chin slightly lowered, neck long; clear joint alignment; distinct limb separation","upright standing posture, seated posture, lying posture, knees straight, different pose, altered limb placement, extra limbs, missing limbs, fused limbs, duplicated hands, duplicated feet, twisted joints, dislocated shoulders, broken spine, impossible balance, contradictory weight distribution",Pose/Crouching/Compact,1,False
0003 | Pose/Crouching/Compact/Compact Crouch — both feet flat and close together — chin slightly raised,"both feet flat and close together, both knees deeply bent, pelvis lowered near the heels, torso inclined forward; chin slightly raised, neck long; clear joint alignment; distinct limb separation","upright standing posture, seated posture, lying posture, knees straight, different pose, altered limb placement, extra limbs, missing limbs, fused limbs, duplicated hands, duplicated feet, twisted joints, dislocated shoulders, broken spine, impossible balance, contradictory weight distribution",Pose/Crouching/Compact,1,False
0004 | Pose/Crouching/Compact/Compact Crouch — both feet flat and close together — head tilted slightly left,"both feet flat and close together, both knees deeply bent, pelvis lowered near the heels, torso inclined forward; head tilted slightly left; clear joint alignment; distinct limb separation","upright standing posture, seated posture, lying posture, knees straight, different pose, altered limb placement, extra limbs, missing limbs, fused limbs, duplicated hands, duplicated feet, twisted joints, dislocated shoulders, broken spine, impossible balance, contradictory weight distribution",Pose/Crouching/Compact,1,False
0005 | Pose/Crouching/Compact/Compact Crouch — both feet flat and close together — head tilted slightly right,"both feet flat and close together, both knees deeply bent, pelvis lowered near the heels, torso inclined forward; head tilted slightly right; clear joint alignment; distinct limb separation","upright standing posture, seated posture, lying posture, knees straight, different pose, altered limb placement, extra limbs, missing limbs, fused limbs, duplicated hands, duplicated feet, twisted joints, dislocated shoulders, broken spine, impossible balance, contradictory weight distribution",Pose/Crouching/Compact,1,False
0006 | Pose/Crouching/Compact/Compact Crouch — both feet flat and close together — head rotated slightly left,"both feet flat and close together, both knees deeply bent, pelvis lowered near the heels, torso inclined forward; head rotated slightly left, pelvis stable; clear joint alignment; distinct limb separation","upright standing posture, seated posture, lying posture, knees straight, different pose, altered limb placement, extra limbs, missing limbs, fused limbs, duplicated hands, duplicated feet, twisted joints, dislocated shoulders, broken spine, impossible balance, contradictory weight distribution",Pose/Crouching/Compact,1,False
0007 | Pose/Crouching/Compact/Compact Crouch — both feet flat and close together — head rotated slightly right,"both feet flat and close together, both knees deeply bent, pelvis lowered near the heels, torso inclined forward; head rotated slightly right, pelvis stable; clear joint alignment; distinct limb separation","upright standing posture, seated posture, lying posture, knees straight, different pose, altered limb placement, extra limbs, missing limbs, fused limbs, duplicated hands, duplicated feet, twisted joints, dislocated shoulders, broken spine, impossible balance, contradictory weight distribution",Pose/Crouching/Compact,1,False
0008 | Pose/Crouching/Compact/Compact Crouch — both feet flat and close together — ribcage rotated slightly left,"both feet flat and close together, both knees deeply bent, pelvis lowered near the heels, torso inclined forward; ribcage rotated slightly left, hips facing forward; clear joint alignment; distinct limb separation","upright standing posture, seated posture, lying posture, knees straight, different pose, altered limb placement, extra limbs, missing limbs, fused limbs, duplicated hands, duplicated feet, twisted joints, dislocated shoulders, broken spine, impossible balance, contradictory weight distribution",Pose/Crouching/Compact,1,False
0009 | Pose/Crouching/Compact/Compact Crouch — both feet flat and close together — ribcage rotated slightly right,"both feet flat and close together, both knees deeply bent, pelvis lowered near the heels, torso inclined forward; ribcage rotated slightly right, hips facing forward; clear joint alignment; distinct limb separation","upright standing posture, seated posture, lying posture, knees straight, different pose, altered limb placement, extra limbs, missing limbs, fused limbs, duplicated hands, duplicated feet, twisted joints, dislocated shoulders, broken spine, impossible balance, contradictory weight distribution",Pose/Crouching/Compact,1,False
0010 | Pose/Crouching/Compact/Compact Crouch — both feet flat and close together — torso inclined slightly forward with a long spine,"both feet flat and close together, both knees deeply bent, pelvis lowered near the heels, torso inclined forward; torso inclined slightly forward with a long spine; clear joint alignment; distinct limb separation","upright standing posture, seated posture, lying posture, knees straight, different pose, altered limb placement, extra limbs, missing limbs, fused limbs, duplicated hands, duplicated feet, twisted joints, dislocated shoulders, broken spine, impossible balance, contradictory weight distribution",Pose/Crouching/Compact,1,False
0011 | Pose/Crouching/Compact/Compact Crouch — both feet flat and close together — torso inclined slightly backward with abdominal support,"both feet flat and close together, both knees deeply bent, pelvis lowered near the heels, torso inclined forward; torso inclined slightly backward with abdominal support; clear joint alignment; distinct limb separation","upright standing posture, seated posture, lying posture, knees straight, different pose, altered limb placement, extra limbs, missing limbs, fused limbs, duplicated hands, duplicated feet, twisted joints, dislocated shoulders, broken spine, impossible balance, contradictory weight distribution",Pose/Crouching/Compact,1,False
0012 | Pose/Crouching/Compact/Compact Crouch — both feet flat and close together — left shoulder slightly higher than the right,"both feet flat and close together, both knees deeply bent, pelvis lowered near the heels, torso inclined forward; left shoulder slightly higher than the right; clear joint alignment; distinct limb separation","upright standing posture, seated posture, lying posture, knees straight, different pose, altered limb placement, extra limbs, missing limbs, fused limbs, duplicated hands, duplicated feet, twisted joints, dislocated shoulders, broken spine, impossible balance, contradictory weight distribution",Pose/Crouching/Compact,1,False
0013 | Pose/Crouching/Compact/Compact Crouch — both feet flat and close together — right shoulder slightly higher than the left,"both feet flat and close together, both knees deeply bent, pelvis lowered near the heels, torso inclined forward; right shoulder slightly higher than the left; clear joint alignment; distinct limb separation","upright standing posture, seated posture, lying posture, knees straight, different pose, altered limb placement, extra limbs, missing limbs, fused limbs, duplicated hands, duplicated feet, twisted joints, dislocated shoulders, broken spine, impossible balance, contradictory weight distribution",Pose/Crouching/Compact,1,False
0014 | Pose/Crouching/Compact/Compact Crouch — both feet flat and close together — shoulders gently drawn back,"both feet flat and close together, both knees deeply bent, pelvis lowered near the heels, torso inclined forward; shoulders gently drawn back; clear joint alignment; distinct limb separation","upright standing posture, seated posture, lying posture, knees straight, different pose, altered limb placement, extra limbs, missing limbs, fused limbs, duplicated hands, duplicated feet, twisted joints, dislocated shoulders, broken spine, impossible balance, contradictory weight distribution",Pose/Crouching/Compact,1,False
0015 | Pose/Crouching/Compact/Compact Crouch — both feet flat and close together — shoulders relaxed and lowered,"both feet flat and close together, both knees deeply bent, pelvis lowered near the heels, torso inclined forward; shoulders relaxed and lowered; clear joint alignment; distinct limb separation","upright standing posture, seated posture, lying posture, knees straight, different pose, altered limb placement, extra limbs, missing limbs, fused limbs, duplicated hands, duplicated feet, twisted joints, dislocated shoulders, broken spine, impossible balance, contradictory weight distribution",Pose/Crouching/Compact,1,False
0016 | Pose/Crouching/Compact/Compact Crouch — both feet flat and close together — pelvis shifted slightly left with torso counterbalance,"both feet flat and close together, both knees deeply bent, pelvis lowered near the heels, torso inclined forward; pelvis shifted slightly left with torso counterbalance; clear joint alignment; distinct limb separation","upright standing posture, seated posture, lying posture, knees straight, different pose, altered limb placement, extra limbs, missing limbs, fused limbs, duplicated hands, duplicated feet, twisted joints, dislocated shoulders, broken spine, impossible balance, contradictory weight distribution",Pose/Crouching/Compact,1,False
0017 | Pose/Crouching/Compact/Compact Crouch — both feet flat and close together — pelvis shifted slightly right with torso counterbalance,"both feet flat and close together, both knees deeply bent, pelvis lowered near the heels, torso inclined forward; pelvis shifted slightly right with torso counterbalance; clear joint alignment; distinct limb separation","upright standing posture, seated posture, lying posture, knees straight, different pose, altered limb placement, extra limbs, missing limbs, fused limbs, duplicated hands, duplicated feet, twisted joints, dislocated shoulders, broken spine, impossible balance, contradictory weight distribution",Pose/Crouching/Compact,1,False
0018 | Pose/Crouching/Compact/Compact Crouch — both feet flat and close together — upper back gently rounded,"both feet flat and close together, both knees deeply bent, pelvis lowered near the heels, torso inclined forward; upper back gently rounded; clear joint alignment; distinct limb separation","upright standing posture, seated posture, lying posture, knees straight, different pose, altered limb placement, extra limbs, missing limbs, fused limbs, duplicated hands, duplicated feet, twisted joints, dislocated shoulders, broken spine, impossible balance, contradictory weight distribution",Pose/Crouching/Compact,1,False
0019 | Pose/Crouching/Compact/Compact Crouch — both feet flat and close together — upper back gently extended,"both feet flat and close together, both knees deeply bent, pelvis lowered near the heels, torso inclined forward; upper back gently extended; clear joint alignment; distinct limb separation","upright standing posture, seated posture, lying posture, knees straight, different pose, altered limb placement, extra limbs, missing limbs, fused limbs, duplicated hands, duplicated feet, twisted joints, dislocated shoulders, broken spine, impossible balance, contradictory weight distribution",Pose/Crouching/Compact,1,False
0020 | Pose/Crouching/Compact/Compact Crouch — both feet flat and close together — head aligned with the spine,"both feet flat and close together, both knees deeply bent, pelvis lowered near the heels, torso inclined forward; head aligned with the spine; clear joint alignment; distinct limb separation","upright standing posture, seated posture, lying posture, knees straight, different pose, altered limb placement, extra limbs, missing limbs, fused limbs, duplicated hands, duplicated feet, twisted joints, dislocated shoulders, broken spine, impossible balance, contradictory weight distribution",Pose/Crouching/Compact,1,False
0021 | Pose/Crouching/Compact/Compact Crouch — both feet flat and hip-width apart — spine vertical,"both feet flat and hip-width apart, knees deeply bent, pelvis lowered, forearms resting on the thighs; spine vertical, shoulders level, chin neutral; clear joint alignment; distinct limb separation","upright standing posture, seated posture, lying posture, knees straight, different pose, altered limb placement, extra limbs, missing limbs, fused limbs, duplicated hands, duplicated feet, twisted joints, dislocated shoulders, broken spine, impossible balance, contradictory weight distribution",Pose/Crouching/Compact,1,False
0022 | Pose/Crouching/Compact/Compact Crouch — both feet flat and hip-width apart — chin slightly lowered,"both feet flat and hip-width apart, knees deeply bent, pelvis lowered, forearms resting on the thighs; chin slightly lowered, neck long; clear joint alignment; distinct limb separation","upright standing posture, seated posture, lying posture, knees straight, different pose, altered limb placement, extra limbs, missing limbs, fused limbs, duplicated hands, duplicated feet, twisted joints, dislocated shoulders, broken spine, impossible balance, contradictory weight distribution",Pose/Crouching/Compact,1,False
0023 | Pose/Crouching/Compact/Compact Crouch — both feet flat and hip-width apart — chin slightly raised,"both feet flat and hip-width apart, knees deeply bent, pelvis lowered, forearms resting on the thighs; chin slightly raised, neck long; clear joint alignment; distinct limb separation","upright standing posture, seated posture, lying posture, knees straight, different pose, altered limb placement, extra limbs, missing limbs, fused limbs, duplicated hands, duplicated feet, twisted joints, dislocated shoulders, broken spine, impossible balance, contradictory weight distribution",Pose/Crouching/Compact,1,False
0024 | Pose/Crouching/Compact/Compact Crouch — both feet flat and hip-width apart — head tilted slightly left,"both feet flat and hip-width apart, knees deeply bent, pelvis lowered, forearms resting on the thighs; head tilted slightly left; clear joint alignment; distinct limb separation","upright standing posture, seated posture, lying posture, knees straight, different pose, altered limb placement, extra limbs, missing limbs, fused limbs, duplicated hands, duplicated feet, twisted joints, dislocated shoulders, broken spine, impossible balance, contradictory weight distribution",Pose/Crouching/Compact,1,False
0025 | Pose/Crouching/Compact/Compact Crouch — both feet flat and hip-width apart — head tilted slightly right,"both feet flat and hip-width apart, knees deeply bent, pelvis lowered, forearms resting on the thighs; head tilted slightly right; clear joint alignment; distinct limb separation","upright standing posture, seated posture, lying posture, knees straight, different pose, altered limb placement, extra limbs, missing limbs, fused limbs, duplicated hands, duplicated feet, twisted joints, dislocated shoulders, broken spine, impossible balance, contradictory weight distribution",Pose/Crouching/Compact,1,False
0026 | Pose/Crouching/Compact/Compact Crouch — both feet flat and hip-width apart — head rotated slightly left,"both feet flat and hip-width apart, knees deeply bent, pelvis lowered, forearms resting on the thighs; head rotated slightly left, pelvis stable; clear joint alignment; distinct limb separation","upright standing posture, seated posture, lying posture, knees straight, different pose, altered limb placement, extra limbs, missing limbs, fused limbs, duplicated hands, duplicated feet, twisted joints, dislocated shoulders, broken spine, impossible balance, contradictory weight distribution",Pose/Crouching/Compact,1,False
0027 | Pose/Crouching/Compact/Compact Crouch — both feet flat and hip-width apart — head rotated slightly right,"both feet flat and hip-width apart, knees deeply bent, pelvis lowered, forearms resting on the thighs; head rotated slightly right, pelvis stable; clear joint alignment; distinct limb separation","upright standing posture, seated posture, lying posture, knees straight, different pose, altered limb placement, extra limbs, missing limbs, fused limbs, duplicated hands, duplicated feet, twisted joints, dislocated shoulders, broken spine, impossible balance, contradictory weight distribution",Pose/Crouching/Compact,1,False
0028 | Pose/Crouching/Compact/Compact Crouch — both feet flat and hip-width apart — ribcage rotated slightly left,"both feet flat and hip-width apart, knees deeply bent, pelvis lowered, forearms resting on the thighs; ribcage rotated slightly left, hips facing forward; clear joint alignment; distinct limb separation","upright standing posture, seated posture, lying posture, knees straight, different pose, altered limb placement, extra limbs, missing limbs, fused limbs, duplicated hands, duplicated feet, twisted joints, dislocated shoulders, broken spine, impossible balance, contradictory weight distribution",Pose/Crouching/Compact,1,False
0029 | Pose/Crouching/Compact/Compact Crouch — both feet flat and hip-width apart — ribcage rotated slightly right,"both feet flat and hip-width apart, knees deeply bent, pelvis lowered, forearms resting on the thighs; ribcage rotated slightly right, hips facing forward; clear joint alignment; distinct limb separation","upright standing posture, seated posture, lying posture, knees straight, different pose, altered limb placement, extra limbs, missing limbs, fused limbs, duplicated hands, duplicated feet, twisted joints, dislocated shoulders, broken spine, impossible balance, contradictory weight distribution",Pose/Crouching/Compact,1,False
0030 | Pose/Crouching/Compact/Compact Crouch — both feet flat and hip-width apart — torso inclined slightly forward with a long spine,"both feet flat and hip-width apart, knees deeply bent, pelvis lowered, forearms resting on the thighs; torso inclined slightly forward with a long spine; clear joint alignment; distinct limb separation","upright standing posture, seated posture, lying posture, knees straight, different pose, altered limb placement, extra limbs, missing limbs, fused limbs, duplicated hands, duplicated feet, twisted joints, dislocated shoulders, broken spine, impossible balance, contradictory weight distribution",Pose/Crouching/Compact,1,False
0031 | Pose/Crouching/Compact/Compact Crouch — both feet flat and hip-width apart — torso inclined slightly backward with abdominal support,"both feet flat and hip-width apart, knees deeply bent, pelvis lowered, forearms resting on the thighs; torso inclined slightly backward with abdominal support; clear joint alignment; distinct limb separation","upright standing posture, seated posture, lying posture, knees straight, different pose, altered limb placement, extra limbs, missing limbs, fused limbs, duplicated hands, duplicated feet, twisted joints, dislocated shoulders, broken spine, impossible balance, contradictory weight distribution",Pose/Crouching/Compact,1,False
0032 | Pose/Crouching/Compact/Compact Crouch — both feet flat and hip-width apart — left shoulder slightly higher than the right,"both feet flat and hip-width apart, knees deeply bent, pelvis lowered, forearms resting on the thighs; left shoulder slightly higher than the right; clear joint alignment; distinct limb separation","upright standing posture, seated posture, lying posture, knees straight, different pose, altered limb placement, extra limbs, missing limbs, fused limbs, duplicated hands, duplicated feet, twisted joints, dislocated shoulders, broken spine, impossible balance, contradictory weight distribution",Pose/Crouching/Compact,1,False
0033 | Pose/Crouching/Compact/Compact Crouch — both feet flat and hip-width apart — right shoulder slightly higher than the left,"both feet flat and hip-width apart, knees deeply bent, pelvis lowered, forearms resting on the thighs; right shoulder slightly higher than the left; clear joint alignment; distinct limb separation","upright standing posture, seated posture, lying posture, knees straight, different pose, altered limb placement, extra limbs, missing limbs, fused limbs, duplicated hands, duplicated feet, twisted joints, dislocated shoulders, broken spine, impossible balance, contradictory weight distribution",Pose/Crouching/Compact,1,False
0034 | Pose/Crouching/Compact/Compact Crouch — both feet flat and hip-width apart — shoulders gently drawn back,"both feet flat and hip-width apart, knees deeply bent, pelvis lowered, forearms resting on the thighs; shoulders gently drawn back; clear joint alignment; distinct limb separation","upright standing posture, seated posture, lying posture, knees straight, different pose, altered limb placement, extra limbs, missing limbs, fused limbs, duplicated hands, duplicated feet, twisted joints, dislocated shoulders, broken spine, impossible balance, contradictory weight distribution",Pose/Crouching/Compact,1,False
0035 | Pose/Crouching/Compact/Compact Crouch — both feet flat and hip-width apart — shoulders relaxed and lowered,"both feet flat and hip-width apart, knees deeply bent, pelvis lowered, forearms resting on the thighs; shoulders relaxed and lowered; clear joint alignment; distinct limb separation","upright standing posture, seated posture, lying posture, knees straight, different pose, altered limb placement, extra limbs, missing limbs, fused limbs, duplicated hands, duplicated feet, twisted joints, dislocated shoulders, broken spine, impossible balance, contradictory weight distribution",Pose/Crouching/Compact,1,False
0036 | Pose/Crouching/Compact/Compact Crouch — both feet flat and hip-width apart — pelvis shifted slightly left with torso counterbalance,"both feet flat and hip-width apart, knees deeply bent, pelvis lowered, forearms resting on the thighs; pelvis shifted slightly left with torso counterbalance; clear joint alignment; distinct limb separation","upright standing posture, seated posture, lying posture, knees straight, different pose, altered limb placement, extra limbs, missing limbs, fused limbs, duplicated hands, duplicated feet, twisted joints, dislocated shoulders, broken spine, impossible balance, contradictory weight distribution",Pose/Crouching/Compact,1,False
0037 | Pose/Crouching/Compact/Compact Crouch — both feet flat and hip-width apart — pelvis shifted slightly right with torso counterbalance,"both feet flat and hip-width apart, knees deeply bent, pelvis lowered, forearms resting on the thighs; pelvis shifted slightly right with torso counterbalance; clear joint alignment; distinct limb separation","upright standing posture, seated posture, lying posture, knees straight, different pose, altered limb placement, extra limbs, missing limbs, fused limbs, duplicated hands, duplicated feet, twisted joints, dislocated shoulders, broken spine, impossible balance, contradictory weight distribution",Pose/Crouching/Compact,1,False
0038 | Pose/Crouching/Compact/Compact Crouch — both feet flat and hip-width apart — upper back gently rounded,"both feet flat and hip-width apart, knees deeply bent, pelvis lowered, forearms resting on the thighs; upper back gently rounded; clear joint alignment; distinct limb separation","upright standing posture, seated posture, lying posture, knees straight, different pose, altered limb placement, extra limbs, missing limbs, fused limbs, duplicated hands, duplicated feet, twisted joints, dislocated shoulders, broken spine, impossible balance, contradictory weight distribution",Pose/Crouching/Compact,1,False
0039 | Pose/Crouching/Compact/Compact Crouch — both feet flat and hip-width apart — upper back gently extended,"both feet flat and hip-width apart, knees deeply bent, pelvis lowered, forearms resting on the thighs; upper back gently extended; clear joint alignment; distinct limb separation","upright standing posture, seated posture, lying posture, knees straight, different pose, altered limb placement, extra limbs, missing limbs, fused limbs, duplicated hands, duplicated feet, twisted joints, dislocated shoulders, broken spine, impossible balance, contradictory weight distribution",Pose/Crouching/Compact,1,False
0040 | Pose/Crouching/Compact/Compact Crouch — both feet flat and hip-width apart — head aligned with the spine,"both feet flat and hip-width apart, knees deeply bent, pelvis lowered, forearms resting on the thighs; head aligned with the spine; clear joint alignment; distinct limb separation","upright standing posture, seated posture, lying posture, knees straight, different pose, altered limb placement, extra limbs, missing limbs, fused limbs, duplicated hands, duplicated feet, twisted joints, dislocated shoulders, broken spine, impossible balance, contradictory weight distribution",Pose/Crouching/Compact,1,False
0041 | Pose/Crouching/Compact/Compact Crouch — heels raised — spine vertical,"heels raised, weight through both forefeet, knees deeply bent, pelvis compact; spine vertical, shoulders level, chin neutral; clear joint alignment; distinct limb separation","upright standing posture, seated posture, lying posture, knees straight, different pose, altered limb placement, extra limbs, missing limbs, fused limbs, duplicated hands, duplicated feet, twisted joints, dislocated shoulders, broken spine, impossible balance, contradictory weight distribution",Pose/Crouching/Compact,1,False
0042 | Pose/Crouching/Compact/Compact Crouch — heels raised — chin slightly lowered,"heels raised, weight through both forefeet, knees deeply bent, pelvis compact; chin slightly lowered, neck long; clear joint alignment; distinct limb separation","upright standing posture, seated posture, lying posture, knees straight, different pose, altered limb placement, extra limbs, missing limbs, fused limbs, duplicated hands, duplicated feet, twisted joints, dislocated shoulders, broken spine, impossible balance, contradictory weight distribution",Pose/Crouching/Compact,1,False
0043 | Pose/Crouching/Compact/Compact Crouch — heels raised — chin slightly raised,"heels raised, weight through both forefeet, knees deeply bent, pelvis compact; chin slightly raised, neck long; clear joint alignment; distinct limb separation","upright standing posture, seated posture, lying posture, knees straight, different pose, altered limb placement, extra limbs, missing limbs, fused limbs, duplicated hands, duplicated feet, twisted joints, dislocated shoulders, broken spine, impossible balance, contradictory weight distribution",Pose/Crouching/Compact,1,False
0044 | Pose/Crouching/Compact/Compact Crouch — heels raised — head tilted slightly left,"heels raised, weight through both forefeet, knees deeply bent, pelvis compact; head tilted slightly left; clear joint alignment; distinct limb separation","upright standing posture, seated posture, lying posture, knees straight, different pose, altered limb placement, extra limbs, missing limbs, fused limbs, duplicated hands, duplicated feet, twisted joints, dislocated shoulders, broken spine, impossible balance, contradictory weight distribution",Pose/Crouching/Compact,1,False
0045 | Pose/Crouching/Compact/Compact Crouch — heels raised — head tilted slightly right,"heels raised, weight through both forefeet, knees deeply bent, pelvis compact; head tilted slightly right; clear joint alignment; distinct limb separation","upright standing posture, seated posture, lying posture, knees straight, different pose, altered limb placement, extra limbs, missing limbs, fused limbs, duplicated hands, duplicated feet, twisted joints, dislocated shoulders, broken spine, impossible balance, contradictory weight distribution",Pose/Crouching/Compact,1,False
0046 | Pose/Crouching/Compact/Compact Crouch — heels raised — head rotated slightly left,"heels raised, weight through both forefeet, knees deeply bent, pelvis compact; head rotated slightly left, pelvis stable; clear joint alignment; distinct limb separation","upright standing posture, seated posture, lying posture, knees straight, different pose, altered limb placement, extra limbs, missing limbs, fused limbs, duplicated hands, duplicated feet, twisted joints, dislocated shoulders, broken spine, impossible balance, contradictory weight distribution",Pose/Crouching/Compact,1,False
0047 | Pose/Crouching/Compact/Compact Crouch — heels raised — head rotated slightly right,"heels raised, weight through both forefeet, knees deeply bent, pelvis compact; head rotated slightly right, pelvis stable; clear joint alignment; distinct limb separation","upright standing posture, seated posture, lying posture, knees straight, different pose, altered limb placement, extra limbs, missing limbs, fused limbs, duplicated hands, duplicated feet, twisted joints, dislocated shoulders, broken spine, impossible balance, contradictory weight distribution",Pose/Crouching/Compact,1,False
0048 | Pose/Crouching/Compact/Compact Crouch — heels raised — ribcage rotated slightly left,"heels raised, weight through both forefeet, knees deeply bent, pelvis compact; ribcage rotated slightly left, hips facing forward; clear joint alignment; distinct limb separation","upright standing posture, seated posture, lying posture, knees straight, different pose, altered limb placement, extra limbs, missing limbs, fused limbs, duplicated hands, duplicated feet, twisted joints, dislocated shoulders, broken spine, impossible balance, contradictory weight distribution",Pose/Crouching/Compact,1,False
0049 | Pose/Crouching/Compact/Compact Crouch — heels raised — ribcage rotated slightly right,"heels raised, weight through both forefeet, knees deeply bent, pelvis compact; ribcage rotated slightly right, hips facing forward; clear joint alignment; distinct limb separation","upright standing posture, seated posture, lying posture, knees straight, different pose, altered limb placement, extra limbs, missing limbs, fused limbs, duplicated hands, duplicated feet, twisted joints, dislocated shoulders, broken spine, impossible balance, contradictory weight distribution",Pose/Crouching/Compact,1,False
0050 | Pose/Crouching/Compact/Compact Crouch — heels raised — torso inclined slightly forward with a long spine,"heels raised, weight through both forefeet, knees deeply bent, pelvis compact; torso inclined slightly forward with a long spine; clear joint alignment; distinct limb separation","upright standing posture, seated posture, lying posture, knees straight, different pose, altered limb placement, extra limbs, missing limbs, fused limbs, duplicated hands, duplicated feet, twisted joints, dislocated shoulders, broken spine, impossible balance, contradictory weight distribution",Pose/Crouching/Compact,1,False
0051 | Pose/Crouching/Compact/Compact Crouch — heels raised — torso inclined slightly backward with abdominal support,"heels raised, weight through both forefeet, knees deeply bent, pelvis compact; torso inclined slightly backward with abdominal support; clear joint alignment; distinct limb separation","upright standing posture, seated posture, lying posture, knees straight, different pose, altered limb placement, extra limbs, missing limbs, fused limbs, duplicated hands, duplicated feet, twisted joints, dislocated shoulders, broken spine, impossible balance, contradictory weight distribution",Pose/Crouching/Compact,1,False
0052 | Pose/Crouching/Compact/Compact Crouch — heels raised — left shoulder slightly higher than the right,"heels raised, weight through both forefeet, knees deeply bent, pelvis compact; left shoulder slightly higher than the right; clear joint alignment; distinct limb separation","upright standing posture, seated posture, lying posture, knees straight, different pose, altered limb placement, extra limbs, missing limbs, fused limbs, duplicated hands, duplicated feet, twisted joints, dislocated shoulders, broken spine, impossible balance, contradictory weight distribution",Pose/Crouching/Compact,1,False
0053 | Pose/Crouching/Compact/Compact Crouch — heels raised — right shoulder slightly higher than the left,"heels raised, weight through both forefeet, knees deeply bent, pelvis compact; right shoulder slightly higher than the left; clear joint alignment; distinct limb separation","upright standing posture, seated posture, lying posture, knees straight, different pose, altered limb placement, extra limbs, missing limbs, fused limbs, duplicated hands, duplicated feet, twisted joints, dislocated shoulders, broken spine, impossible balance, contradictory weight distribution",Pose/Crouching/Compact,1,False
0054 | Pose/Crouching/Compact/Compact Crouch — heels raised — shoulders gently drawn back,"heels raised, weight through both forefeet, knees deeply bent, pelvis compact; shoulders gently drawn back; clear joint alignment; distinct limb separation","upright standing posture, seated posture, lying posture, knees straight, different pose, altered limb placement, extra limbs, missing limbs, fused limbs, duplicated hands, duplicated feet, twisted joints, dislocated shoulders, broken spine, impossible balance, contradictory weight distribution",Pose/Crouching/Compact,1,False
0055 | Pose/Crouching/Compact/Compact Crouch — heels raised — shoulders relaxed and lowered,"heels raised, weight through both forefeet, knees deeply bent, pelvis compact; shoulders relaxed and lowered; clear joint alignment; distinct limb separation","upright standing posture, seated posture, lying posture, knees straight, different pose, altered limb placement, extra limbs, missing limbs, fused limbs, duplicated hands, duplicated feet, twisted joints, dislocated shoulders, broken spine, impossible balance, contradictory weight distribution",Pose/Crouching/Compact,1,False
0056 | Pose/Crouching/Compact/Compact Crouch — heels raised — pelvis shifted slightly left with torso counterbalance,"heels raised, weight through both forefeet, knees deeply bent, pelvis compact; pelvis shifted slightly left with torso counterbalance; clear joint alignment; distinct limb separation","upright standing posture, seated posture, lying posture, knees straight, different pose, altered limb placement, extra limbs, missing limbs, fused limbs, duplicated hands, duplicated feet, twisted joints, dislocated shoulders, broken spine, impossible balance, contradictory weight distribution",Pose/Crouching/Compact,1,False
0057 | Pose/Crouching/Compact/Compact Crouch — heels raised — pelvis shifted slightly right with torso counterbalance,"heels raised, weight through both forefeet, knees deeply bent, pelvis compact; pelvis shifted slightly right with torso counterbalance; clear joint alignment; distinct limb separation","upright standing posture, seated posture, lying posture, knees straight, different pose, altered limb placement, extra limbs, missing limbs, fused limbs, duplicated hands, duplicated feet, twisted joints, dislocated shoulders, broken spine, impossible balance, contradictory weight distribution",Pose/Crouching/Compact,1,False
0058 | Pose/Crouching/Compact/Compact Crouch — heels raised — upper back gently rounded,"heels raised, weight through both forefeet, knees deeply bent, pelvis compact; upper back gently rounded; clear joint alignment; distinct limb separation","upright standing posture, seated posture, lying posture, knees straight, different pose, altered limb placement, extra limbs, missing limbs, fused limbs, duplicated hands, duplicated feet, twisted joints, dislocated shoulders, broken spine, impossible balance, contradictory weight distribution",Pose/Crouching/Compact,1,False
0059 | Pose/Crouching/Compact/Compact Crouch — heels raised — upper back gently extended,"heels raised, weight through both forefeet, knees deeply bent, pelvis compact; upper back gently extended; clear joint alignment; distinct limb separation","upright standing posture, seated posture, lying posture, knees straight, different pose, altered limb placement, extra limbs, missing limbs, fused limbs, duplicated hands, duplicated feet, twisted joints, dislocated shoulders, broken spine, impossible balance, contradictory weight distribution",Pose/Crouching/Compact,1,False
0060 | Pose/Crouching/Compact/Compact Crouch — heels raised — head aligned with the spine,"heels raised, weight through both forefeet, knees deeply bent, pelvis compact; head aligned with the spine; clear joint alignment; distinct limb separation","upright standing posture, seated posture, lying posture, knees straight, different pose, altered limb placement, extra limbs, missing limbs, fused limbs, duplicated hands, duplicated feet, twisted joints, dislocated shoulders, broken spine, impossible balance, contradictory weight distribution",Pose/Crouching/Compact,1,False
0061 | Pose/Crouching/Compact/Compact Crouch — left foot flat and right heel raised — spine vertical,"left foot flat and right heel raised, knees deeply bent, pelvis lowered; spine vertical, shoulders level, chin neutral; clear joint alignment; distinct limb separation","upright standing posture, seated posture, lying posture, knees straight, different pose, altered limb placement, extra limbs, missing limbs, fused limbs, duplicated hands, duplicated feet, twisted joints, dislocated shoulders, broken spine, impossible balance, contradictory weight distribution",Pose/Crouching/Compact,1,False
0062 | Pose/Crouching/Compact/Compact Crouch — left foot flat and right heel raised — chin slightly lowered,"left foot flat and right heel raised, knees deeply bent, pelvis lowered; chin slightly lowered, neck long; clear joint alignment; distinct limb separation","upright standing posture, seated posture, lying posture, knees straight, different pose, altered limb placement, extra limbs, missing limbs, fused limbs, duplicated hands, duplicated feet, twisted joints, dislocated shoulders, broken spine, impossible balance, contradictory weight distribution",Pose/Crouching/Compact,1,False
0063 | Pose/Crouching/Compact/Compact Crouch — left foot flat and right heel raised — chin slightly raised,"left foot flat and right heel raised, knees deeply bent, pelvis lowered; chin slightly raised, neck long; clear joint alignment; distinct limb separation","upright standing posture, seated posture, lying posture, knees straight, different pose, altered limb placement, extra limbs, missing limbs, fused limbs, duplicated hands, duplicated feet, twisted joints, dislocated shoulders, broken spine, impossible balance, contradictory weight distribution",Pose/Crouching/Compact,1,False
0064 | Pose/Crouching/Compact/Compact Crouch — left foot flat and right heel raised — head tilted slightly left,"left foot flat and right heel raised, knees deeply bent, pelvis lowered; head tilted slightly left; clear joint alignment; distinct limb separation","upright standing posture, seated posture, lying posture, knees straight, different pose, altered limb placement, extra limbs, missing limbs, fused limbs, duplicated hands, duplicated feet, twisted joints, dislocated shoulders, broken spine, impossible balance, contradictory weight distribution",Pose/Crouching/Compact,1,False
0065 | Pose/Crouching/Compact/Compact Crouch — left foot flat and right heel raised — head tilted slightly right,"left foot flat and right heel raised, knees deeply bent, pelvis lowered; head tilted slightly right; clear joint alignment; distinct limb separation","upright standing posture, seated posture, lying posture, knees straight, different pose, altered limb placement, extra limbs, missing limbs, fused limbs, duplicated hands, duplicated feet, twisted joints, dislocated shoulders, broken spine, impossible balance, contradictory weight distribution",Pose/Crouching/Compact,1,False
0066 | Pose/Crouching/Compact/Compact Crouch — left foot flat and right heel raised — head rotated slightly left,"left foot flat and right heel raised, knees deeply bent, pelvis lowered; head rotated slightly left, pelvis stable; clear joint alignment; distinct limb separation","upright standing posture, seated posture, lying posture, knees straight, different pose, altered limb placement, extra limbs, missing limbs, fused limbs, duplicated hands, duplicated feet, twisted joints, dislocated shoulders, broken spine, impossible balance, contradictory weight distribution",Pose/Crouching/Compact,1,False
0067 | Pose/Crouching/Compact/Compact Crouch — left foot flat and right heel raised — head rotated slightly right,"left foot flat and right heel raised, knees deeply bent, pelvis lowered; head rotated slightly right, pelvis stable; clear joint alignment; distinct limb separation","upright standing posture, seated posture, lying posture, knees straight, different pose, altered limb placement, extra limbs, missing limbs, fused limbs, duplicated hands, duplicated feet, twisted joints, dislocated shoulders, broken spine, impossible balance, contradictory weight distribution",Pose/Crouching/Compact,1,False
0068 | Pose/Crouching/Compact/Compact Crouch — left foot flat and right heel raised — ribcage rotated slightly left,"left foot flat and right heel raised, knees deeply bent, pelvis lowered; ribcage rotated slightly left, hips facing forward; clear joint alignment; distinct limb separation","upright standing posture, seated posture, lying posture, knees straight, different pose, altered limb placement, extra limbs, missing limbs, fused limbs, duplicated hands, duplicated feet, twisted joints, dislocated shoulders, broken spine, impossible balance, contradictory weight distribution",Pose/Crouching/Compact,1,False
0069 | Pose/Crouching/Compact/Compact Crouch — left foot flat and right heel raised — ribcage rotated slightly right,"left foot flat and right heel raised, knees deeply bent, pelvis lowered; ribcage rotated slightly right, hips facing forward; clear joint alignment; distinct limb separation","upright standing posture, seated posture, lying posture, knees straight, different pose, altered limb placement, extra limbs, missing limbs, fused limbs, duplicated hands, duplicated feet, twisted joints, dislocated shoulders, broken spine, impossible balance, contradictory weight distribution",Pose/Crouching/Compact,1,False
0070 | Pose/Crouching/Compact/Compact Crouch — left foot flat and right heel raised — torso inclined slightly forward with a long spine,"left foot flat and right heel raised, knees deeply bent, pelvis lowered; torso inclined slightly forward with a long spine; clear joint alignment; distinct limb separation","upright standing posture, seated posture, lying posture, knees straight, different pose, altered limb placement, extra limbs, missing limbs, fused limbs, duplicated hands, duplicated feet, twisted joints, dislocated shoulders, broken spine, impossible balance, contradictory weight distribution",Pose/Crouching/Compact,1,False
0071 | Pose/Crouching/Compact/Compact Crouch — left foot flat and right heel raised — torso inclined slightly backward with abdominal support,"left foot flat and right heel raised, knees deeply bent, pelvis lowered; torso inclined slightly backward with abdominal support; clear joint alignment; distinct limb separation","upright standing posture, seated posture, lying posture, knees straight, different pose, altered limb placement, extra limbs, missing limbs, fused limbs, duplicated hands, duplicated feet, twisted joints, dislocated shoulders, broken spine, impossible balance, contradictory weight distribution",Pose/Crouching/Compact,1,False
0072 | Pose/Crouching/Compact/Compact Crouch — left foot flat and right heel raised — left shoulder slightly higher than the right,"left foot flat and right heel raised, knees deeply bent, pelvis lowered; left shoulder slightly higher than the right; clear joint alignment; distinct limb separation","upright standing posture, seated posture, lying posture, knees straight, different pose, altered limb placement, extra limbs, missing limbs, fused limbs, duplicated hands, duplicated feet, twisted joints, dislocated shoulders, broken spine, impossible balance, contradictory weight distribution",Pose/Crouching/Compact,1,False
0073 | Pose/Crouching/Compact/Compact Crouch — left foot flat and right heel raised — right shoulder slightly higher than the left,"left foot flat and right heel raised, knees deeply bent, pelvis lowered; right shoulder slightly higher than the left; clear joint alignment; distinct limb separation","upright standing posture, seated posture, lying posture, knees straight, different pose, altered limb placement, extra limbs, missing limbs, fused limbs, duplicated hands, duplicated feet, twisted joints, dislocated shoulders, broken spine, impossible balance, contradictory weight distribution",Pose/Crouching/Compact,1,False
0074 | Pose/Crouching/Compact/Compact Crouch — left foot flat and right heel raised — shoulders gently drawn back,"left foot flat and right heel raised, knees deeply bent, pelvis lowered; shoulders gently drawn back; clear joint alignment; distinct limb separation","upright standing posture, seated posture, lying posture, knees straight, different pose, altered limb placement, extra limbs, missing limbs, fused limbs, duplicated hands, duplicated feet, twisted joints, dislocated shoulders, broken spine, impossible balance, contradictory weight distribution",Pose/Crouching/Compact,1,False
0075 | Pose/Crouching/Compact/Compact Crouch — left foot flat and right heel raised — shoulders relaxed and lowered,"left foot flat and right heel raised, knees deeply bent, pelvis lowered; shoulders relaxed and lowered; clear joint alignment; distinct limb separation","upright standing posture, seated posture, lying posture, knees straight, different pose, altered limb placement, extra limbs, missing limbs, fused limbs, duplicated hands, duplicated feet, twisted joints, dislocated shoulders, broken spine, impossible balance, contradictory weight distribution",Pose/Crouching/Compact,1,False
0076 | Pose/Crouching/Compact/Compact Crouch — left foot flat and right heel raised — pelvis shifted slightly left with torso counterbalance,"left foot flat and right heel raised, knees deeply bent, pelvis lowered; pelvis shifted slightly left with torso counterbalance; clear joint alignment; distinct limb separation","upright standing posture, seated posture, lying posture, knees straight, different pose, altered limb placement, extra limbs, missing limbs, fused limbs, duplicated hands, duplicated feet, twisted joints, dislocated shoulders, broken spine, impossible balance, contradictory weight distribution",Pose/Crouching/Compact,1,False
0077 | Pose/Crouching/Compact/Compact Crouch — left foot flat and right heel raised — pelvis shifted slightly right with torso counterbalance,"left foot flat and right heel raised, knees deeply bent, pelvis lowered; pelvis shifted slightly right with torso counterbalance; clear joint alignment; distinct limb separation","upright standing posture, seated posture, lying posture, knees straight, different pose, altered limb placement, extra limbs, missing limbs, fused limbs, duplicated hands, duplicated feet, twisted joints, dislocated shoulders, broken spine, impossible balance, contradictory weight distribution",Pose/Crouching/Compact,1,False
0078 | Pose/Crouching/Compact/Compact Crouch — left foot flat and right heel raised — upper back gently rounded,"left foot flat and right heel raised, knees deeply bent, pelvis lowered; upper back gently rounded; clear joint alignment; distinct limb separation","upright standing posture, seated posture, lying posture, knees straight, different pose, altered limb placement, extra limbs, missing limbs, fused limbs, duplicated hands, duplicated feet, twisted joints, dislocated shoulders, broken spine, impossible balance, contradictory weight distribution",Pose/Crouching/Compact,1,False
0079 | Pose/Crouching/Compact/Compact Crouch — left foot flat and right heel raised — upper back gently extended,"left foot flat and right heel raised, knees deeply bent, pelvis lowered; upper back gently extended; clear joint alignment; distinct limb separation","upright standing posture, seated posture, lying posture, knees straight, different pose, altered limb placement, extra limbs, missing limbs, fused limbs, duplicated hands, duplicated feet, twisted joints, dislocated shoulders, broken spine, impossible balance, contradictory weight distribution",Pose/Crouching/Compact,1,False
0080 | Pose/Crouching/Compact/Compact Crouch — left foot flat and right heel raised — head aligned with the spine,"left foot flat and right heel raised, knees deeply bent, pelvis lowered; head aligned with the spine; clear joint alignment; distinct limb separation","upright standing posture, seated posture, lying posture, knees straight, different pose, altered limb placement, extra limbs, missing limbs, fused limbs, duplicated hands, duplicated feet, twisted joints, dislocated shoulders, broken spine, impossible balance, contradictory weight distribution",Pose/Crouching/Compact,1,False
0081 | Pose/Crouching/Compact/Compact Crouch — right foot flat and left heel raised — spine vertical,"right foot flat and left heel raised, knees deeply bent, pelvis lowered; spine vertical, shoulders level, chin neutral; clear joint alignment; distinct limb separation","upright standing posture, seated posture, lying posture, knees straight, different pose, altered limb placement, extra limbs, missing limbs, fused limbs, duplicated hands, duplicated feet, twisted joints, dislocated shoulders, broken spine, impossible balance, contradictory weight distribution",Pose/Crouching/Compact,1,False
0082 | Pose/Crouching/Compact/Compact Crouch — right foot flat and left heel raised — chin slightly lowered,"right foot flat and left heel raised, knees deeply bent, pelvis lowered; chin slightly lowered, neck long; clear joint alignment; distinct limb separation","upright standing posture, seated posture, lying posture, knees straight, different pose, altered limb placement, extra limbs, missing limbs, fused limbs, duplicated hands, duplicated feet, twisted joints, dislocated shoulders, broken spine, impossible balance, contradictory weight distribution",Pose/Crouching/Compact,1,False
0083 | Pose/Crouching/Compact/Compact Crouch — right foot flat and left heel raised — chin slightly raised,"right foot flat and left heel raised, knees deeply bent, pelvis lowered; chin slightly raised, neck long; clear joint alignment; distinct limb separation","upright standing posture, seated posture, lying posture, knees straight, different pose, altered limb placement, extra limbs, missing limbs, fused limbs, duplicated hands, duplicated feet, twisted joints, dislocated shoulders, broken spine, impossible balance, contradictory weight distribution",Pose/Crouching/Compact,1,False
0084 | Pose/Crouching/Compact/Compact Crouch — right foot flat and left heel raised — head tilted slightly left,"right foot flat and left heel raised, knees deeply bent, pelvis lowered; head tilted slightly left; clear joint alignment; distinct limb separation","upright standing posture, seated posture, lying posture, knees straight, different pose, altered limb placement, extra limbs, missing limbs, fused limbs, duplicated hands, duplicated feet, twisted joints, dislocated shoulders, broken spine, impossible balance, contradictory weight distribution",Pose/Crouching/Compact,1,False
0085 | Pose/Crouching/Compact/Compact Crouch — right foot flat and left heel raised — head tilted slightly right,"right foot flat and left heel raised, knees deeply bent, pelvis lowered; head tilted slightly right; clear joint alignment; distinct limb separation","upright standing posture, seated posture, lying posture, knees straight, different pose, altered limb placement, extra limbs, missing limbs, fused limbs, duplicated hands, duplicated feet, twisted joints, dislocated shoulders, broken spine, impossible balance, contradictory weight distribution",Pose/Crouching/Compact,1,False
0086 | Pose/Crouching/Compact/Compact Crouch — right foot flat and left heel raised — head rotated slightly left,"right foot flat and left heel raised, knees deeply bent, pelvis lowered; head rotated slightly left, pelvis stable; clear joint alignment; distinct limb separation","upright standing posture, seated posture, lying posture, knees straight, different pose, altered limb placement, extra limbs, missing limbs, fused limbs, duplicated hands, duplicated feet, twisted joints, dislocated shoulders, broken spine, impossible balance, contradictory weight distribution",Pose/Crouching/Compact,1,False
0087 | Pose/Crouching/Compact/Compact Crouch — right foot flat and left heel raised — head rotated slightly right,"right foot flat and left heel raised, knees deeply bent, pelvis lowered; head rotated slightly right, pelvis stable; clear joint alignment; distinct limb separation","upright standing posture, seated posture, lying posture, knees straight, different pose, altered limb placement, extra limbs, missing limbs, fused limbs, duplicated hands, duplicated feet, twisted joints, dislocated shoulders, broken spine, impossible balance, contradictory weight distribution",Pose/Crouching/Compact,1,False
0088 | Pose/Crouching/Compact/Compact Crouch — right foot flat and left heel raised — ribcage rotated slightly left,"right foot flat and left heel raised, knees deeply bent, pelvis lowered; ribcage rotated slightly left, hips facing forward; clear joint alignment; distinct limb separation","upright standing posture, seated posture, lying posture, knees straight, different pose, altered limb placement, extra limbs, missing limbs, fused limbs, duplicated hands, duplicated feet, twisted joints, dislocated shoulders, broken spine, impossible balance, contradictory weight distribution",Pose/Crouching/Compact,1,False
0089 | Pose/Crouching/Compact/Compact Crouch — right foot flat and left heel raised — ribcage rotated slightly right,"right foot flat and left heel raised, knees deeply bent, pelvis lowered; ribcage rotated slightly right, hips facing forward; clear joint alignment; distinct limb separation","upright standing posture, seated posture, lying posture, knees straight, different pose, altered limb placement, extra limbs, missing limbs, fused limbs, duplicated hands, duplicated feet, twisted joints, dislocated shoulders, broken spine, impossible balance, contradictory weight distribution",Pose/Crouching/Compact,1,False
0090 | Pose/Crouching/Compact/Compact Crouch — right foot flat and left heel raised — torso inclined slightly forward with a long spine,"right foot flat and left heel raised, knees deeply bent, pelvis lowered; torso inclined slightly forward with a long spine; clear joint alignment; distinct limb separation","upright standing posture, seated posture, lying posture, knees straight, different pose, altered limb placement, extra limbs, missing limbs, fused limbs, duplicated hands, duplicated feet, twisted joints, dislocated shoulders, broken spine, impossible balance, contradictory weight distribution",Pose/Crouching/Compact,1,False
0091 | Pose/Crouching/Compact/Compact Crouch — right foot flat and left heel raised — torso inclined slightly backward with abdominal support,"right foot flat and left heel raised, knees deeply bent, pelvis lowered; torso inclined slightly backward with abdominal support; clear joint alignment; distinct limb separation","upright standing posture, seated posture, lying posture, knees straight, different pose, altered limb placement, extra limbs, missing limbs, fused limbs, duplicated hands, duplicated feet, twisted joints, dislocated shoulders, broken spine, impossible balance, contradictory weight distribution",Pose/Crouching/Compact,1,False
0092 | Pose/Crouching/Compact/Compact Crouch — right foot flat and left heel raised — left shoulder slightly higher than the right,"right foot flat and left heel raised, knees deeply bent, pelvis lowered; left shoulder slightly higher than the right; clear joint alignment; distinct limb separation","upright standing posture, seated posture, lying posture, knees straight, different pose, altered limb placement, extra limbs, missing limbs, fused limbs, duplicated hands, duplicated feet, twisted joints, dislocated shoulders, broken spine, impossible balance, contradictory weight distribution",Pose/Crouching/Compact,1,False
0093 | Pose/Crouching/Compact/Compact Crouch — right foot flat and left heel raised — right shoulder slightly higher than the left,"right foot flat and left heel raised, knees deeply bent, pelvis lowered; right shoulder slightly higher than the left; clear joint alignment; distinct limb separation","upright standing posture, seated posture, lying posture, knees straight, different pose, altered limb placement, extra limbs, missing limbs, fused limbs, duplicated hands, duplicated feet, twisted joints, dislocated shoulders, broken spine, impossible balance, contradictory weight distribution",Pose/Crouching/Compact,1,False
0094 | Pose/Crouching/Compact/Compact Crouch — right foot flat and left heel raised — shoulders gently drawn back,"right foot flat and left heel raised, knees deeply bent, pelvis lowered; shoulders gently drawn back; clear joint alignment; distinct limb separation","upright standing posture, seated posture, lying posture, knees straight, different pose, altered limb placement, extra limbs, missing limbs, fused limbs, duplicated hands, duplicated feet, twisted joints, dislocated shoulders, broken spine, impossible balance, contradictory weight distribution",Pose/Crouching/Compact,1,False
0095 | Pose/Crouching/Compact/Compact Crouch — right foot flat and left heel raised — shoulders relaxed and lowered,"right foot flat and left heel raised, knees deeply bent, pelvis lowered; shoulders relaxed and lowered; clear joint alignment; distinct limb separation","upright standing posture, seated posture, lying posture, knees straight, different pose, altered limb placement, extra limbs, missing limbs, fused limbs, duplicated hands, duplicated feet, twisted joints, dislocated shoulders, broken spine, impossible balance, contradictory weight distribution",Pose/Crouching/Compact,1,False
0096 | Pose/Crouching/Compact/Compact Crouch — right foot flat and left heel raised — pelvis shifted slightly left with torso counterbalance,"right foot flat and left heel raised, knees deeply bent, pelvis lowered; pelvis shifted slightly left with torso counterbalance; clear joint alignment; distinct limb separation","upright standing posture, seated posture, lying posture, knees straight, different pose, altered limb placement, extra limbs, missing limbs, fused limbs, duplicated hands, duplicated feet, twisted joints, dislocated shoulders, broken spine, impossible balance, contradictory weight distribution",Pose/Crouching/Compact,1,False
0097 | Pose/Crouching/Compact/Compact Crouch — right foot flat and left heel raised — pelvis shifted slightly right with torso counterbalance,"right foot flat and left heel raised, knees deeply bent, pelvis lowered; pelvis shifted slightly right with torso counterbalance; clear joint alignment; distinct limb separation","upright standing posture, seated posture, lying posture, knees straight, different pose, altered limb placement, extra limbs, missing limbs, fused limbs, duplicated hands, duplicated feet, twisted joints, dislocated shoulders, broken spine, impossible balance, contradictory weight distribution",Pose/Crouching/Compact,1,False
0098 | Pose/Crouching/Compact/Compact Crouch — right foot flat and left heel raised — upper back gently rounded,"right foot flat and left heel raised, knees deeply bent, pelvis lowered; upper back gently rounded; clear joint alignment; distinct limb separation","upright standing posture, seated posture, lying posture, knees straight, different pose, altered limb placement, extra limbs, missing limbs, fused limbs, duplicated hands, duplicated feet, twisted joints, dislocated shoulders, broken spine, impossible balance, contradictory weight distribution",Pose/Crouching/Compact,1,False
0099 | Pose/Crouching/Compact/Compact Crouch — right foot flat and left heel raised — upper back gently extended,"right foot flat and left heel raised, knees deeply bent, pelvis lowered; upper back gently extended; clear joint alignment; distinct limb separation","upright standing posture, seated posture, lying posture, knees straight, different pose, altered limb placement, extra limbs, missing limbs, fused limbs, duplicated hands, duplicated feet, twisted joints, dislocated shoulders, broken spine, impossible balance, contradictory weight distribution",Pose/Crouching/Compact,1,False
0100 | Pose/Crouching/Compact/Compact Crouch — right foot flat and left heel raised — head aligned with the spine,"right foot flat and left heel raised, knees deeply bent, pelvis lowered; head aligned with the spine; clear joint alignment; distinct limb separation","upright standing posture, seated posture, lying posture, knees straight, different pose, altered limb placement, extra limbs, missing limbs, fused limbs, duplicated hands, duplicated feet, twisted joints, dislocated shoulders, broken spine, impossible balance, contradictory weight distribution",Pose/Crouching/Compact,1,False
0101 | Pose/Crouching/Compact/Compact Crouch — feet wide and flat — spine vertical,"feet wide and flat, knees deeply bent, pelvis centred low; spine vertical, shoulders level, chin neutral; clear joint alignment; distinct limb separation","upright standing posture, seated posture, lying posture, knees straight, different pose, altered limb placement, extra limbs, missing limbs, fused limbs, duplicated hands, duplicated feet, twisted joints, dislocated shoulders, broken spine, impossible balance, contradictory weight distribution",Pose/Crouching/Compact,1,False
0102 | Pose/Crouching/Compact/Compact Crouch — feet wide and flat — chin slightly lowered,"feet wide and flat, knees deeply bent, pelvis centred low; chin slightly lowered, neck long; clear joint alignment; distinct limb separation","upright standing posture, seated posture, lying posture, knees straight, different pose, altered limb placement, extra limbs, missing limbs, fused limbs, duplicated hands, duplicated feet, twisted joints, dislocated shoulders, broken spine, impossible balance, contradictory weight distribution",Pose/Crouching/Compact,1,False
0103 | Pose/Crouching/Compact/Compact Crouch — feet wide and flat — chin slightly raised,"feet wide and flat, knees deeply bent, pelvis centred low; chin slightly raised, neck long; clear joint alignment; distinct limb separation","upright standing posture, seated posture, lying posture, knees straight, different pose, altered limb placement, extra limbs, missing limbs, fused limbs, duplicated hands, duplicated feet, twisted joints, dislocated shoulders, broken spine, impossible balance, contradictory weight distribution",Pose/Crouching/Compact,1,False
0104 | Pose/Crouching/Compact/Compact Crouch — feet wide and flat — head tilted slightly left,"feet wide and flat, knees deeply bent, pelvis centred low; head tilted slightly left; clear joint alignment; distinct limb separation","upright standing posture, seated posture, lying posture, knees straight, different pose, altered limb placement, extra limbs, missing limbs, fused limbs, duplicated hands, duplicated feet, twisted joints, dislocated shoulders, broken spine, impossible balance, contradictory weight distribution",Pose/Crouching/Compact,1,False
0105 | Pose/Crouching/Compact/Compact Crouch — feet wide and flat — head tilted slightly right,"feet wide and flat, knees deeply bent, pelvis centred low; head tilted slightly right; clear joint alignment; distinct limb separation","upright standing posture, seated posture, lying posture, knees straight, different pose, altered limb placement, extra limbs, missing limbs, fused limbs, duplicated hands, duplicated feet, twisted joints, dislocated shoulders, broken spine, impossible balance, contradictory weight distribution",Pose/Crouching/Compact,1,False
0106 | Pose/Crouching/Compact/Compact Crouch — feet wide and flat — head rotated slightly left,"feet wide and flat, knees deeply bent, pelvis centred low; head rotated slightly left, pelvis stable; clear joint alignment; distinct limb separation","upright standing posture, seated posture, lying posture, knees straight, different pose, altered limb placement, extra limbs, missing limbs, fused limbs, duplicated hands, duplicated feet, twisted joints, dislocated shoulders, broken spine, impossible balance, contradictory weight distribution",Pose/Crouching/Compact,1,False
0107 | Pose/Crouching/Compact/Compact Crouch — feet wide and flat — head rotated slightly right,"feet wide and flat, knees deeply bent, pelvis centred low; head rotated slightly right, pelvis stable; clear joint alignment; distinct limb separation","upright standing posture, seated posture, lying posture, knees straight, different pose, altered limb placement, extra limbs, missing limbs, fused limbs, duplicated hands, duplicated feet, twisted joints, dislocated shoulders, broken spine, impossible balance, contradictory weight distribution",Pose/Crouching/Compact,1,False
0108 | Pose/Crouching/Compact/Compact Crouch — feet wide and flat — ribcage rotated slightly left,"feet wide and flat, knees deeply bent, pelvis centred low; ribcage rotated slightly left, hips facing forward; clear joint alignment; distinct limb separation","upright standing posture, seated posture, lying posture, knees straight, different pose, altered limb placement, extra limbs, missing limbs, fused limbs, duplicated hands, duplicated feet, twisted joints, dislocated shoulders, broken spine, impossible balance, contradictory weight distribution",Pose/Crouching/Compact,1,False
0109 | Pose/Crouching/Compact/Compact Crouch — feet wide and flat — ribcage rotated slightly right,"feet wide and flat, knees deeply bent, pelvis centred low; ribcage rotated slightly right, hips facing forward; clear joint alignment; distinct limb separation","upright standing posture, seated posture, lying posture, knees straight, different pose, altered limb placement, extra limbs, missing limbs, fused limbs, duplicated hands, duplicated feet, twisted joints, dislocated shoulders, broken spine, impossible balance, contradictory weight distribution",Pose/Crouching/Compact,1,False
0110 | Pose/Crouching/Compact/Compact Crouch — feet wide and flat — torso inclined slightly forward with a long spine,"feet wide and flat, knees deeply bent, pelvis centred low; torso inclined slightly forward with a long spine; clear joint alignment; distinct limb separation","upright standing posture, seated posture, lying posture, knees straight, different pose, altered limb placement, extra limbs, missing limbs, fused limbs, duplicated hands, duplicated feet, twisted joints, dislocated shoulders, broken spine, impossible balance, contradictory weight distribution",Pose/Crouching/Compact,1,False
0111 | Pose/Crouching/Compact/Compact Crouch — feet wide and flat — torso inclined slightly backward with abdominal support,"feet wide and flat, knees deeply bent, pelvis centred low; torso inclined slightly backward with abdominal support; clear joint alignment; distinct limb separation","upright standing posture, seated posture, lying posture, knees straight, different pose, altered limb placement, extra limbs, missing limbs, fused limbs, duplicated hands, duplicated feet, twisted joints, dislocated shoulders, broken spine, impossible balance, contradictory weight distribution",Pose/Crouching/Compact,1,False
0112 | Pose/Crouching/Compact/Compact Crouch — feet wide and flat — left shoulder slightly higher than the right,"feet wide and flat, knees deeply bent, pelvis centred low; left shoulder slightly higher than the right; clear joint alignment; distinct limb separation","upright standing posture, seated posture, lying posture, knees straight, different pose, altered limb placement, extra limbs, missing limbs, fused limbs, duplicated hands, duplicated feet, twisted joints, dislocated shoulders, broken spine, impossible balance, contradictory weight distribution",Pose/Crouching/Compact,1,False
0113 | Pose/Crouching/Compact/Compact Crouch — feet wide and flat — right shoulder slightly higher than the left,"feet wide and flat, knees deeply bent, pelvis centred low; right shoulder slightly higher than the left; clear joint alignment; distinct limb separation","upright standing posture, seated posture, lying posture, knees straight, different pose, altered limb placement, extra limbs, missing limbs, fused limbs, duplicated hands, duplicated feet, twisted joints, dislocated shoulders, broken spine, impossible balance, contradictory weight distribution",Pose/Crouching/Compact,1,False
0114 | Pose/Crouching/Compact/Compact Crouch — feet wide and flat — shoulders gently drawn back,"feet wide and flat, knees deeply bent, pelvis centred low; shoulders gently drawn back; clear joint alignment; distinct limb separation","upright standing posture, seated posture, lying posture, knees straight, different pose, altered limb placement, extra limbs, missing limbs, fused limbs, duplicated hands, duplicated feet, twisted joints, dislocated shoulders, broken spine, impossible balance, contradictory weight distribution",Pose/Crouching/Compact,1,False
0115 | Pose/Crouching/Compact/Compact Crouch — feet wide and flat — shoulders relaxed and lowered,"feet wide and flat, knees deeply bent, pelvis centred low; shoulders relaxed and lowered; clear joint alignment; distinct limb separation","upright standing posture, seated posture, lying posture, knees straight, different pose, altered limb placement, extra limbs, missing limbs, fused limbs, duplicated hands, duplicated feet, twisted joints, dislocated shoulders, broken spine, impossible balance, contradictory weight distribution",Pose/Crouching/Compact,1,False
0116 | Pose/Crouching/Compact/Compact Crouch — feet wide and flat — pelvis shifted slightly left with torso counterbalance,"feet wide and flat, knees deeply bent, pelvis centred low; pelvis shifted slightly left with torso counterbalance; clear joint alignment; distinct limb separation","upright standing posture, seated posture, lying posture, knees straight, different pose, altered limb placement, extra limbs, missing limbs, fused limbs, duplicated hands, duplicated feet, twisted joints, dislocated shoulders, broken spine, impossible balance, contradictory weight distribution",Pose/Crouching/Compact,1,False
0117 | Pose/Crouching/Compact/Compact Crouch — feet wide and flat — pelvis shifted slightly right with torso counterbalance,"feet wide and flat, knees deeply bent, pelvis centred low; pelvis shifted slightly right with torso counterbalance; clear joint alignment; distinct limb separation","upright standing posture, seated posture, lying posture, knees straight, different pose, altered limb placement, extra limbs, missing limbs, fused limbs, duplicated hands, duplicated feet, twisted joints, dislocated shoulders, broken spine, impossible balance, contradictory weight distribution",Pose/Crouching/Compact,1,False
0118 | Pose/Crouching/Compact/Compact Crouch — feet wide and flat — upper back gently rounded,"feet wide and flat, knees deeply bent, pelvis centred low; upper back gently rounded; clear joint alignment; distinct limb separation","upright standing posture, seated posture, lying posture, knees straight, different pose, altered limb placement, extra limbs, missing limbs, fused limbs, duplicated hands, duplicated feet, twisted joints, dislocated shoulders, broken spine, impossible balance, contradictory weight distribution",Pose/Crouching/Compact,1,False
0119 | Pose/Crouching/Compact/Compact Crouch — feet wide and flat — upper back gently extended,"feet wide and flat, knees deeply bent, pelvis centred low; upper back gently extended; clear joint alignment; distinct limb separation","upright standing posture, seated posture, lying posture, knees straight, different pose, altered limb placement, extra limbs, missing limbs, fused limbs, duplicated hands, duplicated feet, twisted joints, dislocated shoulders, broken spine, impossible balance, contradictory weight distribution",Pose/Crouching/Compact,1,False
0120 | Pose/Crouching/Compact/Compact Crouch — feet wide and flat — head aligned with the spine,"feet wide and flat, knees deeply bent, pelvis centred low; head aligned with the spine; clear joint alignment; distinct limb separation","upright standing posture, seated posture, lying posture, knees straight, different pose, altered limb placement, extra limbs, missing limbs, fused limbs, duplicated hands, duplicated feet, twisted joints, dislocated shoulders, broken spine, impossible balance, contradictory weight distribution",Pose/Crouching/Compact,1,False
0121 | Pose/Crouching/Compact/Compact Crouch — feet close — spine vertical,"feet close, knees together and deeply bent, torso folded slightly forward; spine vertical, shoulders level, chin neutral; clear joint alignment; distinct limb separation","upright standing posture, seated posture, lying posture, knees straight, different pose, altered limb placement, extra limbs, missing limbs, fused limbs, duplicated hands, duplicated feet, twisted joints, dislocated shoulders, broken spine, impossible balance, contradictory weight distribution",Pose/Crouching/Compact,1,False
0122 | Pose/Crouching/Compact/Compact Crouch — feet close — chin slightly lowered,"feet close, knees together and deeply bent, torso folded slightly forward; chin slightly lowered, neck long; clear joint alignment; distinct limb separation","upright standing posture, seated posture, lying posture, knees straight, different pose, altered limb placement, extra limbs, missing limbs, fused limbs, duplicated hands, duplicated feet, twisted joints, dislocated shoulders, broken spine, impossible balance, contradictory weight distribution",Pose/Crouching/Compact,1,False
0123 | Pose/Crouching/Compact/Compact Crouch — feet close — chin slightly raised,"feet close, knees together and deeply bent, torso folded slightly forward; chin slightly raised, neck long; clear joint alignment; distinct limb separation","upright standing posture, seated posture, lying posture, knees straight, different pose, altered limb placement, extra limbs, missing limbs, fused limbs, duplicated hands, duplicated feet, twisted joints, dislocated shoulders, broken spine, impossible balance, contradictory weight distribution",Pose/Crouching/Compact,1,False
0124 | Pose/Crouching/Compact/Compact Crouch — feet close — head tilted slightly left,"feet close, knees together and deeply bent, torso folded slightly forward; head tilted slightly left; clear joint alignment; distinct limb separation","upright standing posture, seated posture, lying posture, knees straight, different pose, altered limb placement, extra limbs, missing limbs, fused limbs, duplicated hands, duplicated feet, twisted joints, dislocated shoulders, broken spine, impossible balance, contradictory weight distribution",Pose/Crouching/Compact,1,False
0125 | Pose/Crouching/Compact/Compact Crouch — feet close — head tilted slightly right,"feet close, knees together and deeply bent, torso folded slightly forward; head tilted slightly right; clear joint alignment; distinct limb separation","upright standing posture, seated posture, lying posture, knees straight, different pose, altered limb placement, extra limbs, missing limbs, fused limbs, duplicated hands, duplicated feet, twisted joints, dislocated shoulders, broken spine, impossible balance, contradictory weight distribution",Pose/Crouching/Compact,1,False
0126 | Pose/Crouching/Compact/Compact Crouch — feet close — head rotated slightly left,"feet close, knees together and deeply bent, torso folded slightly forward; head rotated slightly left, pelvis stable; clear joint alignment; distinct limb separation","upright standing posture, seated posture, lying posture, knees straight, different pose, altered limb placement, extra limbs, missing limbs, fused limbs, duplicated hands, duplicated feet, twisted joints, dislocated shoulders, broken spine, impossible balance, contradictory weight distribution",Pose/Crouching/Compact,1,False
0127 | Pose/Crouching/Compact/Compact Crouch — feet close — head rotated slightly right,"feet close, knees together and deeply bent, torso folded slightly forward; head rotated slightly right, pelvis stable; clear joint alignment; distinct limb separation","upright standing posture, seated posture, lying posture, knees straight, different pose, altered limb placement, extra limbs, missing limbs, fused limbs, duplicated hands, duplicated feet, twisted joints, dislocated shoulders, broken spine, impossible balance, contradictory weight distribution",Pose/Crouching/Compact,1,False
0128 | Pose/Crouching/Compact/Compact Crouch — feet close — ribcage rotated slightly left,"feet close, knees together and deeply bent, torso folded slightly forward; ribcage rotated slightly left, hips facing forward; clear joint alignment; distinct limb separation","upright standing posture, seated posture, lying posture, knees straight, different pose, altered limb placement, extra limbs, missing limbs, fused limbs, duplicated hands, duplicated feet, twisted joints, dislocated shoulders, broken spine, impossible balance, contradictory weight distribution",Pose/Crouching/Compact,1,False
0129 | Pose/Crouching/Compact/Compact Crouch — feet close — ribcage rotated slightly right,"feet close, knees together and deeply bent, torso folded slightly forward; ribcage rotated slightly right, hips facing forward; clear joint alignment; distinct limb separation","upright standing posture, seated posture, lying posture, knees straight, different pose, altered limb placement, extra limbs, missing limbs, fused limbs, duplicated hands, duplicated feet, twisted joints, dislocated shoulders, broken spine, impossible balance, contradictory weight distribution",Pose/Crouching/Compact,1,False
0130 | Pose/Crouching/Compact/Compact Crouch — feet close — torso inclined slightly forward with a long spine,"feet close, knees together and deeply bent, torso folded slightly forward; torso inclined slightly forward with a long spine; clear joint alignment; distinct limb separation","upright standing posture, seated posture, lying posture, knees straight, different pose, altered limb placement, extra limbs, missing limbs, fused limbs, duplicated hands, duplicated feet, twisted joints, dislocated shoulders, broken spine, impossible balance, contradictory weight distribution",Pose/Crouching/Compact,1,False
0131 | Pose/Crouching/Compact/Compact Crouch — feet close — torso inclined slightly backward with abdominal support,"feet close, knees together and deeply bent, torso folded slightly forward; torso inclined slightly backward with abdominal support; clear joint alignment; distinct limb separation","upright standing posture, seated posture, lying posture, knees straight, different pose, altered limb placement, extra limbs, missing limbs, fused limbs, duplicated hands, duplicated feet, twisted joints, dislocated shoulders, broken spine, impossible balance, contradictory weight distribution",Pose/Crouching/Compact,1,False
0132 | Pose/Crouching/Compact/Compact Crouch — feet close — left shoulder slightly higher than the right,"feet close, knees together and deeply bent, torso folded slightly forward; left shoulder slightly higher than the right; clear joint alignment; distinct limb separation","upright standing posture, seated posture, lying posture, knees straight, different pose, altered limb placement, extra limbs, missing limbs, fused limbs, duplicated hands, duplicated feet, twisted joints, dislocated shoulders, broken spine, impossible balance, contradictory weight distribution",Pose/Crouching/Compact,1,False
0133 | Pose/Crouching/Compact/Compact Crouch — feet close — right shoulder slightly higher than the left,"feet close, knees together and deeply bent, torso folded slightly forward; right shoulder slightly higher than the left; clear joint alignment; distinct limb separation","upright standing posture, seated posture, lying posture, knees straight, different pose, altered limb placement, extra limbs, missing limbs, fused limbs, duplicated hands, duplicated feet, twisted joints, dislocated shoulders, broken spine, impossible balance, contradictory weight distribution",Pose/Crouching/Compact,1,False
0134 | Pose/Crouching/Compact/Compact Crouch — feet close — shoulders gently drawn back,"feet close, knees together and deeply bent, torso folded slightly forward; shoulders gently drawn back; clear joint alignment; distinct limb separation","upright standing posture, seated posture, lying posture, knees straight, different pose, altered limb placement, extra limbs, missing limbs, fused limbs, duplicated hands, duplicated feet, twisted joints, dislocated shoulders, broken spine, impossible balance, contradictory weight distribution",Pose/Crouching/Compact,1,False
0135 | Pose/Crouching/Compact/Compact Crouch — feet close — shoulders relaxed and lowered,"feet close, knees together and deeply bent, torso folded slightly forward; shoulders relaxed and lowered; clear joint alignment; distinct limb separation","upright standing posture, seated posture, lying posture, knees straight, different pose, altered limb placement, extra limbs, missing limbs, fused limbs, duplicated hands, duplicated feet, twisted joints, dislocated shoulders, broken spine, impossible balance, contradictory weight distribution",Pose/Crouching/Compact,1,False
0136 | Pose/Crouching/Compact/Compact Crouch — feet close — pelvis shifted slightly left with torso counterbalance,"feet close, knees together and deeply bent, torso folded slightly forward; pelvis shifted slightly left with torso counterbalance; clear joint alignment; distinct limb separation","upright standing posture, seated posture, lying posture, knees straight, different pose, altered limb placement, extra limbs, missing limbs, fused limbs, duplicated hands, duplicated feet, twisted joints, dislocated shoulders, broken spine, impossible balance, contradictory weight distribution",Pose/Crouching/Compact,1,False
0137 | Pose/Crouching/Compact/Compact Crouch — feet close — pelvis shifted slightly right with torso counterbalance,"feet close, knees together and deeply bent, torso folded slightly forward; pelvis shifted slightly right with torso counterbalance; clear joint alignment; distinct limb separation","upright standing posture, seated posture, lying posture, knees straight, different pose, altered limb placement, extra limbs, missing limbs, fused limbs, duplicated hands, duplicated feet, twisted joints, dislocated shoulders, broken spine, impossible balance, contradictory weight distribution",Pose/Crouching/Compact,1,False
0138 | Pose/Crouching/Compact/Compact Crouch — feet close — upper back gently rounded,"feet close, knees together and deeply bent, torso folded slightly forward; upper back gently rounded; clear joint alignment; distinct limb separation","upright standing posture, seated posture, lying posture, knees straight, different pose, altered limb placement, extra limbs, missing limbs, fused limbs, duplicated hands, duplicated feet, twisted joints, dislocated shoulders, broken spine, impossible balance, contradictory weight distribution",Pose/Crouching/Compact,1,False
0139 | Pose/Crouching/Compact/Compact Crouch — feet close — upper back gently extended,"feet close, knees together and deeply bent, torso folded slightly forward; upper back gently extended; clear joint alignment; distinct limb separation","upright standing posture, seated posture, lying posture, knees straight, different pose, altered limb placement, extra limbs, missing limbs, fused limbs, duplicated hands, duplicated feet, twisted joints, dislocated shoulders, broken spine, impossible balance, contradictory weight distribution",Pose/Crouching/Compact,1,False
0140 | Pose/Crouching/Compact/Compact Crouch — feet close — head aligned with the spine,"feet close, knees together and deeply bent, torso folded slightly forward; head aligned with the spine; clear joint alignment; distinct limb separation","upright standing posture, seated posture, lying posture, knees straight, different pose, altered limb placement, extra limbs, missing limbs, fused limbs, duplicated hands, duplicated feet, twisted joints, dislocated shoulders, broken spine, impossible balance, contradictory weight distribution",Pose/Crouching/Compact,1,False
0141 | Pose/Crouching/Compact/Compact Crouch — feet apart — spine vertical,"feet apart, knees opened outward and deeply bent, hands resting near the knees; spine vertical, shoulders level, chin neutral; clear joint alignment; distinct limb separation","upright standing posture, seated posture, lying posture, knees straight, different pose, altered limb placement, extra limbs, missing limbs, fused limbs, duplicated hands, duplicated feet, twisted joints, dislocated shoulders, broken spine, impossible balance, contradictory weight distribution",Pose/Crouching/Compact,1,False
0142 | Pose/Crouching/Compact/Compact Crouch — feet apart — chin slightly lowered,"feet apart, knees opened outward and deeply bent, hands resting near the knees; chin slightly lowered, neck long; clear joint alignment; distinct limb separation","upright standing posture, seated posture, lying posture, knees straight, different pose, altered limb placement, extra limbs, missing limbs, fused limbs, duplicated hands, duplicated feet, twisted joints, dislocated shoulders, broken spine, impossible balance, contradictory weight distribution",Pose/Crouching/Compact,1,False
0143 | Pose/Crouching/Compact/Compact Crouch — feet apart — chin slightly raised,"feet apart, knees opened outward and deeply bent, hands resting near the knees; chin slightly raised, neck long; clear joint alignment; distinct limb separation","upright standing posture, seated posture, lying posture, knees straight, different pose, altered limb placement, extra limbs, missing limbs, fused limbs, duplicated hands, duplicated feet, twisted joints, dislocated shoulders, broken spine, impossible balance, contradictory weight distribution",Pose/Crouching/Compact,1,False
0144 | Pose/Crouching/Compact/Compact Crouch — feet apart — head tilted slightly left,"feet apart, knees opened outward and deeply bent, hands resting near the knees; head tilted slightly left; clear joint alignment; distinct limb separation","upright standing posture, seated posture, lying posture, knees straight, different pose, altered limb placement, extra limbs, missing limbs, fused limbs, duplicated hands, duplicated feet, twisted joints, dislocated shoulders, broken spine, impossible balance, contradictory weight distribution",Pose/Crouching/Compact,1,False
0145 | Pose/Crouching/Compact/Compact Crouch — feet apart — head tilted slightly right,"feet apart, knees opened outward and deeply bent, hands resting near the knees; head tilted slightly right; clear joint alignment; distinct limb separation","upright standing posture, seated posture, lying posture, knees straight, different pose, altered limb placement, extra limbs, missing limbs, fused limbs, duplicated hands, duplicated feet, twisted joints, dislocated shoulders, broken spine, impossible balance, contradictory weight distribution",Pose/Crouching/Compact,1,False
0146 | Pose/Crouching/Compact/Compact Crouch — feet apart — head rotated slightly left,"feet apart, knees opened outward and deeply bent, hands resting near the knees; head rotated slightly left, pelvis stable; clear joint alignment; distinct limb separation","upright standing posture, seated posture, lying posture, knees straight, different pose, altered limb placement, extra limbs, missing limbs, fused limbs, duplicated hands, duplicated feet, twisted joints, dislocated shoulders, broken spine, impossible balance, contradictory weight distribution",Pose/Crouching/Compact,1,False
0147 | Pose/Crouching/Compact/Compact Crouch — feet apart — head rotated slightly right,"feet apart, knees opened outward and deeply bent, hands resting near the knees; head rotated slightly right, pelvis stable; clear joint alignment; distinct limb separation","upright standing posture, seated posture, lying posture, knees straight, different pose, altered limb placement, extra limbs, missing limbs, fused limbs, duplicated hands, duplicated feet, twisted joints, dislocated shoulders, broken spine, impossible balance, contradictory weight distribution",Pose/Crouching/Compact,1,False
0148 | Pose/Crouching/Compact/Compact Crouch — feet apart — ribcage rotated slightly left,"feet apart, knees opened outward and deeply bent, hands resting near the knees; ribcage rotated slightly left, hips facing forward; clear joint alignment; distinct limb separation","upright standing posture, seated posture, lying posture, knees straight, different pose, altered limb placement, extra limbs, missing limbs, fused limbs, duplicated hands, duplicated feet, twisted joints, dislocated shoulders, broken spine, impossible balance, contradictory weight distribution",Pose/Crouching/Compact,1,False
0149 | Pose/Crouching/Compact/Compact Crouch — feet apart — ribcage rotated slightly right,"feet apart, knees opened outward and deeply bent, hands resting near the knees; ribcage rotated slightly right, hips facing forward; clear joint alignment; distinct limb separation","upright standing posture, seated posture, lying posture, knees straight, different pose, altered limb placement, extra limbs, missing limbs, fused limbs, duplicated hands, duplicated feet, twisted joints, dislocated shoulders, broken spine, impossible balance, contradictory weight distribution",Pose/Crouching/Compact,1,False
0150 | Pose/Crouching/Compact/Compact Crouch — feet apart — torso inclined slightly forward with a long spine,"feet apart, knees opened outward and deeply bent, hands resting near the knees; torso inclined slightly forward with a long spine; clear joint alignment; distinct limb separation","upright standing posture, seated posture, lying posture, knees straight, different pose, altered limb placement, extra limbs, missing limbs, fused limbs, duplicated hands, duplicated feet, twisted joints, dislocated shoulders, broken spine, impossible balance, contradictory weight distribution",Pose/Crouching/Compact,1,False
0151 | Pose/Crouching/Compact/Compact Crouch — feet apart — torso inclined slightly backward with abdominal support,"feet apart, knees opened outward and deeply bent, hands resting near the knees; torso inclined slightly backward with abdominal support; clear joint alignment; distinct limb separation","upright standing posture, seated posture, lying posture, knees straight, different pose, altered limb placement, extra limbs, missing limbs, fused limbs, duplicated hands, duplicated feet, twisted joints, dislocated shoulders, broken spine, impossible balance, contradictory weight distribution",Pose/Crouching/Compact,1,False
0152 | Pose/Crouching/Compact/Compact Crouch — feet apart — left shoulder slightly higher than the right,"feet apart, knees opened outward and deeply bent, hands resting near the knees; left shoulder slightly higher than the right; clear joint alignment; distinct limb separation","upright standing posture, seated posture, lying posture, knees straight, different pose, altered limb placement, extra limbs, missing limbs, fused limbs, duplicated hands, duplicated feet, twisted joints, dislocated shoulders, broken spine, impossible balance, contradictory weight distribution",Pose/Crouching/Compact,1,False
0153 | Pose/Crouching/Compact/Compact Crouch — feet apart — right shoulder slightly higher than the left,"feet apart, knees opened outward and deeply bent, hands resting near the knees; right shoulder slightly higher than the left; clear joint alignment; distinct limb separation","upright standing posture, seated posture, lying posture, knees straight, different pose, altered limb placement, extra limbs, missing limbs, fused limbs, duplicated hands, duplicated feet, twisted joints, dislocated shoulders, broken spine, impossible balance, contradictory weight distribution",Pose/Crouching/Compact,1,False
0154 | Pose/Crouching/Compact/Compact Crouch — feet apart — shoulders gently drawn back,"feet apart, knees opened outward and deeply bent, hands resting near the knees; shoulders gently drawn back; clear joint alignment; distinct limb separation","upright standing posture, seated posture, lying posture, knees straight, different pose, altered limb placement, extra limbs, missing limbs, fused limbs, duplicated hands, duplicated feet, twisted joints, dislocated shoulders, broken spine, impossible balance, contradictory weight distribution",Pose/Crouching/Compact,1,False
0155 | Pose/Crouching/Compact/Compact Crouch — feet apart — shoulders relaxed and lowered,"feet apart, knees opened outward and deeply bent, hands resting near the knees; shoulders relaxed and lowered; clear joint alignment; distinct limb separation","upright standing posture, seated posture, lying posture, knees straight, different pose, altered limb placement, extra limbs, missing limbs, fused limbs, duplicated hands, duplicated feet, twisted joints, dislocated shoulders, broken spine, impossible balance, contradictory weight distribution",Pose/Crouching/Compact,1,False
0156 | Pose/Crouching/Compact/Compact Crouch — feet apart — pelvis shifted slightly left with torso counterbalance,"feet apart, knees opened outward and deeply bent, hands resting near the knees; pelvis shifted slightly left with torso counterbalance; clear joint alignment; distinct limb separation","upright standing posture, seated posture, lying posture, knees straight, different pose, altered limb placement, extra limbs, missing limbs, fused limbs, duplicated hands, duplicated feet, twisted joints, dislocated shoulders, broken spine, impossible balance, contradictory weight distribution",Pose/Crouching/Compact,1,False
0157 | Pose/Crouching/Compact/Compact Crouch — feet apart — pelvis shifted slightly right with torso counterbalance,"feet apart, knees opened outward and deeply bent, hands resting near the knees; pelvis shifted slightly right with torso counterbalance; clear joint alignment; distinct limb separation","upright standing posture, seated posture, lying posture, knees straight, different pose, altered limb placement, extra limbs, missing limbs, fused limbs, duplicated hands, duplicated feet, twisted joints, dislocated shoulders, broken spine, impossible balance, contradictory weight distribution",Pose/Crouching/Compact,1,False
0158 | Pose/Crouching/Compact/Compact Crouch — feet apart — upper back gently rounded,"feet apart, knees opened outward and deeply bent, hands resting near the knees; upper back gently rounded; clear joint alignment; distinct limb separation","upright standing posture, seated posture, lying posture, knees straight, different pose, altered limb placement, extra limbs, missing limbs, fused limbs, duplicated hands, duplicated feet, twisted joints, dislocated shoulders, broken spine, impossible balance, contradictory weight distribution",Pose/Crouching/Compact,1,False
0159 | Pose/Crouching/Compact/Compact Crouch — feet apart — upper back gently extended,"feet apart, knees opened outward and deeply bent, hands resting near the knees; upper back gently extended; clear joint alignment; distinct limb separation","upright standing posture, seated posture, lying posture, knees straight, different pose, altered limb placement, extra limbs, missing limbs, fused limbs, duplicated hands, duplicated feet, twisted joints, dislocated shoulders, broken spine, impossible balance, contradictory weight distribution",Pose/Crouching/Compact,1,False
0160 | Pose/Crouching/Compact/Compact Crouch — feet apart — head aligned with the spine,"feet apart, knees opened outward and deeply bent, hands resting near the knees; head aligned with the spine; clear joint alignment; distinct limb separation","upright standing posture, seated posture, lying posture, knees straight, different pose, altered limb placement, extra limbs, missing limbs, fused limbs, duplicated hands, duplicated feet, twisted joints, dislocated shoulders, broken spine, impossible balance, contradictory weight distribution",Pose/Crouching/Compact,1,False
0161 | Pose/Crouching/Compact/Compact Crouch — weight shifted toward the left foot — spine vertical,"weight shifted toward the left foot, both knees deeply bent; spine vertical, shoulders level, chin neutral; clear joint alignment; distinct limb separation","upright standing posture, seated posture, lying posture, knees straight, different pose, altered limb placement, extra limbs, missing limbs, fused limbs, duplicated hands, duplicated feet, twisted joints, dislocated shoulders, broken spine, impossible balance, contradictory weight distribution",Pose/Crouching/Compact,1,False
0162 | Pose/Crouching/Compact/Compact Crouch — weight shifted toward the left foot — chin slightly lowered,"weight shifted toward the left foot, both knees deeply bent; chin slightly lowered, neck long; clear joint alignment; distinct limb separation","upright standing posture, seated posture, lying posture, knees straight, different pose, altered limb placement, extra limbs, missing limbs, fused limbs, duplicated hands, duplicated feet, twisted joints, dislocated shoulders, broken spine, impossible balance, contradictory weight distribution",Pose/Crouching/Compact,1,False
0163 | Pose/Crouching/Compact/Compact Crouch — weight shifted toward the left foot — chin slightly raised,"weight shifted toward the left foot, both knees deeply bent; chin slightly raised, neck long; clear joint alignment; distinct limb separation","upright standing posture, seated posture, lying posture, knees straight, different pose, altered limb placement, extra limbs, missing limbs, fused limbs, duplicated hands, duplicated feet, twisted joints, dislocated shoulders, broken spine, impossible balance, contradictory weight distribution",Pose/Crouching/Compact,1,False
0164 | Pose/Crouching/Compact/Compact Crouch — weight shifted toward the left foot — head tilted slightly left,"weight shifted toward the left foot, both knees deeply bent; head tilted slightly left; clear joint alignment; distinct limb separation","upright standing posture, seated posture, lying posture, knees straight, different pose, altered limb placement, extra limbs, missing limbs, fused limbs, duplicated hands, duplicated feet, twisted joints, dislocated shoulders, broken spine, impossible balance, contradictory weight distribution",Pose/Crouching/Compact,1,False
0165 | Pose/Crouching/Compact/Compact Crouch — weight shifted toward the left foot — head tilted slightly right,"weight shifted toward the left foot, both knees deeply bent; head tilted slightly right; clear joint alignment; distinct limb separation","upright standing posture, seated posture, lying posture, knees straight, different pose, altered limb placement, extra limbs, missing limbs, fused limbs, duplicated hands, duplicated feet, twisted joints, dislocated shoulders, broken spine, impossible balance, contradictory weight distribution",Pose/Crouching/Compact,1,False
0166 | Pose/Crouching/Compact/Compact Crouch — weight shifted toward the left foot — head rotated slightly left,"weight shifted toward the left foot, both knees deeply bent; head rotated slightly left, pelvis stable; clear joint alignment; distinct limb separation","upright standing posture, seated posture, lying posture, knees straight, different pose, altered limb placement, extra limbs, missing limbs, fused limbs, duplicated hands, duplicated feet, twisted joints, dislocated shoulders, broken spine, impossible balance, contradictory weight distribution",Pose/Crouching/Compact,1,False
0167 | Pose/Crouching/Compact/Compact Crouch — weight shifted toward the left foot — head rotated slightly right,"weight shifted toward the left foot, both knees deeply bent; head rotated slightly right, pelvis stable; clear joint alignment; distinct limb separation","upright standing posture, seated posture, lying posture, knees straight, different pose, altered limb placement, extra limbs, missing limbs, fused limbs, duplicated hands, duplicated feet, twisted joints, dislocated shoulders, broken spine, impossible balance, contradictory weight distribution",Pose/Crouching/Compact,1,False
0168 | Pose/Crouching/Compact/Compact Crouch — weight shifted toward the left foot — ribcage rotated slightly left,"weight shifted toward the left foot, both knees deeply bent; ribcage rotated slightly left, hips facing forward; clear joint alignment; distinct limb separation","upright standing posture, seated posture, lying posture, knees straight, different pose, altered limb placement, extra limbs, missing limbs, fused limbs, duplicated hands, duplicated feet, twisted joints, dislocated shoulders, broken spine, impossible balance, contradictory weight distribution",Pose/Crouching/Compact,1,False
0169 | Pose/Crouching/Compact/Compact Crouch — weight shifted toward the left foot — ribcage rotated slightly right,"weight shifted toward the left foot, both knees deeply bent; ribcage rotated slightly right, hips facing forward; clear joint alignment; distinct limb separation","upright standing posture, seated posture, lying posture, knees straight, different pose, altered limb placement, extra limbs, missing limbs, fused limbs, duplicated hands, duplicated feet, twisted joints, dislocated shoulders, broken spine, impossible balance, contradictory weight distribution",Pose/Crouching/Compact,1,False
0170 | Pose/Crouching/Compact/Compact Crouch — weight shifted toward the left foot — torso inclined slightly forward with a long spine,"weight shifted toward the left foot, both knees deeply bent; torso inclined slightly forward with a long spine; clear joint alignment; distinct limb separation","upright standing posture, seated posture, lying posture, knees straight, different pose, altered limb placement, extra limbs, missing limbs, fused limbs, duplicated hands, duplicated feet, twisted joints, dislocated shoulders, broken spine, impossible balance, contradictory weight distribution",Pose/Crouching/Compact,1,False
0171 | Pose/Crouching/Compact/Compact Crouch — weight shifted toward the left foot — torso inclined slightly backward with abdominal support,"weight shifted toward the left foot, both knees deeply bent; torso inclined slightly backward with abdominal support; clear joint alignment; distinct limb separation","upright standing posture, seated posture, lying posture, knees straight, different pose, altered limb placement, extra limbs, missing limbs, fused limbs, duplicated hands, duplicated feet, twisted joints, dislocated shoulders, broken spine, impossible balance, contradictory weight distribution",Pose/Crouching/Compact,1,False
0172 | Pose/Crouching/Compact/Compact Crouch — weight shifted toward the left foot — left shoulder slightly higher than the right,"weight shifted toward the left foot, both knees deeply bent; left shoulder slightly higher than the right; clear joint alignment; distinct limb separation","upright standing posture, seated posture, lying posture, knees straight, different pose, altered limb placement, extra limbs, missing limbs, fused limbs, duplicated hands, duplicated feet, twisted joints, dislocated shoulders, broken spine, impossible balance, contradictory weight distribution",Pose/Crouching/Compact,1,False
0173 | Pose/Crouching/Compact/Compact Crouch — weight shifted toward the left foot — right shoulder slightly higher than the left,"weight shifted toward the left foot, both knees deeply bent; right shoulder slightly higher than the left; clear joint alignment; distinct limb separation","upright standing posture, seated posture, lying posture, knees straight, different pose, altered limb placement, extra limbs, missing limbs, fused limbs, duplicated hands, duplicated feet, twisted joints, dislocated shoulders, broken spine, impossible balance, contradictory weight distribution",Pose/Crouching/Compact,1,False
0174 | Pose/Crouching/Compact/Compact Crouch — weight shifted toward the left foot — shoulders gently drawn back,"weight shifted toward the left foot, both knees deeply bent; shoulders gently drawn back; clear joint alignment; distinct limb separation","upright standing posture, seated posture, lying posture, knees straight, different pose, altered limb placement, extra limbs, missing limbs, fused limbs, duplicated hands, duplicated feet, twisted joints, dislocated shoulders, broken spine, impossible balance, contradictory weight distribution",Pose/Crouching/Compact,1,False
0175 | Pose/Crouching/Compact/Compact Crouch — weight shifted toward the left foot — shoulders relaxed and lowered,"weight shifted toward the left foot, both knees deeply bent; shoulders relaxed and lowered; clear joint alignment; distinct limb separation","upright standing posture, seated posture, lying posture, knees straight, different pose, altered limb placement, extra limbs, missing limbs, fused limbs, duplicated hands, duplicated feet, twisted joints, dislocated shoulders, broken spine, impossible balance, contradictory weight distribution",Pose/Crouching/Compact,1,False
0176 | Pose/Crouching/Compact/Compact Crouch — weight shifted toward the left foot — pelvis shifted slightly left with torso counterbalance,"weight shifted toward the left foot, both knees deeply bent; pelvis shifted slightly left with torso counterbalance; clear joint alignment; distinct limb separation","upright standing posture, seated posture, lying posture, knees straight, different pose, altered limb placement, extra limbs, missing limbs, fused limbs, duplicated hands, duplicated feet, twisted joints, dislocated shoulders, broken spine, impossible balance, contradictory weight distribution",Pose/Crouching/Compact,1,False
0177 | Pose/Crouching/Compact/Compact Crouch — weight shifted toward the left foot — pelvis shifted slightly right with torso counterbalance,"weight shifted toward the left foot, both knees deeply bent; pelvis shifted slightly right with torso counterbalance; clear joint alignment; distinct limb separation","upright standing posture, seated posture, lying posture, knees straight, different pose, altered limb placement, extra limbs, missing limbs, fused limbs, duplicated hands, duplicated feet, twisted joints, dislocated shoulders, broken spine, impossible balance, contradictory weight distribution",Pose/Crouching/Compact,1,False
0178 | Pose/Crouching/Compact/Compact Crouch — weight shifted toward the left foot — upper back gently rounded,"weight shifted toward the left foot, both knees deeply bent; upper back gently rounded; clear joint alignment; distinct limb separation","upright standing posture, seated posture, lying posture, knees straight, different pose, altered limb placement, extra limbs, missing limbs, fused limbs, duplicated hands, duplicated feet, twisted joints, dislocated shoulders, broken spine, impossible balance, contradictory weight distribution",Pose/Crouching/Compact,1,False
0179 | Pose/Crouching/Compact/Compact Crouch — weight shifted toward the left foot — upper back gently extended,"weight shifted toward the left foot, both knees deeply bent; upper back gently extended; clear joint alignment; distinct limb separation","upright standing posture, seated posture, lying posture, knees straight, different pose, altered limb placement, extra limbs, missing limbs, fused limbs, duplicated hands, duplicated feet, twisted joints, dislocated shoulders, broken spine, impossible balance, contradictory weight distribution",Pose/Crouching/Compact,1,False
0180 | Pose/Crouching/Compact/Compact Crouch — weight shifted toward the left foot — head aligned with the spine,"weight shifted toward the left foot, both knees deeply bent; head aligned with the spine; clear joint alignment; distinct limb separation","upright standing posture, seated posture, lying posture, knees straight, different pose, altered limb placement, extra limbs, missing limbs, fused limbs, duplicated hands, duplicated feet, twisted joints, dislocated shoulders, broken spine, impossible balance, contradictory weight distribution",Pose/Crouching/Compact,1,False
0181 | Pose/Crouching/Compact/Compact Crouch — weight shifted toward the right foot — spine vertical,"weight shifted toward the right foot, both knees deeply bent; spine vertical, shoulders level, chin neutral; clear joint alignment; distinct limb separation","upright standing posture, seated posture, lying posture, knees straight, different pose, altered limb placement, extra limbs, missing limbs, fused limbs, duplicated hands, duplicated feet, twisted joints, dislocated shoulders, broken spine, impossible balance, contradictory weight distribution",Pose/Crouching/Compact,1,False
0182 | Pose/Crouching/Compact/Compact Crouch — weight shifted toward the right foot — chin slightly lowered,"weight shifted toward the right foot, both knees deeply bent; chin slightly lowered, neck long; clear joint alignment; distinct limb separation","upright standing posture, seated posture, lying posture, knees straight, different pose, altered limb placement, extra limbs, missing limbs, fused limbs, duplicated hands, duplicated feet, twisted joints, dislocated shoulders, broken spine, impossible balance, contradictory weight distribution",Pose/Crouching/Compact,1,False
0183 | Pose/Crouching/Compact/Compact Crouch — weight shifted toward the right foot — chin slightly raised,"weight shifted toward the right foot, both knees deeply bent; chin slightly raised, neck long; clear joint alignment; distinct limb separation","upright standing posture, seated posture, lying posture, knees straight, different pose, altered limb placement, extra limbs, missing limbs, fused limbs, duplicated hands, duplicated feet, twisted joints, dislocated shoulders, broken spine, impossible balance, contradictory weight distribution",Pose/Crouching/Compact,1,False
0184 | Pose/Crouching/Compact/Compact Crouch — weight shifted toward the right foot — head tilted slightly left,"weight shifted toward the right foot, both knees deeply bent; head tilted slightly left; clear joint alignment; distinct limb separation","upright standing posture, seated posture, lying posture, knees straight, different pose, altered limb placement, extra limbs, missing limbs, fused limbs, duplicated hands, duplicated feet, twisted joints, dislocated shoulders, broken spine, impossible balance, contradictory weight distribution",Pose/Crouching/Compact,1,False
0185 | Pose/Crouching/Compact/Compact Crouch — weight shifted toward the right foot — head tilted slightly right,"weight shifted toward the right foot, both knees deeply bent; head tilted slightly right; clear joint alignment; distinct limb separation","upright standing posture, seated posture, lying posture, knees straight, different pose, altered limb placement, extra limbs, missing limbs, fused limbs, duplicated hands, duplicated feet, twisted joints, dislocated shoulders, broken spine, impossible balance, contradictory weight distribution",Pose/Crouching/Compact,1,False
0186 | Pose/Crouching/Compact/Compact Crouch — weight shifted toward the right foot — head rotated slightly left,"weight shifted toward the right foot, both knees deeply bent; head rotated slightly left, pelvis stable; clear joint alignment; distinct limb separation","upright standing posture, seated posture, lying posture, knees straight, different pose, altered limb placement, extra limbs, missing limbs, fused limbs, duplicated hands, duplicated feet, twisted joints, dislocated shoulders, broken spine, impossible balance, contradictory weight distribution",Pose/Crouching/Compact,1,False
0187 | Pose/Crouching/Compact/Compact Crouch — weight shifted toward the right foot — head rotated slightly right,"weight shifted toward the right foot, both knees deeply bent; head rotated slightly right, pelvis stable; clear joint alignment; distinct limb separation","upright standing posture, seated posture, lying posture, knees straight, different pose, altered limb placement, extra limbs, missing limbs, fused limbs, duplicated hands, duplicated feet, twisted joints, dislocated shoulders, broken spine, impossible balance, contradictory weight distribution",Pose/Crouching/Compact,1,False
0188 | Pose/Crouching/Compact/Compact Crouch — weight shifted toward the right foot — ribcage rotated slightly left,"weight shifted toward the right foot, both knees deeply bent; ribcage rotated slightly left, hips facing forward; clear joint alignment; distinct limb separation","upright standing posture, seated posture, lying posture, knees straight, different pose, altered limb placement, extra limbs, missing limbs, fused limbs, duplicated hands, duplicated feet, twisted joints, dislocated shoulders, broken spine, impossible balance, contradictory weight distribution",Pose/Crouching/Compact,1,False
0189 | Pose/Crouching/Compact/Compact Crouch — weight shifted toward the right foot — ribcage rotated slightly right,"weight shifted toward the right foot, both knees deeply bent; ribcage rotated slightly right, hips facing forward; clear joint alignment; distinct limb separation","upright standing posture, seated posture, lying posture, knees straight, different pose, altered limb placement, extra limbs, missing limbs, fused limbs, duplicated hands, duplicated feet, twisted joints, dislocated shoulders, broken spine, impossible balance, contradictory weight distribution",Pose/Crouching/Compact,1,False
0190 | Pose/Crouching/Compact/Compact Crouch — weight shifted toward the right foot — torso inclined slightly forward with a long spine,"weight shifted toward the right foot, both knees deeply bent; torso inclined slightly forward with a long spine; clear joint alignment; distinct limb separation","upright standing posture, seated posture, lying posture, knees straight, different pose, altered limb placement, extra limbs, missing limbs, fused limbs, duplicated hands, duplicated feet, twisted joints, dislocated shoulders, broken spine, impossible balance, contradictory weight distribution",Pose/Crouching/Compact,1,False
0191 | Pose/Crouching/Compact/Compact Crouch — weight shifted toward the right foot — torso inclined slightly backward with abdominal support,"weight shifted toward the right foot, both knees deeply bent; torso inclined slightly backward with abdominal support; clear joint alignment; distinct limb separation","upright standing posture, seated posture, lying posture, knees straight, different pose, altered limb placement, extra limbs, missing limbs, fused limbs, duplicated hands, duplicated feet, twisted joints, dislocated shoulders, broken spine, impossible balance, contradictory weight distribution",Pose/Crouching/Compact,1,False
0192 | Pose/Crouching/Compact/Compact Crouch — weight shifted toward the right foot — left shoulder slightly higher than the right,"weight shifted toward the right foot, both knees deeply bent; left shoulder slightly higher than the right; clear joint alignment; distinct limb separation","upright standing posture, seated posture, lying posture, knees straight, different pose, altered limb placement, extra limbs, missing limbs, fused limbs, duplicated hands, duplicated feet, twisted joints, dislocated shoulders, broken spine, impossible balance, contradictory weight distribution",Pose/Crouching/Compact,1,False
0193 | Pose/Crouching/Compact/Compact Crouch — weight shifted toward the right foot — right shoulder slightly higher than the left,"weight shifted toward the right foot, both knees deeply bent; right shoulder slightly higher than the left; clear joint alignment; distinct limb separation","upright standing posture, seated posture, lying posture, knees straight, different pose, altered limb placement, extra limbs, missing limbs, fused limbs, duplicated hands, duplicated feet, twisted joints, dislocated shoulders, broken spine, impossible balance, contradictory weight distribution",Pose/Crouching/Compact,1,False
0194 | Pose/Crouching/Compact/Compact Crouch — weight shifted toward the right foot — shoulders gently drawn back,"weight shifted toward the right foot, both knees deeply bent; shoulders gently drawn back; clear joint alignment; distinct limb separation","upright standing posture, seated posture, lying posture, knees straight, different pose, altered limb placement, extra limbs, missing limbs, fused limbs, duplicated hands, duplicated feet, twisted joints, dislocated shoulders, broken spine, impossible balance, contradictory weight distribution",Pose/Crouching/Compact,1,False
0195 | Pose/Crouching/Compact/Compact Crouch — weight shifted toward the right foot — shoulders relaxed and lowered,"weight shifted toward the right foot, both knees deeply bent; shoulders relaxed and lowered; clear joint alignment; distinct limb separation","upright standing posture, seated posture, lying posture, knees straight, different pose, altered limb placement, extra limbs, missing limbs, fused limbs, duplicated hands, duplicated feet, twisted joints, dislocated shoulders, broken spine, impossible balance, contradictory weight distribution",Pose/Crouching/Compact,1,False
0196 | Pose/Crouching/Compact/Compact Crouch — weight shifted toward the right foot — pelvis shifted slightly left with torso counterbalance,"weight shifted toward the right foot, both knees deeply bent; pelvis shifted slightly left with torso counterbalance; clear joint alignment; distinct limb separation","upright standing posture, seated posture, lying posture, knees straight, different pose, altered limb placement, extra limbs, missing limbs, fused limbs, duplicated hands, duplicated feet, twisted joints, dislocated shoulders, broken spine, impossible balance, contradictory weight distribution",Pose/Crouching/Compact,1,False
0197 | Pose/Crouching/Compact/Compact Crouch — weight shifted toward the right foot — pelvis shifted slightly right with torso counterbalance,"weight shifted toward the right foot, both knees deeply bent; pelvis shifted slightly right with torso counterbalance; clear joint alignment; distinct limb separation","upright standing posture, seated posture, lying posture, knees straight, different pose, altered limb placement, extra limbs, missing limbs, fused limbs, duplicated hands, duplicated feet, twisted joints, dislocated shoulders, broken spine, impossible balance, contradictory weight distribution",Pose/Crouching/Compact,1,False
0198 | Pose/Crouching/Compact/Compact Crouch — weight shifted toward the right foot — upper back gently rounded,"weight shifted toward the right foot, both knees deeply bent; upper back gently rounded; clear joint alignment; distinct limb separation","upright standing posture, seated posture, lying posture, knees straight, different pose, altered limb placement, extra limbs, missing limbs, fused limbs, duplicated hands, duplicated feet, twisted joints, dislocated shoulders, broken spine, impossible balance, contradictory weight distribution",Pose/Crouching/Compact,1,False
0199 | Pose/Crouching/Compact/Compact Crouch — weight shifted toward the right foot — upper back gently extended,"weight shifted toward the right foot, both knees deeply bent; upper back gently extended; clear joint alignment; distinct limb separation","upright standing posture, seated posture, lying posture, knees straight, different pose, altered limb placement, extra limbs, missing limbs, fused limbs, duplicated hands, duplicated feet, twisted joints, dislocated shoulders, broken spine, impossible balance, contradictory weight distribution",Pose/Crouching/Compact,1,False
0200 | Pose/Crouching/Compact/Compact Crouch — weight shifted toward the right foot — head aligned with the spine,"weight shifted toward the right foot, both knees deeply bent; head aligned with the spine; clear joint alignment; distinct limb separation","upright standing posture, seated posture, lying posture, knees straight, different pose, altered limb placement, extra limbs, missing limbs, fused limbs, duplicated hands, duplicated feet, twisted joints, dislocated shoulders, broken spine, impossible balance, contradictory weight distribution",Pose/Crouching/Compact,1,False
