name,prompt,negative_prompt,category,weight,favorite
0001 | Pose/Standing/Arms Crossed/Arms Crossed — feet hip-width apart — head level,"feet hip-width apart, both forearms crossed loosely across the lower ribcage; head level, chin neutral, shoulders level; clear joint alignment; distinct limb separation","arms uncrossed, hands behind the back, arms overhead, seated posture, lying posture, different pose, altered limb placement, extra limbs, missing limbs, fused limbs, duplicated hands, duplicated feet, twisted joints, dislocated shoulders, broken spine, impossible balance, contradictory weight distribution",Pose/Standing/Arms Crossed,1,False
0002 | Pose/Standing/Arms Crossed/Arms Crossed — feet hip-width apart — chin slightly lowered,"feet hip-width apart, both forearms crossed loosely across the lower ribcage; chin slightly lowered, neck lengthened, shoulders level; clear joint alignment; distinct limb separation","arms uncrossed, hands behind the back, arms overhead, seated posture, lying posture, different pose, altered limb placement, extra limbs, missing limbs, fused limbs, duplicated hands, duplicated feet, twisted joints, dislocated shoulders, broken spine, impossible balance, contradictory weight distribution",Pose/Standing/Arms Crossed,1,False
0003 | Pose/Standing/Arms Crossed/Arms Crossed — feet hip-width apart — chin slightly raised,"feet hip-width apart, both forearms crossed loosely across the lower ribcage; chin slightly raised, neck lengthened, shoulders level; clear joint alignment; distinct limb separation","arms uncrossed, hands behind the back, arms overhead, seated posture, lying posture, different pose, altered limb placement, extra limbs, missing limbs, fused limbs, duplicated hands, duplicated feet, twisted joints, dislocated shoulders, broken spine, impossible balance, contradictory weight distribution",Pose/Standing/Arms Crossed,1,False
0004 | Pose/Standing/Arms Crossed/Arms Crossed — feet hip-width apart — head tilted slightly left,"feet hip-width apart, both forearms crossed loosely across the lower ribcage; head tilted slightly left, shoulders level; clear joint alignment; distinct limb separation","arms uncrossed, hands behind the back, arms overhead, seated posture, lying posture, different pose, altered limb placement, extra limbs, missing limbs, fused limbs, duplicated hands, duplicated feet, twisted joints, dislocated shoulders, broken spine, impossible balance, contradictory weight distribution",Pose/Standing/Arms Crossed,1,False
0005 | Pose/Standing/Arms Crossed/Arms Crossed — feet hip-width apart — head tilted slightly right,"feet hip-width apart, both forearms crossed loosely across the lower ribcage; head tilted slightly right, shoulders level; clear joint alignment; distinct limb separation","arms uncrossed, hands behind the back, arms overhead, seated posture, lying posture, different pose, altered limb placement, extra limbs, missing limbs, fused limbs, duplicated hands, duplicated feet, twisted joints, dislocated shoulders, broken spine, impossible balance, contradictory weight distribution",Pose/Standing/Arms Crossed,1,False
0006 | Pose/Standing/Arms Crossed/Arms Crossed — feet hip-width apart — head rotated slightly left,"feet hip-width apart, both forearms crossed loosely across the lower ribcage; head rotated slightly left, ribcage facing forward; clear joint alignment; distinct limb separation","arms uncrossed, hands behind the back, arms overhead, seated posture, lying posture, different pose, altered limb placement, extra limbs, missing limbs, fused limbs, duplicated hands, duplicated feet, twisted joints, dislocated shoulders, broken spine, impossible balance, contradictory weight distribution",Pose/Standing/Arms Crossed,1,False
0007 | Pose/Standing/Arms Crossed/Arms Crossed — feet hip-width apart — head rotated slightly right,"feet hip-width apart, both forearms crossed loosely across the lower ribcage; head rotated slightly right, ribcage facing forward; clear joint alignment; distinct limb separation","arms uncrossed, hands behind the back, arms overhead, seated posture, lying posture, different pose, altered limb placement, extra limbs, missing limbs, fused limbs, duplicated hands, duplicated feet, twisted joints, dislocated shoulders, broken spine, impossible balance, contradictory weight distribution",Pose/Standing/Arms Crossed,1,False
0008 | Pose/Standing/Arms Crossed/Arms Crossed — feet hip-width apart — left shoulder slightly higher than the right,"feet hip-width apart, both forearms crossed loosely across the lower ribcage; left shoulder slightly higher than the right; clear joint alignment; distinct limb separation","arms uncrossed, hands behind the back, arms overhead, seated posture, lying posture, different pose, altered limb placement, extra limbs, missing limbs, fused limbs, duplicated hands, duplicated feet, twisted joints, dislocated shoulders, broken spine, impossible balance, contradictory weight distribution",Pose/Standing/Arms Crossed,1,False
0009 | Pose/Standing/Arms Crossed/Arms Crossed — feet hip-width apart — right shoulder slightly higher than the left,"feet hip-width apart, both forearms crossed loosely across the lower ribcage; right shoulder slightly higher than the left; clear joint alignment; distinct limb separation","arms uncrossed, hands behind the back, arms overhead, seated posture, lying posture, different pose, altered limb placement, extra limbs, missing limbs, fused limbs, duplicated hands, duplicated feet, twisted joints, dislocated shoulders, broken spine, impossible balance, contradictory weight distribution",Pose/Standing/Arms Crossed,1,False
0010 | Pose/Standing/Arms Crossed/Arms Crossed — feet hip-width apart — shoulders gently drawn back,"feet hip-width apart, both forearms crossed loosely across the lower ribcage; shoulders gently drawn back, chest neutral; clear joint alignment; distinct limb separation","arms uncrossed, hands behind the back, arms overhead, seated posture, lying posture, different pose, altered limb placement, extra limbs, missing limbs, fused limbs, duplicated hands, duplicated feet, twisted joints, dislocated shoulders, broken spine, impossible balance, contradictory weight distribution",Pose/Standing/Arms Crossed,1,False
0011 | Pose/Standing/Arms Crossed/Arms Crossed — feet hip-width apart — shoulders relaxed and lowered,"feet hip-width apart, both forearms crossed loosely across the lower ribcage; shoulders relaxed and lowered, chest neutral; clear joint alignment; distinct limb separation","arms uncrossed, hands behind the back, arms overhead, seated posture, lying posture, different pose, altered limb placement, extra limbs, missing limbs, fused limbs, duplicated hands, duplicated feet, twisted joints, dislocated shoulders, broken spine, impossible balance, contradictory weight distribution",Pose/Standing/Arms Crossed,1,False
0012 | Pose/Standing/Arms Crossed/Arms Crossed — feet hip-width apart — ribcage rotated slightly left,"feet hip-width apart, both forearms crossed loosely across the lower ribcage; ribcage rotated slightly left, pelvis stable; clear joint alignment; distinct limb separation","arms uncrossed, hands behind the back, arms overhead, seated posture, lying posture, different pose, altered limb placement, extra limbs, missing limbs, fused limbs, duplicated hands, duplicated feet, twisted joints, dislocated shoulders, broken spine, impossible balance, contradictory weight distribution",Pose/Standing/Arms Crossed,1,False
0013 | Pose/Standing/Arms Crossed/Arms Crossed — feet hip-width apart — ribcage rotated slightly right,"feet hip-width apart, both forearms crossed loosely across the lower ribcage; ribcage rotated slightly right, pelvis stable; clear joint alignment; distinct limb separation","arms uncrossed, hands behind the back, arms overhead, seated posture, lying posture, different pose, altered limb placement, extra limbs, missing limbs, fused limbs, duplicated hands, duplicated feet, twisted joints, dislocated shoulders, broken spine, impossible balance, contradictory weight distribution",Pose/Standing/Arms Crossed,1,False
0014 | Pose/Standing/Arms Crossed/Arms Crossed — feet hip-width apart — pelvis shifted slightly left,"feet hip-width apart, both forearms crossed loosely across the lower ribcage; pelvis shifted slightly left, shoulders counterbalanced; clear joint alignment; distinct limb separation","arms uncrossed, hands behind the back, arms overhead, seated posture, lying posture, different pose, altered limb placement, extra limbs, missing limbs, fused limbs, duplicated hands, duplicated feet, twisted joints, dislocated shoulders, broken spine, impossible balance, contradictory weight distribution",Pose/Standing/Arms Crossed,1,False
0015 | Pose/Standing/Arms Crossed/Arms Crossed — feet hip-width apart — pelvis shifted slightly right,"feet hip-width apart, both forearms crossed loosely across the lower ribcage; pelvis shifted slightly right, shoulders counterbalanced; clear joint alignment; distinct limb separation","arms uncrossed, hands behind the back, arms overhead, seated posture, lying posture, different pose, altered limb placement, extra limbs, missing limbs, fused limbs, duplicated hands, duplicated feet, twisted joints, dislocated shoulders, broken spine, impossible balance, contradictory weight distribution",Pose/Standing/Arms Crossed,1,False
0016 | Pose/Standing/Arms Crossed/Arms Crossed — feet hip-width apart — spine long and vertical,"feet hip-width apart, both forearms crossed loosely across the lower ribcage; spine long and vertical, abdominal wall neutral; clear joint alignment; distinct limb separation","arms uncrossed, hands behind the back, arms overhead, seated posture, lying posture, different pose, altered limb placement, extra limbs, missing limbs, fused limbs, duplicated hands, duplicated feet, twisted joints, dislocated shoulders, broken spine, impossible balance, contradictory weight distribution",Pose/Standing/Arms Crossed,1,False
0017 | Pose/Standing/Arms Crossed/Arms Crossed — feet hip-width apart — upper back gently rounded,"feet hip-width apart, both forearms crossed loosely across the lower ribcage; upper back gently rounded, pelvis stable; clear joint alignment; distinct limb separation","arms uncrossed, hands behind the back, arms overhead, seated posture, lying posture, different pose, altered limb placement, extra limbs, missing limbs, fused limbs, duplicated hands, duplicated feet, twisted joints, dislocated shoulders, broken spine, impossible balance, contradictory weight distribution",Pose/Standing/Arms Crossed,1,False
0018 | Pose/Standing/Arms Crossed/Arms Crossed — feet hip-width apart — upper back gently extended,"feet hip-width apart, both forearms crossed loosely across the lower ribcage; upper back gently extended, pelvis stable; clear joint alignment; distinct limb separation","arms uncrossed, hands behind the back, arms overhead, seated posture, lying posture, different pose, altered limb placement, extra limbs, missing limbs, fused limbs, duplicated hands, duplicated feet, twisted joints, dislocated shoulders, broken spine, impossible balance, contradictory weight distribution",Pose/Standing/Arms Crossed,1,False
0019 | Pose/Standing/Arms Crossed/Arms Crossed — feet hip-width apart — chin angled toward the left collarbone,"feet hip-width apart, both forearms crossed loosely across the lower ribcage; chin angled toward the left collarbone; clear joint alignment; distinct limb separation","arms uncrossed, hands behind the back, arms overhead, seated posture, lying posture, different pose, altered limb placement, extra limbs, missing limbs, fused limbs, duplicated hands, duplicated feet, twisted joints, dislocated shoulders, broken spine, impossible balance, contradictory weight distribution",Pose/Standing/Arms Crossed,1,False
0020 | Pose/Standing/Arms Crossed/Arms Crossed — feet hip-width apart — chin angled toward the right collarbone,"feet hip-width apart, both forearms crossed loosely across the lower ribcage; chin angled toward the right collarbone; clear joint alignment; distinct limb separation","arms uncrossed, hands behind the back, arms overhead, seated posture, lying posture, different pose, altered limb placement, extra limbs, missing limbs, fused limbs, duplicated hands, duplicated feet, twisted joints, dislocated shoulders, broken spine, impossible balance, contradictory weight distribution",Pose/Standing/Arms Crossed,1,False
0021 | Pose/Standing/Arms Crossed/Arms Crossed — feet shoulder-width apart — head level,"feet shoulder-width apart, both forearms crossed firmly across the chest; head level, chin neutral, shoulders level; clear joint alignment; distinct limb separation","arms uncrossed, hands behind the back, arms overhead, seated posture, lying posture, different pose, altered limb placement, extra limbs, missing limbs, fused limbs, duplicated hands, duplicated feet, twisted joints, dislocated shoulders, broken spine, impossible balance, contradictory weight distribution",Pose/Standing/Arms Crossed,1,False
0022 | Pose/Standing/Arms Crossed/Arms Crossed — feet shoulder-width apart — chin slightly lowered,"feet shoulder-width apart, both forearms crossed firmly across the chest; chin slightly lowered, neck lengthened, shoulders level; clear joint alignment; distinct limb separation","arms uncrossed, hands behind the back, arms overhead, seated posture, lying posture, different pose, altered limb placement, extra limbs, missing limbs, fused limbs, duplicated hands, duplicated feet, twisted joints, dislocated shoulders, broken spine, impossible balance, contradictory weight distribution",Pose/Standing/Arms Crossed,1,False
0023 | Pose/Standing/Arms Crossed/Arms Crossed — feet shoulder-width apart — chin slightly raised,"feet shoulder-width apart, both forearms crossed firmly across the chest; chin slightly raised, neck lengthened, shoulders level; clear joint alignment; distinct limb separation","arms uncrossed, hands behind the back, arms overhead, seated posture, lying posture, different pose, altered limb placement, extra limbs, missing limbs, fused limbs, duplicated hands, duplicated feet, twisted joints, dislocated shoulders, broken spine, impossible balance, contradictory weight distribution",Pose/Standing/Arms Crossed,1,False
0024 | Pose/Standing/Arms Crossed/Arms Crossed — feet shoulder-width apart — head tilted slightly left,"feet shoulder-width apart, both forearms crossed firmly across the chest; head tilted slightly left, shoulders level; clear joint alignment; distinct limb separation","arms uncrossed, hands behind the back, arms overhead, seated posture, lying posture, different pose, altered limb placement, extra limbs, missing limbs, fused limbs, duplicated hands, duplicated feet, twisted joints, dislocated shoulders, broken spine, impossible balance, contradictory weight distribution",Pose/Standing/Arms Crossed,1,False
0025 | Pose/Standing/Arms Crossed/Arms Crossed — feet shoulder-width apart — head tilted slightly right,"feet shoulder-width apart, both forearms crossed firmly across the chest; head tilted slightly right, shoulders level; clear joint alignment; distinct limb separation","arms uncrossed, hands behind the back, arms overhead, seated posture, lying posture, different pose, altered limb placement, extra limbs, missing limbs, fused limbs, duplicated hands, duplicated feet, twisted joints, dislocated shoulders, broken spine, impossible balance, contradictory weight distribution",Pose/Standing/Arms Crossed,1,False
0026 | Pose/Standing/Arms Crossed/Arms Crossed — feet shoulder-width apart — head rotated slightly left,"feet shoulder-width apart, both forearms crossed firmly across the chest; head rotated slightly left, ribcage facing forward; clear joint alignment; distinct limb separation","arms uncrossed, hands behind the back, arms overhead, seated posture, lying posture, different pose, altered limb placement, extra limbs, missing limbs, fused limbs, duplicated hands, duplicated feet, twisted joints, dislocated shoulders, broken spine, impossible balance, contradictory weight distribution",Pose/Standing/Arms Crossed,1,False
0027 | Pose/Standing/Arms Crossed/Arms Crossed — feet shoulder-width apart — head rotated slightly right,"feet shoulder-width apart, both forearms crossed firmly across the chest; head rotated slightly right, ribcage facing forward; clear joint alignment; distinct limb separation","arms uncrossed, hands behind the back, arms overhead, seated posture, lying posture, different pose, altered limb placement, extra limbs, missing limbs, fused limbs, duplicated hands, duplicated feet, twisted joints, dislocated shoulders, broken spine, impossible balance, contradictory weight distribution",Pose/Standing/Arms Crossed,1,False
0028 | Pose/Standing/Arms Crossed/Arms Crossed — feet shoulder-width apart — left shoulder slightly higher than the right,"feet shoulder-width apart, both forearms crossed firmly across the chest; left shoulder slightly higher than the right; clear joint alignment; distinct limb separation","arms uncrossed, hands behind the back, arms overhead, seated posture, lying posture, different pose, altered limb placement, extra limbs, missing limbs, fused limbs, duplicated hands, duplicated feet, twisted joints, dislocated shoulders, broken spine, impossible balance, contradictory weight distribution",Pose/Standing/Arms Crossed,1,False
0029 | Pose/Standing/Arms Crossed/Arms Crossed — feet shoulder-width apart — right shoulder slightly higher than the left,"feet shoulder-width apart, both forearms crossed firmly across the chest; right shoulder slightly higher than the left; clear joint alignment; distinct limb separation","arms uncrossed, hands behind the back, arms overhead, seated posture, lying posture, different pose, altered limb placement, extra limbs, missing limbs, fused limbs, duplicated hands, duplicated feet, twisted joints, dislocated shoulders, broken spine, impossible balance, contradictory weight distribution",Pose/Standing/Arms Crossed,1,False
0030 | Pose/Standing/Arms Crossed/Arms Crossed — feet shoulder-width apart — shoulders gently drawn back,"feet shoulder-width apart, both forearms crossed firmly across the chest; shoulders gently drawn back, chest neutral; clear joint alignment; distinct limb separation","arms uncrossed, hands behind the back, arms overhead, seated posture, lying posture, different pose, altered limb placement, extra limbs, missing limbs, fused limbs, duplicated hands, duplicated feet, twisted joints, dislocated shoulders, broken spine, impossible balance, contradictory weight distribution",Pose/Standing/Arms Crossed,1,False
0031 | Pose/Standing/Arms Crossed/Arms Crossed — feet shoulder-width apart — shoulders relaxed and lowered,"feet shoulder-width apart, both forearms crossed firmly across the chest; shoulders relaxed and lowered, chest neutral; clear joint alignment; distinct limb separation","arms uncrossed, hands behind the back, arms overhead, seated posture, lying posture, different pose, altered limb placement, extra limbs, missing limbs, fused limbs, duplicated hands, duplicated feet, twisted joints, dislocated shoulders, broken spine, impossible balance, contradictory weight distribution",Pose/Standing/Arms Crossed,1,False
0032 | Pose/Standing/Arms Crossed/Arms Crossed — feet shoulder-width apart — ribcage rotated slightly left,"feet shoulder-width apart, both forearms crossed firmly across the chest; ribcage rotated slightly left, pelvis stable; clear joint alignment; distinct limb separation","arms uncrossed, hands behind the back, arms overhead, seated posture, lying posture, different pose, altered limb placement, extra limbs, missing limbs, fused limbs, duplicated hands, duplicated feet, twisted joints, dislocated shoulders, broken spine, impossible balance, contradictory weight distribution",Pose/Standing/Arms Crossed,1,False
0033 | Pose/Standing/Arms Crossed/Arms Crossed — feet shoulder-width apart — ribcage rotated slightly right,"feet shoulder-width apart, both forearms crossed firmly across the chest; ribcage rotated slightly right, pelvis stable; clear joint alignment; distinct limb separation","arms uncrossed, hands behind the back, arms overhead, seated posture, lying posture, different pose, altered limb placement, extra limbs, missing limbs, fused limbs, duplicated hands, duplicated feet, twisted joints, dislocated shoulders, broken spine, impossible balance, contradictory weight distribution",Pose/Standing/Arms Crossed,1,False
0034 | Pose/Standing/Arms Crossed/Arms Crossed — feet shoulder-width apart — pelvis shifted slightly left,"feet shoulder-width apart, both forearms crossed firmly across the chest; pelvis shifted slightly left, shoulders counterbalanced; clear joint alignment; distinct limb separation","arms uncrossed, hands behind the back, arms overhead, seated posture, lying posture, different pose, altered limb placement, extra limbs, missing limbs, fused limbs, duplicated hands, duplicated feet, twisted joints, dislocated shoulders, broken spine, impossible balance, contradictory weight distribution",Pose/Standing/Arms Crossed,1,False
0035 | Pose/Standing/Arms Crossed/Arms Crossed — feet shoulder-width apart — pelvis shifted slightly right,"feet shoulder-width apart, both forearms crossed firmly across the chest; pelvis shifted slightly right, shoulders counterbalanced; clear joint alignment; distinct limb separation","arms uncrossed, hands behind the back, arms overhead, seated posture, lying posture, different pose, altered limb placement, extra limbs, missing limbs, fused limbs, duplicated hands, duplicated feet, twisted joints, dislocated shoulders, broken spine, impossible balance, contradictory weight distribution",Pose/Standing/Arms Crossed,1,False
0036 | Pose/Standing/Arms Crossed/Arms Crossed — feet shoulder-width apart — spine long and vertical,"feet shoulder-width apart, both forearms crossed firmly across the chest; spine long and vertical, abdominal wall neutral; clear joint alignment; distinct limb separation","arms uncrossed, hands behind the back, arms overhead, seated posture, lying posture, different pose, altered limb placement, extra limbs, missing limbs, fused limbs, duplicated hands, duplicated feet, twisted joints, dislocated shoulders, broken spine, impossible balance, contradictory weight distribution",Pose/Standing/Arms Crossed,1,False
0037 | Pose/Standing/Arms Crossed/Arms Crossed — feet shoulder-width apart — upper back gently rounded,"feet shoulder-width apart, both forearms crossed firmly across the chest; upper back gently rounded, pelvis stable; clear joint alignment; distinct limb separation","arms uncrossed, hands behind the back, arms overhead, seated posture, lying posture, different pose, altered limb placement, extra limbs, missing limbs, fused limbs, duplicated hands, duplicated feet, twisted joints, dislocated shoulders, broken spine, impossible balance, contradictory weight distribution",Pose/Standing/Arms Crossed,1,False
0038 | Pose/Standing/Arms Crossed/Arms Crossed — feet shoulder-width apart — upper back gently extended,"feet shoulder-width apart, both forearms crossed firmly across the chest; upper back gently extended, pelvis stable; clear joint alignment; distinct limb separation","arms uncrossed, hands behind the back, arms overhead, seated posture, lying posture, different pose, altered limb placement, extra limbs, missing limbs, fused limbs, duplicated hands, duplicated feet, twisted joints, dislocated shoulders, broken spine, impossible balance, contradictory weight distribution",Pose/Standing/Arms Crossed,1,False
0039 | Pose/Standing/Arms Crossed/Arms Crossed — feet shoulder-width apart — chin angled toward the left collarbone,"feet shoulder-width apart, both forearms crossed firmly across the chest; chin angled toward the left collarbone; clear joint alignment; distinct limb separation","arms uncrossed, hands behind the back, arms overhead, seated posture, lying posture, different pose, altered limb placement, extra limbs, missing limbs, fused limbs, duplicated hands, duplicated feet, twisted joints, dislocated shoulders, broken spine, impossible balance, contradictory weight distribution",Pose/Standing/Arms Crossed,1,False
0040 | Pose/Standing/Arms Crossed/Arms Crossed — feet shoulder-width apart — chin angled toward the right collarbone,"feet shoulder-width apart, both forearms crossed firmly across the chest; chin angled toward the right collarbone; clear joint alignment; distinct limb separation","arms uncrossed, hands behind the back, arms overhead, seated posture, lying posture, different pose, altered limb placement, extra limbs, missing limbs, fused limbs, duplicated hands, duplicated feet, twisted joints, dislocated shoulders, broken spine, impossible balance, contradictory weight distribution",Pose/Standing/Arms Crossed,1,False
0041 | Pose/Standing/Arms Crossed/Arms Crossed — feet together — head level,"feet together, left forearm above the right across the chest; head level, chin neutral, shoulders level; clear joint alignment; distinct limb separation","arms uncrossed, hands behind the back, arms overhead, seated posture, lying posture, different pose, altered limb placement, extra limbs, missing limbs, fused limbs, duplicated hands, duplicated feet, twisted joints, dislocated shoulders, broken spine, impossible balance, contradictory weight distribution",Pose/Standing/Arms Crossed,1,False
0042 | Pose/Standing/Arms Crossed/Arms Crossed — feet together — chin slightly lowered,"feet together, left forearm above the right across the chest; chin slightly lowered, neck lengthened, shoulders level; clear joint alignment; distinct limb separation","arms uncrossed, hands behind the back, arms overhead, seated posture, lying posture, different pose, altered limb placement, extra limbs, missing limbs, fused limbs, duplicated hands, duplicated feet, twisted joints, dislocated shoulders, broken spine, impossible balance, contradictory weight distribution",Pose/Standing/Arms Crossed,1,False
0043 | Pose/Standing/Arms Crossed/Arms Crossed — feet together — chin slightly raised,"feet together, left forearm above the right across the chest; chin slightly raised, neck lengthened, shoulders level; clear joint alignment; distinct limb separation","arms uncrossed, hands behind the back, arms overhead, seated posture, lying posture, different pose, altered limb placement, extra limbs, missing limbs, fused limbs, duplicated hands, duplicated feet, twisted joints, dislocated shoulders, broken spine, impossible balance, contradictory weight distribution",Pose/Standing/Arms Crossed,1,False
0044 | Pose/Standing/Arms Crossed/Arms Crossed — feet together — head tilted slightly left,"feet together, left forearm above the right across the chest; head tilted slightly left, shoulders level; clear joint alignment; distinct limb separation","arms uncrossed, hands behind the back, arms overhead, seated posture, lying posture, different pose, altered limb placement, extra limbs, missing limbs, fused limbs, duplicated hands, duplicated feet, twisted joints, dislocated shoulders, broken spine, impossible balance, contradictory weight distribution",Pose/Standing/Arms Crossed,1,False
0045 | Pose/Standing/Arms Crossed/Arms Crossed — feet together — head tilted slightly right,"feet together, left forearm above the right across the chest; head tilted slightly right, shoulders level; clear joint alignment; distinct limb separation","arms uncrossed, hands behind the back, arms overhead, seated posture, lying posture, different pose, altered limb placement, extra limbs, missing limbs, fused limbs, duplicated hands, duplicated feet, twisted joints, dislocated shoulders, broken spine, impossible balance, contradictory weight distribution",Pose/Standing/Arms Crossed,1,False
0046 | Pose/Standing/Arms Crossed/Arms Crossed — feet together — head rotated slightly left,"feet together, left forearm above the right across the chest; head rotated slightly left, ribcage facing forward; clear joint alignment; distinct limb separation","arms uncrossed, hands behind the back, arms overhead, seated posture, lying posture, different pose, altered limb placement, extra limbs, missing limbs, fused limbs, duplicated hands, duplicated feet, twisted joints, dislocated shoulders, broken spine, impossible balance, contradictory weight distribution",Pose/Standing/Arms Crossed,1,False
0047 | Pose/Standing/Arms Crossed/Arms Crossed — feet together — head rotated slightly right,"feet together, left forearm above the right across the chest; head rotated slightly right, ribcage facing forward; clear joint alignment; distinct limb separation","arms uncrossed, hands behind the back, arms overhead, seated posture, lying posture, different pose, altered limb placement, extra limbs, missing limbs, fused limbs, duplicated hands, duplicated feet, twisted joints, dislocated shoulders, broken spine, impossible balance, contradictory weight distribution",Pose/Standing/Arms Crossed,1,False
0048 | Pose/Standing/Arms Crossed/Arms Crossed — feet together — left shoulder slightly higher than the right,"feet together, left forearm above the right across the chest; left shoulder slightly higher than the right; clear joint alignment; distinct limb separation","arms uncrossed, hands behind the back, arms overhead, seated posture, lying posture, different pose, altered limb placement, extra limbs, missing limbs, fused limbs, duplicated hands, duplicated feet, twisted joints, dislocated shoulders, broken spine, impossible balance, contradictory weight distribution",Pose/Standing/Arms Crossed,1,False
0049 | Pose/Standing/Arms Crossed/Arms Crossed — feet together — right shoulder slightly higher than the left,"feet together, left forearm above the right across the chest; right shoulder slightly higher than the left; clear joint alignment; distinct limb separation","arms uncrossed, hands behind the back, arms overhead, seated posture, lying posture, different pose, altered limb placement, extra limbs, missing limbs, fused limbs, duplicated hands, duplicated feet, twisted joints, dislocated shoulders, broken spine, impossible balance, contradictory weight distribution",Pose/Standing/Arms Crossed,1,False
0050 | Pose/Standing/Arms Crossed/Arms Crossed — feet together — shoulders gently drawn back,"feet together, left forearm above the right across the chest; shoulders gently drawn back, chest neutral; clear joint alignment; distinct limb separation","arms uncrossed, hands behind the back, arms overhead, seated posture, lying posture, different pose, altered limb placement, extra limbs, missing limbs, fused limbs, duplicated hands, duplicated feet, twisted joints, dislocated shoulders, broken spine, impossible balance, contradictory weight distribution",Pose/Standing/Arms Crossed,1,False
0051 | Pose/Standing/Arms Crossed/Arms Crossed — feet together — shoulders relaxed and lowered,"feet together, left forearm above the right across the chest; shoulders relaxed and lowered, chest neutral; clear joint alignment; distinct limb separation","arms uncrossed, hands behind the back, arms overhead, seated posture, lying posture, different pose, altered limb placement, extra limbs, missing limbs, fused limbs, duplicated hands, duplicated feet, twisted joints, dislocated shoulders, broken spine, impossible balance, contradictory weight distribution",Pose/Standing/Arms Crossed,1,False
0052 | Pose/Standing/Arms Crossed/Arms Crossed — feet together — ribcage rotated slightly left,"feet together, left forearm above the right across the chest; ribcage rotated slightly left, pelvis stable; clear joint alignment; distinct limb separation","arms uncrossed, hands behind the back, arms overhead, seated posture, lying posture, different pose, altered limb placement, extra limbs, missing limbs, fused limbs, duplicated hands, duplicated feet, twisted joints, dislocated shoulders, broken spine, impossible balance, contradictory weight distribution",Pose/Standing/Arms Crossed,1,False
0053 | Pose/Standing/Arms Crossed/Arms Crossed — feet together — ribcage rotated slightly right,"feet together, left forearm above the right across the chest; ribcage rotated slightly right, pelvis stable; clear joint alignment; distinct limb separation","arms uncrossed, hands behind the back, arms overhead, seated posture, lying posture, different pose, altered limb placement, extra limbs, missing limbs, fused limbs, duplicated hands, duplicated feet, twisted joints, dislocated shoulders, broken spine, impossible balance, contradictory weight distribution",Pose/Standing/Arms Crossed,1,False
0054 | Pose/Standing/Arms Crossed/Arms Crossed — feet together — pelvis shifted slightly left,"feet together, left forearm above the right across the chest; pelvis shifted slightly left, shoulders counterbalanced; clear joint alignment; distinct limb separation","arms uncrossed, hands behind the back, arms overhead, seated posture, lying posture, different pose, altered limb placement, extra limbs, missing limbs, fused limbs, duplicated hands, duplicated feet, twisted joints, dislocated shoulders, broken spine, impossible balance, contradictory weight distribution",Pose/Standing/Arms Crossed,1,False
0055 | Pose/Standing/Arms Crossed/Arms Crossed — feet together — pelvis shifted slightly right,"feet together, left forearm above the right across the chest; pelvis shifted slightly right, shoulders counterbalanced; clear joint alignment; distinct limb separation","arms uncrossed, hands behind the back, arms overhead, seated posture, lying posture, different pose, altered limb placement, extra limbs, missing limbs, fused limbs, duplicated hands, duplicated feet, twisted joints, dislocated shoulders, broken spine, impossible balance, contradictory weight distribution",Pose/Standing/Arms Crossed,1,False
0056 | Pose/Standing/Arms Crossed/Arms Crossed — feet together — spine long and vertical,"feet together, left forearm above the right across the chest; spine long and vertical, abdominal wall neutral; clear joint alignment; distinct limb separation","arms uncrossed, hands behind the back, arms overhead, seated posture, lying posture, different pose, altered limb placement, extra limbs, missing limbs, fused limbs, duplicated hands, duplicated feet, twisted joints, dislocated shoulders, broken spine, impossible balance, contradictory weight distribution",Pose/Standing/Arms Crossed,1,False
0057 | Pose/Standing/Arms Crossed/Arms Crossed — feet together — upper back gently rounded,"feet together, left forearm above the right across the chest; upper back gently rounded, pelvis stable; clear joint alignment; distinct limb separation","arms uncrossed, hands behind the back, arms overhead, seated posture, lying posture, different pose, altered limb placement, extra limbs, missing limbs, fused limbs, duplicated hands, duplicated feet, twisted joints, dislocated shoulders, broken spine, impossible balance, contradictory weight distribution",Pose/Standing/Arms Crossed,1,False
0058 | Pose/Standing/Arms Crossed/Arms Crossed — feet together — upper back gently extended,"feet together, left forearm above the right across the chest; upper back gently extended, pelvis stable; clear joint alignment; distinct limb separation","arms uncrossed, hands behind the back, arms overhead, seated posture, lying posture, different pose, altered limb placement, extra limbs, missing limbs, fused limbs, duplicated hands, duplicated feet, twisted joints, dislocated shoulders, broken spine, impossible balance, contradictory weight distribution",Pose/Standing/Arms Crossed,1,False
0059 | Pose/Standing/Arms Crossed/Arms Crossed — feet together — chin angled toward the left collarbone,"feet together, left forearm above the right across the chest; chin angled toward the left collarbone; clear joint alignment; distinct limb separation","arms uncrossed, hands behind the back, arms overhead, seated posture, lying posture, different pose, altered limb placement, extra limbs, missing limbs, fused limbs, duplicated hands, duplicated feet, twisted joints, dislocated shoulders, broken spine, impossible balance, contradictory weight distribution",Pose/Standing/Arms Crossed,1,False
0060 | Pose/Standing/Arms Crossed/Arms Crossed — feet together — chin angled toward the right collarbone,"feet together, left forearm above the right across the chest; chin angled toward the right collarbone; clear joint alignment; distinct limb separation","arms uncrossed, hands behind the back, arms overhead, seated posture, lying posture, different pose, altered limb placement, extra limbs, missing limbs, fused limbs, duplicated hands, duplicated feet, twisted joints, dislocated shoulders, broken spine, impossible balance, contradictory weight distribution",Pose/Standing/Arms Crossed,1,False
0061 | Pose/Standing/Arms Crossed/Arms Crossed — feet together — head level,"feet together, right forearm above the left across the chest; head level, chin neutral, shoulders level; clear joint alignment; distinct limb separation","arms uncrossed, hands behind the back, arms overhead, seated posture, lying posture, different pose, altered limb placement, extra limbs, missing limbs, fused limbs, duplicated hands, duplicated feet, twisted joints, dislocated shoulders, broken spine, impossible balance, contradictory weight distribution",Pose/Standing/Arms Crossed,1,False
0062 | Pose/Standing/Arms Crossed/Arms Crossed — feet together — chin slightly lowered,"feet together, right forearm above the left across the chest; chin slightly lowered, neck lengthened, shoulders level; clear joint alignment; distinct limb separation","arms uncrossed, hands behind the back, arms overhead, seated posture, lying posture, different pose, altered limb placement, extra limbs, missing limbs, fused limbs, duplicated hands, duplicated feet, twisted joints, dislocated shoulders, broken spine, impossible balance, contradictory weight distribution",Pose/Standing/Arms Crossed,1,False
0063 | Pose/Standing/Arms Crossed/Arms Crossed — feet together — chin slightly raised,"feet together, right forearm above the left across the chest; chin slightly raised, neck lengthened, shoulders level; clear joint alignment; distinct limb separation","arms uncrossed, hands behind the back, arms overhead, seated posture, lying posture, different pose, altered limb placement, extra limbs, missing limbs, fused limbs, duplicated hands, duplicated feet, twisted joints, dislocated shoulders, broken spine, impossible balance, contradictory weight distribution",Pose/Standing/Arms Crossed,1,False
0064 | Pose/Standing/Arms Crossed/Arms Crossed — feet together — head tilted slightly left,"feet together, right forearm above the left across the chest; head tilted slightly left, shoulders level; clear joint alignment; distinct limb separation","arms uncrossed, hands behind the back, arms overhead, seated posture, lying posture, different pose, altered limb placement, extra limbs, missing limbs, fused limbs, duplicated hands, duplicated feet, twisted joints, dislocated shoulders, broken spine, impossible balance, contradictory weight distribution",Pose/Standing/Arms Crossed,1,False
0065 | Pose/Standing/Arms Crossed/Arms Crossed — feet together — head tilted slightly right,"feet together, right forearm above the left across the chest; head tilted slightly right, shoulders level; clear joint alignment; distinct limb separation","arms uncrossed, hands behind the back, arms overhead, seated posture, lying posture, different pose, altered limb placement, extra limbs, missing limbs, fused limbs, duplicated hands, duplicated feet, twisted joints, dislocated shoulders, broken spine, impossible balance, contradictory weight distribution",Pose/Standing/Arms Crossed,1,False
0066 | Pose/Standing/Arms Crossed/Arms Crossed — feet together — head rotated slightly left,"feet together, right forearm above the left across the chest; head rotated slightly left, ribcage facing forward; clear joint alignment; distinct limb separation","arms uncrossed, hands behind the back, arms overhead, seated posture, lying posture, different pose, altered limb placement, extra limbs, missing limbs, fused limbs, duplicated hands, duplicated feet, twisted joints, dislocated shoulders, broken spine, impossible balance, contradictory weight distribution",Pose/Standing/Arms Crossed,1,False
0067 | Pose/Standing/Arms Crossed/Arms Crossed — feet together — head rotated slightly right,"feet together, right forearm above the left across the chest; head rotated slightly right, ribcage facing forward; clear joint alignment; distinct limb separation","arms uncrossed, hands behind the back, arms overhead, seated posture, lying posture, different pose, altered limb placement, extra limbs, missing limbs, fused limbs, duplicated hands, duplicated feet, twisted joints, dislocated shoulders, broken spine, impossible balance, contradictory weight distribution",Pose/Standing/Arms Crossed,1,False
0068 | Pose/Standing/Arms Crossed/Arms Crossed — feet together — left shoulder slightly higher than the right,"feet together, right forearm above the left across the chest; left shoulder slightly higher than the right; clear joint alignment; distinct limb separation","arms uncrossed, hands behind the back, arms overhead, seated posture, lying posture, different pose, altered limb placement, extra limbs, missing limbs, fused limbs, duplicated hands, duplicated feet, twisted joints, dislocated shoulders, broken spine, impossible balance, contradictory weight distribution",Pose/Standing/Arms Crossed,1,False
0069 | Pose/Standing/Arms Crossed/Arms Crossed — feet together — right shoulder slightly higher than the left,"feet together, right forearm above the left across the chest; right shoulder slightly higher than the left; clear joint alignment; distinct limb separation","arms uncrossed, hands behind the back, arms overhead, seated posture, lying posture, different pose, altered limb placement, extra limbs, missing limbs, fused limbs, duplicated hands, duplicated feet, twisted joints, dislocated shoulders, broken spine, impossible balance, contradictory weight distribution",Pose/Standing/Arms Crossed,1,False
0070 | Pose/Standing/Arms Crossed/Arms Crossed — feet together — shoulders gently drawn back,"feet together, right forearm above the left across the chest; shoulders gently drawn back, chest neutral; clear joint alignment; distinct limb separation","arms uncrossed, hands behind the back, arms overhead, seated posture, lying posture, different pose, altered limb placement, extra limbs, missing limbs, fused limbs, duplicated hands, duplicated feet, twisted joints, dislocated shoulders, broken spine, impossible balance, contradictory weight distribution",Pose/Standing/Arms Crossed,1,False
0071 | Pose/Standing/Arms Crossed/Arms Crossed — feet together — shoulders relaxed and lowered,"feet together, right forearm above the left across the chest; shoulders relaxed and lowered, chest neutral; clear joint alignment; distinct limb separation","arms uncrossed, hands behind the back, arms overhead, seated posture, lying posture, different pose, altered limb placement, extra limbs, missing limbs, fused limbs, duplicated hands, duplicated feet, twisted joints, dislocated shoulders, broken spine, impossible balance, contradictory weight distribution",Pose/Standing/Arms Crossed,1,False
0072 | Pose/Standing/Arms Crossed/Arms Crossed — feet together — ribcage rotated slightly left,"feet together, right forearm above the left across the chest; ribcage rotated slightly left, pelvis stable; clear joint alignment; distinct limb separation","arms uncrossed, hands behind the back, arms overhead, seated posture, lying posture, different pose, altered limb placement, extra limbs, missing limbs, fused limbs, duplicated hands, duplicated feet, twisted joints, dislocated shoulders, broken spine, impossible balance, contradictory weight distribution",Pose/Standing/Arms Crossed,1,False
0073 | Pose/Standing/Arms Crossed/Arms Crossed — feet together — ribcage rotated slightly right,"feet together, right forearm above the left across the chest; ribcage rotated slightly right, pelvis stable; clear joint alignment; distinct limb separation","arms uncrossed, hands behind the back, arms overhead, seated posture, lying posture, different pose, altered limb placement, extra limbs, missing limbs, fused limbs, duplicated hands, duplicated feet, twisted joints, dislocated shoulders, broken spine, impossible balance, contradictory weight distribution",Pose/Standing/Arms Crossed,1,False
0074 | Pose/Standing/Arms Crossed/Arms Crossed — feet together — pelvis shifted slightly left,"feet together, right forearm above the left across the chest; pelvis shifted slightly left, shoulders counterbalanced; clear joint alignment; distinct limb separation","arms uncrossed, hands behind the back, arms overhead, seated posture, lying posture, different pose, altered limb placement, extra limbs, missing limbs, fused limbs, duplicated hands, duplicated feet, twisted joints, dislocated shoulders, broken spine, impossible balance, contradictory weight distribution",Pose/Standing/Arms Crossed,1,False
0075 | Pose/Standing/Arms Crossed/Arms Crossed — feet together — pelvis shifted slightly right,"feet together, right forearm above the left across the chest; pelvis shifted slightly right, shoulders counterbalanced; clear joint alignment; distinct limb separation","arms uncrossed, hands behind the back, arms overhead, seated posture, lying posture, different pose, altered limb placement, extra limbs, missing limbs, fused limbs, duplicated hands, duplicated feet, twisted joints, dislocated shoulders, broken spine, impossible balance, contradictory weight distribution",Pose/Standing/Arms Crossed,1,False
0076 | Pose/Standing/Arms Crossed/Arms Crossed — feet together — spine long and vertical,"feet together, right forearm above the left across the chest; spine long and vertical, abdominal wall neutral; clear joint alignment; distinct limb separation","arms uncrossed, hands behind the back, arms overhead, seated posture, lying posture, different pose, altered limb placement, extra limbs, missing limbs, fused limbs, duplicated hands, duplicated feet, twisted joints, dislocated shoulders, broken spine, impossible balance, contradictory weight distribution",Pose/Standing/Arms Crossed,1,False
0077 | Pose/Standing/Arms Crossed/Arms Crossed — feet together — upper back gently rounded,"feet together, right forearm above the left across the chest; upper back gently rounded, pelvis stable; clear joint alignment; distinct limb separation","arms uncrossed, hands behind the back, arms overhead, seated posture, lying posture, different pose, altered limb placement, extra limbs, missing limbs, fused limbs, duplicated hands, duplicated feet, twisted joints, dislocated shoulders, broken spine, impossible balance, contradictory weight distribution",Pose/Standing/Arms Crossed,1,False
0078 | Pose/Standing/Arms Crossed/Arms Crossed — feet together — upper back gently extended,"feet together, right forearm above the left across the chest; upper back gently extended, pelvis stable; clear joint alignment; distinct limb separation","arms uncrossed, hands behind the back, arms overhead, seated posture, lying posture, different pose, altered limb placement, extra limbs, missing limbs, fused limbs, duplicated hands, duplicated feet, twisted joints, dislocated shoulders, broken spine, impossible balance, contradictory weight distribution",Pose/Standing/Arms Crossed,1,False
0079 | Pose/Standing/Arms Crossed/Arms Crossed — feet together — chin angled toward the left collarbone,"feet together, right forearm above the left across the chest; chin angled toward the left collarbone; clear joint alignment; distinct limb separation","arms uncrossed, hands behind the back, arms overhead, seated posture, lying posture, different pose, altered limb placement, extra limbs, missing limbs, fused limbs, duplicated hands, duplicated feet, twisted joints, dislocated shoulders, broken spine, impossible balance, contradictory weight distribution",Pose/Standing/Arms Crossed,1,False
0080 | Pose/Standing/Arms Crossed/Arms Crossed — feet together — chin angled toward the right collarbone,"feet together, right forearm above the left across the chest; chin angled toward the right collarbone; clear joint alignment; distinct limb separation","arms uncrossed, hands behind the back, arms overhead, seated posture, lying posture, different pose, altered limb placement, extra limbs, missing limbs, fused limbs, duplicated hands, duplicated feet, twisted joints, dislocated shoulders, broken spine, impossible balance, contradictory weight distribution",Pose/Standing/Arms Crossed,1,False
0081 | Pose/Standing/Arms Crossed/Arms Crossed — left foot ahead — head level,"left foot ahead, forearms crossed loosely across the chest; head level, chin neutral, shoulders level; clear joint alignment; distinct limb separation","arms uncrossed, hands behind the back, arms overhead, seated posture, lying posture, different pose, altered limb placement, extra limbs, missing limbs, fused limbs, duplicated hands, duplicated feet, twisted joints, dislocated shoulders, broken spine, impossible balance, contradictory weight distribution",Pose/Standing/Arms Crossed,1,False
0082 | Pose/Standing/Arms Crossed/Arms Crossed — left foot ahead — chin slightly lowered,"left foot ahead, forearms crossed loosely across the chest; chin slightly lowered, neck lengthened, shoulders level; clear joint alignment; distinct limb separation","arms uncrossed, hands behind the back, arms overhead, seated posture, lying posture, different pose, altered limb placement, extra limbs, missing limbs, fused limbs, duplicated hands, duplicated feet, twisted joints, dislocated shoulders, broken spine, impossible balance, contradictory weight distribution",Pose/Standing/Arms Crossed,1,False
0083 | Pose/Standing/Arms Crossed/Arms Crossed — left foot ahead — chin slightly raised,"left foot ahead, forearms crossed loosely across the chest; chin slightly raised, neck lengthened, shoulders level; clear joint alignment; distinct limb separation","arms uncrossed, hands behind the back, arms overhead, seated posture, lying posture, different pose, altered limb placement, extra limbs, missing limbs, fused limbs, duplicated hands, duplicated feet, twisted joints, dislocated shoulders, broken spine, impossible balance, contradictory weight distribution",Pose/Standing/Arms Crossed,1,False
0084 | Pose/Standing/Arms Crossed/Arms Crossed — left foot ahead — head tilted slightly left,"left foot ahead, forearms crossed loosely across the chest; head tilted slightly left, shoulders level; clear joint alignment; distinct limb separation","arms uncrossed, hands behind the back, arms overhead, seated posture, lying posture, different pose, altered limb placement, extra limbs, missing limbs, fused limbs, duplicated hands, duplicated feet, twisted joints, dislocated shoulders, broken spine, impossible balance, contradictory weight distribution",Pose/Standing/Arms Crossed,1,False
0085 | Pose/Standing/Arms Crossed/Arms Crossed — left foot ahead — head tilted slightly right,"left foot ahead, forearms crossed loosely across the chest; head tilted slightly right, shoulders level; clear joint alignment; distinct limb separation","arms uncrossed, hands behind the back, arms overhead, seated posture, lying posture, different pose, altered limb placement, extra limbs, missing limbs, fused limbs, duplicated hands, duplicated feet, twisted joints, dislocated shoulders, broken spine, impossible balance, contradictory weight distribution",Pose/Standing/Arms Crossed,1,False
0086 | Pose/Standing/Arms Crossed/Arms Crossed — left foot ahead — head rotated slightly left,"left foot ahead, forearms crossed loosely across the chest; head rotated slightly left, ribcage facing forward; clear joint alignment; distinct limb separation","arms uncrossed, hands behind the back, arms overhead, seated posture, lying posture, different pose, altered limb placement, extra limbs, missing limbs, fused limbs, duplicated hands, duplicated feet, twisted joints, dislocated shoulders, broken spine, impossible balance, contradictory weight distribution",Pose/Standing/Arms Crossed,1,False
0087 | Pose/Standing/Arms Crossed/Arms Crossed — left foot ahead — head rotated slightly right,"left foot ahead, forearms crossed loosely across the chest; head rotated slightly right, ribcage facing forward; clear joint alignment; distinct limb separation","arms uncrossed, hands behind the back, arms overhead, seated posture, lying posture, different pose, altered limb placement, extra limbs, missing limbs, fused limbs, duplicated hands, duplicated feet, twisted joints, dislocated shoulders, broken spine, impossible balance, contradictory weight distribution",Pose/Standing/Arms Crossed,1,False
0088 | Pose/Standing/Arms Crossed/Arms Crossed — left foot ahead — left shoulder slightly higher than the right,"left foot ahead, forearms crossed loosely across the chest; left shoulder slightly higher than the right; clear joint alignment; distinct limb separation","arms uncrossed, hands behind the back, arms overhead, seated posture, lying posture, different pose, altered limb placement, extra limbs, missing limbs, fused limbs, duplicated hands, duplicated feet, twisted joints, dislocated shoulders, broken spine, impossible balance, contradictory weight distribution",Pose/Standing/Arms Crossed,1,False
0089 | Pose/Standing/Arms Crossed/Arms Crossed — left foot ahead — right shoulder slightly higher than the left,"left foot ahead, forearms crossed loosely across the chest; right shoulder slightly higher than the left; clear joint alignment; distinct limb separation","arms uncrossed, hands behind the back, arms overhead, seated posture, lying posture, different pose, altered limb placement, extra limbs, missing limbs, fused limbs, duplicated hands, duplicated feet, twisted joints, dislocated shoulders, broken spine, impossible balance, contradictory weight distribution",Pose/Standing/Arms Crossed,1,False
0090 | Pose/Standing/Arms Crossed/Arms Crossed — left foot ahead — shoulders gently drawn back,"left foot ahead, forearms crossed loosely across the chest; shoulders gently drawn back, chest neutral; clear joint alignment; distinct limb separation","arms uncrossed, hands behind the back, arms overhead, seated posture, lying posture, different pose, altered limb placement, extra limbs, missing limbs, fused limbs, duplicated hands, duplicated feet, twisted joints, dislocated shoulders, broken spine, impossible balance, contradictory weight distribution",Pose/Standing/Arms Crossed,1,False
0091 | Pose/Standing/Arms Crossed/Arms Crossed — left foot ahead — shoulders relaxed and lowered,"left foot ahead, forearms crossed loosely across the chest; shoulders relaxed and lowered, chest neutral; clear joint alignment; distinct limb separation","arms uncrossed, hands behind the back, arms overhead, seated posture, lying posture, different pose, altered limb placement, extra limbs, missing limbs, fused limbs, duplicated hands, duplicated feet, twisted joints, dislocated shoulders, broken spine, impossible balance, contradictory weight distribution",Pose/Standing/Arms Crossed,1,False
0092 | Pose/Standing/Arms Crossed/Arms Crossed — left foot ahead — ribcage rotated slightly left,"left foot ahead, forearms crossed loosely across the chest; ribcage rotated slightly left, pelvis stable; clear joint alignment; distinct limb separation","arms uncrossed, hands behind the back, arms overhead, seated posture, lying posture, different pose, altered limb placement, extra limbs, missing limbs, fused limbs, duplicated hands, duplicated feet, twisted joints, dislocated shoulders, broken spine, impossible balance, contradictory weight distribution",Pose/Standing/Arms Crossed,1,False
0093 | Pose/Standing/Arms Crossed/Arms Crossed — left foot ahead — ribcage rotated slightly right,"left foot ahead, forearms crossed loosely across the chest; ribcage rotated slightly right, pelvis stable; clear joint alignment; distinct limb separation","arms uncrossed, hands behind the back, arms overhead, seated posture, lying posture, different pose, altered limb placement, extra limbs, missing limbs, fused limbs, duplicated hands, duplicated feet, twisted joints, dislocated shoulders, broken spine, impossible balance, contradictory weight distribution",Pose/Standing/Arms Crossed,1,False
0094 | Pose/Standing/Arms Crossed/Arms Crossed — left foot ahead — pelvis shifted slightly left,"left foot ahead, forearms crossed loosely across the chest; pelvis shifted slightly left, shoulders counterbalanced; clear joint alignment; distinct limb separation","arms uncrossed, hands behind the back, arms overhead, seated posture, lying posture, different pose, altered limb placement, extra limbs, missing limbs, fused limbs, duplicated hands, duplicated feet, twisted joints, dislocated shoulders, broken spine, impossible balance, contradictory weight distribution",Pose/Standing/Arms Crossed,1,False
0095 | Pose/Standing/Arms Crossed/Arms Crossed — left foot ahead — pelvis shifted slightly right,"left foot ahead, forearms crossed loosely across the chest; pelvis shifted slightly right, shoulders counterbalanced; clear joint alignment; distinct limb separation","arms uncrossed, hands behind the back, arms overhead, seated posture, lying posture, different pose, altered limb placement, extra limbs, missing limbs, fused limbs, duplicated hands, duplicated feet, twisted joints, dislocated shoulders, broken spine, impossible balance, contradictory weight distribution",Pose/Standing/Arms Crossed,1,False
0096 | Pose/Standing/Arms Crossed/Arms Crossed — left foot ahead — spine long and vertical,"left foot ahead, forearms crossed loosely across the chest; spine long and vertical, abdominal wall neutral; clear joint alignment; distinct limb separation","arms uncrossed, hands behind the back, arms overhead, seated posture, lying posture, different pose, altered limb placement, extra limbs, missing limbs, fused limbs, duplicated hands, duplicated feet, twisted joints, dislocated shoulders, broken spine, impossible balance, contradictory weight distribution",Pose/Standing/Arms Crossed,1,False
0097 | Pose/Standing/Arms Crossed/Arms Crossed — left foot ahead — upper back gently rounded,"left foot ahead, forearms crossed loosely across the chest; upper back gently rounded, pelvis stable; clear joint alignment; distinct limb separation","arms uncrossed, hands behind the back, arms overhead, seated posture, lying posture, different pose, altered limb placement, extra limbs, missing limbs, fused limbs, duplicated hands, duplicated feet, twisted joints, dislocated shoulders, broken spine, impossible balance, contradictory weight distribution",Pose/Standing/Arms Crossed,1,False
0098 | Pose/Standing/Arms Crossed/Arms Crossed — left foot ahead — upper back gently extended,"left foot ahead, forearms crossed loosely across the chest; upper back gently extended, pelvis stable; clear joint alignment; distinct limb separation","arms uncrossed, hands behind the back, arms overhead, seated posture, lying posture, different pose, altered limb placement, extra limbs, missing limbs, fused limbs, duplicated hands, duplicated feet, twisted joints, dislocated shoulders, broken spine, impossible balance, contradictory weight distribution",Pose/Standing/Arms Crossed,1,False
0099 | Pose/Standing/Arms Crossed/Arms Crossed — left foot ahead — chin angled toward the left collarbone,"left foot ahead, forearms crossed loosely across the chest; chin angled toward the left collarbone; clear joint alignment; distinct limb separation","arms uncrossed, hands behind the back, arms overhead, seated posture, lying posture, different pose, altered limb placement, extra limbs, missing limbs, fused limbs, duplicated hands, duplicated feet, twisted joints, dislocated shoulders, broken spine, impossible balance, contradictory weight distribution",Pose/Standing/Arms Crossed,1,False
0100 | Pose/Standing/Arms Crossed/Arms Crossed — left foot ahead — chin angled toward the right collarbone,"left foot ahead, forearms crossed loosely across the chest; chin angled toward the right collarbone; clear joint alignment; distinct limb separation","arms uncrossed, hands behind the back, arms overhead, seated posture, lying posture, different pose, altered limb placement, extra limbs, missing limbs, fused limbs, duplicated hands, duplicated feet, twisted joints, dislocated shoulders, broken spine, impossible balance, contradictory weight distribution",Pose/Standing/Arms Crossed,1,False
0101 | Pose/Standing/Arms Crossed/Arms Crossed — right foot ahead — head level,"right foot ahead, forearms crossed loosely across the chest; head level, chin neutral, shoulders level; clear joint alignment; distinct limb separation","arms uncrossed, hands behind the back, arms overhead, seated posture, lying posture, different pose, altered limb placement, extra limbs, missing limbs, fused limbs, duplicated hands, duplicated feet, twisted joints, dislocated shoulders, broken spine, impossible balance, contradictory weight distribution",Pose/Standing/Arms Crossed,1,False
0102 | Pose/Standing/Arms Crossed/Arms Crossed — right foot ahead — chin slightly lowered,"right foot ahead, forearms crossed loosely across the chest; chin slightly lowered, neck lengthened, shoulders level; clear joint alignment; distinct limb separation","arms uncrossed, hands behind the back, arms overhead, seated posture, lying posture, different pose, altered limb placement, extra limbs, missing limbs, fused limbs, duplicated hands, duplicated feet, twisted joints, dislocated shoulders, broken spine, impossible balance, contradictory weight distribution",Pose/Standing/Arms Crossed,1,False
0103 | Pose/Standing/Arms Crossed/Arms Crossed — right foot ahead — chin slightly raised,"right foot ahead, forearms crossed loosely across the chest; chin slightly raised, neck lengthened, shoulders level; clear joint alignment; distinct limb separation","arms uncrossed, hands behind the back, arms overhead, seated posture, lying posture, different pose, altered limb placement, extra limbs, missing limbs, fused limbs, duplicated hands, duplicated feet, twisted joints, dislocated shoulders, broken spine, impossible balance, contradictory weight distribution",Pose/Standing/Arms Crossed,1,False
0104 | Pose/Standing/Arms Crossed/Arms Crossed — right foot ahead — head tilted slightly left,"right foot ahead, forearms crossed loosely across the chest; head tilted slightly left, shoulders level; clear joint alignment; distinct limb separation","arms uncrossed, hands behind the back, arms overhead, seated posture, lying posture, different pose, altered limb placement, extra limbs, missing limbs, fused limbs, duplicated hands, duplicated feet, twisted joints, dislocated shoulders, broken spine, impossible balance, contradictory weight distribution",Pose/Standing/Arms Crossed,1,False
0105 | Pose/Standing/Arms Crossed/Arms Crossed — right foot ahead — head tilted slightly right,"right foot ahead, forearms crossed loosely across the chest; head tilted slightly right, shoulders level; clear joint alignment; distinct limb separation","arms uncrossed, hands behind the back, arms overhead, seated posture, lying posture, different pose, altered limb placement, extra limbs, missing limbs, fused limbs, duplicated hands, duplicated feet, twisted joints, dislocated shoulders, broken spine, impossible balance, contradictory weight distribution",Pose/Standing/Arms Crossed,1,False
0106 | Pose/Standing/Arms Crossed/Arms Crossed — right foot ahead — head rotated slightly left,"right foot ahead, forearms crossed loosely across the chest; head rotated slightly left, ribcage facing forward; clear joint alignment; distinct limb separation","arms uncrossed, hands behind the back, arms overhead, seated posture, lying posture, different pose, altered limb placement, extra limbs, missing limbs, fused limbs, duplicated hands, duplicated feet, twisted joints, dislocated shoulders, broken spine, impossible balance, contradictory weight distribution",Pose/Standing/Arms Crossed,1,False
0107 | Pose/Standing/Arms Crossed/Arms Crossed — right foot ahead — head rotated slightly right,"right foot ahead, forearms crossed loosely across the chest; head rotated slightly right, ribcage facing forward; clear joint alignment; distinct limb separation","arms uncrossed, hands behind the back, arms overhead, seated posture, lying posture, different pose, altered limb placement, extra limbs, missing limbs, fused limbs, duplicated hands, duplicated feet, twisted joints, dislocated shoulders, broken spine, impossible balance, contradictory weight distribution",Pose/Standing/Arms Crossed,1,False
0108 | Pose/Standing/Arms Crossed/Arms Crossed — right foot ahead — left shoulder slightly higher than the right,"right foot ahead, forearms crossed loosely across the chest; left shoulder slightly higher than the right; clear joint alignment; distinct limb separation","arms uncrossed, hands behind the back, arms overhead, seated posture, lying posture, different pose, altered limb placement, extra limbs, missing limbs, fused limbs, duplicated hands, duplicated feet, twisted joints, dislocated shoulders, broken spine, impossible balance, contradictory weight distribution",Pose/Standing/Arms Crossed,1,False
0109 | Pose/Standing/Arms Crossed/Arms Crossed — right foot ahead — right shoulder slightly higher than the left,"right foot ahead, forearms crossed loosely across the chest; right shoulder slightly higher than the left; clear joint alignment; distinct limb separation","arms uncrossed, hands behind the back, arms overhead, seated posture, lying posture, different pose, altered limb placement, extra limbs, missing limbs, fused limbs, duplicated hands, duplicated feet, twisted joints, dislocated shoulders, broken spine, impossible balance, contradictory weight distribution",Pose/Standing/Arms Crossed,1,False
0110 | Pose/Standing/Arms Crossed/Arms Crossed — right foot ahead — shoulders gently drawn back,"right foot ahead, forearms crossed loosely across the chest; shoulders gently drawn back, chest neutral; clear joint alignment; distinct limb separation","arms uncrossed, hands behind the back, arms overhead, seated posture, lying posture, different pose, altered limb placement, extra limbs, missing limbs, fused limbs, duplicated hands, duplicated feet, twisted joints, dislocated shoulders, broken spine, impossible balance, contradictory weight distribution",Pose/Standing/Arms Crossed,1,False
0111 | Pose/Standing/Arms Crossed/Arms Crossed — right foot ahead — shoulders relaxed and lowered,"right foot ahead, forearms crossed loosely across the chest; shoulders relaxed and lowered, chest neutral; clear joint alignment; distinct limb separation","arms uncrossed, hands behind the back, arms overhead, seated posture, lying posture, different pose, altered limb placement, extra limbs, missing limbs, fused limbs, duplicated hands, duplicated feet, twisted joints, dislocated shoulders, broken spine, impossible balance, contradictory weight distribution",Pose/Standing/Arms Crossed,1,False
0112 | Pose/Standing/Arms Crossed/Arms Crossed — right foot ahead — ribcage rotated slightly left,"right foot ahead, forearms crossed loosely across the chest; ribcage rotated slightly left, pelvis stable; clear joint alignment; distinct limb separation","arms uncrossed, hands behind the back, arms overhead, seated posture, lying posture, different pose, altered limb placement, extra limbs, missing limbs, fused limbs, duplicated hands, duplicated feet, twisted joints, dislocated shoulders, broken spine, impossible balance, contradictory weight distribution",Pose/Standing/Arms Crossed,1,False
0113 | Pose/Standing/Arms Crossed/Arms Crossed — right foot ahead — ribcage rotated slightly right,"right foot ahead, forearms crossed loosely across the chest; ribcage rotated slightly right, pelvis stable; clear joint alignment; distinct limb separation","arms uncrossed, hands behind the back, arms overhead, seated posture, lying posture, different pose, altered limb placement, extra limbs, missing limbs, fused limbs, duplicated hands, duplicated feet, twisted joints, dislocated shoulders, broken spine, impossible balance, contradictory weight distribution",Pose/Standing/Arms Crossed,1,False
0114 | Pose/Standing/Arms Crossed/Arms Crossed — right foot ahead — pelvis shifted slightly left,"right foot ahead, forearms crossed loosely across the chest; pelvis shifted slightly left, shoulders counterbalanced; clear joint alignment; distinct limb separation","arms uncrossed, hands behind the back, arms overhead, seated posture, lying posture, different pose, altered limb placement, extra limbs, missing limbs, fused limbs, duplicated hands, duplicated feet, twisted joints, dislocated shoulders, broken spine, impossible balance, contradictory weight distribution",Pose/Standing/Arms Crossed,1,False
0115 | Pose/Standing/Arms Crossed/Arms Crossed — right foot ahead — pelvis shifted slightly right,"right foot ahead, forearms crossed loosely across the chest; pelvis shifted slightly right, shoulders counterbalanced; clear joint alignment; distinct limb separation","arms uncrossed, hands behind the back, arms overhead, seated posture, lying posture, different pose, altered limb placement, extra limbs, missing limbs, fused limbs, duplicated hands, duplicated feet, twisted joints, dislocated shoulders, broken spine, impossible balance, contradictory weight distribution",Pose/Standing/Arms Crossed,1,False
0116 | Pose/Standing/Arms Crossed/Arms Crossed — right foot ahead — spine long and vertical,"right foot ahead, forearms crossed loosely across the chest; spine long and vertical, abdominal wall neutral; clear joint alignment; distinct limb separation","arms uncrossed, hands behind the back, arms overhead, seated posture, lying posture, different pose, altered limb placement, extra limbs, missing limbs, fused limbs, duplicated hands, duplicated feet, twisted joints, dislocated shoulders, broken spine, impossible balance, contradictory weight distribution",Pose/Standing/Arms Crossed,1,False
0117 | Pose/Standing/Arms Crossed/Arms Crossed — right foot ahead — upper back gently rounded,"right foot ahead, forearms crossed loosely across the chest; upper back gently rounded, pelvis stable; clear joint alignment; distinct limb separation","arms uncrossed, hands behind the back, arms overhead, seated posture, lying posture, different pose, altered limb placement, extra limbs, missing limbs, fused limbs, duplicated hands, duplicated feet, twisted joints, dislocated shoulders, broken spine, impossible balance, contradictory weight distribution",Pose/Standing/Arms Crossed,1,False
0118 | Pose/Standing/Arms Crossed/Arms Crossed — right foot ahead — upper back gently extended,"right foot ahead, forearms crossed loosely across the chest; upper back gently extended, pelvis stable; clear joint alignment; distinct limb separation","arms uncrossed, hands behind the back, arms overhead, seated posture, lying posture, different pose, altered limb placement, extra limbs, missing limbs, fused limbs, duplicated hands, duplicated feet, twisted joints, dislocated shoulders, broken spine, impossible balance, contradictory weight distribution",Pose/Standing/Arms Crossed,1,False
0119 | Pose/Standing/Arms Crossed/Arms Crossed — right foot ahead — chin angled toward the left collarbone,"right foot ahead, forearms crossed loosely across the chest; chin angled toward the left collarbone; clear joint alignment; distinct limb separation","arms uncrossed, hands behind the back, arms overhead, seated posture, lying posture, different pose, altered limb placement, extra limbs, missing limbs, fused limbs, duplicated hands, duplicated feet, twisted joints, dislocated shoulders, broken spine, impossible balance, contradictory weight distribution",Pose/Standing/Arms Crossed,1,False
0120 | Pose/Standing/Arms Crossed/Arms Crossed — right foot ahead — chin angled toward the right collarbone,"right foot ahead, forearms crossed loosely across the chest; chin angled toward the right collarbone; clear joint alignment; distinct limb separation","arms uncrossed, hands behind the back, arms overhead, seated posture, lying posture, different pose, altered limb placement, extra limbs, missing limbs, fused limbs, duplicated hands, duplicated feet, twisted joints, dislocated shoulders, broken spine, impossible balance, contradictory weight distribution",Pose/Standing/Arms Crossed,1,False
0121 | Pose/Standing/Arms Crossed/Arms Crossed — weight mainly on the left leg — head level,"weight mainly on the left leg, forearms crossed across the chest; head level, chin neutral, shoulders level; clear joint alignment; distinct limb separation","arms uncrossed, hands behind the back, arms overhead, seated posture, lying posture, different pose, altered limb placement, extra limbs, missing limbs, fused limbs, duplicated hands, duplicated feet, twisted joints, dislocated shoulders, broken spine, impossible balance, contradictory weight distribution",Pose/Standing/Arms Crossed,1,False
0122 | Pose/Standing/Arms Crossed/Arms Crossed — weight mainly on the left leg — chin slightly lowered,"weight mainly on the left leg, forearms crossed across the chest; chin slightly lowered, neck lengthened, shoulders level; clear joint alignment; distinct limb separation","arms uncrossed, hands behind the back, arms overhead, seated posture, lying posture, different pose, altered limb placement, extra limbs, missing limbs, fused limbs, duplicated hands, duplicated feet, twisted joints, dislocated shoulders, broken spine, impossible balance, contradictory weight distribution",Pose/Standing/Arms Crossed,1,False
0123 | Pose/Standing/Arms Crossed/Arms Crossed — weight mainly on the left leg — chin slightly raised,"weight mainly on the left leg, forearms crossed across the chest; chin slightly raised, neck lengthened, shoulders level; clear joint alignment; distinct limb separation","arms uncrossed, hands behind the back, arms overhead, seated posture, lying posture, different pose, altered limb placement, extra limbs, missing limbs, fused limbs, duplicated hands, duplicated feet, twisted joints, dislocated shoulders, broken spine, impossible balance, contradictory weight distribution",Pose/Standing/Arms Crossed,1,False
0124 | Pose/Standing/Arms Crossed/Arms Crossed — weight mainly on the left leg — head tilted slightly left,"weight mainly on the left leg, forearms crossed across the chest; head tilted slightly left, shoulders level; clear joint alignment; distinct limb separation","arms uncrossed, hands behind the back, arms overhead, seated posture, lying posture, different pose, altered limb placement, extra limbs, missing limbs, fused limbs, duplicated hands, duplicated feet, twisted joints, dislocated shoulders, broken spine, impossible balance, contradictory weight distribution",Pose/Standing/Arms Crossed,1,False
0125 | Pose/Standing/Arms Crossed/Arms Crossed — weight mainly on the left leg — head tilted slightly right,"weight mainly on the left leg, forearms crossed across the chest; head tilted slightly right, shoulders level; clear joint alignment; distinct limb separation","arms uncrossed, hands behind the back, arms overhead, seated posture, lying posture, different pose, altered limb placement, extra limbs, missing limbs, fused limbs, duplicated hands, duplicated feet, twisted joints, dislocated shoulders, broken spine, impossible balance, contradictory weight distribution",Pose/Standing/Arms Crossed,1,False
0126 | Pose/Standing/Arms Crossed/Arms Crossed — weight mainly on the left leg — head rotated slightly left,"weight mainly on the left leg, forearms crossed across the chest; head rotated slightly left, ribcage facing forward; clear joint alignment; distinct limb separation","arms uncrossed, hands behind the back, arms overhead, seated posture, lying posture, different pose, altered limb placement, extra limbs, missing limbs, fused limbs, duplicated hands, duplicated feet, twisted joints, dislocated shoulders, broken spine, impossible balance, contradictory weight distribution",Pose/Standing/Arms Crossed,1,False
0127 | Pose/Standing/Arms Crossed/Arms Crossed — weight mainly on the left leg — head rotated slightly right,"weight mainly on the left leg, forearms crossed across the chest; head rotated slightly right, ribcage facing forward; clear joint alignment; distinct limb separation","arms uncrossed, hands behind the back, arms overhead, seated posture, lying posture, different pose, altered limb placement, extra limbs, missing limbs, fused limbs, duplicated hands, duplicated feet, twisted joints, dislocated shoulders, broken spine, impossible balance, contradictory weight distribution",Pose/Standing/Arms Crossed,1,False
0128 | Pose/Standing/Arms Crossed/Arms Crossed — weight mainly on the left leg — left shoulder slightly higher than the right,"weight mainly on the left leg, forearms crossed across the chest; left shoulder slightly higher than the right; clear joint alignment; distinct limb separation","arms uncrossed, hands behind the back, arms overhead, seated posture, lying posture, different pose, altered limb placement, extra limbs, missing limbs, fused limbs, duplicated hands, duplicated feet, twisted joints, dislocated shoulders, broken spine, impossible balance, contradictory weight distribution",Pose/Standing/Arms Crossed,1,False
0129 | Pose/Standing/Arms Crossed/Arms Crossed — weight mainly on the left leg — right shoulder slightly higher than the left,"weight mainly on the left leg, forearms crossed across the chest; right shoulder slightly higher than the left; clear joint alignment; distinct limb separation","arms uncrossed, hands behind the back, arms overhead, seated posture, lying posture, different pose, altered limb placement, extra limbs, missing limbs, fused limbs, duplicated hands, duplicated feet, twisted joints, dislocated shoulders, broken spine, impossible balance, contradictory weight distribution",Pose/Standing/Arms Crossed,1,False
0130 | Pose/Standing/Arms Crossed/Arms Crossed — weight mainly on the left leg — shoulders gently drawn back,"weight mainly on the left leg, forearms crossed across the chest; shoulders gently drawn back, chest neutral; clear joint alignment; distinct limb separation","arms uncrossed, hands behind the back, arms overhead, seated posture, lying posture, different pose, altered limb placement, extra limbs, missing limbs, fused limbs, duplicated hands, duplicated feet, twisted joints, dislocated shoulders, broken spine, impossible balance, contradictory weight distribution",Pose/Standing/Arms Crossed,1,False
0131 | Pose/Standing/Arms Crossed/Arms Crossed — weight mainly on the left leg — shoulders relaxed and lowered,"weight mainly on the left leg, forearms crossed across the chest; shoulders relaxed and lowered, chest neutral; clear joint alignment; distinct limb separation","arms uncrossed, hands behind the back, arms overhead, seated posture, lying posture, different pose, altered limb placement, extra limbs, missing limbs, fused limbs, duplicated hands, duplicated feet, twisted joints, dislocated shoulders, broken spine, impossible balance, contradictory weight distribution",Pose/Standing/Arms Crossed,1,False
0132 | Pose/Standing/Arms Crossed/Arms Crossed — weight mainly on the left leg — ribcage rotated slightly left,"weight mainly on the left leg, forearms crossed across the chest; ribcage rotated slightly left, pelvis stable; clear joint alignment; distinct limb separation","arms uncrossed, hands behind the back, arms overhead, seated posture, lying posture, different pose, altered limb placement, extra limbs, missing limbs, fused limbs, duplicated hands, duplicated feet, twisted joints, dislocated shoulders, broken spine, impossible balance, contradictory weight distribution",Pose/Standing/Arms Crossed,1,False
0133 | Pose/Standing/Arms Crossed/Arms Crossed — weight mainly on the left leg — ribcage rotated slightly right,"weight mainly on the left leg, forearms crossed across the chest; ribcage rotated slightly right, pelvis stable; clear joint alignment; distinct limb separation","arms uncrossed, hands behind the back, arms overhead, seated posture, lying posture, different pose, altered limb placement, extra limbs, missing limbs, fused limbs, duplicated hands, duplicated feet, twisted joints, dislocated shoulders, broken spine, impossible balance, contradictory weight distribution",Pose/Standing/Arms Crossed,1,False
0134 | Pose/Standing/Arms Crossed/Arms Crossed — weight mainly on the left leg — pelvis shifted slightly left,"weight mainly on the left leg, forearms crossed across the chest; pelvis shifted slightly left, shoulders counterbalanced; clear joint alignment; distinct limb separation","arms uncrossed, hands behind the back, arms overhead, seated posture, lying posture, different pose, altered limb placement, extra limbs, missing limbs, fused limbs, duplicated hands, duplicated feet, twisted joints, dislocated shoulders, broken spine, impossible balance, contradictory weight distribution",Pose/Standing/Arms Crossed,1,False
0135 | Pose/Standing/Arms Crossed/Arms Crossed — weight mainly on the left leg — pelvis shifted slightly right,"weight mainly on the left leg, forearms crossed across the chest; pelvis shifted slightly right, shoulders counterbalanced; clear joint alignment; distinct limb separation","arms uncrossed, hands behind the back, arms overhead, seated posture, lying posture, different pose, altered limb placement, extra limbs, missing limbs, fused limbs, duplicated hands, duplicated feet, twisted joints, dislocated shoulders, broken spine, impossible balance, contradictory weight distribution",Pose/Standing/Arms Crossed,1,False
0136 | Pose/Standing/Arms Crossed/Arms Crossed — weight mainly on the left leg — spine long and vertical,"weight mainly on the left leg, forearms crossed across the chest; spine long and vertical, abdominal wall neutral; clear joint alignment; distinct limb separation","arms uncrossed, hands behind the back, arms overhead, seated posture, lying posture, different pose, altered limb placement, extra limbs, missing limbs, fused limbs, duplicated hands, duplicated feet, twisted joints, dislocated shoulders, broken spine, impossible balance, contradictory weight distribution",Pose/Standing/Arms Crossed,1,False
0137 | Pose/Standing/Arms Crossed/Arms Crossed — weight mainly on the left leg — upper back gently rounded,"weight mainly on the left leg, forearms crossed across the chest; upper back gently rounded, pelvis stable; clear joint alignment; distinct limb separation","arms uncrossed, hands behind the back, arms overhead, seated posture, lying posture, different pose, altered limb placement, extra limbs, missing limbs, fused limbs, duplicated hands, duplicated feet, twisted joints, dislocated shoulders, broken spine, impossible balance, contradictory weight distribution",Pose/Standing/Arms Crossed,1,False
0138 | Pose/Standing/Arms Crossed/Arms Crossed — weight mainly on the left leg — upper back gently extended,"weight mainly on the left leg, forearms crossed across the chest; upper back gently extended, pelvis stable; clear joint alignment; distinct limb separation","arms uncrossed, hands behind the back, arms overhead, seated posture, lying posture, different pose, altered limb placement, extra limbs, missing limbs, fused limbs, duplicated hands, duplicated feet, twisted joints, dislocated shoulders, broken spine, impossible balance, contradictory weight distribution",Pose/Standing/Arms Crossed,1,False
0139 | Pose/Standing/Arms Crossed/Arms Crossed — weight mainly on the left leg — chin angled toward the left collarbone,"weight mainly on the left leg, forearms crossed across the chest; chin angled toward the left collarbone; clear joint alignment; distinct limb separation","arms uncrossed, hands behind the back, arms overhead, seated posture, lying posture, different pose, altered limb placement, extra limbs, missing limbs, fused limbs, duplicated hands, duplicated feet, twisted joints, dislocated shoulders, broken spine, impossible balance, contradictory weight distribution",Pose/Standing/Arms Crossed,1,False
0140 | Pose/Standing/Arms Crossed/Arms Crossed — weight mainly on the left leg — chin angled toward the right collarbone,"weight mainly on the left leg, forearms crossed across the chest; chin angled toward the right collarbone; clear joint alignment; distinct limb separation","arms uncrossed, hands behind the back, arms overhead, seated posture, lying posture, different pose, altered limb placement, extra limbs, missing limbs, fused limbs, duplicated hands, duplicated feet, twisted joints, dislocated shoulders, broken spine, impossible balance, contradictory weight distribution",Pose/Standing/Arms Crossed,1,False
0141 | Pose/Standing/Arms Crossed/Arms Crossed — weight mainly on the right leg — head level,"weight mainly on the right leg, forearms crossed across the chest; head level, chin neutral, shoulders level; clear joint alignment; distinct limb separation","arms uncrossed, hands behind the back, arms overhead, seated posture, lying posture, different pose, altered limb placement, extra limbs, missing limbs, fused limbs, duplicated hands, duplicated feet, twisted joints, dislocated shoulders, broken spine, impossible balance, contradictory weight distribution",Pose/Standing/Arms Crossed,1,False
0142 | Pose/Standing/Arms Crossed/Arms Crossed — weight mainly on the right leg — chin slightly lowered,"weight mainly on the right leg, forearms crossed across the chest; chin slightly lowered, neck lengthened, shoulders level; clear joint alignment; distinct limb separation","arms uncrossed, hands behind the back, arms overhead, seated posture, lying posture, different pose, altered limb placement, extra limbs, missing limbs, fused limbs, duplicated hands, duplicated feet, twisted joints, dislocated shoulders, broken spine, impossible balance, contradictory weight distribution",Pose/Standing/Arms Crossed,1,False
0143 | Pose/Standing/Arms Crossed/Arms Crossed — weight mainly on the right leg — chin slightly raised,"weight mainly on the right leg, forearms crossed across the chest; chin slightly raised, neck lengthened, shoulders level; clear joint alignment; distinct limb separation","arms uncrossed, hands behind the back, arms overhead, seated posture, lying posture, different pose, altered limb placement, extra limbs, missing limbs, fused limbs, duplicated hands, duplicated feet, twisted joints, dislocated shoulders, broken spine, impossible balance, contradictory weight distribution",Pose/Standing/Arms Crossed,1,False
0144 | Pose/Standing/Arms Crossed/Arms Crossed — weight mainly on the right leg — head tilted slightly left,"weight mainly on the right leg, forearms crossed across the chest; head tilted slightly left, shoulders level; clear joint alignment; distinct limb separation","arms uncrossed, hands behind the back, arms overhead, seated posture, lying posture, different pose, altered limb placement, extra limbs, missing limbs, fused limbs, duplicated hands, duplicated feet, twisted joints, dislocated shoulders, broken spine, impossible balance, contradictory weight distribution",Pose/Standing/Arms Crossed,1,False
0145 | Pose/Standing/Arms Crossed/Arms Crossed — weight mainly on the right leg — head tilted slightly right,"weight mainly on the right leg, forearms crossed across the chest; head tilted slightly right, shoulders level; clear joint alignment; distinct limb separation","arms uncrossed, hands behind the back, arms overhead, seated posture, lying posture, different pose, altered limb placement, extra limbs, missing limbs, fused limbs, duplicated hands, duplicated feet, twisted joints, dislocated shoulders, broken spine, impossible balance, contradictory weight distribution",Pose/Standing/Arms Crossed,1,False
0146 | Pose/Standing/Arms Crossed/Arms Crossed — weight mainly on the right leg — head rotated slightly left,"weight mainly on the right leg, forearms crossed across the chest; head rotated slightly left, ribcage facing forward; clear joint alignment; distinct limb separation","arms uncrossed, hands behind the back, arms overhead, seated posture, lying posture, different pose, altered limb placement, extra limbs, missing limbs, fused limbs, duplicated hands, duplicated feet, twisted joints, dislocated shoulders, broken spine, impossible balance, contradictory weight distribution",Pose/Standing/Arms Crossed,1,False
0147 | Pose/Standing/Arms Crossed/Arms Crossed — weight mainly on the right leg — head rotated slightly right,"weight mainly on the right leg, forearms crossed across the chest; head rotated slightly right, ribcage facing forward; clear joint alignment; distinct limb separation","arms uncrossed, hands behind the back, arms overhead, seated posture, lying posture, different pose, altered limb placement, extra limbs, missing limbs, fused limbs, duplicated hands, duplicated feet, twisted joints, dislocated shoulders, broken spine, impossible balance, contradictory weight distribution",Pose/Standing/Arms Crossed,1,False
0148 | Pose/Standing/Arms Crossed/Arms Crossed — weight mainly on the right leg — left shoulder slightly higher than the right,"weight mainly on the right leg, forearms crossed across the chest; left shoulder slightly higher than the right; clear joint alignment; distinct limb separation","arms uncrossed, hands behind the back, arms overhead, seated posture, lying posture, different pose, altered limb placement, extra limbs, missing limbs, fused limbs, duplicated hands, duplicated feet, twisted joints, dislocated shoulders, broken spine, impossible balance, contradictory weight distribution",Pose/Standing/Arms Crossed,1,False
0149 | Pose/Standing/Arms Crossed/Arms Crossed — weight mainly on the right leg — right shoulder slightly higher than the left,"weight mainly on the right leg, forearms crossed across the chest; right shoulder slightly higher than the left; clear joint alignment; distinct limb separation","arms uncrossed, hands behind the back, arms overhead, seated posture, lying posture, different pose, altered limb placement, extra limbs, missing limbs, fused limbs, duplicated hands, duplicated feet, twisted joints, dislocated shoulders, broken spine, impossible balance, contradictory weight distribution",Pose/Standing/Arms Crossed,1,False
0150 | Pose/Standing/Arms Crossed/Arms Crossed — weight mainly on the right leg — shoulders gently drawn back,"weight mainly on the right leg, forearms crossed across the chest; shoulders gently drawn back, chest neutral; clear joint alignment; distinct limb separation","arms uncrossed, hands behind the back, arms overhead, seated posture, lying posture, different pose, altered limb placement, extra limbs, missing limbs, fused limbs, duplicated hands, duplicated feet, twisted joints, dislocated shoulders, broken spine, impossible balance, contradictory weight distribution",Pose/Standing/Arms Crossed,1,False
0151 | Pose/Standing/Arms Crossed/Arms Crossed — weight mainly on the right leg — shoulders relaxed and lowered,"weight mainly on the right leg, forearms crossed across the chest; shoulders relaxed and lowered, chest neutral; clear joint alignment; distinct limb separation","arms uncrossed, hands behind the back, arms overhead, seated posture, lying posture, different pose, altered limb placement, extra limbs, missing limbs, fused limbs, duplicated hands, duplicated feet, twisted joints, dislocated shoulders, broken spine, impossible balance, contradictory weight distribution",Pose/Standing/Arms Crossed,1,False
0152 | Pose/Standing/Arms Crossed/Arms Crossed — weight mainly on the right leg — ribcage rotated slightly left,"weight mainly on the right leg, forearms crossed across the chest; ribcage rotated slightly left, pelvis stable; clear joint alignment; distinct limb separation","arms uncrossed, hands behind the back, arms overhead, seated posture, lying posture, different pose, altered limb placement, extra limbs, missing limbs, fused limbs, duplicated hands, duplicated feet, twisted joints, dislocated shoulders, broken spine, impossible balance, contradictory weight distribution",Pose/Standing/Arms Crossed,1,False
0153 | Pose/Standing/Arms Crossed/Arms Crossed — weight mainly on the right leg — ribcage rotated slightly right,"weight mainly on the right leg, forearms crossed across the chest; ribcage rotated slightly right, pelvis stable; clear joint alignment; distinct limb separation","arms uncrossed, hands behind the back, arms overhead, seated posture, lying posture, different pose, altered limb placement, extra limbs, missing limbs, fused limbs, duplicated hands, duplicated feet, twisted joints, dislocated shoulders, broken spine, impossible balance, contradictory weight distribution",Pose/Standing/Arms Crossed,1,False
0154 | Pose/Standing/Arms Crossed/Arms Crossed — weight mainly on the right leg — pelvis shifted slightly left,"weight mainly on the right leg, forearms crossed across the chest; pelvis shifted slightly left, shoulders counterbalanced; clear joint alignment; distinct limb separation","arms uncrossed, hands behind the back, arms overhead, seated posture, lying posture, different pose, altered limb placement, extra limbs, missing limbs, fused limbs, duplicated hands, duplicated feet, twisted joints, dislocated shoulders, broken spine, impossible balance, contradictory weight distribution",Pose/Standing/Arms Crossed,1,False
0155 | Pose/Standing/Arms Crossed/Arms Crossed — weight mainly on the right leg — pelvis shifted slightly right,"weight mainly on the right leg, forearms crossed across the chest; pelvis shifted slightly right, shoulders counterbalanced; clear joint alignment; distinct limb separation","arms uncrossed, hands behind the back, arms overhead, seated posture, lying posture, different pose, altered limb placement, extra limbs, missing limbs, fused limbs, duplicated hands, duplicated feet, twisted joints, dislocated shoulders, broken spine, impossible balance, contradictory weight distribution",Pose/Standing/Arms Crossed,1,False
0156 | Pose/Standing/Arms Crossed/Arms Crossed — weight mainly on the right leg — spine long and vertical,"weight mainly on the right leg, forearms crossed across the chest; spine long and vertical, abdominal wall neutral; clear joint alignment; distinct limb separation","arms uncrossed, hands behind the back, arms overhead, seated posture, lying posture, different pose, altered limb placement, extra limbs, missing limbs, fused limbs, duplicated hands, duplicated feet, twisted joints, dislocated shoulders, broken spine, impossible balance, contradictory weight distribution",Pose/Standing/Arms Crossed,1,False
0157 | Pose/Standing/Arms Crossed/Arms Crossed — weight mainly on the right leg — upper back gently rounded,"weight mainly on the right leg, forearms crossed across the chest; upper back gently rounded, pelvis stable; clear joint alignment; distinct limb separation","arms uncrossed, hands behind the back, arms overhead, seated posture, lying posture, different pose, altered limb placement, extra limbs, missing limbs, fused limbs, duplicated hands, duplicated feet, twisted joints, dislocated shoulders, broken spine, impossible balance, contradictory weight distribution",Pose/Standing/Arms Crossed,1,False
0158 | Pose/Standing/Arms Crossed/Arms Crossed — weight mainly on the right leg — upper back gently extended,"weight mainly on the right leg, forearms crossed across the chest; upper back gently extended, pelvis stable; clear joint alignment; distinct limb separation","arms uncrossed, hands behind the back, arms overhead, seated posture, lying posture, different pose, altered limb placement, extra limbs, missing limbs, fused limbs, duplicated hands, duplicated feet, twisted joints, dislocated shoulders, broken spine, impossible balance, contradictory weight distribution",Pose/Standing/Arms Crossed,1,False
0159 | Pose/Standing/Arms Crossed/Arms Crossed — weight mainly on the right leg — chin angled toward the left collarbone,"weight mainly on the right leg, forearms crossed across the chest; chin angled toward the left collarbone; clear joint alignment; distinct limb separation","arms uncrossed, hands behind the back, arms overhead, seated posture, lying posture, different pose, altered limb placement, extra limbs, missing limbs, fused limbs, duplicated hands, duplicated feet, twisted joints, dislocated shoulders, broken spine, impossible balance, contradictory weight distribution",Pose/Standing/Arms Crossed,1,False
0160 | Pose/Standing/Arms Crossed/Arms Crossed — weight mainly on the right leg — chin angled toward the right collarbone,"weight mainly on the right leg, forearms crossed across the chest; chin angled toward the right collarbone; clear joint alignment; distinct limb separation","arms uncrossed, hands behind the back, arms overhead, seated posture, lying posture, different pose, altered limb placement, extra limbs, missing limbs, fused limbs, duplicated hands, duplicated feet, twisted joints, dislocated shoulders, broken spine, impossible balance, contradictory weight distribution",Pose/Standing/Arms Crossed,1,False
0161 | Pose/Standing/Arms Crossed/Arms Crossed — feet wide — head level,"feet wide, elbows angled slightly downward, forearms crossed; head level, chin neutral, shoulders level; clear joint alignment; distinct limb separation","arms uncrossed, hands behind the back, arms overhead, seated posture, lying posture, different pose, altered limb placement, extra limbs, missing limbs, fused limbs, duplicated hands, duplicated feet, twisted joints, dislocated shoulders, broken spine, impossible balance, contradictory weight distribution",Pose/Standing/Arms Crossed,1,False
0162 | Pose/Standing/Arms Crossed/Arms Crossed — feet wide — chin slightly lowered,"feet wide, elbows angled slightly downward, forearms crossed; chin slightly lowered, neck lengthened, shoulders level; clear joint alignment; distinct limb separation","arms uncrossed, hands behind the back, arms overhead, seated posture, lying posture, different pose, altered limb placement, extra limbs, missing limbs, fused limbs, duplicated hands, duplicated feet, twisted joints, dislocated shoulders, broken spine, impossible balance, contradictory weight distribution",Pose/Standing/Arms Crossed,1,False
0163 | Pose/Standing/Arms Crossed/Arms Crossed — feet wide — chin slightly raised,"feet wide, elbows angled slightly downward, forearms crossed; chin slightly raised, neck lengthened, shoulders level; clear joint alignment; distinct limb separation","arms uncrossed, hands behind the back, arms overhead, seated posture, lying posture, different pose, altered limb placement, extra limbs, missing limbs, fused limbs, duplicated hands, duplicated feet, twisted joints, dislocated shoulders, broken spine, impossible balance, contradictory weight distribution",Pose/Standing/Arms Crossed,1,False
0164 | Pose/Standing/Arms Crossed/Arms Crossed — feet wide — head tilted slightly left,"feet wide, elbows angled slightly downward, forearms crossed; head tilted slightly left, shoulders level; clear joint alignment; distinct limb separation","arms uncrossed, hands behind the back, arms overhead, seated posture, lying posture, different pose, altered limb placement, extra limbs, missing limbs, fused limbs, duplicated hands, duplicated feet, twisted joints, dislocated shoulders, broken spine, impossible balance, contradictory weight distribution",Pose/Standing/Arms Crossed,1,False
0165 | Pose/Standing/Arms Crossed/Arms Crossed — feet wide — head tilted slightly right,"feet wide, elbows angled slightly downward, forearms crossed; head tilted slightly right, shoulders level; clear joint alignment; distinct limb separation","arms uncrossed, hands behind the back, arms overhead, seated posture, lying posture, different pose, altered limb placement, extra limbs, missing limbs, fused limbs, duplicated hands, duplicated feet, twisted joints, dislocated shoulders, broken spine, impossible balance, contradictory weight distribution",Pose/Standing/Arms Crossed,1,False
0166 | Pose/Standing/Arms Crossed/Arms Crossed — feet wide — head rotated slightly left,"feet wide, elbows angled slightly downward, forearms crossed; head rotated slightly left, ribcage facing forward; clear joint alignment; distinct limb separation","arms uncrossed, hands behind the back, arms overhead, seated posture, lying posture, different pose, altered limb placement, extra limbs, missing limbs, fused limbs, duplicated hands, duplicated feet, twisted joints, dislocated shoulders, broken spine, impossible balance, contradictory weight distribution",Pose/Standing/Arms Crossed,1,False
0167 | Pose/Standing/Arms Crossed/Arms Crossed — feet wide — head rotated slightly right,"feet wide, elbows angled slightly downward, forearms crossed; head rotated slightly right, ribcage facing forward; clear joint alignment; distinct limb separation","arms uncrossed, hands behind the back, arms overhead, seated posture, lying posture, different pose, altered limb placement, extra limbs, missing limbs, fused limbs, duplicated hands, duplicated feet, twisted joints, dislocated shoulders, broken spine, impossible balance, contradictory weight distribution",Pose/Standing/Arms Crossed,1,False
0168 | Pose/Standing/Arms Crossed/Arms Crossed — feet wide — left shoulder slightly higher than the right,"feet wide, elbows angled slightly downward, forearms crossed; left shoulder slightly higher than the right; clear joint alignment; distinct limb separation","arms uncrossed, hands behind the back, arms overhead, seated posture, lying posture, different pose, altered limb placement, extra limbs, missing limbs, fused limbs, duplicated hands, duplicated feet, twisted joints, dislocated shoulders, broken spine, impossible balance, contradictory weight distribution",Pose/Standing/Arms Crossed,1,False
0169 | Pose/Standing/Arms Crossed/Arms Crossed — feet wide — right shoulder slightly higher than the left,"feet wide, elbows angled slightly downward, forearms crossed; right shoulder slightly higher than the left; clear joint alignment; distinct limb separation","arms uncrossed, hands behind the back, arms overhead, seated posture, lying posture, different pose, altered limb placement, extra limbs, missing limbs, fused limbs, duplicated hands, duplicated feet, twisted joints, dislocated shoulders, broken spine, impossible balance, contradictory weight distribution",Pose/Standing/Arms Crossed,1,False
0170 | Pose/Standing/Arms Crossed/Arms Crossed — feet wide — shoulders gently drawn back,"feet wide, elbows angled slightly downward, forearms crossed; shoulders gently drawn back, chest neutral; clear joint alignment; distinct limb separation","arms uncrossed, hands behind the back, arms overhead, seated posture, lying posture, different pose, altered limb placement, extra limbs, missing limbs, fused limbs, duplicated hands, duplicated feet, twisted joints, dislocated shoulders, broken spine, impossible balance, contradictory weight distribution",Pose/Standing/Arms Crossed,1,False
0171 | Pose/Standing/Arms Crossed/Arms Crossed — feet wide — shoulders relaxed and lowered,"feet wide, elbows angled slightly downward, forearms crossed; shoulders relaxed and lowered, chest neutral; clear joint alignment; distinct limb separation","arms uncrossed, hands behind the back, arms overhead, seated posture, lying posture, different pose, altered limb placement, extra limbs, missing limbs, fused limbs, duplicated hands, duplicated feet, twisted joints, dislocated shoulders, broken spine, impossible balance, contradictory weight distribution",Pose/Standing/Arms Crossed,1,False
0172 | Pose/Standing/Arms Crossed/Arms Crossed — feet wide — ribcage rotated slightly left,"feet wide, elbows angled slightly downward, forearms crossed; ribcage rotated slightly left, pelvis stable; clear joint alignment; distinct limb separation","arms uncrossed, hands behind the back, arms overhead, seated posture, lying posture, different pose, altered limb placement, extra limbs, missing limbs, fused limbs, duplicated hands, duplicated feet, twisted joints, dislocated shoulders, broken spine, impossible balance, contradictory weight distribution",Pose/Standing/Arms Crossed,1,False
0173 | Pose/Standing/Arms Crossed/Arms Crossed — feet wide — ribcage rotated slightly right,"feet wide, elbows angled slightly downward, forearms crossed; ribcage rotated slightly right, pelvis stable; clear joint alignment; distinct limb separation","arms uncrossed, hands behind the back, arms overhead, seated posture, lying posture, different pose, altered limb placement, extra limbs, missing limbs, fused limbs, duplicated hands, duplicated feet, twisted joints, dislocated shoulders, broken spine, impossible balance, contradictory weight distribution",Pose/Standing/Arms Crossed,1,False
0174 | Pose/Standing/Arms Crossed/Arms Crossed — feet wide — pelvis shifted slightly left,"feet wide, elbows angled slightly downward, forearms crossed; pelvis shifted slightly left, shoulders counterbalanced; clear joint alignment; distinct limb separation","arms uncrossed, hands behind the back, arms overhead, seated posture, lying posture, different pose, altered limb placement, extra limbs, missing limbs, fused limbs, duplicated hands, duplicated feet, twisted joints, dislocated shoulders, broken spine, impossible balance, contradictory weight distribution",Pose/Standing/Arms Crossed,1,False
0175 | Pose/Standing/Arms Crossed/Arms Crossed — feet wide — pelvis shifted slightly right,"feet wide, elbows angled slightly downward, forearms crossed; pelvis shifted slightly right, shoulders counterbalanced; clear joint alignment; distinct limb separation","arms uncrossed, hands behind the back, arms overhead, seated posture, lying posture, different pose, altered limb placement, extra limbs, missing limbs, fused limbs, duplicated hands, duplicated feet, twisted joints, dislocated shoulders, broken spine, impossible balance, contradictory weight distribution",Pose/Standing/Arms Crossed,1,False
0176 | Pose/Standing/Arms Crossed/Arms Crossed — feet wide — spine long and vertical,"feet wide, elbows angled slightly downward, forearms crossed; spine long and vertical, abdominal wall neutral; clear joint alignment; distinct limb separation","arms uncrossed, hands behind the back, arms overhead, seated posture, lying posture, different pose, altered limb placement, extra limbs, missing limbs, fused limbs, duplicated hands, duplicated feet, twisted joints, dislocated shoulders, broken spine, impossible balance, contradictory weight distribution",Pose/Standing/Arms Crossed,1,False
0177 | Pose/Standing/Arms Crossed/Arms Crossed — feet wide — upper back gently rounded,"feet wide, elbows angled slightly downward, forearms crossed; upper back gently rounded, pelvis stable; clear joint alignment; distinct limb separation","arms uncrossed, hands behind the back, arms overhead, seated posture, lying posture, different pose, altered limb placement, extra limbs, missing limbs, fused limbs, duplicated hands, duplicated feet, twisted joints, dislocated shoulders, broken spine, impossible balance, contradictory weight distribution",Pose/Standing/Arms Crossed,1,False
0178 | Pose/Standing/Arms Crossed/Arms Crossed — feet wide — upper back gently extended,"feet wide, elbows angled slightly downward, forearms crossed; upper back gently extended, pelvis stable; clear joint alignment; distinct limb separation","arms uncrossed, hands behind the back, arms overhead, seated posture, lying posture, different pose, altered limb placement, extra limbs, missing limbs, fused limbs, duplicated hands, duplicated feet, twisted joints, dislocated shoulders, broken spine, impossible balance, contradictory weight distribution",Pose/Standing/Arms Crossed,1,False
0179 | Pose/Standing/Arms Crossed/Arms Crossed — feet wide — chin angled toward the left collarbone,"feet wide, elbows angled slightly downward, forearms crossed; chin angled toward the left collarbone; clear joint alignment; distinct limb separation","arms uncrossed, hands behind the back, arms overhead, seated posture, lying posture, different pose, altered limb placement, extra limbs, missing limbs, fused limbs, duplicated hands, duplicated feet, twisted joints, dislocated shoulders, broken spine, impossible balance, contradictory weight distribution",Pose/Standing/Arms Crossed,1,False
0180 | Pose/Standing/Arms Crossed/Arms Crossed — feet wide — chin angled toward the right collarbone,"feet wide, elbows angled slightly downward, forearms crossed; chin angled toward the right collarbone; clear joint alignment; distinct limb separation","arms uncrossed, hands behind the back, arms overhead, seated posture, lying posture, different pose, altered limb placement, extra limbs, missing limbs, fused limbs, duplicated hands, duplicated feet, twisted joints, dislocated shoulders, broken spine, impossible balance, contradictory weight distribution",Pose/Standing/Arms Crossed,1,False
0181 | Pose/Standing/Arms Crossed/Arms Crossed — feet narrow — head level,"feet narrow, elbows held slightly away from the torso, forearms crossed; head level, chin neutral, shoulders level; clear joint alignment; distinct limb separation","arms uncrossed, hands behind the back, arms overhead, seated posture, lying posture, different pose, altered limb placement, extra limbs, missing limbs, fused limbs, duplicated hands, duplicated feet, twisted joints, dislocated shoulders, broken spine, impossible balance, contradictory weight distribution",Pose/Standing/Arms Crossed,1,False
0182 | Pose/Standing/Arms Crossed/Arms Crossed — feet narrow — chin slightly lowered,"feet narrow, elbows held slightly away from the torso, forearms crossed; chin slightly lowered, neck lengthened, shoulders level; clear joint alignment; distinct limb separation","arms uncrossed, hands behind the back, arms overhead, seated posture, lying posture, different pose, altered limb placement, extra limbs, missing limbs, fused limbs, duplicated hands, duplicated feet, twisted joints, dislocated shoulders, broken spine, impossible balance, contradictory weight distribution",Pose/Standing/Arms Crossed,1,False
0183 | Pose/Standing/Arms Crossed/Arms Crossed — feet narrow — chin slightly raised,"feet narrow, elbows held slightly away from the torso, forearms crossed; chin slightly raised, neck lengthened, shoulders level; clear joint alignment; distinct limb separation","arms uncrossed, hands behind the back, arms overhead, seated posture, lying posture, different pose, altered limb placement, extra limbs, missing limbs, fused limbs, duplicated hands, duplicated feet, twisted joints, dislocated shoulders, broken spine, impossible balance, contradictory weight distribution",Pose/Standing/Arms Crossed,1,False
0184 | Pose/Standing/Arms Crossed/Arms Crossed — feet narrow — head tilted slightly left,"feet narrow, elbows held slightly away from the torso, forearms crossed; head tilted slightly left, shoulders level; clear joint alignment; distinct limb separation","arms uncrossed, hands behind the back, arms overhead, seated posture, lying posture, different pose, altered limb placement, extra limbs, missing limbs, fused limbs, duplicated hands, duplicated feet, twisted joints, dislocated shoulders, broken spine, impossible balance, contradictory weight distribution",Pose/Standing/Arms Crossed,1,False
0185 | Pose/Standing/Arms Crossed/Arms Crossed — feet narrow — head tilted slightly right,"feet narrow, elbows held slightly away from the torso, forearms crossed; head tilted slightly right, shoulders level; clear joint alignment; distinct limb separation","arms uncrossed, hands behind the back, arms overhead, seated posture, lying posture, different pose, altered limb placement, extra limbs, missing limbs, fused limbs, duplicated hands, duplicated feet, twisted joints, dislocated shoulders, broken spine, impossible balance, contradictory weight distribution",Pose/Standing/Arms Crossed,1,False
0186 | Pose/Standing/Arms Crossed/Arms Crossed — feet narrow — head rotated slightly left,"feet narrow, elbows held slightly away from the torso, forearms crossed; head rotated slightly left, ribcage facing forward; clear joint alignment; distinct limb separation","arms uncrossed, hands behind the back, arms overhead, seated posture, lying posture, different pose, altered limb placement, extra limbs, missing limbs, fused limbs, duplicated hands, duplicated feet, twisted joints, dislocated shoulders, broken spine, impossible balance, contradictory weight distribution",Pose/Standing/Arms Crossed,1,False
0187 | Pose/Standing/Arms Crossed/Arms Crossed — feet narrow — head rotated slightly right,"feet narrow, elbows held slightly away from the torso, forearms crossed; head rotated slightly right, ribcage facing forward; clear joint alignment; distinct limb separation","arms uncrossed, hands behind the back, arms overhead, seated posture, lying posture, different pose, altered limb placement, extra limbs, missing limbs, fused limbs, duplicated hands, duplicated feet, twisted joints, dislocated shoulders, broken spine, impossible balance, contradictory weight distribution",Pose/Standing/Arms Crossed,1,False
0188 | Pose/Standing/Arms Crossed/Arms Crossed — feet narrow — left shoulder slightly higher than the right,"feet narrow, elbows held slightly away from the torso, forearms crossed; left shoulder slightly higher than the right; clear joint alignment; distinct limb separation","arms uncrossed, hands behind the back, arms overhead, seated posture, lying posture, different pose, altered limb placement, extra limbs, missing limbs, fused limbs, duplicated hands, duplicated feet, twisted joints, dislocated shoulders, broken spine, impossible balance, contradictory weight distribution",Pose/Standing/Arms Crossed,1,False
0189 | Pose/Standing/Arms Crossed/Arms Crossed — feet narrow — right shoulder slightly higher than the left,"feet narrow, elbows held slightly away from the torso, forearms crossed; right shoulder slightly higher than the left; clear joint alignment; distinct limb separation","arms uncrossed, hands behind the back, arms overhead, seated posture, lying posture, different pose, altered limb placement, extra limbs, missing limbs, fused limbs, duplicated hands, duplicated feet, twisted joints, dislocated shoulders, broken spine, impossible balance, contradictory weight distribution",Pose/Standing/Arms Crossed,1,False
0190 | Pose/Standing/Arms Crossed/Arms Crossed — feet narrow — shoulders gently drawn back,"feet narrow, elbows held slightly away from the torso, forearms crossed; shoulders gently drawn back, chest neutral; clear joint alignment; distinct limb separation","arms uncrossed, hands behind the back, arms overhead, seated posture, lying posture, different pose, altered limb placement, extra limbs, missing limbs, fused limbs, duplicated hands, duplicated feet, twisted joints, dislocated shoulders, broken spine, impossible balance, contradictory weight distribution",Pose/Standing/Arms Crossed,1,False
0191 | Pose/Standing/Arms Crossed/Arms Crossed — feet narrow — shoulders relaxed and lowered,"feet narrow, elbows held slightly away from the torso, forearms crossed; shoulders relaxed and lowered, chest neutral; clear joint alignment; distinct limb separation","arms uncrossed, hands behind the back, arms overhead, seated posture, lying posture, different pose, altered limb placement, extra limbs, missing limbs, fused limbs, duplicated hands, duplicated feet, twisted joints, dislocated shoulders, broken spine, impossible balance, contradictory weight distribution",Pose/Standing/Arms Crossed,1,False
0192 | Pose/Standing/Arms Crossed/Arms Crossed — feet narrow — ribcage rotated slightly left,"feet narrow, elbows held slightly away from the torso, forearms crossed; ribcage rotated slightly left, pelvis stable; clear joint alignment; distinct limb separation","arms uncrossed, hands behind the back, arms overhead, seated posture, lying posture, different pose, altered limb placement, extra limbs, missing limbs, fused limbs, duplicated hands, duplicated feet, twisted joints, dislocated shoulders, broken spine, impossible balance, contradictory weight distribution",Pose/Standing/Arms Crossed,1,False
0193 | Pose/Standing/Arms Crossed/Arms Crossed — feet narrow — ribcage rotated slightly right,"feet narrow, elbows held slightly away from the torso, forearms crossed; ribcage rotated slightly right, pelvis stable; clear joint alignment; distinct limb separation","arms uncrossed, hands behind the back, arms overhead, seated posture, lying posture, different pose, altered limb placement, extra limbs, missing limbs, fused limbs, duplicated hands, duplicated feet, twisted joints, dislocated shoulders, broken spine, impossible balance, contradictory weight distribution",Pose/Standing/Arms Crossed,1,False
0194 | Pose/Standing/Arms Crossed/Arms Crossed — feet narrow — pelvis shifted slightly left,"feet narrow, elbows held slightly away from the torso, forearms crossed; pelvis shifted slightly left, shoulders counterbalanced; clear joint alignment; distinct limb separation","arms uncrossed, hands behind the back, arms overhead, seated posture, lying posture, different pose, altered limb placement, extra limbs, missing limbs, fused limbs, duplicated hands, duplicated feet, twisted joints, dislocated shoulders, broken spine, impossible balance, contradictory weight distribution",Pose/Standing/Arms Crossed,1,False
0195 | Pose/Standing/Arms Crossed/Arms Crossed — feet narrow — pelvis shifted slightly right,"feet narrow, elbows held slightly away from the torso, forearms crossed; pelvis shifted slightly right, shoulders counterbalanced; clear joint alignment; distinct limb separation","arms uncrossed, hands behind the back, arms overhead, seated posture, lying posture, different pose, altered limb placement, extra limbs, missing limbs, fused limbs, duplicated hands, duplicated feet, twisted joints, dislocated shoulders, broken spine, impossible balance, contradictory weight distribution",Pose/Standing/Arms Crossed,1,False
0196 | Pose/Standing/Arms Crossed/Arms Crossed — feet narrow — spine long and vertical,"feet narrow, elbows held slightly away from the torso, forearms crossed; spine long and vertical, abdominal wall neutral; clear joint alignment; distinct limb separation","arms uncrossed, hands behind the back, arms overhead, seated posture, lying posture, different pose, altered limb placement, extra limbs, missing limbs, fused limbs, duplicated hands, duplicated feet, twisted joints, dislocated shoulders, broken spine, impossible balance, contradictory weight distribution",Pose/Standing/Arms Crossed,1,False
0197 | Pose/Standing/Arms Crossed/Arms Crossed — feet narrow — upper back gently rounded,"feet narrow, elbows held slightly away from the torso, forearms crossed; upper back gently rounded, pelvis stable; clear joint alignment; distinct limb separation","arms uncrossed, hands behind the back, arms overhead, seated posture, lying posture, different pose, altered limb placement, extra limbs, missing limbs, fused limbs, duplicated hands, duplicated feet, twisted joints, dislocated shoulders, broken spine, impossible balance, contradictory weight distribution",Pose/Standing/Arms Crossed,1,False
0198 | Pose/Standing/Arms Crossed/Arms Crossed — feet narrow — upper back gently extended,"feet narrow, elbows held slightly away from the torso, forearms crossed; upper back gently extended, pelvis stable; clear joint alignment; distinct limb separation","arms uncrossed, hands behind the back, arms overhead, seated posture, lying posture, different pose, altered limb placement, extra limbs, missing limbs, fused limbs, duplicated hands, duplicated feet, twisted joints, dislocated shoulders, broken spine, impossible balance, contradictory weight distribution",Pose/Standing/Arms Crossed,1,False
0199 | Pose/Standing/Arms Crossed/Arms Crossed — feet narrow — chin angled toward the left collarbone,"feet narrow, elbows held slightly away from the torso, forearms crossed; chin angled toward the left collarbone; clear joint alignment; distinct limb separation","arms uncrossed, hands behind the back, arms overhead, seated posture, lying posture, different pose, altered limb placement, extra limbs, missing limbs, fused limbs, duplicated hands, duplicated feet, twisted joints, dislocated shoulders, broken spine, impossible balance, contradictory weight distribution",Pose/Standing/Arms Crossed,1,False
0200 | Pose/Standing/Arms Crossed/Arms Crossed — feet narrow — chin angled toward the right collarbone,"feet narrow, elbows held slightly away from the torso, forearms crossed; chin angled toward the right collarbone; clear joint alignment; distinct limb separation","arms uncrossed, hands behind the back, arms overhead, seated posture, lying posture, different pose, altered limb placement, extra limbs, missing limbs, fused limbs, duplicated hands, duplicated feet, twisted joints, dislocated shoulders, broken spine, impossible balance, contradictory weight distribution",Pose/Standing/Arms Crossed,1,False
