name,prompt,negative_prompt,category,weight,favorite
0001 | Pose/Standing/Hands Behind Back/Hands Behind Back — feet hip-width apart — head level,"feet hip-width apart, both hands clasped behind the lower back, elbows straight; head level, chin neutral, shoulders level; clear joint alignment; distinct limb separation","hands visible in front, arms overhead, hands on hips, seated posture, lying posture, different pose, altered limb placement, extra limbs, missing limbs, fused limbs, duplicated hands, duplicated feet, twisted joints, dislocated shoulders, broken spine, impossible balance, contradictory weight distribution",Pose/Standing/Hands Behind Back,1,False
0002 | Pose/Standing/Hands Behind Back/Hands Behind Back — feet hip-width apart — chin slightly lowered,"feet hip-width apart, both hands clasped behind the lower back, elbows straight; chin slightly lowered, neck lengthened, shoulders level; clear joint alignment; distinct limb separation","hands visible in front, arms overhead, hands on hips, seated posture, lying posture, different pose, altered limb placement, extra limbs, missing limbs, fused limbs, duplicated hands, duplicated feet, twisted joints, dislocated shoulders, broken spine, impossible balance, contradictory weight distribution",Pose/Standing/Hands Behind Back,1,False
0003 | Pose/Standing/Hands Behind Back/Hands Behind Back — feet hip-width apart — chin slightly raised,"feet hip-width apart, both hands clasped behind the lower back, elbows straight; chin slightly raised, neck lengthened, shoulders level; clear joint alignment; distinct limb separation","hands visible in front, arms overhead, hands on hips, seated posture, lying posture, different pose, altered limb placement, extra limbs, missing limbs, fused limbs, duplicated hands, duplicated feet, twisted joints, dislocated shoulders, broken spine, impossible balance, contradictory weight distribution",Pose/Standing/Hands Behind Back,1,False
0004 | Pose/Standing/Hands Behind Back/Hands Behind Back — feet hip-width apart — head tilted slightly left,"feet hip-width apart, both hands clasped behind the lower back, elbows straight; head tilted slightly left, shoulders level; clear joint alignment; distinct limb separation","hands visible in front, arms overhead, hands on hips, seated posture, lying posture, different pose, altered limb placement, extra limbs, missing limbs, fused limbs, duplicated hands, duplicated feet, twisted joints, dislocated shoulders, broken spine, impossible balance, contradictory weight distribution",Pose/Standing/Hands Behind Back,1,False
0005 | Pose/Standing/Hands Behind Back/Hands Behind Back — feet hip-width apart — head tilted slightly right,"feet hip-width apart, both hands clasped behind the lower back, elbows straight; head tilted slightly right, shoulders level; clear joint alignment; distinct limb separation","hands visible in front, arms overhead, hands on hips, seated posture, lying posture, different pose, altered limb placement, extra limbs, missing limbs, fused limbs, duplicated hands, duplicated feet, twisted joints, dislocated shoulders, broken spine, impossible balance, contradictory weight distribution",Pose/Standing/Hands Behind Back,1,False
0006 | Pose/Standing/Hands Behind Back/Hands Behind Back — feet hip-width apart — head rotated slightly left,"feet hip-width apart, both hands clasped behind the lower back, elbows straight; head rotated slightly left, ribcage facing forward; clear joint alignment; distinct limb separation","hands visible in front, arms overhead, hands on hips, seated posture, lying posture, different pose, altered limb placement, extra limbs, missing limbs, fused limbs, duplicated hands, duplicated feet, twisted joints, dislocated shoulders, broken spine, impossible balance, contradictory weight distribution",Pose/Standing/Hands Behind Back,1,False
0007 | Pose/Standing/Hands Behind Back/Hands Behind Back — feet hip-width apart — head rotated slightly right,"feet hip-width apart, both hands clasped behind the lower back, elbows straight; head rotated slightly right, ribcage facing forward; clear joint alignment; distinct limb separation","hands visible in front, arms overhead, hands on hips, seated posture, lying posture, different pose, altered limb placement, extra limbs, missing limbs, fused limbs, duplicated hands, duplicated feet, twisted joints, dislocated shoulders, broken spine, impossible balance, contradictory weight distribution",Pose/Standing/Hands Behind Back,1,False
0008 | Pose/Standing/Hands Behind Back/Hands Behind Back — feet hip-width apart — left shoulder slightly higher than the right,"feet hip-width apart, both hands clasped behind the lower back, elbows straight; left shoulder slightly higher than the right; clear joint alignment; distinct limb separation","hands visible in front, arms overhead, hands on hips, seated posture, lying posture, different pose, altered limb placement, extra limbs, missing limbs, fused limbs, duplicated hands, duplicated feet, twisted joints, dislocated shoulders, broken spine, impossible balance, contradictory weight distribution",Pose/Standing/Hands Behind Back,1,False
0009 | Pose/Standing/Hands Behind Back/Hands Behind Back — feet hip-width apart — right shoulder slightly higher than the left,"feet hip-width apart, both hands clasped behind the lower back, elbows straight; right shoulder slightly higher than the left; clear joint alignment; distinct limb separation","hands visible in front, arms overhead, hands on hips, seated posture, lying posture, different pose, altered limb placement, extra limbs, missing limbs, fused limbs, duplicated hands, duplicated feet, twisted joints, dislocated shoulders, broken spine, impossible balance, contradictory weight distribution",Pose/Standing/Hands Behind Back,1,False
0010 | Pose/Standing/Hands Behind Back/Hands Behind Back — feet hip-width apart — shoulders gently drawn back,"feet hip-width apart, both hands clasped behind the lower back, elbows straight; shoulders gently drawn back, chest neutral; clear joint alignment; distinct limb separation","hands visible in front, arms overhead, hands on hips, seated posture, lying posture, different pose, altered limb placement, extra limbs, missing limbs, fused limbs, duplicated hands, duplicated feet, twisted joints, dislocated shoulders, broken spine, impossible balance, contradictory weight distribution",Pose/Standing/Hands Behind Back,1,False
0011 | Pose/Standing/Hands Behind Back/Hands Behind Back — feet hip-width apart — shoulders relaxed and lowered,"feet hip-width apart, both hands clasped behind the lower back, elbows straight; shoulders relaxed and lowered, chest neutral; clear joint alignment; distinct limb separation","hands visible in front, arms overhead, hands on hips, seated posture, lying posture, different pose, altered limb placement, extra limbs, missing limbs, fused limbs, duplicated hands, duplicated feet, twisted joints, dislocated shoulders, broken spine, impossible balance, contradictory weight distribution",Pose/Standing/Hands Behind Back,1,False
0012 | Pose/Standing/Hands Behind Back/Hands Behind Back — feet hip-width apart — ribcage rotated slightly left,"feet hip-width apart, both hands clasped behind the lower back, elbows straight; ribcage rotated slightly left, pelvis stable; clear joint alignment; distinct limb separation","hands visible in front, arms overhead, hands on hips, seated posture, lying posture, different pose, altered limb placement, extra limbs, missing limbs, fused limbs, duplicated hands, duplicated feet, twisted joints, dislocated shoulders, broken spine, impossible balance, contradictory weight distribution",Pose/Standing/Hands Behind Back,1,False
0013 | Pose/Standing/Hands Behind Back/Hands Behind Back — feet hip-width apart — ribcage rotated slightly right,"feet hip-width apart, both hands clasped behind the lower back, elbows straight; ribcage rotated slightly right, pelvis stable; clear joint alignment; distinct limb separation","hands visible in front, arms overhead, hands on hips, seated posture, lying posture, different pose, altered limb placement, extra limbs, missing limbs, fused limbs, duplicated hands, duplicated feet, twisted joints, dislocated shoulders, broken spine, impossible balance, contradictory weight distribution",Pose/Standing/Hands Behind Back,1,False
0014 | Pose/Standing/Hands Behind Back/Hands Behind Back — feet hip-width apart — pelvis shifted slightly left,"feet hip-width apart, both hands clasped behind the lower back, elbows straight; pelvis shifted slightly left, shoulders counterbalanced; clear joint alignment; distinct limb separation","hands visible in front, arms overhead, hands on hips, seated posture, lying posture, different pose, altered limb placement, extra limbs, missing limbs, fused limbs, duplicated hands, duplicated feet, twisted joints, dislocated shoulders, broken spine, impossible balance, contradictory weight distribution",Pose/Standing/Hands Behind Back,1,False
0015 | Pose/Standing/Hands Behind Back/Hands Behind Back — feet hip-width apart — pelvis shifted slightly right,"feet hip-width apart, both hands clasped behind the lower back, elbows straight; pelvis shifted slightly right, shoulders counterbalanced; clear joint alignment; distinct limb separation","hands visible in front, arms overhead, hands on hips, seated posture, lying posture, different pose, altered limb placement, extra limbs, missing limbs, fused limbs, duplicated hands, duplicated feet, twisted joints, dislocated shoulders, broken spine, impossible balance, contradictory weight distribution",Pose/Standing/Hands Behind Back,1,False
0016 | Pose/Standing/Hands Behind Back/Hands Behind Back — feet hip-width apart — spine long and vertical,"feet hip-width apart, both hands clasped behind the lower back, elbows straight; spine long and vertical, abdominal wall neutral; clear joint alignment; distinct limb separation","hands visible in front, arms overhead, hands on hips, seated posture, lying posture, different pose, altered limb placement, extra limbs, missing limbs, fused limbs, duplicated hands, duplicated feet, twisted joints, dislocated shoulders, broken spine, impossible balance, contradictory weight distribution",Pose/Standing/Hands Behind Back,1,False
0017 | Pose/Standing/Hands Behind Back/Hands Behind Back — feet hip-width apart — upper back gently rounded,"feet hip-width apart, both hands clasped behind the lower back, elbows straight; upper back gently rounded, pelvis stable; clear joint alignment; distinct limb separation","hands visible in front, arms overhead, hands on hips, seated posture, lying posture, different pose, altered limb placement, extra limbs, missing limbs, fused limbs, duplicated hands, duplicated feet, twisted joints, dislocated shoulders, broken spine, impossible balance, contradictory weight distribution",Pose/Standing/Hands Behind Back,1,False
0018 | Pose/Standing/Hands Behind Back/Hands Behind Back — feet hip-width apart — upper back gently extended,"feet hip-width apart, both hands clasped behind the lower back, elbows straight; upper back gently extended, pelvis stable; clear joint alignment; distinct limb separation","hands visible in front, arms overhead, hands on hips, seated posture, lying posture, different pose, altered limb placement, extra limbs, missing limbs, fused limbs, duplicated hands, duplicated feet, twisted joints, dislocated shoulders, broken spine, impossible balance, contradictory weight distribution",Pose/Standing/Hands Behind Back,1,False
0019 | Pose/Standing/Hands Behind Back/Hands Behind Back — feet hip-width apart — chin angled toward the left collarbone,"feet hip-width apart, both hands clasped behind the lower back, elbows straight; chin angled toward the left collarbone; clear joint alignment; distinct limb separation","hands visible in front, arms overhead, hands on hips, seated posture, lying posture, different pose, altered limb placement, extra limbs, missing limbs, fused limbs, duplicated hands, duplicated feet, twisted joints, dislocated shoulders, broken spine, impossible balance, contradictory weight distribution",Pose/Standing/Hands Behind Back,1,False
0020 | Pose/Standing/Hands Behind Back/Hands Behind Back — feet hip-width apart — chin angled toward the right collarbone,"feet hip-width apart, both hands clasped behind the lower back, elbows straight; chin angled toward the right collarbone; clear joint alignment; distinct limb separation","hands visible in front, arms overhead, hands on hips, seated posture, lying posture, different pose, altered limb placement, extra limbs, missing limbs, fused limbs, duplicated hands, duplicated feet, twisted joints, dislocated shoulders, broken spine, impossible balance, contradictory weight distribution",Pose/Standing/Hands Behind Back,1,False
0021 | Pose/Standing/Hands Behind Back/Hands Behind Back — feet shoulder-width apart — head level,"feet shoulder-width apart, both hands clasped behind the pelvis, elbows softly bent; head level, chin neutral, shoulders level; clear joint alignment; distinct limb separation","hands visible in front, arms overhead, hands on hips, seated posture, lying posture, different pose, altered limb placement, extra limbs, missing limbs, fused limbs, duplicated hands, duplicated feet, twisted joints, dislocated shoulders, broken spine, impossible balance, contradictory weight distribution",Pose/Standing/Hands Behind Back,1,False
0022 | Pose/Standing/Hands Behind Back/Hands Behind Back — feet shoulder-width apart — chin slightly lowered,"feet shoulder-width apart, both hands clasped behind the pelvis, elbows softly bent; chin slightly lowered, neck lengthened, shoulders level; clear joint alignment; distinct limb separation","hands visible in front, arms overhead, hands on hips, seated posture, lying posture, different pose, altered limb placement, extra limbs, missing limbs, fused limbs, duplicated hands, duplicated feet, twisted joints, dislocated shoulders, broken spine, impossible balance, contradictory weight distribution",Pose/Standing/Hands Behind Back,1,False
0023 | Pose/Standing/Hands Behind Back/Hands Behind Back — feet shoulder-width apart — chin slightly raised,"feet shoulder-width apart, both hands clasped behind the pelvis, elbows softly bent; chin slightly raised, neck lengthened, shoulders level; clear joint alignment; distinct limb separation","hands visible in front, arms overhead, hands on hips, seated posture, lying posture, different pose, altered limb placement, extra limbs, missing limbs, fused limbs, duplicated hands, duplicated feet, twisted joints, dislocated shoulders, broken spine, impossible balance, contradictory weight distribution",Pose/Standing/Hands Behind Back,1,False
0024 | Pose/Standing/Hands Behind Back/Hands Behind Back — feet shoulder-width apart — head tilted slightly left,"feet shoulder-width apart, both hands clasped behind the pelvis, elbows softly bent; head tilted slightly left, shoulders level; clear joint alignment; distinct limb separation","hands visible in front, arms overhead, hands on hips, seated posture, lying posture, different pose, altered limb placement, extra limbs, missing limbs, fused limbs, duplicated hands, duplicated feet, twisted joints, dislocated shoulders, broken spine, impossible balance, contradictory weight distribution",Pose/Standing/Hands Behind Back,1,False
0025 | Pose/Standing/Hands Behind Back/Hands Behind Back — feet shoulder-width apart — head tilted slightly right,"feet shoulder-width apart, both hands clasped behind the pelvis, elbows softly bent; head tilted slightly right, shoulders level; clear joint alignment; distinct limb separation","hands visible in front, arms overhead, hands on hips, seated posture, lying posture, different pose, altered limb placement, extra limbs, missing limbs, fused limbs, duplicated hands, duplicated feet, twisted joints, dislocated shoulders, broken spine, impossible balance, contradictory weight distribution",Pose/Standing/Hands Behind Back,1,False
0026 | Pose/Standing/Hands Behind Back/Hands Behind Back — feet shoulder-width apart — head rotated slightly left,"feet shoulder-width apart, both hands clasped behind the pelvis, elbows softly bent; head rotated slightly left, ribcage facing forward; clear joint alignment; distinct limb separation","hands visible in front, arms overhead, hands on hips, seated posture, lying posture, different pose, altered limb placement, extra limbs, missing limbs, fused limbs, duplicated hands, duplicated feet, twisted joints, dislocated shoulders, broken spine, impossible balance, contradictory weight distribution",Pose/Standing/Hands Behind Back,1,False
0027 | Pose/Standing/Hands Behind Back/Hands Behind Back — feet shoulder-width apart — head rotated slightly right,"feet shoulder-width apart, both hands clasped behind the pelvis, elbows softly bent; head rotated slightly right, ribcage facing forward; clear joint alignment; distinct limb separation","hands visible in front, arms overhead, hands on hips, seated posture, lying posture, different pose, altered limb placement, extra limbs, missing limbs, fused limbs, duplicated hands, duplicated feet, twisted joints, dislocated shoulders, broken spine, impossible balance, contradictory weight distribution",Pose/Standing/Hands Behind Back,1,False
0028 | Pose/Standing/Hands Behind Back/Hands Behind Back — feet shoulder-width apart — left shoulder slightly higher than the right,"feet shoulder-width apart, both hands clasped behind the pelvis, elbows softly bent; left shoulder slightly higher than the right; clear joint alignment; distinct limb separation","hands visible in front, arms overhead, hands on hips, seated posture, lying posture, different pose, altered limb placement, extra limbs, missing limbs, fused limbs, duplicated hands, duplicated feet, twisted joints, dislocated shoulders, broken spine, impossible balance, contradictory weight distribution",Pose/Standing/Hands Behind Back,1,False
0029 | Pose/Standing/Hands Behind Back/Hands Behind Back — feet shoulder-width apart — right shoulder slightly higher than the left,"feet shoulder-width apart, both hands clasped behind the pelvis, elbows softly bent; right shoulder slightly higher than the left; clear joint alignment; distinct limb separation","hands visible in front, arms overhead, hands on hips, seated posture, lying posture, different pose, altered limb placement, extra limbs, missing limbs, fused limbs, duplicated hands, duplicated feet, twisted joints, dislocated shoulders, broken spine, impossible balance, contradictory weight distribution",Pose/Standing/Hands Behind Back,1,False
0030 | Pose/Standing/Hands Behind Back/Hands Behind Back — feet shoulder-width apart — shoulders gently drawn back,"feet shoulder-width apart, both hands clasped behind the pelvis, elbows softly bent; shoulders gently drawn back, chest neutral; clear joint alignment; distinct limb separation","hands visible in front, arms overhead, hands on hips, seated posture, lying posture, different pose, altered limb placement, extra limbs, missing limbs, fused limbs, duplicated hands, duplicated feet, twisted joints, dislocated shoulders, broken spine, impossible balance, contradictory weight distribution",Pose/Standing/Hands Behind Back,1,False
0031 | Pose/Standing/Hands Behind Back/Hands Behind Back — feet shoulder-width apart — shoulders relaxed and lowered,"feet shoulder-width apart, both hands clasped behind the pelvis, elbows softly bent; shoulders relaxed and lowered, chest neutral; clear joint alignment; distinct limb separation","hands visible in front, arms overhead, hands on hips, seated posture, lying posture, different pose, altered limb placement, extra limbs, missing limbs, fused limbs, duplicated hands, duplicated feet, twisted joints, dislocated shoulders, broken spine, impossible balance, contradictory weight distribution",Pose/Standing/Hands Behind Back,1,False
0032 | Pose/Standing/Hands Behind Back/Hands Behind Back — feet shoulder-width apart — ribcage rotated slightly left,"feet shoulder-width apart, both hands clasped behind the pelvis, elbows softly bent; ribcage rotated slightly left, pelvis stable; clear joint alignment; distinct limb separation","hands visible in front, arms overhead, hands on hips, seated posture, lying posture, different pose, altered limb placement, extra limbs, missing limbs, fused limbs, duplicated hands, duplicated feet, twisted joints, dislocated shoulders, broken spine, impossible balance, contradictory weight distribution",Pose/Standing/Hands Behind Back,1,False
0033 | Pose/Standing/Hands Behind Back/Hands Behind Back — feet shoulder-width apart — ribcage rotated slightly right,"feet shoulder-width apart, both hands clasped behind the pelvis, elbows softly bent; ribcage rotated slightly right, pelvis stable; clear joint alignment; distinct limb separation","hands visible in front, arms overhead, hands on hips, seated posture, lying posture, different pose, altered limb placement, extra limbs, missing limbs, fused limbs, duplicated hands, duplicated feet, twisted joints, dislocated shoulders, broken spine, impossible balance, contradictory weight distribution",Pose/Standing/Hands Behind Back,1,False
0034 | Pose/Standing/Hands Behind Back/Hands Behind Back — feet shoulder-width apart — pelvis shifted slightly left,"feet shoulder-width apart, both hands clasped behind the pelvis, elbows softly bent; pelvis shifted slightly left, shoulders counterbalanced; clear joint alignment; distinct limb separation","hands visible in front, arms overhead, hands on hips, seated posture, lying posture, different pose, altered limb placement, extra limbs, missing limbs, fused limbs, duplicated hands, duplicated feet, twisted joints, dislocated shoulders, broken spine, impossible balance, contradictory weight distribution",Pose/Standing/Hands Behind Back,1,False
0035 | Pose/Standing/Hands Behind Back/Hands Behind Back — feet shoulder-width apart — pelvis shifted slightly right,"feet shoulder-width apart, both hands clasped behind the pelvis, elbows softly bent; pelvis shifted slightly right, shoulders counterbalanced; clear joint alignment; distinct limb separation","hands visible in front, arms overhead, hands on hips, seated posture, lying posture, different pose, altered limb placement, extra limbs, missing limbs, fused limbs, duplicated hands, duplicated feet, twisted joints, dislocated shoulders, broken spine, impossible balance, contradictory weight distribution",Pose/Standing/Hands Behind Back,1,False
0036 | Pose/Standing/Hands Behind Back/Hands Behind Back — feet shoulder-width apart — spine long and vertical,"feet shoulder-width apart, both hands clasped behind the pelvis, elbows softly bent; spine long and vertical, abdominal wall neutral; clear joint alignment; distinct limb separation","hands visible in front, arms overhead, hands on hips, seated posture, lying posture, different pose, altered limb placement, extra limbs, missing limbs, fused limbs, duplicated hands, duplicated feet, twisted joints, dislocated shoulders, broken spine, impossible balance, contradictory weight distribution",Pose/Standing/Hands Behind Back,1,False
0037 | Pose/Standing/Hands Behind Back/Hands Behind Back — feet shoulder-width apart — upper back gently rounded,"feet shoulder-width apart, both hands clasped behind the pelvis, elbows softly bent; upper back gently rounded, pelvis stable; clear joint alignment; distinct limb separation","hands visible in front, arms overhead, hands on hips, seated posture, lying posture, different pose, altered limb placement, extra limbs, missing limbs, fused limbs, duplicated hands, duplicated feet, twisted joints, dislocated shoulders, broken spine, impossible balance, contradictory weight distribution",Pose/Standing/Hands Behind Back,1,False
0038 | Pose/Standing/Hands Behind Back/Hands Behind Back — feet shoulder-width apart — upper back gently extended,"feet shoulder-width apart, both hands clasped behind the pelvis, elbows softly bent; upper back gently extended, pelvis stable; clear joint alignment; distinct limb separation","hands visible in front, arms overhead, hands on hips, seated posture, lying posture, different pose, altered limb placement, extra limbs, missing limbs, fused limbs, duplicated hands, duplicated feet, twisted joints, dislocated shoulders, broken spine, impossible balance, contradictory weight distribution",Pose/Standing/Hands Behind Back,1,False
0039 | Pose/Standing/Hands Behind Back/Hands Behind Back — feet shoulder-width apart — chin angled toward the left collarbone,"feet shoulder-width apart, both hands clasped behind the pelvis, elbows softly bent; chin angled toward the left collarbone; clear joint alignment; distinct limb separation","hands visible in front, arms overhead, hands on hips, seated posture, lying posture, different pose, altered limb placement, extra limbs, missing limbs, fused limbs, duplicated hands, duplicated feet, twisted joints, dislocated shoulders, broken spine, impossible balance, contradictory weight distribution",Pose/Standing/Hands Behind Back,1,False
0040 | Pose/Standing/Hands Behind Back/Hands Behind Back — feet shoulder-width apart — chin angled toward the right collarbone,"feet shoulder-width apart, both hands clasped behind the pelvis, elbows softly bent; chin angled toward the right collarbone; clear joint alignment; distinct limb separation","hands visible in front, arms overhead, hands on hips, seated posture, lying posture, different pose, altered limb placement, extra limbs, missing limbs, fused limbs, duplicated hands, duplicated feet, twisted joints, dislocated shoulders, broken spine, impossible balance, contradictory weight distribution",Pose/Standing/Hands Behind Back,1,False
0041 | Pose/Standing/Hands Behind Back/Hands Behind Back — feet together — head level,"feet together, left hand holding the right wrist behind the back; head level, chin neutral, shoulders level; clear joint alignment; distinct limb separation","hands visible in front, arms overhead, hands on hips, seated posture, lying posture, different pose, altered limb placement, extra limbs, missing limbs, fused limbs, duplicated hands, duplicated feet, twisted joints, dislocated shoulders, broken spine, impossible balance, contradictory weight distribution",Pose/Standing/Hands Behind Back,1,False
0042 | Pose/Standing/Hands Behind Back/Hands Behind Back — feet together — chin slightly lowered,"feet together, left hand holding the right wrist behind the back; chin slightly lowered, neck lengthened, shoulders level; clear joint alignment; distinct limb separation","hands visible in front, arms overhead, hands on hips, seated posture, lying posture, different pose, altered limb placement, extra limbs, missing limbs, fused limbs, duplicated hands, duplicated feet, twisted joints, dislocated shoulders, broken spine, impossible balance, contradictory weight distribution",Pose/Standing/Hands Behind Back,1,False
0043 | Pose/Standing/Hands Behind Back/Hands Behind Back — feet together — chin slightly raised,"feet together, left hand holding the right wrist behind the back; chin slightly raised, neck lengthened, shoulders level; clear joint alignment; distinct limb separation","hands visible in front, arms overhead, hands on hips, seated posture, lying posture, different pose, altered limb placement, extra limbs, missing limbs, fused limbs, duplicated hands, duplicated feet, twisted joints, dislocated shoulders, broken spine, impossible balance, contradictory weight distribution",Pose/Standing/Hands Behind Back,1,False
0044 | Pose/Standing/Hands Behind Back/Hands Behind Back — feet together — head tilted slightly left,"feet together, left hand holding the right wrist behind the back; head tilted slightly left, shoulders level; clear joint alignment; distinct limb separation","hands visible in front, arms overhead, hands on hips, seated posture, lying posture, different pose, altered limb placement, extra limbs, missing limbs, fused limbs, duplicated hands, duplicated feet, twisted joints, dislocated shoulders, broken spine, impossible balance, contradictory weight distribution",Pose/Standing/Hands Behind Back,1,False
0045 | Pose/Standing/Hands Behind Back/Hands Behind Back — feet together — head tilted slightly right,"feet together, left hand holding the right wrist behind the back; head tilted slightly right, shoulders level; clear joint alignment; distinct limb separation","hands visible in front, arms overhead, hands on hips, seated posture, lying posture, different pose, altered limb placement, extra limbs, missing limbs, fused limbs, duplicated hands, duplicated feet, twisted joints, dislocated shoulders, broken spine, impossible balance, contradictory weight distribution",Pose/Standing/Hands Behind Back,1,False
0046 | Pose/Standing/Hands Behind Back/Hands Behind Back — feet together — head rotated slightly left,"feet together, left hand holding the right wrist behind the back; head rotated slightly left, ribcage facing forward; clear joint alignment; distinct limb separation","hands visible in front, arms overhead, hands on hips, seated posture, lying posture, different pose, altered limb placement, extra limbs, missing limbs, fused limbs, duplicated hands, duplicated feet, twisted joints, dislocated shoulders, broken spine, impossible balance, contradictory weight distribution",Pose/Standing/Hands Behind Back,1,False
0047 | Pose/Standing/Hands Behind Back/Hands Behind Back — feet together — head rotated slightly right,"feet together, left hand holding the right wrist behind the back; head rotated slightly right, ribcage facing forward; clear joint alignment; distinct limb separation","hands visible in front, arms overhead, hands on hips, seated posture, lying posture, different pose, altered limb placement, extra limbs, missing limbs, fused limbs, duplicated hands, duplicated feet, twisted joints, dislocated shoulders, broken spine, impossible balance, contradictory weight distribution",Pose/Standing/Hands Behind Back,1,False
0048 | Pose/Standing/Hands Behind Back/Hands Behind Back — feet together — left shoulder slightly higher than the right,"feet together, left hand holding the right wrist behind the back; left shoulder slightly higher than the right; clear joint alignment; distinct limb separation","hands visible in front, arms overhead, hands on hips, seated posture, lying posture, different pose, altered limb placement, extra limbs, missing limbs, fused limbs, duplicated hands, duplicated feet, twisted joints, dislocated shoulders, broken spine, impossible balance, contradictory weight distribution",Pose/Standing/Hands Behind Back,1,False
0049 | Pose/Standing/Hands Behind Back/Hands Behind Back — feet together — right shoulder slightly higher than the left,"feet together, left hand holding the right wrist behind the back; right shoulder slightly higher than the left; clear joint alignment; distinct limb separation","hands visible in front, arms overhead, hands on hips, seated posture, lying posture, different pose, altered limb placement, extra limbs, missing limbs, fused limbs, duplicated hands, duplicated feet, twisted joints, dislocated shoulders, broken spine, impossible balance, contradictory weight distribution",Pose/Standing/Hands Behind Back,1,False
0050 | Pose/Standing/Hands Behind Back/Hands Behind Back — feet together — shoulders gently drawn back,"feet together, left hand holding the right wrist behind the back; shoulders gently drawn back, chest neutral; clear joint alignment; distinct limb separation","hands visible in front, arms overhead, hands on hips, seated posture, lying posture, different pose, altered limb placement, extra limbs, missing limbs, fused limbs, duplicated hands, duplicated feet, twisted joints, dislocated shoulders, broken spine, impossible balance, contradictory weight distribution",Pose/Standing/Hands Behind Back,1,False
0051 | Pose/Standing/Hands Behind Back/Hands Behind Back — feet together — shoulders relaxed and lowered,"feet together, left hand holding the right wrist behind the back; shoulders relaxed and lowered, chest neutral; clear joint alignment; distinct limb separation","hands visible in front, arms overhead, hands on hips, seated posture, lying posture, different pose, altered limb placement, extra limbs, missing limbs, fused limbs, duplicated hands, duplicated feet, twisted joints, dislocated shoulders, broken spine, impossible balance, contradictory weight distribution",Pose/Standing/Hands Behind Back,1,False
0052 | Pose/Standing/Hands Behind Back/Hands Behind Back — feet together — ribcage rotated slightly left,"feet together, left hand holding the right wrist behind the back; ribcage rotated slightly left, pelvis stable; clear joint alignment; distinct limb separation","hands visible in front, arms overhead, hands on hips, seated posture, lying posture, different pose, altered limb placement, extra limbs, missing limbs, fused limbs, duplicated hands, duplicated feet, twisted joints, dislocated shoulders, broken spine, impossible balance, contradictory weight distribution",Pose/Standing/Hands Behind Back,1,False
0053 | Pose/Standing/Hands Behind Back/Hands Behind Back — feet together — ribcage rotated slightly right,"feet together, left hand holding the right wrist behind the back; ribcage rotated slightly right, pelvis stable; clear joint alignment; distinct limb separation","hands visible in front, arms overhead, hands on hips, seated posture, lying posture, different pose, altered limb placement, extra limbs, missing limbs, fused limbs, duplicated hands, duplicated feet, twisted joints, dislocated shoulders, broken spine, impossible balance, contradictory weight distribution",Pose/Standing/Hands Behind Back,1,False
0054 | Pose/Standing/Hands Behind Back/Hands Behind Back — feet together — pelvis shifted slightly left,"feet together, left hand holding the right wrist behind the back; pelvis shifted slightly left, shoulders counterbalanced; clear joint alignment; distinct limb separation","hands visible in front, arms overhead, hands on hips, seated posture, lying posture, different pose, altered limb placement, extra limbs, missing limbs, fused limbs, duplicated hands, duplicated feet, twisted joints, dislocated shoulders, broken spine, impossible balance, contradictory weight distribution",Pose/Standing/Hands Behind Back,1,False
0055 | Pose/Standing/Hands Behind Back/Hands Behind Back — feet together — pelvis shifted slightly right,"feet together, left hand holding the right wrist behind the back; pelvis shifted slightly right, shoulders counterbalanced; clear joint alignment; distinct limb separation","hands visible in front, arms overhead, hands on hips, seated posture, lying posture, different pose, altered limb placement, extra limbs, missing limbs, fused limbs, duplicated hands, duplicated feet, twisted joints, dislocated shoulders, broken spine, impossible balance, contradictory weight distribution",Pose/Standing/Hands Behind Back,1,False
0056 | Pose/Standing/Hands Behind Back/Hands Behind Back — feet together — spine long and vertical,"feet together, left hand holding the right wrist behind the back; spine long and vertical, abdominal wall neutral; clear joint alignment; distinct limb separation","hands visible in front, arms overhead, hands on hips, seated posture, lying posture, different pose, altered limb placement, extra limbs, missing limbs, fused limbs, duplicated hands, duplicated feet, twisted joints, dislocated shoulders, broken spine, impossible balance, contradictory weight distribution",Pose/Standing/Hands Behind Back,1,False
0057 | Pose/Standing/Hands Behind Back/Hands Behind Back — feet together — upper back gently rounded,"feet together, left hand holding the right wrist behind the back; upper back gently rounded, pelvis stable; clear joint alignment; distinct limb separation","hands visible in front, arms overhead, hands on hips, seated posture, lying posture, different pose, altered limb placement, extra limbs, missing limbs, fused limbs, duplicated hands, duplicated feet, twisted joints, dislocated shoulders, broken spine, impossible balance, contradictory weight distribution",Pose/Standing/Hands Behind Back,1,False
0058 | Pose/Standing/Hands Behind Back/Hands Behind Back — feet together — upper back gently extended,"feet together, left hand holding the right wrist behind the back; upper back gently extended, pelvis stable; clear joint alignment; distinct limb separation","hands visible in front, arms overhead, hands on hips, seated posture, lying posture, different pose, altered limb placement, extra limbs, missing limbs, fused limbs, duplicated hands, duplicated feet, twisted joints, dislocated shoulders, broken spine, impossible balance, contradictory weight distribution",Pose/Standing/Hands Behind Back,1,False
0059 | Pose/Standing/Hands Behind Back/Hands Behind Back — feet together — chin angled toward the left collarbone,"feet together, left hand holding the right wrist behind the back; chin angled toward the left collarbone; clear joint alignment; distinct limb separation","hands visible in front, arms overhead, hands on hips, seated posture, lying posture, different pose, altered limb placement, extra limbs, missing limbs, fused limbs, duplicated hands, duplicated feet, twisted joints, dislocated shoulders, broken spine, impossible balance, contradictory weight distribution",Pose/Standing/Hands Behind Back,1,False
0060 | Pose/Standing/Hands Behind Back/Hands Behind Back — feet together — chin angled toward the right collarbone,"feet together, left hand holding the right wrist behind the back; chin angled toward the right collarbone; clear joint alignment; distinct limb separation","hands visible in front, arms overhead, hands on hips, seated posture, lying posture, different pose, altered limb placement, extra limbs, missing limbs, fused limbs, duplicated hands, duplicated feet, twisted joints, dislocated shoulders, broken spine, impossible balance, contradictory weight distribution",Pose/Standing/Hands Behind Back,1,False
0061 | Pose/Standing/Hands Behind Back/Hands Behind Back — feet together — head level,"feet together, right hand holding the left wrist behind the back; head level, chin neutral, shoulders level; clear joint alignment; distinct limb separation","hands visible in front, arms overhead, hands on hips, seated posture, lying posture, different pose, altered limb placement, extra limbs, missing limbs, fused limbs, duplicated hands, duplicated feet, twisted joints, dislocated shoulders, broken spine, impossible balance, contradictory weight distribution",Pose/Standing/Hands Behind Back,1,False
0062 | Pose/Standing/Hands Behind Back/Hands Behind Back — feet together — chin slightly lowered,"feet together, right hand holding the left wrist behind the back; chin slightly lowered, neck lengthened, shoulders level; clear joint alignment; distinct limb separation","hands visible in front, arms overhead, hands on hips, seated posture, lying posture, different pose, altered limb placement, extra limbs, missing limbs, fused limbs, duplicated hands, duplicated feet, twisted joints, dislocated shoulders, broken spine, impossible balance, contradictory weight distribution",Pose/Standing/Hands Behind Back,1,False
0063 | Pose/Standing/Hands Behind Back/Hands Behind Back — feet together — chin slightly raised,"feet together, right hand holding the left wrist behind the back; chin slightly raised, neck lengthened, shoulders level; clear joint alignment; distinct limb separation","hands visible in front, arms overhead, hands on hips, seated posture, lying posture, different pose, altered limb placement, extra limbs, missing limbs, fused limbs, duplicated hands, duplicated feet, twisted joints, dislocated shoulders, broken spine, impossible balance, contradictory weight distribution",Pose/Standing/Hands Behind Back,1,False
0064 | Pose/Standing/Hands Behind Back/Hands Behind Back — feet together — head tilted slightly left,"feet together, right hand holding the left wrist behind the back; head tilted slightly left, shoulders level; clear joint alignment; distinct limb separation","hands visible in front, arms overhead, hands on hips, seated posture, lying posture, different pose, altered limb placement, extra limbs, missing limbs, fused limbs, duplicated hands, duplicated feet, twisted joints, dislocated shoulders, broken spine, impossible balance, contradictory weight distribution",Pose/Standing/Hands Behind Back,1,False
0065 | Pose/Standing/Hands Behind Back/Hands Behind Back — feet together — head tilted slightly right,"feet together, right hand holding the left wrist behind the back; head tilted slightly right, shoulders level; clear joint alignment; distinct limb separation","hands visible in front, arms overhead, hands on hips, seated posture, lying posture, different pose, altered limb placement, extra limbs, missing limbs, fused limbs, duplicated hands, duplicated feet, twisted joints, dislocated shoulders, broken spine, impossible balance, contradictory weight distribution",Pose/Standing/Hands Behind Back,1,False
0066 | Pose/Standing/Hands Behind Back/Hands Behind Back — feet together — head rotated slightly left,"feet together, right hand holding the left wrist behind the back; head rotated slightly left, ribcage facing forward; clear joint alignment; distinct limb separation","hands visible in front, arms overhead, hands on hips, seated posture, lying posture, different pose, altered limb placement, extra limbs, missing limbs, fused limbs, duplicated hands, duplicated feet, twisted joints, dislocated shoulders, broken spine, impossible balance, contradictory weight distribution",Pose/Standing/Hands Behind Back,1,False
0067 | Pose/Standing/Hands Behind Back/Hands Behind Back — feet together — head rotated slightly right,"feet together, right hand holding the left wrist behind the back; head rotated slightly right, ribcage facing forward; clear joint alignment; distinct limb separation","hands visible in front, arms overhead, hands on hips, seated posture, lying posture, different pose, altered limb placement, extra limbs, missing limbs, fused limbs, duplicated hands, duplicated feet, twisted joints, dislocated shoulders, broken spine, impossible balance, contradictory weight distribution",Pose/Standing/Hands Behind Back,1,False
0068 | Pose/Standing/Hands Behind Back/Hands Behind Back — feet together — left shoulder slightly higher than the right,"feet together, right hand holding the left wrist behind the back; left shoulder slightly higher than the right; clear joint alignment; distinct limb separation","hands visible in front, arms overhead, hands on hips, seated posture, lying posture, different pose, altered limb placement, extra limbs, missing limbs, fused limbs, duplicated hands, duplicated feet, twisted joints, dislocated shoulders, broken spine, impossible balance, contradictory weight distribution",Pose/Standing/Hands Behind Back,1,False
0069 | Pose/Standing/Hands Behind Back/Hands Behind Back — feet together — right shoulder slightly higher than the left,"feet together, right hand holding the left wrist behind the back; right shoulder slightly higher than the left; clear joint alignment; distinct limb separation","hands visible in front, arms overhead, hands on hips, seated posture, lying posture, different pose, altered limb placement, extra limbs, missing limbs, fused limbs, duplicated hands, duplicated feet, twisted joints, dislocated shoulders, broken spine, impossible balance, contradictory weight distribution",Pose/Standing/Hands Behind Back,1,False
0070 | Pose/Standing/Hands Behind Back/Hands Behind Back — feet together — shoulders gently drawn back,"feet together, right hand holding the left wrist behind the back; shoulders gently drawn back, chest neutral; clear joint alignment; distinct limb separation","hands visible in front, arms overhead, hands on hips, seated posture, lying posture, different pose, altered limb placement, extra limbs, missing limbs, fused limbs, duplicated hands, duplicated feet, twisted joints, dislocated shoulders, broken spine, impossible balance, contradictory weight distribution",Pose/Standing/Hands Behind Back,1,False
0071 | Pose/Standing/Hands Behind Back/Hands Behind Back — feet together — shoulders relaxed and lowered,"feet together, right hand holding the left wrist behind the back; shoulders relaxed and lowered, chest neutral; clear joint alignment; distinct limb separation","hands visible in front, arms overhead, hands on hips, seated posture, lying posture, different pose, altered limb placement, extra limbs, missing limbs, fused limbs, duplicated hands, duplicated feet, twisted joints, dislocated shoulders, broken spine, impossible balance, contradictory weight distribution",Pose/Standing/Hands Behind Back,1,False
0072 | Pose/Standing/Hands Behind Back/Hands Behind Back — feet together — ribcage rotated slightly left,"feet together, right hand holding the left wrist behind the back; ribcage rotated slightly left, pelvis stable; clear joint alignment; distinct limb separation","hands visible in front, arms overhead, hands on hips, seated posture, lying posture, different pose, altered limb placement, extra limbs, missing limbs, fused limbs, duplicated hands, duplicated feet, twisted joints, dislocated shoulders, broken spine, impossible balance, contradictory weight distribution",Pose/Standing/Hands Behind Back,1,False
0073 | Pose/Standing/Hands Behind Back/Hands Behind Back — feet together — ribcage rotated slightly right,"feet together, right hand holding the left wrist behind the back; ribcage rotated slightly right, pelvis stable; clear joint alignment; distinct limb separation","hands visible in front, arms overhead, hands on hips, seated posture, lying posture, different pose, altered limb placement, extra limbs, missing limbs, fused limbs, duplicated hands, duplicated feet, twisted joints, dislocated shoulders, broken spine, impossible balance, contradictory weight distribution",Pose/Standing/Hands Behind Back,1,False
0074 | Pose/Standing/Hands Behind Back/Hands Behind Back — feet together — pelvis shifted slightly left,"feet together, right hand holding the left wrist behind the back; pelvis shifted slightly left, shoulders counterbalanced; clear joint alignment; distinct limb separation","hands visible in front, arms overhead, hands on hips, seated posture, lying posture, different pose, altered limb placement, extra limbs, missing limbs, fused limbs, duplicated hands, duplicated feet, twisted joints, dislocated shoulders, broken spine, impossible balance, contradictory weight distribution",Pose/Standing/Hands Behind Back,1,False
0075 | Pose/Standing/Hands Behind Back/Hands Behind Back — feet together — pelvis shifted slightly right,"feet together, right hand holding the left wrist behind the back; pelvis shifted slightly right, shoulders counterbalanced; clear joint alignment; distinct limb separation","hands visible in front, arms overhead, hands on hips, seated posture, lying posture, different pose, altered limb placement, extra limbs, missing limbs, fused limbs, duplicated hands, duplicated feet, twisted joints, dislocated shoulders, broken spine, impossible balance, contradictory weight distribution",Pose/Standing/Hands Behind Back,1,False
0076 | Pose/Standing/Hands Behind Back/Hands Behind Back — feet together — spine long and vertical,"feet together, right hand holding the left wrist behind the back; spine long and vertical, abdominal wall neutral; clear joint alignment; distinct limb separation","hands visible in front, arms overhead, hands on hips, seated posture, lying posture, different pose, altered limb placement, extra limbs, missing limbs, fused limbs, duplicated hands, duplicated feet, twisted joints, dislocated shoulders, broken spine, impossible balance, contradictory weight distribution",Pose/Standing/Hands Behind Back,1,False
0077 | Pose/Standing/Hands Behind Back/Hands Behind Back — feet together — upper back gently rounded,"feet together, right hand holding the left wrist behind the back; upper back gently rounded, pelvis stable; clear joint alignment; distinct limb separation","hands visible in front, arms overhead, hands on hips, seated posture, lying posture, different pose, altered limb placement, extra limbs, missing limbs, fused limbs, duplicated hands, duplicated feet, twisted joints, dislocated shoulders, broken spine, impossible balance, contradictory weight distribution",Pose/Standing/Hands Behind Back,1,False
0078 | Pose/Standing/Hands Behind Back/Hands Behind Back — feet together — upper back gently extended,"feet together, right hand holding the left wrist behind the back; upper back gently extended, pelvis stable; clear joint alignment; distinct limb separation","hands visible in front, arms overhead, hands on hips, seated posture, lying posture, different pose, altered limb placement, extra limbs, missing limbs, fused limbs, duplicated hands, duplicated feet, twisted joints, dislocated shoulders, broken spine, impossible balance, contradictory weight distribution",Pose/Standing/Hands Behind Back,1,False
0079 | Pose/Standing/Hands Behind Back/Hands Behind Back — feet together — chin angled toward the left collarbone,"feet together, right hand holding the left wrist behind the back; chin angled toward the left collarbone; clear joint alignment; distinct limb separation","hands visible in front, arms overhead, hands on hips, seated posture, lying posture, different pose, altered limb placement, extra limbs, missing limbs, fused limbs, duplicated hands, duplicated feet, twisted joints, dislocated shoulders, broken spine, impossible balance, contradictory weight distribution",Pose/Standing/Hands Behind Back,1,False
0080 | Pose/Standing/Hands Behind Back/Hands Behind Back — feet together — chin angled toward the right collarbone,"feet together, right hand holding the left wrist behind the back; chin angled toward the right collarbone; clear joint alignment; distinct limb separation","hands visible in front, arms overhead, hands on hips, seated posture, lying posture, different pose, altered limb placement, extra limbs, missing limbs, fused limbs, duplicated hands, duplicated feet, twisted joints, dislocated shoulders, broken spine, impossible balance, contradictory weight distribution",Pose/Standing/Hands Behind Back,1,False
0081 | Pose/Standing/Hands Behind Back/Hands Behind Back — left foot ahead — head level,"left foot ahead, both hands clasped behind the lower back; head level, chin neutral, shoulders level; clear joint alignment; distinct limb separation","hands visible in front, arms overhead, hands on hips, seated posture, lying posture, different pose, altered limb placement, extra limbs, missing limbs, fused limbs, duplicated hands, duplicated feet, twisted joints, dislocated shoulders, broken spine, impossible balance, contradictory weight distribution",Pose/Standing/Hands Behind Back,1,False
0082 | Pose/Standing/Hands Behind Back/Hands Behind Back — left foot ahead — chin slightly lowered,"left foot ahead, both hands clasped behind the lower back; chin slightly lowered, neck lengthened, shoulders level; clear joint alignment; distinct limb separation","hands visible in front, arms overhead, hands on hips, seated posture, lying posture, different pose, altered limb placement, extra limbs, missing limbs, fused limbs, duplicated hands, duplicated feet, twisted joints, dislocated shoulders, broken spine, impossible balance, contradictory weight distribution",Pose/Standing/Hands Behind Back,1,False
0083 | Pose/Standing/Hands Behind Back/Hands Behind Back — left foot ahead — chin slightly raised,"left foot ahead, both hands clasped behind the lower back; chin slightly raised, neck lengthened, shoulders level; clear joint alignment; distinct limb separation","hands visible in front, arms overhead, hands on hips, seated posture, lying posture, different pose, altered limb placement, extra limbs, missing limbs, fused limbs, duplicated hands, duplicated feet, twisted joints, dislocated shoulders, broken spine, impossible balance, contradictory weight distribution",Pose/Standing/Hands Behind Back,1,False
0084 | Pose/Standing/Hands Behind Back/Hands Behind Back — left foot ahead — head tilted slightly left,"left foot ahead, both hands clasped behind the lower back; head tilted slightly left, shoulders level; clear joint alignment; distinct limb separation","hands visible in front, arms overhead, hands on hips, seated posture, lying posture, different pose, altered limb placement, extra limbs, missing limbs, fused limbs, duplicated hands, duplicated feet, twisted joints, dislocated shoulders, broken spine, impossible balance, contradictory weight distribution",Pose/Standing/Hands Behind Back,1,False
0085 | Pose/Standing/Hands Behind Back/Hands Behind Back — left foot ahead — head tilted slightly right,"left foot ahead, both hands clasped behind the lower back; head tilted slightly right, shoulders level; clear joint alignment; distinct limb separation","hands visible in front, arms overhead, hands on hips, seated posture, lying posture, different pose, altered limb placement, extra limbs, missing limbs, fused limbs, duplicated hands, duplicated feet, twisted joints, dislocated shoulders, broken spine, impossible balance, contradictory weight distribution",Pose/Standing/Hands Behind Back,1,False
0086 | Pose/Standing/Hands Behind Back/Hands Behind Back — left foot ahead — head rotated slightly left,"left foot ahead, both hands clasped behind the lower back; head rotated slightly left, ribcage facing forward; clear joint alignment; distinct limb separation","hands visible in front, arms overhead, hands on hips, seated posture, lying posture, different pose, altered limb placement, extra limbs, missing limbs, fused limbs, duplicated hands, duplicated feet, twisted joints, dislocated shoulders, broken spine, impossible balance, contradictory weight distribution",Pose/Standing/Hands Behind Back,1,False
0087 | Pose/Standing/Hands Behind Back/Hands Behind Back — left foot ahead — head rotated slightly right,"left foot ahead, both hands clasped behind the lower back; head rotated slightly right, ribcage facing forward; clear joint alignment; distinct limb separation","hands visible in front, arms overhead, hands on hips, seated posture, lying posture, different pose, altered limb placement, extra limbs, missing limbs, fused limbs, duplicated hands, duplicated feet, twisted joints, dislocated shoulders, broken spine, impossible balance, contradictory weight distribution",Pose/Standing/Hands Behind Back,1,False
0088 | Pose/Standing/Hands Behind Back/Hands Behind Back — left foot ahead — left shoulder slightly higher than the right,"left foot ahead, both hands clasped behind the lower back; left shoulder slightly higher than the right; clear joint alignment; distinct limb separation","hands visible in front, arms overhead, hands on hips, seated posture, lying posture, different pose, altered limb placement, extra limbs, missing limbs, fused limbs, duplicated hands, duplicated feet, twisted joints, dislocated shoulders, broken spine, impossible balance, contradictory weight distribution",Pose/Standing/Hands Behind Back,1,False
0089 | Pose/Standing/Hands Behind Back/Hands Behind Back — left foot ahead — right shoulder slightly higher than the left,"left foot ahead, both hands clasped behind the lower back; right shoulder slightly higher than the left; clear joint alignment; distinct limb separation","hands visible in front, arms overhead, hands on hips, seated posture, lying posture, different pose, altered limb placement, extra limbs, missing limbs, fused limbs, duplicated hands, duplicated feet, twisted joints, dislocated shoulders, broken spine, impossible balance, contradictory weight distribution",Pose/Standing/Hands Behind Back,1,False
0090 | Pose/Standing/Hands Behind Back/Hands Behind Back — left foot ahead — shoulders gently drawn back,"left foot ahead, both hands clasped behind the lower back; shoulders gently drawn back, chest neutral; clear joint alignment; distinct limb separation","hands visible in front, arms overhead, hands on hips, seated posture, lying posture, different pose, altered limb placement, extra limbs, missing limbs, fused limbs, duplicated hands, duplicated feet, twisted joints, dislocated shoulders, broken spine, impossible balance, contradictory weight distribution",Pose/Standing/Hands Behind Back,1,False
0091 | Pose/Standing/Hands Behind Back/Hands Behind Back — left foot ahead — shoulders relaxed and lowered,"left foot ahead, both hands clasped behind the lower back; shoulders relaxed and lowered, chest neutral; clear joint alignment; distinct limb separation","hands visible in front, arms overhead, hands on hips, seated posture, lying posture, different pose, altered limb placement, extra limbs, missing limbs, fused limbs, duplicated hands, duplicated feet, twisted joints, dislocated shoulders, broken spine, impossible balance, contradictory weight distribution",Pose/Standing/Hands Behind Back,1,False
0092 | Pose/Standing/Hands Behind Back/Hands Behind Back — left foot ahead — ribcage rotated slightly left,"left foot ahead, both hands clasped behind the lower back; ribcage rotated slightly left, pelvis stable; clear joint alignment; distinct limb separation","hands visible in front, arms overhead, hands on hips, seated posture, lying posture, different pose, altered limb placement, extra limbs, missing limbs, fused limbs, duplicated hands, duplicated feet, twisted joints, dislocated shoulders, broken spine, impossible balance, contradictory weight distribution",Pose/Standing/Hands Behind Back,1,False
0093 | Pose/Standing/Hands Behind Back/Hands Behind Back — left foot ahead — ribcage rotated slightly right,"left foot ahead, both hands clasped behind the lower back; ribcage rotated slightly right, pelvis stable; clear joint alignment; distinct limb separation","hands visible in front, arms overhead, hands on hips, seated posture, lying posture, different pose, altered limb placement, extra limbs, missing limbs, fused limbs, duplicated hands, duplicated feet, twisted joints, dislocated shoulders, broken spine, impossible balance, contradictory weight distribution",Pose/Standing/Hands Behind Back,1,False
0094 | Pose/Standing/Hands Behind Back/Hands Behind Back — left foot ahead — pelvis shifted slightly left,"left foot ahead, both hands clasped behind the lower back; pelvis shifted slightly left, shoulders counterbalanced; clear joint alignment; distinct limb separation","hands visible in front, arms overhead, hands on hips, seated posture, lying posture, different pose, altered limb placement, extra limbs, missing limbs, fused limbs, duplicated hands, duplicated feet, twisted joints, dislocated shoulders, broken spine, impossible balance, contradictory weight distribution",Pose/Standing/Hands Behind Back,1,False
0095 | Pose/Standing/Hands Behind Back/Hands Behind Back — left foot ahead — pelvis shifted slightly right,"left foot ahead, both hands clasped behind the lower back; pelvis shifted slightly right, shoulders counterbalanced; clear joint alignment; distinct limb separation","hands visible in front, arms overhead, hands on hips, seated posture, lying posture, different pose, altered limb placement, extra limbs, missing limbs, fused limbs, duplicated hands, duplicated feet, twisted joints, dislocated shoulders, broken spine, impossible balance, contradictory weight distribution",Pose/Standing/Hands Behind Back,1,False
0096 | Pose/Standing/Hands Behind Back/Hands Behind Back — left foot ahead — spine long and vertical,"left foot ahead, both hands clasped behind the lower back; spine long and vertical, abdominal wall neutral; clear joint alignment; distinct limb separation","hands visible in front, arms overhead, hands on hips, seated posture, lying posture, different pose, altered limb placement, extra limbs, missing limbs, fused limbs, duplicated hands, duplicated feet, twisted joints, dislocated shoulders, broken spine, impossible balance, contradictory weight distribution",Pose/Standing/Hands Behind Back,1,False
0097 | Pose/Standing/Hands Behind Back/Hands Behind Back — left foot ahead — upper back gently rounded,"left foot ahead, both hands clasped behind the lower back; upper back gently rounded, pelvis stable; clear joint alignment; distinct limb separation","hands visible in front, arms overhead, hands on hips, seated posture, lying posture, different pose, altered limb placement, extra limbs, missing limbs, fused limbs, duplicated hands, duplicated feet, twisted joints, dislocated shoulders, broken spine, impossible balance, contradictory weight distribution",Pose/Standing/Hands Behind Back,1,False
0098 | Pose/Standing/Hands Behind Back/Hands Behind Back — left foot ahead — upper back gently extended,"left foot ahead, both hands clasped behind the lower back; upper back gently extended, pelvis stable; clear joint alignment; distinct limb separation","hands visible in front, arms overhead, hands on hips, seated posture, lying posture, different pose, altered limb placement, extra limbs, missing limbs, fused limbs, duplicated hands, duplicated feet, twisted joints, dislocated shoulders, broken spine, impossible balance, contradictory weight distribution",Pose/Standing/Hands Behind Back,1,False
0099 | Pose/Standing/Hands Behind Back/Hands Behind Back — left foot ahead — chin angled toward the left collarbone,"left foot ahead, both hands clasped behind the lower back; chin angled toward the left collarbone; clear joint alignment; distinct limb separation","hands visible in front, arms overhead, hands on hips, seated posture, lying posture, different pose, altered limb placement, extra limbs, missing limbs, fused limbs, duplicated hands, duplicated feet, twisted joints, dislocated shoulders, broken spine, impossible balance, contradictory weight distribution",Pose/Standing/Hands Behind Back,1,False
0100 | Pose/Standing/Hands Behind Back/Hands Behind Back — left foot ahead — chin angled toward the right collarbone,"left foot ahead, both hands clasped behind the lower back; chin angled toward the right collarbone; clear joint alignment; distinct limb separation","hands visible in front, arms overhead, hands on hips, seated posture, lying posture, different pose, altered limb placement, extra limbs, missing limbs, fused limbs, duplicated hands, duplicated feet, twisted joints, dislocated shoulders, broken spine, impossible balance, contradictory weight distribution",Pose/Standing/Hands Behind Back,1,False
0101 | Pose/Standing/Hands Behind Back/Hands Behind Back — right foot ahead — head level,"right foot ahead, both hands clasped behind the lower back; head level, chin neutral, shoulders level; clear joint alignment; distinct limb separation","hands visible in front, arms overhead, hands on hips, seated posture, lying posture, different pose, altered limb placement, extra limbs, missing limbs, fused limbs, duplicated hands, duplicated feet, twisted joints, dislocated shoulders, broken spine, impossible balance, contradictory weight distribution",Pose/Standing/Hands Behind Back,1,False
0102 | Pose/Standing/Hands Behind Back/Hands Behind Back — right foot ahead — chin slightly lowered,"right foot ahead, both hands clasped behind the lower back; chin slightly lowered, neck lengthened, shoulders level; clear joint alignment; distinct limb separation","hands visible in front, arms overhead, hands on hips, seated posture, lying posture, different pose, altered limb placement, extra limbs, missing limbs, fused limbs, duplicated hands, duplicated feet, twisted joints, dislocated shoulders, broken spine, impossible balance, contradictory weight distribution",Pose/Standing/Hands Behind Back,1,False
0103 | Pose/Standing/Hands Behind Back/Hands Behind Back — right foot ahead — chin slightly raised,"right foot ahead, both hands clasped behind the lower back; chin slightly raised, neck lengthened, shoulders level; clear joint alignment; distinct limb separation","hands visible in front, arms overhead, hands on hips, seated posture, lying posture, different pose, altered limb placement, extra limbs, missing limbs, fused limbs, duplicated hands, duplicated feet, twisted joints, dislocated shoulders, broken spine, impossible balance, contradictory weight distribution",Pose/Standing/Hands Behind Back,1,False
0104 | Pose/Standing/Hands Behind Back/Hands Behind Back — right foot ahead — head tilted slightly left,"right foot ahead, both hands clasped behind the lower back; head tilted slightly left, shoulders level; clear joint alignment; distinct limb separation","hands visible in front, arms overhead, hands on hips, seated posture, lying posture, different pose, altered limb placement, extra limbs, missing limbs, fused limbs, duplicated hands, duplicated feet, twisted joints, dislocated shoulders, broken spine, impossible balance, contradictory weight distribution",Pose/Standing/Hands Behind Back,1,False
0105 | Pose/Standing/Hands Behind Back/Hands Behind Back — right foot ahead — head tilted slightly right,"right foot ahead, both hands clasped behind the lower back; head tilted slightly right, shoulders level; clear joint alignment; distinct limb separation","hands visible in front, arms overhead, hands on hips, seated posture, lying posture, different pose, altered limb placement, extra limbs, missing limbs, fused limbs, duplicated hands, duplicated feet, twisted joints, dislocated shoulders, broken spine, impossible balance, contradictory weight distribution",Pose/Standing/Hands Behind Back,1,False
0106 | Pose/Standing/Hands Behind Back/Hands Behind Back — right foot ahead — head rotated slightly left,"right foot ahead, both hands clasped behind the lower back; head rotated slightly left, ribcage facing forward; clear joint alignment; distinct limb separation","hands visible in front, arms overhead, hands on hips, seated posture, lying posture, different pose, altered limb placement, extra limbs, missing limbs, fused limbs, duplicated hands, duplicated feet, twisted joints, dislocated shoulders, broken spine, impossible balance, contradictory weight distribution",Pose/Standing/Hands Behind Back,1,False
0107 | Pose/Standing/Hands Behind Back/Hands Behind Back — right foot ahead — head rotated slightly right,"right foot ahead, both hands clasped behind the lower back; head rotated slightly right, ribcage facing forward; clear joint alignment; distinct limb separation","hands visible in front, arms overhead, hands on hips, seated posture, lying posture, different pose, altered limb placement, extra limbs, missing limbs, fused limbs, duplicated hands, duplicated feet, twisted joints, dislocated shoulders, broken spine, impossible balance, contradictory weight distribution",Pose/Standing/Hands Behind Back,1,False
0108 | Pose/Standing/Hands Behind Back/Hands Behind Back — right foot ahead — left shoulder slightly higher than the right,"right foot ahead, both hands clasped behind the lower back; left shoulder slightly higher than the right; clear joint alignment; distinct limb separation","hands visible in front, arms overhead, hands on hips, seated posture, lying posture, different pose, altered limb placement, extra limbs, missing limbs, fused limbs, duplicated hands, duplicated feet, twisted joints, dislocated shoulders, broken spine, impossible balance, contradictory weight distribution",Pose/Standing/Hands Behind Back,1,False
0109 | Pose/Standing/Hands Behind Back/Hands Behind Back — right foot ahead — right shoulder slightly higher than the left,"right foot ahead, both hands clasped behind the lower back; right shoulder slightly higher than the left; clear joint alignment; distinct limb separation","hands visible in front, arms overhead, hands on hips, seated posture, lying posture, different pose, altered limb placement, extra limbs, missing limbs, fused limbs, duplicated hands, duplicated feet, twisted joints, dislocated shoulders, broken spine, impossible balance, contradictory weight distribution",Pose/Standing/Hands Behind Back,1,False
0110 | Pose/Standing/Hands Behind Back/Hands Behind Back — right foot ahead — shoulders gently drawn back,"right foot ahead, both hands clasped behind the lower back; shoulders gently drawn back, chest neutral; clear joint alignment; distinct limb separation","hands visible in front, arms overhead, hands on hips, seated posture, lying posture, different pose, altered limb placement, extra limbs, missing limbs, fused limbs, duplicated hands, duplicated feet, twisted joints, dislocated shoulders, broken spine, impossible balance, contradictory weight distribution",Pose/Standing/Hands Behind Back,1,False
0111 | Pose/Standing/Hands Behind Back/Hands Behind Back — right foot ahead — shoulders relaxed and lowered,"right foot ahead, both hands clasped behind the lower back; shoulders relaxed and lowered, chest neutral; clear joint alignment; distinct limb separation","hands visible in front, arms overhead, hands on hips, seated posture, lying posture, different pose, altered limb placement, extra limbs, missing limbs, fused limbs, duplicated hands, duplicated feet, twisted joints, dislocated shoulders, broken spine, impossible balance, contradictory weight distribution",Pose/Standing/Hands Behind Back,1,False
0112 | Pose/Standing/Hands Behind Back/Hands Behind Back — right foot ahead — ribcage rotated slightly left,"right foot ahead, both hands clasped behind the lower back; ribcage rotated slightly left, pelvis stable; clear joint alignment; distinct limb separation","hands visible in front, arms overhead, hands on hips, seated posture, lying posture, different pose, altered limb placement, extra limbs, missing limbs, fused limbs, duplicated hands, duplicated feet, twisted joints, dislocated shoulders, broken spine, impossible balance, contradictory weight distribution",Pose/Standing/Hands Behind Back,1,False
0113 | Pose/Standing/Hands Behind Back/Hands Behind Back — right foot ahead — ribcage rotated slightly right,"right foot ahead, both hands clasped behind the lower back; ribcage rotated slightly right, pelvis stable; clear joint alignment; distinct limb separation","hands visible in front, arms overhead, hands on hips, seated posture, lying posture, different pose, altered limb placement, extra limbs, missing limbs, fused limbs, duplicated hands, duplicated feet, twisted joints, dislocated shoulders, broken spine, impossible balance, contradictory weight distribution",Pose/Standing/Hands Behind Back,1,False
0114 | Pose/Standing/Hands Behind Back/Hands Behind Back — right foot ahead — pelvis shifted slightly left,"right foot ahead, both hands clasped behind the lower back; pelvis shifted slightly left, shoulders counterbalanced; clear joint alignment; distinct limb separation","hands visible in front, arms overhead, hands on hips, seated posture, lying posture, different pose, altered limb placement, extra limbs, missing limbs, fused limbs, duplicated hands, duplicated feet, twisted joints, dislocated shoulders, broken spine, impossible balance, contradictory weight distribution",Pose/Standing/Hands Behind Back,1,False
0115 | Pose/Standing/Hands Behind Back/Hands Behind Back — right foot ahead — pelvis shifted slightly right,"right foot ahead, both hands clasped behind the lower back; pelvis shifted slightly right, shoulders counterbalanced; clear joint alignment; distinct limb separation","hands visible in front, arms overhead, hands on hips, seated posture, lying posture, different pose, altered limb placement, extra limbs, missing limbs, fused limbs, duplicated hands, duplicated feet, twisted joints, dislocated shoulders, broken spine, impossible balance, contradictory weight distribution",Pose/Standing/Hands Behind Back,1,False
0116 | Pose/Standing/Hands Behind Back/Hands Behind Back — right foot ahead — spine long and vertical,"right foot ahead, both hands clasped behind the lower back; spine long and vertical, abdominal wall neutral; clear joint alignment; distinct limb separation","hands visible in front, arms overhead, hands on hips, seated posture, lying posture, different pose, altered limb placement, extra limbs, missing limbs, fused limbs, duplicated hands, duplicated feet, twisted joints, dislocated shoulders, broken spine, impossible balance, contradictory weight distribution",Pose/Standing/Hands Behind Back,1,False
0117 | Pose/Standing/Hands Behind Back/Hands Behind Back — right foot ahead — upper back gently rounded,"right foot ahead, both hands clasped behind the lower back; upper back gently rounded, pelvis stable; clear joint alignment; distinct limb separation","hands visible in front, arms overhead, hands on hips, seated posture, lying posture, different pose, altered limb placement, extra limbs, missing limbs, fused limbs, duplicated hands, duplicated feet, twisted joints, dislocated shoulders, broken spine, impossible balance, contradictory weight distribution",Pose/Standing/Hands Behind Back,1,False
0118 | Pose/Standing/Hands Behind Back/Hands Behind Back — right foot ahead — upper back gently extended,"right foot ahead, both hands clasped behind the lower back; upper back gently extended, pelvis stable; clear joint alignment; distinct limb separation","hands visible in front, arms overhead, hands on hips, seated posture, lying posture, different pose, altered limb placement, extra limbs, missing limbs, fused limbs, duplicated hands, duplicated feet, twisted joints, dislocated shoulders, broken spine, impossible balance, contradictory weight distribution",Pose/Standing/Hands Behind Back,1,False
0119 | Pose/Standing/Hands Behind Back/Hands Behind Back — right foot ahead — chin angled toward the left collarbone,"right foot ahead, both hands clasped behind the lower back; chin angled toward the left collarbone; clear joint alignment; distinct limb separation","hands visible in front, arms overhead, hands on hips, seated posture, lying posture, different pose, altered limb placement, extra limbs, missing limbs, fused limbs, duplicated hands, duplicated feet, twisted joints, dislocated shoulders, broken spine, impossible balance, contradictory weight distribution",Pose/Standing/Hands Behind Back,1,False
0120 | Pose/Standing/Hands Behind Back/Hands Behind Back — right foot ahead — chin angled toward the right collarbone,"right foot ahead, both hands clasped behind the lower back; chin angled toward the right collarbone; clear joint alignment; distinct limb separation","hands visible in front, arms overhead, hands on hips, seated posture, lying posture, different pose, altered limb placement, extra limbs, missing limbs, fused limbs, duplicated hands, duplicated feet, twisted joints, dislocated shoulders, broken spine, impossible balance, contradictory weight distribution",Pose/Standing/Hands Behind Back,1,False
0121 | Pose/Standing/Hands Behind Back/Hands Behind Back — weight mainly on the left leg — head level,"weight mainly on the left leg, both hands resting behind the pelvis; head level, chin neutral, shoulders level; clear joint alignment; distinct limb separation","hands visible in front, arms overhead, hands on hips, seated posture, lying posture, different pose, altered limb placement, extra limbs, missing limbs, fused limbs, duplicated hands, duplicated feet, twisted joints, dislocated shoulders, broken spine, impossible balance, contradictory weight distribution",Pose/Standing/Hands Behind Back,1,False
0122 | Pose/Standing/Hands Behind Back/Hands Behind Back — weight mainly on the left leg — chin slightly lowered,"weight mainly on the left leg, both hands resting behind the pelvis; chin slightly lowered, neck lengthened, shoulders level; clear joint alignment; distinct limb separation","hands visible in front, arms overhead, hands on hips, seated posture, lying posture, different pose, altered limb placement, extra limbs, missing limbs, fused limbs, duplicated hands, duplicated feet, twisted joints, dislocated shoulders, broken spine, impossible balance, contradictory weight distribution",Pose/Standing/Hands Behind Back,1,False
0123 | Pose/Standing/Hands Behind Back/Hands Behind Back — weight mainly on the left leg — chin slightly raised,"weight mainly on the left leg, both hands resting behind the pelvis; chin slightly raised, neck lengthened, shoulders level; clear joint alignment; distinct limb separation","hands visible in front, arms overhead, hands on hips, seated posture, lying posture, different pose, altered limb placement, extra limbs, missing limbs, fused limbs, duplicated hands, duplicated feet, twisted joints, dislocated shoulders, broken spine, impossible balance, contradictory weight distribution",Pose/Standing/Hands Behind Back,1,False
0124 | Pose/Standing/Hands Behind Back/Hands Behind Back — weight mainly on the left leg — head tilted slightly left,"weight mainly on the left leg, both hands resting behind the pelvis; head tilted slightly left, shoulders level; clear joint alignment; distinct limb separation","hands visible in front, arms overhead, hands on hips, seated posture, lying posture, different pose, altered limb placement, extra limbs, missing limbs, fused limbs, duplicated hands, duplicated feet, twisted joints, dislocated shoulders, broken spine, impossible balance, contradictory weight distribution",Pose/Standing/Hands Behind Back,1,False
0125 | Pose/Standing/Hands Behind Back/Hands Behind Back — weight mainly on the left leg — head tilted slightly right,"weight mainly on the left leg, both hands resting behind the pelvis; head tilted slightly right, shoulders level; clear joint alignment; distinct limb separation","hands visible in front, arms overhead, hands on hips, seated posture, lying posture, different pose, altered limb placement, extra limbs, missing limbs, fused limbs, duplicated hands, duplicated feet, twisted joints, dislocated shoulders, broken spine, impossible balance, contradictory weight distribution",Pose/Standing/Hands Behind Back,1,False
0126 | Pose/Standing/Hands Behind Back/Hands Behind Back — weight mainly on the left leg — head rotated slightly left,"weight mainly on the left leg, both hands resting behind the pelvis; head rotated slightly left, ribcage facing forward; clear joint alignment; distinct limb separation","hands visible in front, arms overhead, hands on hips, seated posture, lying posture, different pose, altered limb placement, extra limbs, missing limbs, fused limbs, duplicated hands, duplicated feet, twisted joints, dislocated shoulders, broken spine, impossible balance, contradictory weight distribution",Pose/Standing/Hands Behind Back,1,False
0127 | Pose/Standing/Hands Behind Back/Hands Behind Back — weight mainly on the left leg — head rotated slightly right,"weight mainly on the left leg, both hands resting behind the pelvis; head rotated slightly right, ribcage facing forward; clear joint alignment; distinct limb separation","hands visible in front, arms overhead, hands on hips, seated posture, lying posture, different pose, altered limb placement, extra limbs, missing limbs, fused limbs, duplicated hands, duplicated feet, twisted joints, dislocated shoulders, broken spine, impossible balance, contradictory weight distribution",Pose/Standing/Hands Behind Back,1,False
0128 | Pose/Standing/Hands Behind Back/Hands Behind Back — weight mainly on the left leg — left shoulder slightly higher than the right,"weight mainly on the left leg, both hands resting behind the pelvis; left shoulder slightly higher than the right; clear joint alignment; distinct limb separation","hands visible in front, arms overhead, hands on hips, seated posture, lying posture, different pose, altered limb placement, extra limbs, missing limbs, fused limbs, duplicated hands, duplicated feet, twisted joints, dislocated shoulders, broken spine, impossible balance, contradictory weight distribution",Pose/Standing/Hands Behind Back,1,False
0129 | Pose/Standing/Hands Behind Back/Hands Behind Back — weight mainly on the left leg — right shoulder slightly higher than the left,"weight mainly on the left leg, both hands resting behind the pelvis; right shoulder slightly higher than the left; clear joint alignment; distinct limb separation","hands visible in front, arms overhead, hands on hips, seated posture, lying posture, different pose, altered limb placement, extra limbs, missing limbs, fused limbs, duplicated hands, duplicated feet, twisted joints, dislocated shoulders, broken spine, impossible balance, contradictory weight distribution",Pose/Standing/Hands Behind Back,1,False
0130 | Pose/Standing/Hands Behind Back/Hands Behind Back — weight mainly on the left leg — shoulders gently drawn back,"weight mainly on the left leg, both hands resting behind the pelvis; shoulders gently drawn back, chest neutral; clear joint alignment; distinct limb separation","hands visible in front, arms overhead, hands on hips, seated posture, lying posture, different pose, altered limb placement, extra limbs, missing limbs, fused limbs, duplicated hands, duplicated feet, twisted joints, dislocated shoulders, broken spine, impossible balance, contradictory weight distribution",Pose/Standing/Hands Behind Back,1,False
0131 | Pose/Standing/Hands Behind Back/Hands Behind Back — weight mainly on the left leg — shoulders relaxed and lowered,"weight mainly on the left leg, both hands resting behind the pelvis; shoulders relaxed and lowered, chest neutral; clear joint alignment; distinct limb separation","hands visible in front, arms overhead, hands on hips, seated posture, lying posture, different pose, altered limb placement, extra limbs, missing limbs, fused limbs, duplicated hands, duplicated feet, twisted joints, dislocated shoulders, broken spine, impossible balance, contradictory weight distribution",Pose/Standing/Hands Behind Back,1,False
0132 | Pose/Standing/Hands Behind Back/Hands Behind Back — weight mainly on the left leg — ribcage rotated slightly left,"weight mainly on the left leg, both hands resting behind the pelvis; ribcage rotated slightly left, pelvis stable; clear joint alignment; distinct limb separation","hands visible in front, arms overhead, hands on hips, seated posture, lying posture, different pose, altered limb placement, extra limbs, missing limbs, fused limbs, duplicated hands, duplicated feet, twisted joints, dislocated shoulders, broken spine, impossible balance, contradictory weight distribution",Pose/Standing/Hands Behind Back,1,False
0133 | Pose/Standing/Hands Behind Back/Hands Behind Back — weight mainly on the left leg — ribcage rotated slightly right,"weight mainly on the left leg, both hands resting behind the pelvis; ribcage rotated slightly right, pelvis stable; clear joint alignment; distinct limb separation","hands visible in front, arms overhead, hands on hips, seated posture, lying posture, different pose, altered limb placement, extra limbs, missing limbs, fused limbs, duplicated hands, duplicated feet, twisted joints, dislocated shoulders, broken spine, impossible balance, contradictory weight distribution",Pose/Standing/Hands Behind Back,1,False
0134 | Pose/Standing/Hands Behind Back/Hands Behind Back — weight mainly on the left leg — pelvis shifted slightly left,"weight mainly on the left leg, both hands resting behind the pelvis; pelvis shifted slightly left, shoulders counterbalanced; clear joint alignment; distinct limb separation","hands visible in front, arms overhead, hands on hips, seated posture, lying posture, different pose, altered limb placement, extra limbs, missing limbs, fused limbs, duplicated hands, duplicated feet, twisted joints, dislocated shoulders, broken spine, impossible balance, contradictory weight distribution",Pose/Standing/Hands Behind Back,1,False
0135 | Pose/Standing/Hands Behind Back/Hands Behind Back — weight mainly on the left leg — pelvis shifted slightly right,"weight mainly on the left leg, both hands resting behind the pelvis; pelvis shifted slightly right, shoulders counterbalanced; clear joint alignment; distinct limb separation","hands visible in front, arms overhead, hands on hips, seated posture, lying posture, different pose, altered limb placement, extra limbs, missing limbs, fused limbs, duplicated hands, duplicated feet, twisted joints, dislocated shoulders, broken spine, impossible balance, contradictory weight distribution",Pose/Standing/Hands Behind Back,1,False
0136 | Pose/Standing/Hands Behind Back/Hands Behind Back — weight mainly on the left leg — spine long and vertical,"weight mainly on the left leg, both hands resting behind the pelvis; spine long and vertical, abdominal wall neutral; clear joint alignment; distinct limb separation","hands visible in front, arms overhead, hands on hips, seated posture, lying posture, different pose, altered limb placement, extra limbs, missing limbs, fused limbs, duplicated hands, duplicated feet, twisted joints, dislocated shoulders, broken spine, impossible balance, contradictory weight distribution",Pose/Standing/Hands Behind Back,1,False
0137 | Pose/Standing/Hands Behind Back/Hands Behind Back — weight mainly on the left leg — upper back gently rounded,"weight mainly on the left leg, both hands resting behind the pelvis; upper back gently rounded, pelvis stable; clear joint alignment; distinct limb separation","hands visible in front, arms overhead, hands on hips, seated posture, lying posture, different pose, altered limb placement, extra limbs, missing limbs, fused limbs, duplicated hands, duplicated feet, twisted joints, dislocated shoulders, broken spine, impossible balance, contradictory weight distribution",Pose/Standing/Hands Behind Back,1,False
0138 | Pose/Standing/Hands Behind Back/Hands Behind Back — weight mainly on the left leg — upper back gently extended,"weight mainly on the left leg, both hands resting behind the pelvis; upper back gently extended, pelvis stable; clear joint alignment; distinct limb separation","hands visible in front, arms overhead, hands on hips, seated posture, lying posture, different pose, altered limb placement, extra limbs, missing limbs, fused limbs, duplicated hands, duplicated feet, twisted joints, dislocated shoulders, broken spine, impossible balance, contradictory weight distribution",Pose/Standing/Hands Behind Back,1,False
0139 | Pose/Standing/Hands Behind Back/Hands Behind Back — weight mainly on the left leg — chin angled toward the left collarbone,"weight mainly on the left leg, both hands resting behind the pelvis; chin angled toward the left collarbone; clear joint alignment; distinct limb separation","hands visible in front, arms overhead, hands on hips, seated posture, lying posture, different pose, altered limb placement, extra limbs, missing limbs, fused limbs, duplicated hands, duplicated feet, twisted joints, dislocated shoulders, broken spine, impossible balance, contradictory weight distribution",Pose/Standing/Hands Behind Back,1,False
0140 | Pose/Standing/Hands Behind Back/Hands Behind Back — weight mainly on the left leg — chin angled toward the right collarbone,"weight mainly on the left leg, both hands resting behind the pelvis; chin angled toward the right collarbone; clear joint alignment; distinct limb separation","hands visible in front, arms overhead, hands on hips, seated posture, lying posture, different pose, altered limb placement, extra limbs, missing limbs, fused limbs, duplicated hands, duplicated feet, twisted joints, dislocated shoulders, broken spine, impossible balance, contradictory weight distribution",Pose/Standing/Hands Behind Back,1,False
0141 | Pose/Standing/Hands Behind Back/Hands Behind Back — weight mainly on the right leg — head level,"weight mainly on the right leg, both hands resting behind the pelvis; head level, chin neutral, shoulders level; clear joint alignment; distinct limb separation","hands visible in front, arms overhead, hands on hips, seated posture, lying posture, different pose, altered limb placement, extra limbs, missing limbs, fused limbs, duplicated hands, duplicated feet, twisted joints, dislocated shoulders, broken spine, impossible balance, contradictory weight distribution",Pose/Standing/Hands Behind Back,1,False
0142 | Pose/Standing/Hands Behind Back/Hands Behind Back — weight mainly on the right leg — chin slightly lowered,"weight mainly on the right leg, both hands resting behind the pelvis; chin slightly lowered, neck lengthened, shoulders level; clear joint alignment; distinct limb separation","hands visible in front, arms overhead, hands on hips, seated posture, lying posture, different pose, altered limb placement, extra limbs, missing limbs, fused limbs, duplicated hands, duplicated feet, twisted joints, dislocated shoulders, broken spine, impossible balance, contradictory weight distribution",Pose/Standing/Hands Behind Back,1,False
0143 | Pose/Standing/Hands Behind Back/Hands Behind Back — weight mainly on the right leg — chin slightly raised,"weight mainly on the right leg, both hands resting behind the pelvis; chin slightly raised, neck lengthened, shoulders level; clear joint alignment; distinct limb separation","hands visible in front, arms overhead, hands on hips, seated posture, lying posture, different pose, altered limb placement, extra limbs, missing limbs, fused limbs, duplicated hands, duplicated feet, twisted joints, dislocated shoulders, broken spine, impossible balance, contradictory weight distribution",Pose/Standing/Hands Behind Back,1,False
0144 | Pose/Standing/Hands Behind Back/Hands Behind Back — weight mainly on the right leg — head tilted slightly left,"weight mainly on the right leg, both hands resting behind the pelvis; head tilted slightly left, shoulders level; clear joint alignment; distinct limb separation","hands visible in front, arms overhead, hands on hips, seated posture, lying posture, different pose, altered limb placement, extra limbs, missing limbs, fused limbs, duplicated hands, duplicated feet, twisted joints, dislocated shoulders, broken spine, impossible balance, contradictory weight distribution",Pose/Standing/Hands Behind Back,1,False
0145 | Pose/Standing/Hands Behind Back/Hands Behind Back — weight mainly on the right leg — head tilted slightly right,"weight mainly on the right leg, both hands resting behind the pelvis; head tilted slightly right, shoulders level; clear joint alignment; distinct limb separation","hands visible in front, arms overhead, hands on hips, seated posture, lying posture, different pose, altered limb placement, extra limbs, missing limbs, fused limbs, duplicated hands, duplicated feet, twisted joints, dislocated shoulders, broken spine, impossible balance, contradictory weight distribution",Pose/Standing/Hands Behind Back,1,False
0146 | Pose/Standing/Hands Behind Back/Hands Behind Back — weight mainly on the right leg — head rotated slightly left,"weight mainly on the right leg, both hands resting behind the pelvis; head rotated slightly left, ribcage facing forward; clear joint alignment; distinct limb separation","hands visible in front, arms overhead, hands on hips, seated posture, lying posture, different pose, altered limb placement, extra limbs, missing limbs, fused limbs, duplicated hands, duplicated feet, twisted joints, dislocated shoulders, broken spine, impossible balance, contradictory weight distribution",Pose/Standing/Hands Behind Back,1,False
0147 | Pose/Standing/Hands Behind Back/Hands Behind Back — weight mainly on the right leg — head rotated slightly right,"weight mainly on the right leg, both hands resting behind the pelvis; head rotated slightly right, ribcage facing forward; clear joint alignment; distinct limb separation","hands visible in front, arms overhead, hands on hips, seated posture, lying posture, different pose, altered limb placement, extra limbs, missing limbs, fused limbs, duplicated hands, duplicated feet, twisted joints, dislocated shoulders, broken spine, impossible balance, contradictory weight distribution",Pose/Standing/Hands Behind Back,1,False
0148 | Pose/Standing/Hands Behind Back/Hands Behind Back — weight mainly on the right leg — left shoulder slightly higher than the right,"weight mainly on the right leg, both hands resting behind the pelvis; left shoulder slightly higher than the right; clear joint alignment; distinct limb separation","hands visible in front, arms overhead, hands on hips, seated posture, lying posture, different pose, altered limb placement, extra limbs, missing limbs, fused limbs, duplicated hands, duplicated feet, twisted joints, dislocated shoulders, broken spine, impossible balance, contradictory weight distribution",Pose/Standing/Hands Behind Back,1,False
0149 | Pose/Standing/Hands Behind Back/Hands Behind Back — weight mainly on the right leg — right shoulder slightly higher than the left,"weight mainly on the right leg, both hands resting behind the pelvis; right shoulder slightly higher than the left; clear joint alignment; distinct limb separation","hands visible in front, arms overhead, hands on hips, seated posture, lying posture, different pose, altered limb placement, extra limbs, missing limbs, fused limbs, duplicated hands, duplicated feet, twisted joints, dislocated shoulders, broken spine, impossible balance, contradictory weight distribution",Pose/Standing/Hands Behind Back,1,False
0150 | Pose/Standing/Hands Behind Back/Hands Behind Back — weight mainly on the right leg — shoulders gently drawn back,"weight mainly on the right leg, both hands resting behind the pelvis; shoulders gently drawn back, chest neutral; clear joint alignment; distinct limb separation","hands visible in front, arms overhead, hands on hips, seated posture, lying posture, different pose, altered limb placement, extra limbs, missing limbs, fused limbs, duplicated hands, duplicated feet, twisted joints, dislocated shoulders, broken spine, impossible balance, contradictory weight distribution",Pose/Standing/Hands Behind Back,1,False
0151 | Pose/Standing/Hands Behind Back/Hands Behind Back — weight mainly on the right leg — shoulders relaxed and lowered,"weight mainly on the right leg, both hands resting behind the pelvis; shoulders relaxed and lowered, chest neutral; clear joint alignment; distinct limb separation","hands visible in front, arms overhead, hands on hips, seated posture, lying posture, different pose, altered limb placement, extra limbs, missing limbs, fused limbs, duplicated hands, duplicated feet, twisted joints, dislocated shoulders, broken spine, impossible balance, contradictory weight distribution",Pose/Standing/Hands Behind Back,1,False
0152 | Pose/Standing/Hands Behind Back/Hands Behind Back — weight mainly on the right leg — ribcage rotated slightly left,"weight mainly on the right leg, both hands resting behind the pelvis; ribcage rotated slightly left, pelvis stable; clear joint alignment; distinct limb separation","hands visible in front, arms overhead, hands on hips, seated posture, lying posture, different pose, altered limb placement, extra limbs, missing limbs, fused limbs, duplicated hands, duplicated feet, twisted joints, dislocated shoulders, broken spine, impossible balance, contradictory weight distribution",Pose/Standing/Hands Behind Back,1,False
0153 | Pose/Standing/Hands Behind Back/Hands Behind Back — weight mainly on the right leg — ribcage rotated slightly right,"weight mainly on the right leg, both hands resting behind the pelvis; ribcage rotated slightly right, pelvis stable; clear joint alignment; distinct limb separation","hands visible in front, arms overhead, hands on hips, seated posture, lying posture, different pose, altered limb placement, extra limbs, missing limbs, fused limbs, duplicated hands, duplicated feet, twisted joints, dislocated shoulders, broken spine, impossible balance, contradictory weight distribution",Pose/Standing/Hands Behind Back,1,False
0154 | Pose/Standing/Hands Behind Back/Hands Behind Back — weight mainly on the right leg — pelvis shifted slightly left,"weight mainly on the right leg, both hands resting behind the pelvis; pelvis shifted slightly left, shoulders counterbalanced; clear joint alignment; distinct limb separation","hands visible in front, arms overhead, hands on hips, seated posture, lying posture, different pose, altered limb placement, extra limbs, missing limbs, fused limbs, duplicated hands, duplicated feet, twisted joints, dislocated shoulders, broken spine, impossible balance, contradictory weight distribution",Pose/Standing/Hands Behind Back,1,False
0155 | Pose/Standing/Hands Behind Back/Hands Behind Back — weight mainly on the right leg — pelvis shifted slightly right,"weight mainly on the right leg, both hands resting behind the pelvis; pelvis shifted slightly right, shoulders counterbalanced; clear joint alignment; distinct limb separation","hands visible in front, arms overhead, hands on hips, seated posture, lying posture, different pose, altered limb placement, extra limbs, missing limbs, fused limbs, duplicated hands, duplicated feet, twisted joints, dislocated shoulders, broken spine, impossible balance, contradictory weight distribution",Pose/Standing/Hands Behind Back,1,False
0156 | Pose/Standing/Hands Behind Back/Hands Behind Back — weight mainly on the right leg — spine long and vertical,"weight mainly on the right leg, both hands resting behind the pelvis; spine long and vertical, abdominal wall neutral; clear joint alignment; distinct limb separation","hands visible in front, arms overhead, hands on hips, seated posture, lying posture, different pose, altered limb placement, extra limbs, missing limbs, fused limbs, duplicated hands, duplicated feet, twisted joints, dislocated shoulders, broken spine, impossible balance, contradictory weight distribution",Pose/Standing/Hands Behind Back,1,False
0157 | Pose/Standing/Hands Behind Back/Hands Behind Back — weight mainly on the right leg — upper back gently rounded,"weight mainly on the right leg, both hands resting behind the pelvis; upper back gently rounded, pelvis stable; clear joint alignment; distinct limb separation","hands visible in front, arms overhead, hands on hips, seated posture, lying posture, different pose, altered limb placement, extra limbs, missing limbs, fused limbs, duplicated hands, duplicated feet, twisted joints, dislocated shoulders, broken spine, impossible balance, contradictory weight distribution",Pose/Standing/Hands Behind Back,1,False
0158 | Pose/Standing/Hands Behind Back/Hands Behind Back — weight mainly on the right leg — upper back gently extended,"weight mainly on the right leg, both hands resting behind the pelvis; upper back gently extended, pelvis stable; clear joint alignment; distinct limb separation","hands visible in front, arms overhead, hands on hips, seated posture, lying posture, different pose, altered limb placement, extra limbs, missing limbs, fused limbs, duplicated hands, duplicated feet, twisted joints, dislocated shoulders, broken spine, impossible balance, contradictory weight distribution",Pose/Standing/Hands Behind Back,1,False
0159 | Pose/Standing/Hands Behind Back/Hands Behind Back — weight mainly on the right leg — chin angled toward the left collarbone,"weight mainly on the right leg, both hands resting behind the pelvis; chin angled toward the left collarbone; clear joint alignment; distinct limb separation","hands visible in front, arms overhead, hands on hips, seated posture, lying posture, different pose, altered limb placement, extra limbs, missing limbs, fused limbs, duplicated hands, duplicated feet, twisted joints, dislocated shoulders, broken spine, impossible balance, contradictory weight distribution",Pose/Standing/Hands Behind Back,1,False
0160 | Pose/Standing/Hands Behind Back/Hands Behind Back — weight mainly on the right leg — chin angled toward the right collarbone,"weight mainly on the right leg, both hands resting behind the pelvis; chin angled toward the right collarbone; clear joint alignment; distinct limb separation","hands visible in front, arms overhead, hands on hips, seated posture, lying posture, different pose, altered limb placement, extra limbs, missing limbs, fused limbs, duplicated hands, duplicated feet, twisted joints, dislocated shoulders, broken spine, impossible balance, contradictory weight distribution",Pose/Standing/Hands Behind Back,1,False
0161 | Pose/Standing/Hands Behind Back/Hands Behind Back — feet wide — head level,"feet wide, forearms crossed behind the lower back; head level, chin neutral, shoulders level; clear joint alignment; distinct limb separation","hands visible in front, arms overhead, hands on hips, seated posture, lying posture, different pose, altered limb placement, extra limbs, missing limbs, fused limbs, duplicated hands, duplicated feet, twisted joints, dislocated shoulders, broken spine, impossible balance, contradictory weight distribution",Pose/Standing/Hands Behind Back,1,False
0162 | Pose/Standing/Hands Behind Back/Hands Behind Back — feet wide — chin slightly lowered,"feet wide, forearms crossed behind the lower back; chin slightly lowered, neck lengthened, shoulders level; clear joint alignment; distinct limb separation","hands visible in front, arms overhead, hands on hips, seated posture, lying posture, different pose, altered limb placement, extra limbs, missing limbs, fused limbs, duplicated hands, duplicated feet, twisted joints, dislocated shoulders, broken spine, impossible balance, contradictory weight distribution",Pose/Standing/Hands Behind Back,1,False
0163 | Pose/Standing/Hands Behind Back/Hands Behind Back — feet wide — chin slightly raised,"feet wide, forearms crossed behind the lower back; chin slightly raised, neck lengthened, shoulders level; clear joint alignment; distinct limb separation","hands visible in front, arms overhead, hands on hips, seated posture, lying posture, different pose, altered limb placement, extra limbs, missing limbs, fused limbs, duplicated hands, duplicated feet, twisted joints, dislocated shoulders, broken spine, impossible balance, contradictory weight distribution",Pose/Standing/Hands Behind Back,1,False
0164 | Pose/Standing/Hands Behind Back/Hands Behind Back — feet wide — head tilted slightly left,"feet wide, forearms crossed behind the lower back; head tilted slightly left, shoulders level; clear joint alignment; distinct limb separation","hands visible in front, arms overhead, hands on hips, seated posture, lying posture, different pose, altered limb placement, extra limbs, missing limbs, fused limbs, duplicated hands, duplicated feet, twisted joints, dislocated shoulders, broken spine, impossible balance, contradictory weight distribution",Pose/Standing/Hands Behind Back,1,False
0165 | Pose/Standing/Hands Behind Back/Hands Behind Back — feet wide — head tilted slightly right,"feet wide, forearms crossed behind the lower back; head tilted slightly right, shoulders level; clear joint alignment; distinct limb separation","hands visible in front, arms overhead, hands on hips, seated posture, lying posture, different pose, altered limb placement, extra limbs, missing limbs, fused limbs, duplicated hands, duplicated feet, twisted joints, dislocated shoulders, broken spine, impossible balance, contradictory weight distribution",Pose/Standing/Hands Behind Back,1,False
0166 | Pose/Standing/Hands Behind Back/Hands Behind Back — feet wide — head rotated slightly left,"feet wide, forearms crossed behind the lower back; head rotated slightly left, ribcage facing forward; clear joint alignment; distinct limb separation","hands visible in front, arms overhead, hands on hips, seated posture, lying posture, different pose, altered limb placement, extra limbs, missing limbs, fused limbs, duplicated hands, duplicated feet, twisted joints, dislocated shoulders, broken spine, impossible balance, contradictory weight distribution",Pose/Standing/Hands Behind Back,1,False
0167 | Pose/Standing/Hands Behind Back/Hands Behind Back — feet wide — head rotated slightly right,"feet wide, forearms crossed behind the lower back; head rotated slightly right, ribcage facing forward; clear joint alignment; distinct limb separation","hands visible in front, arms overhead, hands on hips, seated posture, lying posture, different pose, altered limb placement, extra limbs, missing limbs, fused limbs, duplicated hands, duplicated feet, twisted joints, dislocated shoulders, broken spine, impossible balance, contradictory weight distribution",Pose/Standing/Hands Behind Back,1,False
0168 | Pose/Standing/Hands Behind Back/Hands Behind Back — feet wide — left shoulder slightly higher than the right,"feet wide, forearms crossed behind the lower back; left shoulder slightly higher than the right; clear joint alignment; distinct limb separation","hands visible in front, arms overhead, hands on hips, seated posture, lying posture, different pose, altered limb placement, extra limbs, missing limbs, fused limbs, duplicated hands, duplicated feet, twisted joints, dislocated shoulders, broken spine, impossible balance, contradictory weight distribution",Pose/Standing/Hands Behind Back,1,False
0169 | Pose/Standing/Hands Behind Back/Hands Behind Back — feet wide — right shoulder slightly higher than the left,"feet wide, forearms crossed behind the lower back; right shoulder slightly higher than the left; clear joint alignment; distinct limb separation","hands visible in front, arms overhead, hands on hips, seated posture, lying posture, different pose, altered limb placement, extra limbs, missing limbs, fused limbs, duplicated hands, duplicated feet, twisted joints, dislocated shoulders, broken spine, impossible balance, contradictory weight distribution",Pose/Standing/Hands Behind Back,1,False
0170 | Pose/Standing/Hands Behind Back/Hands Behind Back — feet wide — shoulders gently drawn back,"feet wide, forearms crossed behind the lower back; shoulders gently drawn back, chest neutral; clear joint alignment; distinct limb separation","hands visible in front, arms overhead, hands on hips, seated posture, lying posture, different pose, altered limb placement, extra limbs, missing limbs, fused limbs, duplicated hands, duplicated feet, twisted joints, dislocated shoulders, broken spine, impossible balance, contradictory weight distribution",Pose/Standing/Hands Behind Back,1,False
0171 | Pose/Standing/Hands Behind Back/Hands Behind Back — feet wide — shoulders relaxed and lowered,"feet wide, forearms crossed behind the lower back; shoulders relaxed and lowered, chest neutral; clear joint alignment; distinct limb separation","hands visible in front, arms overhead, hands on hips, seated posture, lying posture, different pose, altered limb placement, extra limbs, missing limbs, fused limbs, duplicated hands, duplicated feet, twisted joints, dislocated shoulders, broken spine, impossible balance, contradictory weight distribution",Pose/Standing/Hands Behind Back,1,False
0172 | Pose/Standing/Hands Behind Back/Hands Behind Back — feet wide — ribcage rotated slightly left,"feet wide, forearms crossed behind the lower back; ribcage rotated slightly left, pelvis stable; clear joint alignment; distinct limb separation","hands visible in front, arms overhead, hands on hips, seated posture, lying posture, different pose, altered limb placement, extra limbs, missing limbs, fused limbs, duplicated hands, duplicated feet, twisted joints, dislocated shoulders, broken spine, impossible balance, contradictory weight distribution",Pose/Standing/Hands Behind Back,1,False
0173 | Pose/Standing/Hands Behind Back/Hands Behind Back — feet wide — ribcage rotated slightly right,"feet wide, forearms crossed behind the lower back; ribcage rotated slightly right, pelvis stable; clear joint alignment; distinct limb separation","hands visible in front, arms overhead, hands on hips, seated posture, lying posture, different pose, altered limb placement, extra limbs, missing limbs, fused limbs, duplicated hands, duplicated feet, twisted joints, dislocated shoulders, broken spine, impossible balance, contradictory weight distribution",Pose/Standing/Hands Behind Back,1,False
0174 | Pose/Standing/Hands Behind Back/Hands Behind Back — feet wide — pelvis shifted slightly left,"feet wide, forearms crossed behind the lower back; pelvis shifted slightly left, shoulders counterbalanced; clear joint alignment; distinct limb separation","hands visible in front, arms overhead, hands on hips, seated posture, lying posture, different pose, altered limb placement, extra limbs, missing limbs, fused limbs, duplicated hands, duplicated feet, twisted joints, dislocated shoulders, broken spine, impossible balance, contradictory weight distribution",Pose/Standing/Hands Behind Back,1,False
0175 | Pose/Standing/Hands Behind Back/Hands Behind Back — feet wide — pelvis shifted slightly right,"feet wide, forearms crossed behind the lower back; pelvis shifted slightly right, shoulders counterbalanced; clear joint alignment; distinct limb separation","hands visible in front, arms overhead, hands on hips, seated posture, lying posture, different pose, altered limb placement, extra limbs, missing limbs, fused limbs, duplicated hands, duplicated feet, twisted joints, dislocated shoulders, broken spine, impossible balance, contradictory weight distribution",Pose/Standing/Hands Behind Back,1,False
0176 | Pose/Standing/Hands Behind Back/Hands Behind Back — feet wide — spine long and vertical,"feet wide, forearms crossed behind the lower back; spine long and vertical, abdominal wall neutral; clear joint alignment; distinct limb separation","hands visible in front, arms overhead, hands on hips, seated posture, lying posture, different pose, altered limb placement, extra limbs, missing limbs, fused limbs, duplicated hands, duplicated feet, twisted joints, dislocated shoulders, broken spine, impossible balance, contradictory weight distribution",Pose/Standing/Hands Behind Back,1,False
0177 | Pose/Standing/Hands Behind Back/Hands Behind Back — feet wide — upper back gently rounded,"feet wide, forearms crossed behind the lower back; upper back gently rounded, pelvis stable; clear joint alignment; distinct limb separation","hands visible in front, arms overhead, hands on hips, seated posture, lying posture, different pose, altered limb placement, extra limbs, missing limbs, fused limbs, duplicated hands, duplicated feet, twisted joints, dislocated shoulders, broken spine, impossible balance, contradictory weight distribution",Pose/Standing/Hands Behind Back,1,False
0178 | Pose/Standing/Hands Behind Back/Hands Behind Back — feet wide — upper back gently extended,"feet wide, forearms crossed behind the lower back; upper back gently extended, pelvis stable; clear joint alignment; distinct limb separation","hands visible in front, arms overhead, hands on hips, seated posture, lying posture, different pose, altered limb placement, extra limbs, missing limbs, fused limbs, duplicated hands, duplicated feet, twisted joints, dislocated shoulders, broken spine, impossible balance, contradictory weight distribution",Pose/Standing/Hands Behind Back,1,False
0179 | Pose/Standing/Hands Behind Back/Hands Behind Back — feet wide — chin angled toward the left collarbone,"feet wide, forearms crossed behind the lower back; chin angled toward the left collarbone; clear joint alignment; distinct limb separation","hands visible in front, arms overhead, hands on hips, seated posture, lying posture, different pose, altered limb placement, extra limbs, missing limbs, fused limbs, duplicated hands, duplicated feet, twisted joints, dislocated shoulders, broken spine, impossible balance, contradictory weight distribution",Pose/Standing/Hands Behind Back,1,False
0180 | Pose/Standing/Hands Behind Back/Hands Behind Back — feet wide — chin angled toward the right collarbone,"feet wide, forearms crossed behind the lower back; chin angled toward the right collarbone; clear joint alignment; distinct limb separation","hands visible in front, arms overhead, hands on hips, seated posture, lying posture, different pose, altered limb placement, extra limbs, missing limbs, fused limbs, duplicated hands, duplicated feet, twisted joints, dislocated shoulders, broken spine, impossible balance, contradictory weight distribution",Pose/Standing/Hands Behind Back,1,False
0181 | Pose/Standing/Hands Behind Back/Hands Behind Back — feet narrow — head level,"feet narrow, fingers interlaced behind the lower back; head level, chin neutral, shoulders level; clear joint alignment; distinct limb separation","hands visible in front, arms overhead, hands on hips, seated posture, lying posture, different pose, altered limb placement, extra limbs, missing limbs, fused limbs, duplicated hands, duplicated feet, twisted joints, dislocated shoulders, broken spine, impossible balance, contradictory weight distribution",Pose/Standing/Hands Behind Back,1,False
0182 | Pose/Standing/Hands Behind Back/Hands Behind Back — feet narrow — chin slightly lowered,"feet narrow, fingers interlaced behind the lower back; chin slightly lowered, neck lengthened, shoulders level; clear joint alignment; distinct limb separation","hands visible in front, arms overhead, hands on hips, seated posture, lying posture, different pose, altered limb placement, extra limbs, missing limbs, fused limbs, duplicated hands, duplicated feet, twisted joints, dislocated shoulders, broken spine, impossible balance, contradictory weight distribution",Pose/Standing/Hands Behind Back,1,False
0183 | Pose/Standing/Hands Behind Back/Hands Behind Back — feet narrow — chin slightly raised,"feet narrow, fingers interlaced behind the lower back; chin slightly raised, neck lengthened, shoulders level; clear joint alignment; distinct limb separation","hands visible in front, arms overhead, hands on hips, seated posture, lying posture, different pose, altered limb placement, extra limbs, missing limbs, fused limbs, duplicated hands, duplicated feet, twisted joints, dislocated shoulders, broken spine, impossible balance, contradictory weight distribution",Pose/Standing/Hands Behind Back,1,False
0184 | Pose/Standing/Hands Behind Back/Hands Behind Back — feet narrow — head tilted slightly left,"feet narrow, fingers interlaced behind the lower back; head tilted slightly left, shoulders level; clear joint alignment; distinct limb separation","hands visible in front, arms overhead, hands on hips, seated posture, lying posture, different pose, altered limb placement, extra limbs, missing limbs, fused limbs, duplicated hands, duplicated feet, twisted joints, dislocated shoulders, broken spine, impossible balance, contradictory weight distribution",Pose/Standing/Hands Behind Back,1,False
0185 | Pose/Standing/Hands Behind Back/Hands Behind Back — feet narrow — head tilted slightly right,"feet narrow, fingers interlaced behind the lower back; head tilted slightly right, shoulders level; clear joint alignment; distinct limb separation","hands visible in front, arms overhead, hands on hips, seated posture, lying posture, different pose, altered limb placement, extra limbs, missing limbs, fused limbs, duplicated hands, duplicated feet, twisted joints, dislocated shoulders, broken spine, impossible balance, contradictory weight distribution",Pose/Standing/Hands Behind Back,1,False
0186 | Pose/Standing/Hands Behind Back/Hands Behind Back — feet narrow — head rotated slightly left,"feet narrow, fingers interlaced behind the lower back; head rotated slightly left, ribcage facing forward; clear joint alignment; distinct limb separation","hands visible in front, arms overhead, hands on hips, seated posture, lying posture, different pose, altered limb placement, extra limbs, missing limbs, fused limbs, duplicated hands, duplicated feet, twisted joints, dislocated shoulders, broken spine, impossible balance, contradictory weight distribution",Pose/Standing/Hands Behind Back,1,False
0187 | Pose/Standing/Hands Behind Back/Hands Behind Back — feet narrow — head rotated slightly right,"feet narrow, fingers interlaced behind the lower back; head rotated slightly right, ribcage facing forward; clear joint alignment; distinct limb separation","hands visible in front, arms overhead, hands on hips, seated posture, lying posture, different pose, altered limb placement, extra limbs, missing limbs, fused limbs, duplicated hands, duplicated feet, twisted joints, dislocated shoulders, broken spine, impossible balance, contradictory weight distribution",Pose/Standing/Hands Behind Back,1,False
0188 | Pose/Standing/Hands Behind Back/Hands Behind Back — feet narrow — left shoulder slightly higher than the right,"feet narrow, fingers interlaced behind the lower back; left shoulder slightly higher than the right; clear joint alignment; distinct limb separation","hands visible in front, arms overhead, hands on hips, seated posture, lying posture, different pose, altered limb placement, extra limbs, missing limbs, fused limbs, duplicated hands, duplicated feet, twisted joints, dislocated shoulders, broken spine, impossible balance, contradictory weight distribution",Pose/Standing/Hands Behind Back,1,False
0189 | Pose/Standing/Hands Behind Back/Hands Behind Back — feet narrow — right shoulder slightly higher than the left,"feet narrow, fingers interlaced behind the lower back; right shoulder slightly higher than the left; clear joint alignment; distinct limb separation","hands visible in front, arms overhead, hands on hips, seated posture, lying posture, different pose, altered limb placement, extra limbs, missing limbs, fused limbs, duplicated hands, duplicated feet, twisted joints, dislocated shoulders, broken spine, impossible balance, contradictory weight distribution",Pose/Standing/Hands Behind Back,1,False
0190 | Pose/Standing/Hands Behind Back/Hands Behind Back — feet narrow — shoulders gently drawn back,"feet narrow, fingers interlaced behind the lower back; shoulders gently drawn back, chest neutral; clear joint alignment; distinct limb separation","hands visible in front, arms overhead, hands on hips, seated posture, lying posture, different pose, altered limb placement, extra limbs, missing limbs, fused limbs, duplicated hands, duplicated feet, twisted joints, dislocated shoulders, broken spine, impossible balance, contradictory weight distribution",Pose/Standing/Hands Behind Back,1,False
0191 | Pose/Standing/Hands Behind Back/Hands Behind Back — feet narrow — shoulders relaxed and lowered,"feet narrow, fingers interlaced behind the lower back; shoulders relaxed and lowered, chest neutral; clear joint alignment; distinct limb separation","hands visible in front, arms overhead, hands on hips, seated posture, lying posture, different pose, altered limb placement, extra limbs, missing limbs, fused limbs, duplicated hands, duplicated feet, twisted joints, dislocated shoulders, broken spine, impossible balance, contradictory weight distribution",Pose/Standing/Hands Behind Back,1,False
0192 | Pose/Standing/Hands Behind Back/Hands Behind Back — feet narrow — ribcage rotated slightly left,"feet narrow, fingers interlaced behind the lower back; ribcage rotated slightly left, pelvis stable; clear joint alignment; distinct limb separation","hands visible in front, arms overhead, hands on hips, seated posture, lying posture, different pose, altered limb placement, extra limbs, missing limbs, fused limbs, duplicated hands, duplicated feet, twisted joints, dislocated shoulders, broken spine, impossible balance, contradictory weight distribution",Pose/Standing/Hands Behind Back,1,False
0193 | Pose/Standing/Hands Behind Back/Hands Behind Back — feet narrow — ribcage rotated slightly right,"feet narrow, fingers interlaced behind the lower back; ribcage rotated slightly right, pelvis stable; clear joint alignment; distinct limb separation","hands visible in front, arms overhead, hands on hips, seated posture, lying posture, different pose, altered limb placement, extra limbs, missing limbs, fused limbs, duplicated hands, duplicated feet, twisted joints, dislocated shoulders, broken spine, impossible balance, contradictory weight distribution",Pose/Standing/Hands Behind Back,1,False
0194 | Pose/Standing/Hands Behind Back/Hands Behind Back — feet narrow — pelvis shifted slightly left,"feet narrow, fingers interlaced behind the lower back; pelvis shifted slightly left, shoulders counterbalanced; clear joint alignment; distinct limb separation","hands visible in front, arms overhead, hands on hips, seated posture, lying posture, different pose, altered limb placement, extra limbs, missing limbs, fused limbs, duplicated hands, duplicated feet, twisted joints, dislocated shoulders, broken spine, impossible balance, contradictory weight distribution",Pose/Standing/Hands Behind Back,1,False
0195 | Pose/Standing/Hands Behind Back/Hands Behind Back — feet narrow — pelvis shifted slightly right,"feet narrow, fingers interlaced behind the lower back; pelvis shifted slightly right, shoulders counterbalanced; clear joint alignment; distinct limb separation","hands visible in front, arms overhead, hands on hips, seated posture, lying posture, different pose, altered limb placement, extra limbs, missing limbs, fused limbs, duplicated hands, duplicated feet, twisted joints, dislocated shoulders, broken spine, impossible balance, contradictory weight distribution",Pose/Standing/Hands Behind Back,1,False
0196 | Pose/Standing/Hands Behind Back/Hands Behind Back — feet narrow — spine long and vertical,"feet narrow, fingers interlaced behind the lower back; spine long and vertical, abdominal wall neutral; clear joint alignment; distinct limb separation","hands visible in front, arms overhead, hands on hips, seated posture, lying posture, different pose, altered limb placement, extra limbs, missing limbs, fused limbs, duplicated hands, duplicated feet, twisted joints, dislocated shoulders, broken spine, impossible balance, contradictory weight distribution",Pose/Standing/Hands Behind Back,1,False
0197 | Pose/Standing/Hands Behind Back/Hands Behind Back — feet narrow — upper back gently rounded,"feet narrow, fingers interlaced behind the lower back; upper back gently rounded, pelvis stable; clear joint alignment; distinct limb separation","hands visible in front, arms overhead, hands on hips, seated posture, lying posture, different pose, altered limb placement, extra limbs, missing limbs, fused limbs, duplicated hands, duplicated feet, twisted joints, dislocated shoulders, broken spine, impossible balance, contradictory weight distribution",Pose/Standing/Hands Behind Back,1,False
0198 | Pose/Standing/Hands Behind Back/Hands Behind Back — feet narrow — upper back gently extended,"feet narrow, fingers interlaced behind the lower back; upper back gently extended, pelvis stable; clear joint alignment; distinct limb separation","hands visible in front, arms overhead, hands on hips, seated posture, lying posture, different pose, altered limb placement, extra limbs, missing limbs, fused limbs, duplicated hands, duplicated feet, twisted joints, dislocated shoulders, broken spine, impossible balance, contradictory weight distribution",Pose/Standing/Hands Behind Back,1,False
0199 | Pose/Standing/Hands Behind Back/Hands Behind Back — feet narrow — chin angled toward the left collarbone,"feet narrow, fingers interlaced behind the lower back; chin angled toward the left collarbone; clear joint alignment; distinct limb separation","hands visible in front, arms overhead, hands on hips, seated posture, lying posture, different pose, altered limb placement, extra limbs, missing limbs, fused limbs, duplicated hands, duplicated feet, twisted joints, dislocated shoulders, broken spine, impossible balance, contradictory weight distribution",Pose/Standing/Hands Behind Back,1,False
0200 | Pose/Standing/Hands Behind Back/Hands Behind Back — feet narrow — chin angled toward the right collarbone,"feet narrow, fingers interlaced behind the lower back; chin angled toward the right collarbone; clear joint alignment; distinct limb separation","hands visible in front, arms overhead, hands on hips, seated posture, lying posture, different pose, altered limb placement, extra limbs, missing limbs, fused limbs, duplicated hands, duplicated feet, twisted joints, dislocated shoulders, broken spine, impossible balance, contradictory weight distribution",Pose/Standing/Hands Behind Back,1,False
