name,prompt,negative_prompt,category,weight,favorite
"0001 | Perspective/Extreme Close-Up Detail/Extreme Close-Up Detail — three-quarter body framing, camera at chest height, 70mm short-telephoto perspective","camera tightly isolating one deliberate detail such as an eye, hand, fabric weave, jewellery, mechanical component or surface texture, surrounding context reduced but still coherent, camera at chest height, camera several metres from the subject, three-quarter body framing, 70mm short-telephoto perspective, rule-of-thirds placement, shallow depth of field with smooth background separation, clear camera-to-subject relationship, coherent spatial orientation","wide establishing shot, unrelated full scene, multiple competing focal points, unintentional cropping, ambiguous detail, contradictory camera angle, impossible perspective, duplicate subject, extra limbs, fused limbs, twisted anatomy, broken neck, malformed hands, inconsistent body direction, floating objects, warped background, random text, watermark, logo artifacts, low detail, blur",Perspective/Extreme Close-Up Detail,1,False
"0002 | Perspective/Extreme Close-Up Detail/Extreme Close-Up Detail — tight portrait framing, camera at eye level, 135mm long-lens perspective","camera tightly isolating one deliberate detail such as an eye, hand, fabric weave, jewellery, mechanical component or surface texture, surrounding context reduced but still coherent, camera at eye level, camera close to the subject, tight portrait framing, 135mm long-lens perspective, symmetrical visual balance, clean edge separation around the subject, clear camera-to-subject relationship, coherent spatial orientation","wide establishing shot, unrelated full scene, multiple competing focal points, unintentional cropping, ambiguous detail, contradictory camera angle, impossible perspective, duplicate subject, extra limbs, fused limbs, twisted anatomy, broken neck, malformed hands, inconsistent body direction, floating objects, warped background, random text, watermark, logo artifacts, low detail, blur",Perspective/Extreme Close-Up Detail,1,False
"0003 | Perspective/Extreme Close-Up Detail/Extreme Close-Up Detail — three-quarter body framing, camera slightly above eye level, 85mm portrait perspective","camera tightly isolating one deliberate detail such as an eye, hand, fabric weave, jewellery, mechanical component or surface texture, surrounding context reduced but still coherent, camera slightly above eye level, camera positioned to include foreground depth, three-quarter body framing, 85mm portrait perspective, strong leading lines directing attention to the subject, clean edge separation around the subject, clear camera-to-subject relationship, coherent spatial orientation","wide establishing shot, unrelated full scene, multiple competing focal points, unintentional cropping, ambiguous detail, contradictory camera angle, impossible perspective, duplicate subject, extra limbs, fused limbs, twisted anatomy, broken neck, malformed hands, inconsistent body direction, floating objects, warped background, random text, watermark, logo artifacts, low detail, blur",Perspective/Extreme Close-Up Detail,1,False
"0004 | Perspective/Extreme Close-Up Detail/Extreme Close-Up Detail — head-and-shoulders framing, camera at chest height, 135mm long-lens perspective","camera tightly isolating one deliberate detail such as an eye, hand, fabric weave, jewellery, mechanical component or surface texture, surrounding context reduced but still coherent, camera at chest height, camera far enough back to preserve the full silhouette, head-and-shoulders framing, 135mm long-lens perspective, symmetrical visual balance, deep focus with foreground and background clearly readable, clear camera-to-subject relationship, coherent spatial orientation","wide establishing shot, unrelated full scene, multiple competing focal points, unintentional cropping, ambiguous detail, contradictory camera angle, impossible perspective, duplicate subject, extra limbs, fused limbs, twisted anatomy, broken neck, malformed hands, inconsistent body direction, floating objects, warped background, random text, watermark, logo artifacts, low detail, blur",Perspective/Extreme Close-Up Detail,1,False
"0005 | Perspective/Extreme Close-Up Detail/Extreme Close-Up Detail — tight portrait framing, camera at chest height, 70mm short-telephoto perspective","camera tightly isolating one deliberate detail such as an eye, hand, fabric weave, jewellery, mechanical component or surface texture, surrounding context reduced but still coherent, camera at chest height, camera at intimate portrait distance, tight portrait framing, 70mm short-telephoto perspective, environment framing the subject naturally, clean edge separation around the subject, clear camera-to-subject relationship, coherent spatial orientation","wide establishing shot, unrelated full scene, multiple competing focal points, unintentional cropping, ambiguous detail, contradictory camera angle, impossible perspective, duplicate subject, extra limbs, fused limbs, twisted anatomy, broken neck, malformed hands, inconsistent body direction, floating objects, warped background, random text, watermark, logo artifacts, low detail, blur",Perspective/Extreme Close-Up Detail,1,False
"0006 | Perspective/Extreme Close-Up Detail/Extreme Close-Up Detail — medium portrait framing, camera slightly below eye level, 24mm wide-angle perspective with controlled distortion","camera tightly isolating one deliberate detail such as an eye, hand, fabric weave, jewellery, mechanical component or surface texture, surrounding context reduced but still coherent, camera slightly below eye level, camera close to the subject, medium portrait framing, 24mm wide-angle perspective with controlled distortion, foreground-to-background depth layering, clean edge separation around the subject, clear camera-to-subject relationship, coherent spatial orientation","wide establishing shot, unrelated full scene, multiple competing focal points, unintentional cropping, ambiguous detail, contradictory camera angle, impossible perspective, duplicate subject, extra limbs, fused limbs, twisted anatomy, broken neck, malformed hands, inconsistent body direction, floating objects, warped background, random text, watermark, logo artifacts, low detail, blur",Perspective/Extreme Close-Up Detail,1,False
"0007 | Perspective/Extreme Close-Up Detail/Extreme Close-Up Detail — balanced square-format framing, camera at knee height, 135mm long-lens perspective","camera tightly isolating one deliberate detail such as an eye, hand, fabric weave, jewellery, mechanical component or surface texture, surrounding context reduced but still coherent, camera at knee height, camera several metres from the subject, balanced square-format framing, 135mm long-lens perspective, rule-of-thirds placement, focus prioritising the face when visible, clear camera-to-subject relationship, coherent spatial orientation","wide establishing shot, unrelated full scene, multiple competing focal points, unintentional cropping, ambiguous detail, contradictory camera angle, impossible perspective, duplicate subject, extra limbs, fused limbs, twisted anatomy, broken neck, malformed hands, inconsistent body direction, floating objects, warped background, random text, watermark, logo artifacts, low detail, blur",Perspective/Extreme Close-Up Detail,1,False
"0008 | Perspective/Extreme Close-Up Detail/Extreme Close-Up Detail — balanced square-format framing, camera slightly below eye level, 105mm compressed portrait perspective","camera tightly isolating one deliberate detail such as an eye, hand, fabric weave, jewellery, mechanical component or surface texture, surrounding context reduced but still coherent, camera slightly below eye level, camera at moderate environmental distance, balanced square-format framing, 105mm compressed portrait perspective, environment framing the subject naturally, balanced focus across subject and surroundings, clear camera-to-subject relationship, coherent spatial orientation","wide establishing shot, unrelated full scene, multiple competing focal points, unintentional cropping, ambiguous detail, contradictory camera angle, impossible perspective, duplicate subject, extra limbs, fused limbs, twisted anatomy, broken neck, malformed hands, inconsistent body direction, floating objects, warped background, random text, watermark, logo artifacts, low detail, blur",Perspective/Extreme Close-Up Detail,1,False
"0009 | Perspective/Extreme Close-Up Detail/Extreme Close-Up Detail — wide environmental framing, camera aligned with the subject upper back, 24mm wide-angle perspective with controlled distortion","camera tightly isolating one deliberate detail such as an eye, hand, fabric weave, jewellery, mechanical component or surface texture, surrounding context reduced but still coherent, camera aligned with the subject upper back, camera at moderate environmental distance, wide environmental framing, 24mm wide-angle perspective with controlled distortion, environment framing the subject naturally, subject sharply defined against a softly separated background, clear camera-to-subject relationship, coherent spatial orientation","wide establishing shot, unrelated full scene, multiple competing focal points, unintentional cropping, ambiguous detail, contradictory camera angle, impossible perspective, duplicate subject, extra limbs, fused limbs, twisted anatomy, broken neck, malformed hands, inconsistent body direction, floating objects, warped background, random text, watermark, logo artifacts, low detail, blur",Perspective/Extreme Close-Up Detail,1,False
"0010 | Perspective/Extreme Close-Up Detail/Extreme Close-Up Detail — tight portrait framing, camera at shoulder height, 40mm natural perspective","camera tightly isolating one deliberate detail such as an eye, hand, fabric weave, jewellery, mechanical component or surface texture, surrounding context reduced but still coherent, camera at shoulder height, camera at intimate portrait distance, tight portrait framing, 40mm natural perspective, environment framing the subject naturally, shallow depth of field with smooth background separation, clear camera-to-subject relationship, coherent spatial orientation","wide establishing shot, unrelated full scene, multiple competing focal points, unintentional cropping, ambiguous detail, contradictory camera angle, impossible perspective, duplicate subject, extra limbs, fused limbs, twisted anatomy, broken neck, malformed hands, inconsistent body direction, floating objects, warped background, random text, watermark, logo artifacts, low detail, blur",Perspective/Extreme Close-Up Detail,1,False
"0011 | Perspective/Extreme Close-Up Detail/Extreme Close-Up Detail — tight portrait framing, camera at eye level, 85mm portrait perspective","camera tightly isolating one deliberate detail such as an eye, hand, fabric weave, jewellery, mechanical component or surface texture, surrounding context reduced but still coherent, camera at eye level, camera positioned to include foreground depth, tight portrait framing, 85mm portrait perspective, rule-of-thirds placement, shallow depth of field with smooth background separation, clear camera-to-subject relationship, coherent spatial orientation","wide establishing shot, unrelated full scene, multiple competing focal points, unintentional cropping, ambiguous detail, contradictory camera angle, impossible perspective, duplicate subject, extra limbs, fused limbs, twisted anatomy, broken neck, malformed hands, inconsistent body direction, floating objects, warped background, random text, watermark, logo artifacts, low detail, blur",Perspective/Extreme Close-Up Detail,1,False
"0012 | Perspective/Extreme Close-Up Detail/Extreme Close-Up Detail — waist-up framing, camera elevated above the subject, 65mm portrait perspective","camera tightly isolating one deliberate detail such as an eye, hand, fabric weave, jewellery, mechanical component or surface texture, surrounding context reduced but still coherent, camera elevated above the subject, camera positioned to include foreground depth, waist-up framing, 65mm portrait perspective, environment framing the subject naturally, focus centred on clothing and body orientation, clear camera-to-subject relationship, coherent spatial orientation","wide establishing shot, unrelated full scene, multiple competing focal points, unintentional cropping, ambiguous detail, contradictory camera angle, impossible perspective, duplicate subject, extra limbs, fused limbs, twisted anatomy, broken neck, malformed hands, inconsistent body direction, floating objects, warped background, random text, watermark, logo artifacts, low detail, blur",Perspective/Extreme Close-Up Detail,1,False
"0013 | Perspective/Extreme Close-Up Detail/Extreme Close-Up Detail — medium portrait framing, camera at shoulder height, 70mm short-telephoto perspective","camera tightly isolating one deliberate detail such as an eye, hand, fabric weave, jewellery, mechanical component or surface texture, surrounding context reduced but still coherent, camera at shoulder height, camera several metres from the subject, medium portrait framing, 70mm short-telephoto perspective, slightly off-centre editorial composition, focus locked on the primary subject silhouette, clear camera-to-subject relationship, coherent spatial orientation","wide establishing shot, unrelated full scene, multiple competing focal points, unintentional cropping, ambiguous detail, contradictory camera angle, impossible perspective, duplicate subject, extra limbs, fused limbs, twisted anatomy, broken neck, malformed hands, inconsistent body direction, floating objects, warped background, random text, watermark, logo artifacts, low detail, blur",Perspective/Extreme Close-Up Detail,1,False
"0014 | Perspective/Extreme Close-Up Detail/Extreme Close-Up Detail — waist-up framing, camera close to ground level, 50mm standard lens perspective","camera tightly isolating one deliberate detail such as an eye, hand, fabric weave, jewellery, mechanical component or surface texture, surrounding context reduced but still coherent, camera close to ground level, camera positioned to include the surrounding environment, waist-up framing, 50mm standard lens perspective, symmetrical visual balance, focus locked on the primary subject silhouette, clear camera-to-subject relationship, coherent spatial orientation","wide establishing shot, unrelated full scene, multiple competing focal points, unintentional cropping, ambiguous detail, contradictory camera angle, impossible perspective, duplicate subject, extra limbs, fused limbs, twisted anatomy, broken neck, malformed hands, inconsistent body direction, floating objects, warped background, random text, watermark, logo artifacts, low detail, blur",Perspective/Extreme Close-Up Detail,1,False
"0015 | Perspective/Extreme Close-Up Detail/Extreme Close-Up Detail — balanced square-format framing, camera aligned with the subject upper back, 28mm moderately wide perspective","camera tightly isolating one deliberate detail such as an eye, hand, fabric weave, jewellery, mechanical component or surface texture, surrounding context reduced but still coherent, camera aligned with the subject upper back, camera at conversational distance, balanced square-format framing, 28mm moderately wide perspective, asymmetrical cinematic balance, balanced focus across subject and surroundings, clear camera-to-subject relationship, coherent spatial orientation","wide establishing shot, unrelated full scene, multiple competing focal points, unintentional cropping, ambiguous detail, contradictory camera angle, impossible perspective, duplicate subject, extra limbs, fused limbs, twisted anatomy, broken neck, malformed hands, inconsistent body direction, floating objects, warped background, random text, watermark, logo artifacts, low detail, blur",Perspective/Extreme Close-Up Detail,1,False
"0016 | Perspective/Extreme Close-Up Detail/Extreme Close-Up Detail — wide environmental framing, camera aligned with the subject upper back, 35mm lens perspective","camera tightly isolating one deliberate detail such as an eye, hand, fabric weave, jewellery, mechanical component or surface texture, surrounding context reduced but still coherent, camera aligned with the subject upper back, camera far enough back to preserve the full silhouette, wide environmental framing, 35mm lens perspective, rule-of-thirds placement, balanced focus across subject and surroundings, clear camera-to-subject relationship, coherent spatial orientation","wide establishing shot, unrelated full scene, multiple competing focal points, unintentional cropping, ambiguous detail, contradictory camera angle, impossible perspective, duplicate subject, extra limbs, fused limbs, twisted anatomy, broken neck, malformed hands, inconsistent body direction, floating objects, warped background, random text, watermark, logo artifacts, low detail, blur",Perspective/Extreme Close-Up Detail,1,False
"0017 | Perspective/Extreme Close-Up Detail/Extreme Close-Up Detail — waist-up framing, camera at shoulder height, 24mm wide-angle perspective with controlled distortion","camera tightly isolating one deliberate detail such as an eye, hand, fabric weave, jewellery, mechanical component or surface texture, surrounding context reduced but still coherent, camera at shoulder height, camera at natural observational distance, waist-up framing, 24mm wide-angle perspective with controlled distortion, asymmetrical cinematic balance, deep focus with foreground and background clearly readable, clear camera-to-subject relationship, coherent spatial orientation","wide establishing shot, unrelated full scene, multiple competing focal points, unintentional cropping, ambiguous detail, contradictory camera angle, impossible perspective, duplicate subject, extra limbs, fused limbs, twisted anatomy, broken neck, malformed hands, inconsistent body direction, floating objects, warped background, random text, watermark, logo artifacts, low detail, blur",Perspective/Extreme Close-Up Detail,1,False
"0018 | Perspective/Extreme Close-Up Detail/Extreme Close-Up Detail — cinematic landscape framing, camera aligned with the subject upper back, 105mm compressed portrait perspective","camera tightly isolating one deliberate detail such as an eye, hand, fabric weave, jewellery, mechanical component or surface texture, surrounding context reduced but still coherent, camera aligned with the subject upper back, camera at intimate portrait distance, cinematic landscape framing, 105mm compressed portrait perspective, centred composition, clean edge separation around the subject, clear camera-to-subject relationship, coherent spatial orientation","wide establishing shot, unrelated full scene, multiple competing focal points, unintentional cropping, ambiguous detail, contradictory camera angle, impossible perspective, duplicate subject, extra limbs, fused limbs, twisted anatomy, broken neck, malformed hands, inconsistent body direction, floating objects, warped background, random text, watermark, logo artifacts, low detail, blur",Perspective/Extreme Close-Up Detail,1,False
"0019 | Perspective/Extreme Close-Up Detail/Extreme Close-Up Detail — wide environmental framing, camera slightly below eye level, 50mm standard lens perspective","camera tightly isolating one deliberate detail such as an eye, hand, fabric weave, jewellery, mechanical component or surface texture, surrounding context reduced but still coherent, camera slightly below eye level, camera at moderate environmental distance, wide environmental framing, 50mm standard lens perspective, slightly off-centre editorial composition, subject sharply defined against a softly separated background, clear camera-to-subject relationship, coherent spatial orientation","wide establishing shot, unrelated full scene, multiple competing focal points, unintentional cropping, ambiguous detail, contradictory camera angle, impossible perspective, duplicate subject, extra limbs, fused limbs, twisted anatomy, broken neck, malformed hands, inconsistent body direction, floating objects, warped background, random text, watermark, logo artifacts, low detail, blur",Perspective/Extreme Close-Up Detail,1,False
"0020 | Perspective/Extreme Close-Up Detail/Extreme Close-Up Detail — head-and-shoulders framing, camera at shoulder height, 70mm short-telephoto perspective","camera tightly isolating one deliberate detail such as an eye, hand, fabric weave, jewellery, mechanical component or surface texture, surrounding context reduced but still coherent, camera at shoulder height, camera positioned to include foreground depth, head-and-shoulders framing, 70mm short-telephoto perspective, symmetrical visual balance, focus locked on the primary subject silhouette, clear camera-to-subject relationship, coherent spatial orientation","wide establishing shot, unrelated full scene, multiple competing focal points, unintentional cropping, ambiguous detail, contradictory camera angle, impossible perspective, duplicate subject, extra limbs, fused limbs, twisted anatomy, broken neck, malformed hands, inconsistent body direction, floating objects, warped background, random text, watermark, logo artifacts, low detail, blur",Perspective/Extreme Close-Up Detail,1,False
"0021 | Perspective/Extreme Close-Up Detail/Extreme Close-Up Detail — medium portrait framing, camera at chest height, 65mm portrait perspective","camera tightly isolating one deliberate detail such as an eye, hand, fabric weave, jewellery, mechanical component or surface texture, surrounding context reduced but still coherent, camera at chest height, camera at intimate portrait distance, medium portrait framing, 65mm portrait perspective, centred composition, subject sharply defined against a softly separated background, clear camera-to-subject relationship, coherent spatial orientation","wide establishing shot, unrelated full scene, multiple competing focal points, unintentional cropping, ambiguous detail, contradictory camera angle, impossible perspective, duplicate subject, extra limbs, fused limbs, twisted anatomy, broken neck, malformed hands, inconsistent body direction, floating objects, warped background, random text, watermark, logo artifacts, low detail, blur",Perspective/Extreme Close-Up Detail,1,False
"0022 | Perspective/Extreme Close-Up Detail/Extreme Close-Up Detail — three-quarter body framing, camera at waist height, 70mm short-telephoto perspective","camera tightly isolating one deliberate detail such as an eye, hand, fabric weave, jewellery, mechanical component or surface texture, surrounding context reduced but still coherent, camera at waist height, camera positioned to include the surrounding environment, three-quarter body framing, 70mm short-telephoto perspective, asymmetrical cinematic balance, focus centred on clothing and body orientation, clear camera-to-subject relationship, coherent spatial orientation","wide establishing shot, unrelated full scene, multiple competing focal points, unintentional cropping, ambiguous detail, contradictory camera angle, impossible perspective, duplicate subject, extra limbs, fused limbs, twisted anatomy, broken neck, malformed hands, inconsistent body direction, floating objects, warped background, random text, watermark, logo artifacts, low detail, blur",Perspective/Extreme Close-Up Detail,1,False
"0023 | Perspective/Extreme Close-Up Detail/Extreme Close-Up Detail — tight portrait framing, camera slightly below eye level, 40mm natural perspective","camera tightly isolating one deliberate detail such as an eye, hand, fabric weave, jewellery, mechanical component or surface texture, surrounding context reduced but still coherent, camera slightly below eye level, camera at conversational distance, tight portrait framing, 40mm natural perspective, rule-of-thirds placement, focus prioritising the back silhouette and shoulder line, clear camera-to-subject relationship, coherent spatial orientation","wide establishing shot, unrelated full scene, multiple competing focal points, unintentional cropping, ambiguous detail, contradictory camera angle, impossible perspective, duplicate subject, extra limbs, fused limbs, twisted anatomy, broken neck, malformed hands, inconsistent body direction, floating objects, warped background, random text, watermark, logo artifacts, low detail, blur",Perspective/Extreme Close-Up Detail,1,False
"0024 | Perspective/Extreme Close-Up Detail/Extreme Close-Up Detail — head-and-shoulders framing, camera slightly below eye level, 35mm lens perspective","camera tightly isolating one deliberate detail such as an eye, hand, fabric weave, jewellery, mechanical component or surface texture, surrounding context reduced but still coherent, camera slightly below eye level, camera at natural observational distance, head-and-shoulders framing, 35mm lens perspective, strong leading lines directing attention to the subject, focus prioritising the back silhouette and shoulder line, clear camera-to-subject relationship, coherent spatial orientation","wide establishing shot, unrelated full scene, multiple competing focal points, unintentional cropping, ambiguous detail, contradictory camera angle, impossible perspective, duplicate subject, extra limbs, fused limbs, twisted anatomy, broken neck, malformed hands, inconsistent body direction, floating objects, warped background, random text, watermark, logo artifacts, low detail, blur",Perspective/Extreme Close-Up Detail,1,False
"0025 | Perspective/Extreme Close-Up Detail/Extreme Close-Up Detail — tight portrait framing, camera close to ground level, 70mm short-telephoto perspective","camera tightly isolating one deliberate detail such as an eye, hand, fabric weave, jewellery, mechanical component or surface texture, surrounding context reduced but still coherent, camera close to ground level, camera close enough to prioritise garment texture, tight portrait framing, 70mm short-telephoto perspective, foreground-to-background depth layering, deep focus with foreground and background clearly readable, clear camera-to-subject relationship, coherent spatial orientation","wide establishing shot, unrelated full scene, multiple competing focal points, unintentional cropping, ambiguous detail, contradictory camera angle, impossible perspective, duplicate subject, extra limbs, fused limbs, twisted anatomy, broken neck, malformed hands, inconsistent body direction, floating objects, warped background, random text, watermark, logo artifacts, low detail, blur",Perspective/Extreme Close-Up Detail,1,False
"0026 | Perspective/Extreme Close-Up Detail/Extreme Close-Up Detail — three-quarter body framing, camera at chest height, 24mm wide-angle perspective with controlled distortion","camera tightly isolating one deliberate detail such as an eye, hand, fabric weave, jewellery, mechanical component or surface texture, surrounding context reduced but still coherent, camera at chest height, camera far enough back to preserve the full silhouette, three-quarter body framing, 24mm wide-angle perspective with controlled distortion, asymmetrical cinematic balance, focus centred on clothing and body orientation, clear camera-to-subject relationship, coherent spatial orientation","wide establishing shot, unrelated full scene, multiple competing focal points, unintentional cropping, ambiguous detail, contradictory camera angle, impossible perspective, duplicate subject, extra limbs, fused limbs, twisted anatomy, broken neck, malformed hands, inconsistent body direction, floating objects, warped background, random text, watermark, logo artifacts, low detail, blur",Perspective/Extreme Close-Up Detail,1,False
"0027 | Perspective/Extreme Close-Up Detail/Extreme Close-Up Detail — wide environmental framing, camera at chest height, 85mm portrait perspective","camera tightly isolating one deliberate detail such as an eye, hand, fabric weave, jewellery, mechanical component or surface texture, surrounding context reduced but still coherent, camera at chest height, camera positioned to include the surrounding environment, wide environmental framing, 85mm portrait perspective, clean negative space around the subject, clean edge separation around the subject, clear camera-to-subject relationship, coherent spatial orientation","wide establishing shot, unrelated full scene, multiple competing focal points, unintentional cropping, ambiguous detail, contradictory camera angle, impossible perspective, duplicate subject, extra limbs, fused limbs, twisted anatomy, broken neck, malformed hands, inconsistent body direction, floating objects, warped background, random text, watermark, logo artifacts, low detail, blur",Perspective/Extreme Close-Up Detail,1,False
"0028 | Perspective/Extreme Close-Up Detail/Extreme Close-Up Detail — wide environmental framing, camera at waist height, 28mm moderately wide perspective","camera tightly isolating one deliberate detail such as an eye, hand, fabric weave, jewellery, mechanical component or surface texture, surrounding context reduced but still coherent, camera at waist height, camera at moderate environmental distance, wide environmental framing, 28mm moderately wide perspective, strong leading lines directing attention to the subject, focus centred on clothing and body orientation, clear camera-to-subject relationship, coherent spatial orientation","wide establishing shot, unrelated full scene, multiple competing focal points, unintentional cropping, ambiguous detail, contradictory camera angle, impossible perspective, duplicate subject, extra limbs, fused limbs, twisted anatomy, broken neck, malformed hands, inconsistent body direction, floating objects, warped background, random text, watermark, logo artifacts, low detail, blur",Perspective/Extreme Close-Up Detail,1,False
"0029 | Perspective/Extreme Close-Up Detail/Extreme Close-Up Detail — wide environmental framing, camera at knee height, 65mm portrait perspective","camera tightly isolating one deliberate detail such as an eye, hand, fabric weave, jewellery, mechanical component or surface texture, surrounding context reduced but still coherent, camera at knee height, camera at intimate portrait distance, wide environmental framing, 65mm portrait perspective, rule-of-thirds placement, balanced focus across subject and surroundings, clear camera-to-subject relationship, coherent spatial orientation","wide establishing shot, unrelated full scene, multiple competing focal points, unintentional cropping, ambiguous detail, contradictory camera angle, impossible perspective, duplicate subject, extra limbs, fused limbs, twisted anatomy, broken neck, malformed hands, inconsistent body direction, floating objects, warped background, random text, watermark, logo artifacts, low detail, blur",Perspective/Extreme Close-Up Detail,1,False
"0030 | Perspective/Extreme Close-Up Detail/Extreme Close-Up Detail — medium portrait framing, camera at shoulder height, 50mm standard lens perspective","camera tightly isolating one deliberate detail such as an eye, hand, fabric weave, jewellery, mechanical component or surface texture, surrounding context reduced but still coherent, camera at shoulder height, camera at intimate portrait distance, medium portrait framing, 50mm standard lens perspective, clean negative space around the subject, focus prioritising the face when visible, clear camera-to-subject relationship, coherent spatial orientation","wide establishing shot, unrelated full scene, multiple competing focal points, unintentional cropping, ambiguous detail, contradictory camera angle, impossible perspective, duplicate subject, extra limbs, fused limbs, twisted anatomy, broken neck, malformed hands, inconsistent body direction, floating objects, warped background, random text, watermark, logo artifacts, low detail, blur",Perspective/Extreme Close-Up Detail,1,False
"0031 | Perspective/Extreme Close-Up Detail/Extreme Close-Up Detail — tight portrait framing, camera slightly above eye level, 35mm lens perspective","camera tightly isolating one deliberate detail such as an eye, hand, fabric weave, jewellery, mechanical component or surface texture, surrounding context reduced but still coherent, camera slightly above eye level, camera at intimate portrait distance, tight portrait framing, 35mm lens perspective, clean negative space around the subject, focus prioritising the face when visible, clear camera-to-subject relationship, coherent spatial orientation","wide establishing shot, unrelated full scene, multiple competing focal points, unintentional cropping, ambiguous detail, contradictory camera angle, impossible perspective, duplicate subject, extra limbs, fused limbs, twisted anatomy, broken neck, malformed hands, inconsistent body direction, floating objects, warped background, random text, watermark, logo artifacts, low detail, blur",Perspective/Extreme Close-Up Detail,1,False
"0032 | Perspective/Extreme Close-Up Detail/Extreme Close-Up Detail — cinematic landscape framing, camera slightly below eye level, 105mm compressed portrait perspective","camera tightly isolating one deliberate detail such as an eye, hand, fabric weave, jewellery, mechanical component or surface texture, surrounding context reduced but still coherent, camera slightly below eye level, camera at intimate portrait distance, cinematic landscape framing, 105mm compressed portrait perspective, environment framing the subject naturally, focus centred on clothing and body orientation, clear camera-to-subject relationship, coherent spatial orientation","wide establishing shot, unrelated full scene, multiple competing focal points, unintentional cropping, ambiguous detail, contradictory camera angle, impossible perspective, duplicate subject, extra limbs, fused limbs, twisted anatomy, broken neck, malformed hands, inconsistent body direction, floating objects, warped background, random text, watermark, logo artifacts, low detail, blur",Perspective/Extreme Close-Up Detail,1,False
"0033 | Perspective/Extreme Close-Up Detail/Extreme Close-Up Detail — full-body framing, camera aligned with the subject upper back, 24mm wide-angle perspective with controlled distortion","camera tightly isolating one deliberate detail such as an eye, hand, fabric weave, jewellery, mechanical component or surface texture, surrounding context reduced but still coherent, camera aligned with the subject upper back, camera at natural observational distance, full-body framing, 24mm wide-angle perspective with controlled distortion, asymmetrical cinematic balance, balanced focus across subject and surroundings, clear camera-to-subject relationship, coherent spatial orientation","wide establishing shot, unrelated full scene, multiple competing focal points, unintentional cropping, ambiguous detail, contradictory camera angle, impossible perspective, duplicate subject, extra limbs, fused limbs, twisted anatomy, broken neck, malformed hands, inconsistent body direction, floating objects, warped background, random text, watermark, logo artifacts, low detail, blur",Perspective/Extreme Close-Up Detail,1,False
"0034 | Perspective/Extreme Close-Up Detail/Extreme Close-Up Detail — cinematic landscape framing, camera elevated above the subject, 70mm short-telephoto perspective","camera tightly isolating one deliberate detail such as an eye, hand, fabric weave, jewellery, mechanical component or surface texture, surrounding context reduced but still coherent, camera elevated above the subject, camera several metres from the subject, cinematic landscape framing, 70mm short-telephoto perspective, asymmetrical cinematic balance, subject sharply defined against a softly separated background, clear camera-to-subject relationship, coherent spatial orientation","wide establishing shot, unrelated full scene, multiple competing focal points, unintentional cropping, ambiguous detail, contradictory camera angle, impossible perspective, duplicate subject, extra limbs, fused limbs, twisted anatomy, broken neck, malformed hands, inconsistent body direction, floating objects, warped background, random text, watermark, logo artifacts, low detail, blur",Perspective/Extreme Close-Up Detail,1,False
"0035 | Perspective/Extreme Close-Up Detail/Extreme Close-Up Detail — waist-up framing, camera at chest height, 35mm lens perspective","camera tightly isolating one deliberate detail such as an eye, hand, fabric weave, jewellery, mechanical component or surface texture, surrounding context reduced but still coherent, camera at chest height, camera at moderate environmental distance, waist-up framing, 35mm lens perspective, symmetrical visual balance, focus prioritising the face when visible, clear camera-to-subject relationship, coherent spatial orientation","wide establishing shot, unrelated full scene, multiple competing focal points, unintentional cropping, ambiguous detail, contradictory camera angle, impossible perspective, duplicate subject, extra limbs, fused limbs, twisted anatomy, broken neck, malformed hands, inconsistent body direction, floating objects, warped background, random text, watermark, logo artifacts, low detail, blur",Perspective/Extreme Close-Up Detail,1,False
"0036 | Perspective/Extreme Close-Up Detail/Extreme Close-Up Detail — balanced square-format framing, camera aligned with the subject upper back, 28mm moderately wide perspective","camera tightly isolating one deliberate detail such as an eye, hand, fabric weave, jewellery, mechanical component or surface texture, surrounding context reduced but still coherent, camera aligned with the subject upper back, camera close to the subject, balanced square-format framing, 28mm moderately wide perspective, clean negative space around the subject, clean edge separation around the subject, clear camera-to-subject relationship, coherent spatial orientation","wide establishing shot, unrelated full scene, multiple competing focal points, unintentional cropping, ambiguous detail, contradictory camera angle, impossible perspective, duplicate subject, extra limbs, fused limbs, twisted anatomy, broken neck, malformed hands, inconsistent body direction, floating objects, warped background, random text, watermark, logo artifacts, low detail, blur",Perspective/Extreme Close-Up Detail,1,False
"0037 | Perspective/Extreme Close-Up Detail/Extreme Close-Up Detail — balanced square-format framing, camera at shoulder height, 85mm portrait perspective","camera tightly isolating one deliberate detail such as an eye, hand, fabric weave, jewellery, mechanical component or surface texture, surrounding context reduced but still coherent, camera at shoulder height, camera at intimate portrait distance, balanced square-format framing, 85mm portrait perspective, asymmetrical cinematic balance, shallow depth of field with smooth background separation, clear camera-to-subject relationship, coherent spatial orientation","wide establishing shot, unrelated full scene, multiple competing focal points, unintentional cropping, ambiguous detail, contradictory camera angle, impossible perspective, duplicate subject, extra limbs, fused limbs, twisted anatomy, broken neck, malformed hands, inconsistent body direction, floating objects, warped background, random text, watermark, logo artifacts, low detail, blur",Perspective/Extreme Close-Up Detail,1,False
"0038 | Perspective/Extreme Close-Up Detail/Extreme Close-Up Detail — cinematic landscape framing, camera at chest height, 24mm wide-angle perspective with controlled distortion","camera tightly isolating one deliberate detail such as an eye, hand, fabric weave, jewellery, mechanical component or surface texture, surrounding context reduced but still coherent, camera at chest height, camera at conversational distance, cinematic landscape framing, 24mm wide-angle perspective with controlled distortion, clean negative space around the subject, focus prioritising the face when visible, clear camera-to-subject relationship, coherent spatial orientation","wide establishing shot, unrelated full scene, multiple competing focal points, unintentional cropping, ambiguous detail, contradictory camera angle, impossible perspective, duplicate subject, extra limbs, fused limbs, twisted anatomy, broken neck, malformed hands, inconsistent body direction, floating objects, warped background, random text, watermark, logo artifacts, low detail, blur",Perspective/Extreme Close-Up Detail,1,False
"0039 | Perspective/Extreme Close-Up Detail/Extreme Close-Up Detail — head-and-shoulders framing, camera at knee height, 35mm lens perspective","camera tightly isolating one deliberate detail such as an eye, hand, fabric weave, jewellery, mechanical component or surface texture, surrounding context reduced but still coherent, camera at knee height, camera at natural observational distance, head-and-shoulders framing, 35mm lens perspective, clean negative space around the subject, focus prioritising the back silhouette and shoulder line, clear camera-to-subject relationship, coherent spatial orientation","wide establishing shot, unrelated full scene, multiple competing focal points, unintentional cropping, ambiguous detail, contradictory camera angle, impossible perspective, duplicate subject, extra limbs, fused limbs, twisted anatomy, broken neck, malformed hands, inconsistent body direction, floating objects, warped background, random text, watermark, logo artifacts, low detail, blur",Perspective/Extreme Close-Up Detail,1,False
"0040 | Perspective/Extreme Close-Up Detail/Extreme Close-Up Detail — balanced square-format framing, camera at eye level, 35mm lens perspective","camera tightly isolating one deliberate detail such as an eye, hand, fabric weave, jewellery, mechanical component or surface texture, surrounding context reduced but still coherent, camera at eye level, camera at natural observational distance, balanced square-format framing, 35mm lens perspective, minimal uncluttered composition, clean edge separation around the subject, clear camera-to-subject relationship, coherent spatial orientation","wide establishing shot, unrelated full scene, multiple competing focal points, unintentional cropping, ambiguous detail, contradictory camera angle, impossible perspective, duplicate subject, extra limbs, fused limbs, twisted anatomy, broken neck, malformed hands, inconsistent body direction, floating objects, warped background, random text, watermark, logo artifacts, low detail, blur",Perspective/Extreme Close-Up Detail,1,False
"0041 | Perspective/Extreme Close-Up Detail/Extreme Close-Up Detail — vertical editorial framing, camera at shoulder height, 135mm long-lens perspective","camera tightly isolating one deliberate detail such as an eye, hand, fabric weave, jewellery, mechanical component or surface texture, surrounding context reduced but still coherent, camera at shoulder height, camera close enough to prioritise garment texture, vertical editorial framing, 135mm long-lens perspective, clean negative space around the subject, focus locked on the primary subject silhouette, clear camera-to-subject relationship, coherent spatial orientation","wide establishing shot, unrelated full scene, multiple competing focal points, unintentional cropping, ambiguous detail, contradictory camera angle, impossible perspective, duplicate subject, extra limbs, fused limbs, twisted anatomy, broken neck, malformed hands, inconsistent body direction, floating objects, warped background, random text, watermark, logo artifacts, low detail, blur",Perspective/Extreme Close-Up Detail,1,False
"0042 | Perspective/Extreme Close-Up Detail/Extreme Close-Up Detail — vertical editorial framing, camera at knee height, 85mm portrait perspective","camera tightly isolating one deliberate detail such as an eye, hand, fabric weave, jewellery, mechanical component or surface texture, surrounding context reduced but still coherent, camera at knee height, camera at natural observational distance, vertical editorial framing, 85mm portrait perspective, centred composition, focus locked on the primary subject silhouette, clear camera-to-subject relationship, coherent spatial orientation","wide establishing shot, unrelated full scene, multiple competing focal points, unintentional cropping, ambiguous detail, contradictory camera angle, impossible perspective, duplicate subject, extra limbs, fused limbs, twisted anatomy, broken neck, malformed hands, inconsistent body direction, floating objects, warped background, random text, watermark, logo artifacts, low detail, blur",Perspective/Extreme Close-Up Detail,1,False
"0043 | Perspective/Extreme Close-Up Detail/Extreme Close-Up Detail — medium portrait framing, camera aligned with the subject upper back, 135mm long-lens perspective","camera tightly isolating one deliberate detail such as an eye, hand, fabric weave, jewellery, mechanical component or surface texture, surrounding context reduced but still coherent, camera aligned with the subject upper back, camera at natural observational distance, medium portrait framing, 135mm long-lens perspective, symmetrical visual balance, focus locked on the primary subject silhouette, clear camera-to-subject relationship, coherent spatial orientation","wide establishing shot, unrelated full scene, multiple competing focal points, unintentional cropping, ambiguous detail, contradictory camera angle, impossible perspective, duplicate subject, extra limbs, fused limbs, twisted anatomy, broken neck, malformed hands, inconsistent body direction, floating objects, warped background, random text, watermark, logo artifacts, low detail, blur",Perspective/Extreme Close-Up Detail,1,False
"0044 | Perspective/Extreme Close-Up Detail/Extreme Close-Up Detail — wide environmental framing, camera slightly below eye level, 40mm natural perspective","camera tightly isolating one deliberate detail such as an eye, hand, fabric weave, jewellery, mechanical component or surface texture, surrounding context reduced but still coherent, camera slightly below eye level, camera at moderate environmental distance, wide environmental framing, 40mm natural perspective, clean negative space around the subject, clean edge separation around the subject, clear camera-to-subject relationship, coherent spatial orientation","wide establishing shot, unrelated full scene, multiple competing focal points, unintentional cropping, ambiguous detail, contradictory camera angle, impossible perspective, duplicate subject, extra limbs, fused limbs, twisted anatomy, broken neck, malformed hands, inconsistent body direction, floating objects, warped background, random text, watermark, logo artifacts, low detail, blur",Perspective/Extreme Close-Up Detail,1,False
"0045 | Perspective/Extreme Close-Up Detail/Extreme Close-Up Detail — vertical editorial framing, camera at knee height, 70mm short-telephoto perspective","camera tightly isolating one deliberate detail such as an eye, hand, fabric weave, jewellery, mechanical component or surface texture, surrounding context reduced but still coherent, camera at knee height, camera positioned to include the surrounding environment, vertical editorial framing, 70mm short-telephoto perspective, foreground-to-background depth layering, focus prioritising the back silhouette and shoulder line, clear camera-to-subject relationship, coherent spatial orientation","wide establishing shot, unrelated full scene, multiple competing focal points, unintentional cropping, ambiguous detail, contradictory camera angle, impossible perspective, duplicate subject, extra limbs, fused limbs, twisted anatomy, broken neck, malformed hands, inconsistent body direction, floating objects, warped background, random text, watermark, logo artifacts, low detail, blur",Perspective/Extreme Close-Up Detail,1,False
"0046 | Perspective/Extreme Close-Up Detail/Extreme Close-Up Detail — waist-up framing, camera elevated above the subject, 50mm standard lens perspective","camera tightly isolating one deliberate detail such as an eye, hand, fabric weave, jewellery, mechanical component or surface texture, surrounding context reduced but still coherent, camera elevated above the subject, camera at intimate portrait distance, waist-up framing, 50mm standard lens perspective, minimal uncluttered composition, focus centred on clothing and body orientation, clear camera-to-subject relationship, coherent spatial orientation","wide establishing shot, unrelated full scene, multiple competing focal points, unintentional cropping, ambiguous detail, contradictory camera angle, impossible perspective, duplicate subject, extra limbs, fused limbs, twisted anatomy, broken neck, malformed hands, inconsistent body direction, floating objects, warped background, random text, watermark, logo artifacts, low detail, blur",Perspective/Extreme Close-Up Detail,1,False
"0047 | Perspective/Extreme Close-Up Detail/Extreme Close-Up Detail — balanced square-format framing, camera slightly above eye level, 40mm natural perspective","camera tightly isolating one deliberate detail such as an eye, hand, fabric weave, jewellery, mechanical component or surface texture, surrounding context reduced but still coherent, camera slightly above eye level, camera close enough to prioritise garment texture, balanced square-format framing, 40mm natural perspective, rule-of-thirds placement, shallow depth of field with smooth background separation, clear camera-to-subject relationship, coherent spatial orientation","wide establishing shot, unrelated full scene, multiple competing focal points, unintentional cropping, ambiguous detail, contradictory camera angle, impossible perspective, duplicate subject, extra limbs, fused limbs, twisted anatomy, broken neck, malformed hands, inconsistent body direction, floating objects, warped background, random text, watermark, logo artifacts, low detail, blur",Perspective/Extreme Close-Up Detail,1,False
"0048 | Perspective/Extreme Close-Up Detail/Extreme Close-Up Detail — cinematic landscape framing, camera at knee height, 40mm natural perspective","camera tightly isolating one deliberate detail such as an eye, hand, fabric weave, jewellery, mechanical component or surface texture, surrounding context reduced but still coherent, camera at knee height, camera far enough back to preserve the full silhouette, cinematic landscape framing, 40mm natural perspective, clean negative space around the subject, moderate depth of field preserving environmental context, clear camera-to-subject relationship, coherent spatial orientation","wide establishing shot, unrelated full scene, multiple competing focal points, unintentional cropping, ambiguous detail, contradictory camera angle, impossible perspective, duplicate subject, extra limbs, fused limbs, twisted anatomy, broken neck, malformed hands, inconsistent body direction, floating objects, warped background, random text, watermark, logo artifacts, low detail, blur",Perspective/Extreme Close-Up Detail,1,False
"0049 | Perspective/Extreme Close-Up Detail/Extreme Close-Up Detail — cinematic landscape framing, camera slightly above eye level, 35mm lens perspective","camera tightly isolating one deliberate detail such as an eye, hand, fabric weave, jewellery, mechanical component or surface texture, surrounding context reduced but still coherent, camera slightly above eye level, camera close enough to prioritise garment texture, cinematic landscape framing, 35mm lens perspective, centred composition, focus prioritising the face when visible, clear camera-to-subject relationship, coherent spatial orientation","wide establishing shot, unrelated full scene, multiple competing focal points, unintentional cropping, ambiguous detail, contradictory camera angle, impossible perspective, duplicate subject, extra limbs, fused limbs, twisted anatomy, broken neck, malformed hands, inconsistent body direction, floating objects, warped background, random text, watermark, logo artifacts, low detail, blur",Perspective/Extreme Close-Up Detail,1,False
"0050 | Perspective/Extreme Close-Up Detail/Extreme Close-Up Detail — wide environmental framing, camera at knee height, 135mm long-lens perspective","camera tightly isolating one deliberate detail such as an eye, hand, fabric weave, jewellery, mechanical component or surface texture, surrounding context reduced but still coherent, camera at knee height, camera at moderate environmental distance, wide environmental framing, 135mm long-lens perspective, rule-of-thirds placement, focus locked on the primary subject silhouette, clear camera-to-subject relationship, coherent spatial orientation","wide establishing shot, unrelated full scene, multiple competing focal points, unintentional cropping, ambiguous detail, contradictory camera angle, impossible perspective, duplicate subject, extra limbs, fused limbs, twisted anatomy, broken neck, malformed hands, inconsistent body direction, floating objects, warped background, random text, watermark, logo artifacts, low detail, blur",Perspective/Extreme Close-Up Detail,1,False
"0051 | Perspective/Extreme Close-Up Detail/Extreme Close-Up Detail — wide environmental framing, camera aligned with the subject upper back, 70mm short-telephoto perspective","camera tightly isolating one deliberate detail such as an eye, hand, fabric weave, jewellery, mechanical component or surface texture, surrounding context reduced but still coherent, camera aligned with the subject upper back, camera several metres from the subject, wide environmental framing, 70mm short-telephoto perspective, clean negative space around the subject, focus centred on clothing and body orientation, clear camera-to-subject relationship, coherent spatial orientation","wide establishing shot, unrelated full scene, multiple competing focal points, unintentional cropping, ambiguous detail, contradictory camera angle, impossible perspective, duplicate subject, extra limbs, fused limbs, twisted anatomy, broken neck, malformed hands, inconsistent body direction, floating objects, warped background, random text, watermark, logo artifacts, low detail, blur",Perspective/Extreme Close-Up Detail,1,False
"0052 | Perspective/Extreme Close-Up Detail/Extreme Close-Up Detail — head-and-shoulders framing, camera slightly above eye level, 85mm portrait perspective","camera tightly isolating one deliberate detail such as an eye, hand, fabric weave, jewellery, mechanical component or surface texture, surrounding context reduced but still coherent, camera slightly above eye level, camera several metres from the subject, head-and-shoulders framing, 85mm portrait perspective, slightly off-centre editorial composition, focus prioritising the back silhouette and shoulder line, clear camera-to-subject relationship, coherent spatial orientation","wide establishing shot, unrelated full scene, multiple competing focal points, unintentional cropping, ambiguous detail, contradictory camera angle, impossible perspective, duplicate subject, extra limbs, fused limbs, twisted anatomy, broken neck, malformed hands, inconsistent body direction, floating objects, warped background, random text, watermark, logo artifacts, low detail, blur",Perspective/Extreme Close-Up Detail,1,False
"0053 | Perspective/Extreme Close-Up Detail/Extreme Close-Up Detail — head-and-shoulders framing, camera at chest height, 135mm long-lens perspective","camera tightly isolating one deliberate detail such as an eye, hand, fabric weave, jewellery, mechanical component or surface texture, surrounding context reduced but still coherent, camera at chest height, camera positioned to include foreground depth, head-and-shoulders framing, 135mm long-lens perspective, centred composition, focus centred on clothing and body orientation, clear camera-to-subject relationship, coherent spatial orientation","wide establishing shot, unrelated full scene, multiple competing focal points, unintentional cropping, ambiguous detail, contradictory camera angle, impossible perspective, duplicate subject, extra limbs, fused limbs, twisted anatomy, broken neck, malformed hands, inconsistent body direction, floating objects, warped background, random text, watermark, logo artifacts, low detail, blur",Perspective/Extreme Close-Up Detail,1,False
"0054 | Perspective/Extreme Close-Up Detail/Extreme Close-Up Detail — balanced square-format framing, camera aligned with the subject upper back, 65mm portrait perspective","camera tightly isolating one deliberate detail such as an eye, hand, fabric weave, jewellery, mechanical component or surface texture, surrounding context reduced but still coherent, camera aligned with the subject upper back, camera close enough to prioritise garment texture, balanced square-format framing, 65mm portrait perspective, symmetrical visual balance, balanced focus across subject and surroundings, clear camera-to-subject relationship, coherent spatial orientation","wide establishing shot, unrelated full scene, multiple competing focal points, unintentional cropping, ambiguous detail, contradictory camera angle, impossible perspective, duplicate subject, extra limbs, fused limbs, twisted anatomy, broken neck, malformed hands, inconsistent body direction, floating objects, warped background, random text, watermark, logo artifacts, low detail, blur",Perspective/Extreme Close-Up Detail,1,False
"0055 | Perspective/Extreme Close-Up Detail/Extreme Close-Up Detail — vertical editorial framing, camera at knee height, 70mm short-telephoto perspective","camera tightly isolating one deliberate detail such as an eye, hand, fabric weave, jewellery, mechanical component or surface texture, surrounding context reduced but still coherent, camera at knee height, camera several metres from the subject, vertical editorial framing, 70mm short-telephoto perspective, foreground-to-background depth layering, clean edge separation around the subject, clear camera-to-subject relationship, coherent spatial orientation","wide establishing shot, unrelated full scene, multiple competing focal points, unintentional cropping, ambiguous detail, contradictory camera angle, impossible perspective, duplicate subject, extra limbs, fused limbs, twisted anatomy, broken neck, malformed hands, inconsistent body direction, floating objects, warped background, random text, watermark, logo artifacts, low detail, blur",Perspective/Extreme Close-Up Detail,1,False
"0056 | Perspective/Extreme Close-Up Detail/Extreme Close-Up Detail — wide environmental framing, camera slightly above eye level, 50mm standard lens perspective","camera tightly isolating one deliberate detail such as an eye, hand, fabric weave, jewellery, mechanical component or surface texture, surrounding context reduced but still coherent, camera slightly above eye level, camera far enough back to preserve the full silhouette, wide environmental framing, 50mm standard lens perspective, minimal uncluttered composition, clean edge separation around the subject, clear camera-to-subject relationship, coherent spatial orientation","wide establishing shot, unrelated full scene, multiple competing focal points, unintentional cropping, ambiguous detail, contradictory camera angle, impossible perspective, duplicate subject, extra limbs, fused limbs, twisted anatomy, broken neck, malformed hands, inconsistent body direction, floating objects, warped background, random text, watermark, logo artifacts, low detail, blur",Perspective/Extreme Close-Up Detail,1,False
"0057 | Perspective/Extreme Close-Up Detail/Extreme Close-Up Detail — balanced square-format framing, camera aligned with the subject upper back, 35mm lens perspective","camera tightly isolating one deliberate detail such as an eye, hand, fabric weave, jewellery, mechanical component or surface texture, surrounding context reduced but still coherent, camera aligned with the subject upper back, camera close enough to prioritise garment texture, balanced square-format framing, 35mm lens perspective, rule-of-thirds placement, balanced focus across subject and surroundings, clear camera-to-subject relationship, coherent spatial orientation","wide establishing shot, unrelated full scene, multiple competing focal points, unintentional cropping, ambiguous detail, contradictory camera angle, impossible perspective, duplicate subject, extra limbs, fused limbs, twisted anatomy, broken neck, malformed hands, inconsistent body direction, floating objects, warped background, random text, watermark, logo artifacts, low detail, blur",Perspective/Extreme Close-Up Detail,1,False
"0058 | Perspective/Extreme Close-Up Detail/Extreme Close-Up Detail — three-quarter body framing, camera close to ground level, 135mm long-lens perspective","camera tightly isolating one deliberate detail such as an eye, hand, fabric weave, jewellery, mechanical component or surface texture, surrounding context reduced but still coherent, camera close to ground level, camera at natural observational distance, three-quarter body framing, 135mm long-lens perspective, symmetrical visual balance, focus prioritising the face when visible, clear camera-to-subject relationship, coherent spatial orientation","wide establishing shot, unrelated full scene, multiple competing focal points, unintentional cropping, ambiguous detail, contradictory camera angle, impossible perspective, duplicate subject, extra limbs, fused limbs, twisted anatomy, broken neck, malformed hands, inconsistent body direction, floating objects, warped background, random text, watermark, logo artifacts, low detail, blur",Perspective/Extreme Close-Up Detail,1,False
"0059 | Perspective/Extreme Close-Up Detail/Extreme Close-Up Detail — wide environmental framing, camera at eye level, 28mm moderately wide perspective","camera tightly isolating one deliberate detail such as an eye, hand, fabric weave, jewellery, mechanical component or surface texture, surrounding context reduced but still coherent, camera at eye level, camera positioned to include foreground depth, wide environmental framing, 28mm moderately wide perspective, slightly off-centre editorial composition, clean edge separation around the subject, clear camera-to-subject relationship, coherent spatial orientation","wide establishing shot, unrelated full scene, multiple competing focal points, unintentional cropping, ambiguous detail, contradictory camera angle, impossible perspective, duplicate subject, extra limbs, fused limbs, twisted anatomy, broken neck, malformed hands, inconsistent body direction, floating objects, warped background, random text, watermark, logo artifacts, low detail, blur",Perspective/Extreme Close-Up Detail,1,False
"0060 | Perspective/Extreme Close-Up Detail/Extreme Close-Up Detail — full-body framing, camera aligned with the subject upper back, 105mm compressed portrait perspective","camera tightly isolating one deliberate detail such as an eye, hand, fabric weave, jewellery, mechanical component or surface texture, surrounding context reduced but still coherent, camera aligned with the subject upper back, camera several metres from the subject, full-body framing, 105mm compressed portrait perspective, clean negative space around the subject, focus prioritising the face when visible, clear camera-to-subject relationship, coherent spatial orientation","wide establishing shot, unrelated full scene, multiple competing focal points, unintentional cropping, ambiguous detail, contradictory camera angle, impossible perspective, duplicate subject, extra limbs, fused limbs, twisted anatomy, broken neck, malformed hands, inconsistent body direction, floating objects, warped background, random text, watermark, logo artifacts, low detail, blur",Perspective/Extreme Close-Up Detail,1,False
"0061 | Perspective/Extreme Close-Up Detail/Extreme Close-Up Detail — waist-up framing, camera close to ground level, 40mm natural perspective","camera tightly isolating one deliberate detail such as an eye, hand, fabric weave, jewellery, mechanical component or surface texture, surrounding context reduced but still coherent, camera close to ground level, camera at moderate environmental distance, waist-up framing, 40mm natural perspective, strong leading lines directing attention to the subject, focus centred on clothing and body orientation, clear camera-to-subject relationship, coherent spatial orientation","wide establishing shot, unrelated full scene, multiple competing focal points, unintentional cropping, ambiguous detail, contradictory camera angle, impossible perspective, duplicate subject, extra limbs, fused limbs, twisted anatomy, broken neck, malformed hands, inconsistent body direction, floating objects, warped background, random text, watermark, logo artifacts, low detail, blur",Perspective/Extreme Close-Up Detail,1,False
"0062 | Perspective/Extreme Close-Up Detail/Extreme Close-Up Detail — three-quarter body framing, camera at waist height, 70mm short-telephoto perspective","camera tightly isolating one deliberate detail such as an eye, hand, fabric weave, jewellery, mechanical component or surface texture, surrounding context reduced but still coherent, camera at waist height, camera several metres from the subject, three-quarter body framing, 70mm short-telephoto perspective, centred composition, shallow depth of field with smooth background separation, clear camera-to-subject relationship, coherent spatial orientation","wide establishing shot, unrelated full scene, multiple competing focal points, unintentional cropping, ambiguous detail, contradictory camera angle, impossible perspective, duplicate subject, extra limbs, fused limbs, twisted anatomy, broken neck, malformed hands, inconsistent body direction, floating objects, warped background, random text, watermark, logo artifacts, low detail, blur",Perspective/Extreme Close-Up Detail,1,False
"0063 | Perspective/Extreme Close-Up Detail/Extreme Close-Up Detail — head-and-shoulders framing, camera at waist height, 105mm compressed portrait perspective","camera tightly isolating one deliberate detail such as an eye, hand, fabric weave, jewellery, mechanical component or surface texture, surrounding context reduced but still coherent, camera at waist height, camera positioned to include foreground depth, head-and-shoulders framing, 105mm compressed portrait perspective, environment framing the subject naturally, moderate depth of field preserving environmental context, clear camera-to-subject relationship, coherent spatial orientation","wide establishing shot, unrelated full scene, multiple competing focal points, unintentional cropping, ambiguous detail, contradictory camera angle, impossible perspective, duplicate subject, extra limbs, fused limbs, twisted anatomy, broken neck, malformed hands, inconsistent body direction, floating objects, warped background, random text, watermark, logo artifacts, low detail, blur",Perspective/Extreme Close-Up Detail,1,False
"0064 | Perspective/Extreme Close-Up Detail/Extreme Close-Up Detail — waist-up framing, camera elevated above the subject, 28mm moderately wide perspective","camera tightly isolating one deliberate detail such as an eye, hand, fabric weave, jewellery, mechanical component or surface texture, surrounding context reduced but still coherent, camera elevated above the subject, camera several metres from the subject, waist-up framing, 28mm moderately wide perspective, rule-of-thirds placement, moderate depth of field preserving environmental context, clear camera-to-subject relationship, coherent spatial orientation","wide establishing shot, unrelated full scene, multiple competing focal points, unintentional cropping, ambiguous detail, contradictory camera angle, impossible perspective, duplicate subject, extra limbs, fused limbs, twisted anatomy, broken neck, malformed hands, inconsistent body direction, floating objects, warped background, random text, watermark, logo artifacts, low detail, blur",Perspective/Extreme Close-Up Detail,1,False
"0065 | Perspective/Extreme Close-Up Detail/Extreme Close-Up Detail — waist-up framing, camera at chest height, 24mm wide-angle perspective with controlled distortion","camera tightly isolating one deliberate detail such as an eye, hand, fabric weave, jewellery, mechanical component or surface texture, surrounding context reduced but still coherent, camera at chest height, camera at natural observational distance, waist-up framing, 24mm wide-angle perspective with controlled distortion, minimal uncluttered composition, moderate depth of field preserving environmental context, clear camera-to-subject relationship, coherent spatial orientation","wide establishing shot, unrelated full scene, multiple competing focal points, unintentional cropping, ambiguous detail, contradictory camera angle, impossible perspective, duplicate subject, extra limbs, fused limbs, twisted anatomy, broken neck, malformed hands, inconsistent body direction, floating objects, warped background, random text, watermark, logo artifacts, low detail, blur",Perspective/Extreme Close-Up Detail,1,False
"0066 | Perspective/Extreme Close-Up Detail/Extreme Close-Up Detail — tight portrait framing, camera elevated above the subject, 65mm portrait perspective","camera tightly isolating one deliberate detail such as an eye, hand, fabric weave, jewellery, mechanical component or surface texture, surrounding context reduced but still coherent, camera elevated above the subject, camera several metres from the subject, tight portrait framing, 65mm portrait perspective, slightly off-centre editorial composition, subject sharply defined against a softly separated background, clear camera-to-subject relationship, coherent spatial orientation","wide establishing shot, unrelated full scene, multiple competing focal points, unintentional cropping, ambiguous detail, contradictory camera angle, impossible perspective, duplicate subject, extra limbs, fused limbs, twisted anatomy, broken neck, malformed hands, inconsistent body direction, floating objects, warped background, random text, watermark, logo artifacts, low detail, blur",Perspective/Extreme Close-Up Detail,1,False
"0067 | Perspective/Extreme Close-Up Detail/Extreme Close-Up Detail — three-quarter body framing, camera slightly below eye level, 135mm long-lens perspective","camera tightly isolating one deliberate detail such as an eye, hand, fabric weave, jewellery, mechanical component or surface texture, surrounding context reduced but still coherent, camera slightly below eye level, camera at natural observational distance, three-quarter body framing, 135mm long-lens perspective, strong leading lines directing attention to the subject, deep focus with foreground and background clearly readable, clear camera-to-subject relationship, coherent spatial orientation","wide establishing shot, unrelated full scene, multiple competing focal points, unintentional cropping, ambiguous detail, contradictory camera angle, impossible perspective, duplicate subject, extra limbs, fused limbs, twisted anatomy, broken neck, malformed hands, inconsistent body direction, floating objects, warped background, random text, watermark, logo artifacts, low detail, blur",Perspective/Extreme Close-Up Detail,1,False
"0068 | Perspective/Extreme Close-Up Detail/Extreme Close-Up Detail — waist-up framing, camera at waist height, 40mm natural perspective","camera tightly isolating one deliberate detail such as an eye, hand, fabric weave, jewellery, mechanical component or surface texture, surrounding context reduced but still coherent, camera at waist height, camera at natural observational distance, waist-up framing, 40mm natural perspective, environment framing the subject naturally, focus centred on clothing and body orientation, clear camera-to-subject relationship, coherent spatial orientation","wide establishing shot, unrelated full scene, multiple competing focal points, unintentional cropping, ambiguous detail, contradictory camera angle, impossible perspective, duplicate subject, extra limbs, fused limbs, twisted anatomy, broken neck, malformed hands, inconsistent body direction, floating objects, warped background, random text, watermark, logo artifacts, low detail, blur",Perspective/Extreme Close-Up Detail,1,False
"0069 | Perspective/Extreme Close-Up Detail/Extreme Close-Up Detail — medium portrait framing, camera aligned with the subject upper back, 50mm standard lens perspective","camera tightly isolating one deliberate detail such as an eye, hand, fabric weave, jewellery, mechanical component or surface texture, surrounding context reduced but still coherent, camera aligned with the subject upper back, camera positioned to include foreground depth, medium portrait framing, 50mm standard lens perspective, slightly off-centre editorial composition, focus centred on clothing and body orientation, clear camera-to-subject relationship, coherent spatial orientation","wide establishing shot, unrelated full scene, multiple competing focal points, unintentional cropping, ambiguous detail, contradictory camera angle, impossible perspective, duplicate subject, extra limbs, fused limbs, twisted anatomy, broken neck, malformed hands, inconsistent body direction, floating objects, warped background, random text, watermark, logo artifacts, low detail, blur",Perspective/Extreme Close-Up Detail,1,False
"0070 | Perspective/Extreme Close-Up Detail/Extreme Close-Up Detail — head-and-shoulders framing, camera slightly below eye level, 28mm moderately wide perspective","camera tightly isolating one deliberate detail such as an eye, hand, fabric weave, jewellery, mechanical component or surface texture, surrounding context reduced but still coherent, camera slightly below eye level, camera at conversational distance, head-and-shoulders framing, 28mm moderately wide perspective, minimal uncluttered composition, focus prioritising the face when visible, clear camera-to-subject relationship, coherent spatial orientation","wide establishing shot, unrelated full scene, multiple competing focal points, unintentional cropping, ambiguous detail, contradictory camera angle, impossible perspective, duplicate subject, extra limbs, fused limbs, twisted anatomy, broken neck, malformed hands, inconsistent body direction, floating objects, warped background, random text, watermark, logo artifacts, low detail, blur",Perspective/Extreme Close-Up Detail,1,False
"0071 | Perspective/Extreme Close-Up Detail/Extreme Close-Up Detail — waist-up framing, camera at chest height, 28mm moderately wide perspective","camera tightly isolating one deliberate detail such as an eye, hand, fabric weave, jewellery, mechanical component or surface texture, surrounding context reduced but still coherent, camera at chest height, camera far enough back to preserve the full silhouette, waist-up framing, 28mm moderately wide perspective, asymmetrical cinematic balance, focus centred on clothing and body orientation, clear camera-to-subject relationship, coherent spatial orientation","wide establishing shot, unrelated full scene, multiple competing focal points, unintentional cropping, ambiguous detail, contradictory camera angle, impossible perspective, duplicate subject, extra limbs, fused limbs, twisted anatomy, broken neck, malformed hands, inconsistent body direction, floating objects, warped background, random text, watermark, logo artifacts, low detail, blur",Perspective/Extreme Close-Up Detail,1,False
"0072 | Perspective/Extreme Close-Up Detail/Extreme Close-Up Detail — three-quarter body framing, camera at chest height, 24mm wide-angle perspective with controlled distortion","camera tightly isolating one deliberate detail such as an eye, hand, fabric weave, jewellery, mechanical component or surface texture, surrounding context reduced but still coherent, camera at chest height, camera at moderate environmental distance, three-quarter body framing, 24mm wide-angle perspective with controlled distortion, strong leading lines directing attention to the subject, focus prioritising the back silhouette and shoulder line, clear camera-to-subject relationship, coherent spatial orientation","wide establishing shot, unrelated full scene, multiple competing focal points, unintentional cropping, ambiguous detail, contradictory camera angle, impossible perspective, duplicate subject, extra limbs, fused limbs, twisted anatomy, broken neck, malformed hands, inconsistent body direction, floating objects, warped background, random text, watermark, logo artifacts, low detail, blur",Perspective/Extreme Close-Up Detail,1,False
"0073 | Perspective/Extreme Close-Up Detail/Extreme Close-Up Detail — balanced square-format framing, camera close to ground level, 35mm lens perspective","camera tightly isolating one deliberate detail such as an eye, hand, fabric weave, jewellery, mechanical component or surface texture, surrounding context reduced but still coherent, camera close to ground level, camera close to the subject, balanced square-format framing, 35mm lens perspective, slightly off-centre editorial composition, clean edge separation around the subject, clear camera-to-subject relationship, coherent spatial orientation","wide establishing shot, unrelated full scene, multiple competing focal points, unintentional cropping, ambiguous detail, contradictory camera angle, impossible perspective, duplicate subject, extra limbs, fused limbs, twisted anatomy, broken neck, malformed hands, inconsistent body direction, floating objects, warped background, random text, watermark, logo artifacts, low detail, blur",Perspective/Extreme Close-Up Detail,1,False
"0074 | Perspective/Extreme Close-Up Detail/Extreme Close-Up Detail — head-and-shoulders framing, camera at knee height, 35mm lens perspective","camera tightly isolating one deliberate detail such as an eye, hand, fabric weave, jewellery, mechanical component or surface texture, surrounding context reduced but still coherent, camera at knee height, camera at intimate portrait distance, head-and-shoulders framing, 35mm lens perspective, symmetrical visual balance, clean edge separation around the subject, clear camera-to-subject relationship, coherent spatial orientation","wide establishing shot, unrelated full scene, multiple competing focal points, unintentional cropping, ambiguous detail, contradictory camera angle, impossible perspective, duplicate subject, extra limbs, fused limbs, twisted anatomy, broken neck, malformed hands, inconsistent body direction, floating objects, warped background, random text, watermark, logo artifacts, low detail, blur",Perspective/Extreme Close-Up Detail,1,False
"0075 | Perspective/Extreme Close-Up Detail/Extreme Close-Up Detail — medium portrait framing, camera close to ground level, 70mm short-telephoto perspective","camera tightly isolating one deliberate detail such as an eye, hand, fabric weave, jewellery, mechanical component or surface texture, surrounding context reduced but still coherent, camera close to ground level, camera at natural observational distance, medium portrait framing, 70mm short-telephoto perspective, symmetrical visual balance, focus locked on the primary subject silhouette, clear camera-to-subject relationship, coherent spatial orientation","wide establishing shot, unrelated full scene, multiple competing focal points, unintentional cropping, ambiguous detail, contradictory camera angle, impossible perspective, duplicate subject, extra limbs, fused limbs, twisted anatomy, broken neck, malformed hands, inconsistent body direction, floating objects, warped background, random text, watermark, logo artifacts, low detail, blur",Perspective/Extreme Close-Up Detail,1,False
"0076 | Perspective/Extreme Close-Up Detail/Extreme Close-Up Detail — waist-up framing, camera slightly above eye level, 85mm portrait perspective","camera tightly isolating one deliberate detail such as an eye, hand, fabric weave, jewellery, mechanical component or surface texture, surrounding context reduced but still coherent, camera slightly above eye level, camera close enough to prioritise garment texture, waist-up framing, 85mm portrait perspective, clean negative space around the subject, subject sharply defined against a softly separated background, clear camera-to-subject relationship, coherent spatial orientation","wide establishing shot, unrelated full scene, multiple competing focal points, unintentional cropping, ambiguous detail, contradictory camera angle, impossible perspective, duplicate subject, extra limbs, fused limbs, twisted anatomy, broken neck, malformed hands, inconsistent body direction, floating objects, warped background, random text, watermark, logo artifacts, low detail, blur",Perspective/Extreme Close-Up Detail,1,False
"0077 | Perspective/Extreme Close-Up Detail/Extreme Close-Up Detail — medium portrait framing, camera aligned with the subject upper back, 35mm lens perspective","camera tightly isolating one deliberate detail such as an eye, hand, fabric weave, jewellery, mechanical component or surface texture, surrounding context reduced but still coherent, camera aligned with the subject upper back, camera close to the subject, medium portrait framing, 35mm lens perspective, slightly off-centre editorial composition, focus locked on the primary subject silhouette, clear camera-to-subject relationship, coherent spatial orientation","wide establishing shot, unrelated full scene, multiple competing focal points, unintentional cropping, ambiguous detail, contradictory camera angle, impossible perspective, duplicate subject, extra limbs, fused limbs, twisted anatomy, broken neck, malformed hands, inconsistent body direction, floating objects, warped background, random text, watermark, logo artifacts, low detail, blur",Perspective/Extreme Close-Up Detail,1,False
"0078 | Perspective/Extreme Close-Up Detail/Extreme Close-Up Detail — balanced square-format framing, camera at waist height, 50mm standard lens perspective","camera tightly isolating one deliberate detail such as an eye, hand, fabric weave, jewellery, mechanical component or surface texture, surrounding context reduced but still coherent, camera at waist height, camera positioned to include the surrounding environment, balanced square-format framing, 50mm standard lens perspective, symmetrical visual balance, focus locked on the primary subject silhouette, clear camera-to-subject relationship, coherent spatial orientation","wide establishing shot, unrelated full scene, multiple competing focal points, unintentional cropping, ambiguous detail, contradictory camera angle, impossible perspective, duplicate subject, extra limbs, fused limbs, twisted anatomy, broken neck, malformed hands, inconsistent body direction, floating objects, warped background, random text, watermark, logo artifacts, low detail, blur",Perspective/Extreme Close-Up Detail,1,False
"0079 | Perspective/Extreme Close-Up Detail/Extreme Close-Up Detail — vertical editorial framing, camera at knee height, 40mm natural perspective","camera tightly isolating one deliberate detail such as an eye, hand, fabric weave, jewellery, mechanical component or surface texture, surrounding context reduced but still coherent, camera at knee height, camera close to the subject, vertical editorial framing, 40mm natural perspective, strong leading lines directing attention to the subject, focus prioritising the back silhouette and shoulder line, clear camera-to-subject relationship, coherent spatial orientation","wide establishing shot, unrelated full scene, multiple competing focal points, unintentional cropping, ambiguous detail, contradictory camera angle, impossible perspective, duplicate subject, extra limbs, fused limbs, twisted anatomy, broken neck, malformed hands, inconsistent body direction, floating objects, warped background, random text, watermark, logo artifacts, low detail, blur",Perspective/Extreme Close-Up Detail,1,False
"0080 | Perspective/Extreme Close-Up Detail/Extreme Close-Up Detail — balanced square-format framing, camera at knee height, 135mm long-lens perspective","camera tightly isolating one deliberate detail such as an eye, hand, fabric weave, jewellery, mechanical component or surface texture, surrounding context reduced but still coherent, camera at knee height, camera close enough to prioritise garment texture, balanced square-format framing, 135mm long-lens perspective, foreground-to-background depth layering, clean edge separation around the subject, clear camera-to-subject relationship, coherent spatial orientation","wide establishing shot, unrelated full scene, multiple competing focal points, unintentional cropping, ambiguous detail, contradictory camera angle, impossible perspective, duplicate subject, extra limbs, fused limbs, twisted anatomy, broken neck, malformed hands, inconsistent body direction, floating objects, warped background, random text, watermark, logo artifacts, low detail, blur",Perspective/Extreme Close-Up Detail,1,False
"0081 | Perspective/Extreme Close-Up Detail/Extreme Close-Up Detail — medium portrait framing, camera at knee height, 24mm wide-angle perspective with controlled distortion","camera tightly isolating one deliberate detail such as an eye, hand, fabric weave, jewellery, mechanical component or surface texture, surrounding context reduced but still coherent, camera at knee height, camera close to the subject, medium portrait framing, 24mm wide-angle perspective with controlled distortion, environment framing the subject naturally, focus prioritising the back silhouette and shoulder line, clear camera-to-subject relationship, coherent spatial orientation","wide establishing shot, unrelated full scene, multiple competing focal points, unintentional cropping, ambiguous detail, contradictory camera angle, impossible perspective, duplicate subject, extra limbs, fused limbs, twisted anatomy, broken neck, malformed hands, inconsistent body direction, floating objects, warped background, random text, watermark, logo artifacts, low detail, blur",Perspective/Extreme Close-Up Detail,1,False
"0082 | Perspective/Extreme Close-Up Detail/Extreme Close-Up Detail — head-and-shoulders framing, camera aligned with the subject upper back, 28mm moderately wide perspective","camera tightly isolating one deliberate detail such as an eye, hand, fabric weave, jewellery, mechanical component or surface texture, surrounding context reduced but still coherent, camera aligned with the subject upper back, camera close enough to prioritise garment texture, head-and-shoulders framing, 28mm moderately wide perspective, strong leading lines directing attention to the subject, focus locked on the primary subject silhouette, clear camera-to-subject relationship, coherent spatial orientation","wide establishing shot, unrelated full scene, multiple competing focal points, unintentional cropping, ambiguous detail, contradictory camera angle, impossible perspective, duplicate subject, extra limbs, fused limbs, twisted anatomy, broken neck, malformed hands, inconsistent body direction, floating objects, warped background, random text, watermark, logo artifacts, low detail, blur",Perspective/Extreme Close-Up Detail,1,False
"0083 | Perspective/Extreme Close-Up Detail/Extreme Close-Up Detail — waist-up framing, camera elevated above the subject, 105mm compressed portrait perspective","camera tightly isolating one deliberate detail such as an eye, hand, fabric weave, jewellery, mechanical component or surface texture, surrounding context reduced but still coherent, camera elevated above the subject, camera at conversational distance, waist-up framing, 105mm compressed portrait perspective, clean negative space around the subject, clean edge separation around the subject, clear camera-to-subject relationship, coherent spatial orientation","wide establishing shot, unrelated full scene, multiple competing focal points, unintentional cropping, ambiguous detail, contradictory camera angle, impossible perspective, duplicate subject, extra limbs, fused limbs, twisted anatomy, broken neck, malformed hands, inconsistent body direction, floating objects, warped background, random text, watermark, logo artifacts, low detail, blur",Perspective/Extreme Close-Up Detail,1,False
"0084 | Perspective/Extreme Close-Up Detail/Extreme Close-Up Detail — full-body framing, camera at waist height, 50mm standard lens perspective","camera tightly isolating one deliberate detail such as an eye, hand, fabric weave, jewellery, mechanical component or surface texture, surrounding context reduced but still coherent, camera at waist height, camera at moderate environmental distance, full-body framing, 50mm standard lens perspective, rule-of-thirds placement, balanced focus across subject and surroundings, clear camera-to-subject relationship, coherent spatial orientation","wide establishing shot, unrelated full scene, multiple competing focal points, unintentional cropping, ambiguous detail, contradictory camera angle, impossible perspective, duplicate subject, extra limbs, fused limbs, twisted anatomy, broken neck, malformed hands, inconsistent body direction, floating objects, warped background, random text, watermark, logo artifacts, low detail, blur",Perspective/Extreme Close-Up Detail,1,False
"0085 | Perspective/Extreme Close-Up Detail/Extreme Close-Up Detail — full-body framing, camera slightly below eye level, 85mm portrait perspective","camera tightly isolating one deliberate detail such as an eye, hand, fabric weave, jewellery, mechanical component or surface texture, surrounding context reduced but still coherent, camera slightly below eye level, camera positioned to include foreground depth, full-body framing, 85mm portrait perspective, slightly off-centre editorial composition, focus centred on clothing and body orientation, clear camera-to-subject relationship, coherent spatial orientation","wide establishing shot, unrelated full scene, multiple competing focal points, unintentional cropping, ambiguous detail, contradictory camera angle, impossible perspective, duplicate subject, extra limbs, fused limbs, twisted anatomy, broken neck, malformed hands, inconsistent body direction, floating objects, warped background, random text, watermark, logo artifacts, low detail, blur",Perspective/Extreme Close-Up Detail,1,False
"0086 | Perspective/Extreme Close-Up Detail/Extreme Close-Up Detail — head-and-shoulders framing, camera at shoulder height, 135mm long-lens perspective","camera tightly isolating one deliberate detail such as an eye, hand, fabric weave, jewellery, mechanical component or surface texture, surrounding context reduced but still coherent, camera at shoulder height, camera at intimate portrait distance, head-and-shoulders framing, 135mm long-lens perspective, clean negative space around the subject, moderate depth of field preserving environmental context, clear camera-to-subject relationship, coherent spatial orientation","wide establishing shot, unrelated full scene, multiple competing focal points, unintentional cropping, ambiguous detail, contradictory camera angle, impossible perspective, duplicate subject, extra limbs, fused limbs, twisted anatomy, broken neck, malformed hands, inconsistent body direction, floating objects, warped background, random text, watermark, logo artifacts, low detail, blur",Perspective/Extreme Close-Up Detail,1,False
"0087 | Perspective/Extreme Close-Up Detail/Extreme Close-Up Detail — tight portrait framing, camera aligned with the subject upper back, 40mm natural perspective","camera tightly isolating one deliberate detail such as an eye, hand, fabric weave, jewellery, mechanical component or surface texture, surrounding context reduced but still coherent, camera aligned with the subject upper back, camera at intimate portrait distance, tight portrait framing, 40mm natural perspective, slightly off-centre editorial composition, moderate depth of field preserving environmental context, clear camera-to-subject relationship, coherent spatial orientation","wide establishing shot, unrelated full scene, multiple competing focal points, unintentional cropping, ambiguous detail, contradictory camera angle, impossible perspective, duplicate subject, extra limbs, fused limbs, twisted anatomy, broken neck, malformed hands, inconsistent body direction, floating objects, warped background, random text, watermark, logo artifacts, low detail, blur",Perspective/Extreme Close-Up Detail,1,False
"0088 | Perspective/Extreme Close-Up Detail/Extreme Close-Up Detail — cinematic landscape framing, camera at knee height, 70mm short-telephoto perspective","camera tightly isolating one deliberate detail such as an eye, hand, fabric weave, jewellery, mechanical component or surface texture, surrounding context reduced but still coherent, camera at knee height, camera far enough back to preserve the full silhouette, cinematic landscape framing, 70mm short-telephoto perspective, rule-of-thirds placement, focus prioritising the back silhouette and shoulder line, clear camera-to-subject relationship, coherent spatial orientation","wide establishing shot, unrelated full scene, multiple competing focal points, unintentional cropping, ambiguous detail, contradictory camera angle, impossible perspective, duplicate subject, extra limbs, fused limbs, twisted anatomy, broken neck, malformed hands, inconsistent body direction, floating objects, warped background, random text, watermark, logo artifacts, low detail, blur",Perspective/Extreme Close-Up Detail,1,False
"0089 | Perspective/Extreme Close-Up Detail/Extreme Close-Up Detail — three-quarter body framing, camera at waist height, 35mm lens perspective","camera tightly isolating one deliberate detail such as an eye, hand, fabric weave, jewellery, mechanical component or surface texture, surrounding context reduced but still coherent, camera at waist height, camera several metres from the subject, three-quarter body framing, 35mm lens perspective, centred composition, moderate depth of field preserving environmental context, clear camera-to-subject relationship, coherent spatial orientation","wide establishing shot, unrelated full scene, multiple competing focal points, unintentional cropping, ambiguous detail, contradictory camera angle, impossible perspective, duplicate subject, extra limbs, fused limbs, twisted anatomy, broken neck, malformed hands, inconsistent body direction, floating objects, warped background, random text, watermark, logo artifacts, low detail, blur",Perspective/Extreme Close-Up Detail,1,False
"0090 | Perspective/Extreme Close-Up Detail/Extreme Close-Up Detail — balanced square-format framing, camera at waist height, 35mm lens perspective","camera tightly isolating one deliberate detail such as an eye, hand, fabric weave, jewellery, mechanical component or surface texture, surrounding context reduced but still coherent, camera at waist height, camera positioned to include the surrounding environment, balanced square-format framing, 35mm lens perspective, symmetrical visual balance, moderate depth of field preserving environmental context, clear camera-to-subject relationship, coherent spatial orientation","wide establishing shot, unrelated full scene, multiple competing focal points, unintentional cropping, ambiguous detail, contradictory camera angle, impossible perspective, duplicate subject, extra limbs, fused limbs, twisted anatomy, broken neck, malformed hands, inconsistent body direction, floating objects, warped background, random text, watermark, logo artifacts, low detail, blur",Perspective/Extreme Close-Up Detail,1,False
"0091 | Perspective/Extreme Close-Up Detail/Extreme Close-Up Detail — medium portrait framing, camera at waist height, 65mm portrait perspective","camera tightly isolating one deliberate detail such as an eye, hand, fabric weave, jewellery, mechanical component or surface texture, surrounding context reduced but still coherent, camera at waist height, camera at intimate portrait distance, medium portrait framing, 65mm portrait perspective, slightly off-centre editorial composition, focus locked on the primary subject silhouette, clear camera-to-subject relationship, coherent spatial orientation","wide establishing shot, unrelated full scene, multiple competing focal points, unintentional cropping, ambiguous detail, contradictory camera angle, impossible perspective, duplicate subject, extra limbs, fused limbs, twisted anatomy, broken neck, malformed hands, inconsistent body direction, floating objects, warped background, random text, watermark, logo artifacts, low detail, blur",Perspective/Extreme Close-Up Detail,1,False
"0092 | Perspective/Extreme Close-Up Detail/Extreme Close-Up Detail — tight portrait framing, camera at knee height, 35mm lens perspective","camera tightly isolating one deliberate detail such as an eye, hand, fabric weave, jewellery, mechanical component or surface texture, surrounding context reduced but still coherent, camera at knee height, camera positioned to include foreground depth, tight portrait framing, 35mm lens perspective, strong leading lines directing attention to the subject, balanced focus across subject and surroundings, clear camera-to-subject relationship, coherent spatial orientation","wide establishing shot, unrelated full scene, multiple competing focal points, unintentional cropping, ambiguous detail, contradictory camera angle, impossible perspective, duplicate subject, extra limbs, fused limbs, twisted anatomy, broken neck, malformed hands, inconsistent body direction, floating objects, warped background, random text, watermark, logo artifacts, low detail, blur",Perspective/Extreme Close-Up Detail,1,False
"0093 | Perspective/Extreme Close-Up Detail/Extreme Close-Up Detail — three-quarter body framing, camera slightly below eye level, 85mm portrait perspective","camera tightly isolating one deliberate detail such as an eye, hand, fabric weave, jewellery, mechanical component or surface texture, surrounding context reduced but still coherent, camera slightly below eye level, camera positioned to include the surrounding environment, three-quarter body framing, 85mm portrait perspective, strong leading lines directing attention to the subject, focus locked on the primary subject silhouette, clear camera-to-subject relationship, coherent spatial orientation","wide establishing shot, unrelated full scene, multiple competing focal points, unintentional cropping, ambiguous detail, contradictory camera angle, impossible perspective, duplicate subject, extra limbs, fused limbs, twisted anatomy, broken neck, malformed hands, inconsistent body direction, floating objects, warped background, random text, watermark, logo artifacts, low detail, blur",Perspective/Extreme Close-Up Detail,1,False
"0094 | Perspective/Extreme Close-Up Detail/Extreme Close-Up Detail — wide environmental framing, camera at waist height, 50mm standard lens perspective","camera tightly isolating one deliberate detail such as an eye, hand, fabric weave, jewellery, mechanical component or surface texture, surrounding context reduced but still coherent, camera at waist height, camera several metres from the subject, wide environmental framing, 50mm standard lens perspective, asymmetrical cinematic balance, deep focus with foreground and background clearly readable, clear camera-to-subject relationship, coherent spatial orientation","wide establishing shot, unrelated full scene, multiple competing focal points, unintentional cropping, ambiguous detail, contradictory camera angle, impossible perspective, duplicate subject, extra limbs, fused limbs, twisted anatomy, broken neck, malformed hands, inconsistent body direction, floating objects, warped background, random text, watermark, logo artifacts, low detail, blur",Perspective/Extreme Close-Up Detail,1,False
"0095 | Perspective/Extreme Close-Up Detail/Extreme Close-Up Detail — tight portrait framing, camera at waist height, 28mm moderately wide perspective","camera tightly isolating one deliberate detail such as an eye, hand, fabric weave, jewellery, mechanical component or surface texture, surrounding context reduced but still coherent, camera at waist height, camera at natural observational distance, tight portrait framing, 28mm moderately wide perspective, rule-of-thirds placement, deep focus with foreground and background clearly readable, clear camera-to-subject relationship, coherent spatial orientation","wide establishing shot, unrelated full scene, multiple competing focal points, unintentional cropping, ambiguous detail, contradictory camera angle, impossible perspective, duplicate subject, extra limbs, fused limbs, twisted anatomy, broken neck, malformed hands, inconsistent body direction, floating objects, warped background, random text, watermark, logo artifacts, low detail, blur",Perspective/Extreme Close-Up Detail,1,False
"0096 | Perspective/Extreme Close-Up Detail/Extreme Close-Up Detail — cinematic landscape framing, camera aligned with the subject upper back, 85mm portrait perspective","camera tightly isolating one deliberate detail such as an eye, hand, fabric weave, jewellery, mechanical component or surface texture, surrounding context reduced but still coherent, camera aligned with the subject upper back, camera close to the subject, cinematic landscape framing, 85mm portrait perspective, centred composition, focus locked on the primary subject silhouette, clear camera-to-subject relationship, coherent spatial orientation","wide establishing shot, unrelated full scene, multiple competing focal points, unintentional cropping, ambiguous detail, contradictory camera angle, impossible perspective, duplicate subject, extra limbs, fused limbs, twisted anatomy, broken neck, malformed hands, inconsistent body direction, floating objects, warped background, random text, watermark, logo artifacts, low detail, blur",Perspective/Extreme Close-Up Detail,1,False
"0097 | Perspective/Extreme Close-Up Detail/Extreme Close-Up Detail — medium portrait framing, camera slightly below eye level, 135mm long-lens perspective","camera tightly isolating one deliberate detail such as an eye, hand, fabric weave, jewellery, mechanical component or surface texture, surrounding context reduced but still coherent, camera slightly below eye level, camera far enough back to preserve the full silhouette, medium portrait framing, 135mm long-lens perspective, environment framing the subject naturally, focus prioritising the face when visible, clear camera-to-subject relationship, coherent spatial orientation","wide establishing shot, unrelated full scene, multiple competing focal points, unintentional cropping, ambiguous detail, contradictory camera angle, impossible perspective, duplicate subject, extra limbs, fused limbs, twisted anatomy, broken neck, malformed hands, inconsistent body direction, floating objects, warped background, random text, watermark, logo artifacts, low detail, blur",Perspective/Extreme Close-Up Detail,1,False
"0098 | Perspective/Extreme Close-Up Detail/Extreme Close-Up Detail — vertical editorial framing, camera slightly above eye level, 40mm natural perspective","camera tightly isolating one deliberate detail such as an eye, hand, fabric weave, jewellery, mechanical component or surface texture, surrounding context reduced but still coherent, camera slightly above eye level, camera at conversational distance, vertical editorial framing, 40mm natural perspective, foreground-to-background depth layering, deep focus with foreground and background clearly readable, clear camera-to-subject relationship, coherent spatial orientation","wide establishing shot, unrelated full scene, multiple competing focal points, unintentional cropping, ambiguous detail, contradictory camera angle, impossible perspective, duplicate subject, extra limbs, fused limbs, twisted anatomy, broken neck, malformed hands, inconsistent body direction, floating objects, warped background, random text, watermark, logo artifacts, low detail, blur",Perspective/Extreme Close-Up Detail,1,False
"0099 | Perspective/Extreme Close-Up Detail/Extreme Close-Up Detail — waist-up framing, camera at eye level, 35mm lens perspective","camera tightly isolating one deliberate detail such as an eye, hand, fabric weave, jewellery, mechanical component or surface texture, surrounding context reduced but still coherent, camera at eye level, camera positioned to include the surrounding environment, waist-up framing, 35mm lens perspective, centred composition, moderate depth of field preserving environmental context, clear camera-to-subject relationship, coherent spatial orientation","wide establishing shot, unrelated full scene, multiple competing focal points, unintentional cropping, ambiguous detail, contradictory camera angle, impossible perspective, duplicate subject, extra limbs, fused limbs, twisted anatomy, broken neck, malformed hands, inconsistent body direction, floating objects, warped background, random text, watermark, logo artifacts, low detail, blur",Perspective/Extreme Close-Up Detail,1,False
"0100 | Perspective/Extreme Close-Up Detail/Extreme Close-Up Detail — head-and-shoulders framing, camera slightly above eye level, 135mm long-lens perspective","camera tightly isolating one deliberate detail such as an eye, hand, fabric weave, jewellery, mechanical component or surface texture, surrounding context reduced but still coherent, camera slightly above eye level, camera at natural observational distance, head-and-shoulders framing, 135mm long-lens perspective, centred composition, focus prioritising the face when visible, clear camera-to-subject relationship, coherent spatial orientation","wide establishing shot, unrelated full scene, multiple competing focal points, unintentional cropping, ambiguous detail, contradictory camera angle, impossible perspective, duplicate subject, extra limbs, fused limbs, twisted anatomy, broken neck, malformed hands, inconsistent body direction, floating objects, warped background, random text, watermark, logo artifacts, low detail, blur",Perspective/Extreme Close-Up Detail,1,False
