name,prompt,negative_prompt,category,weight,favorite
"0001 | Perspective/Dutch Angle Left/Left Dutch-Angle Camera — wide environmental framing, 18mm ultra-wide lens with controlled distortion, foreground-to-background depth layering","camera perspective and framing instruction only; preserve every existing subject pose, action, expression, body arrangement, clothing, interaction, limb placement, prop placement, and scene event supplied by the other prompt inputs; camera rolled moderately counter-clockwise, diagonal horizon created by camera rotation only; close camera distance; wide environmental framing; 18mm ultra-wide lens with controlled distortion; foreground-to-background depth layering; focus weighted toward clothing and material texture; coherent camera-to-scene geometry; do not reinterpret the subject's pose or action","body twisted to imitate tilt, level horizon, extreme rotation, changed pose, changed action, changed expression, changed clothing, changed body arrangement, altered limb placement, invented gesture, contradictory camera angle, impossible perspective, duplicate subject, accidental extra person, warped architecture, inconsistent scale, random text, watermark, logo artifacts, low detail, blur",Perspective/Dutch Angle Left,1,False
"0002 | Perspective/Dutch Angle Left/Left Dutch-Angle Camera — tight crop, 18mm ultra-wide lens with controlled distortion, asymmetrical cinematic balance","camera perspective and framing instruction only; preserve every existing subject pose, action, expression, body arrangement, clothing, interaction, limb placement, prop placement, and scene event supplied by the other prompt inputs; camera rolled moderately counter-clockwise, diagonal horizon created by camera rotation only; environmental portrait distance; tight crop; 18mm ultra-wide lens with controlled distortion; asymmetrical cinematic balance; foreground softly separated from the subject; coherent camera-to-scene geometry; do not reinterpret the subject's pose or action","body twisted to imitate tilt, level horizon, extreme rotation, changed pose, changed action, changed expression, changed clothing, changed body arrangement, altered limb placement, invented gesture, contradictory camera angle, impossible perspective, duplicate subject, accidental extra person, warped architecture, inconsistent scale, random text, watermark, logo artifacts, low detail, blur",Perspective/Dutch Angle Left,1,False
"0003 | Perspective/Dutch Angle Left/Left Dutch-Angle Camera — three-quarter-length crop, 105mm compressed portrait lens, environmental elements framing the subject","camera perspective and framing instruction only; preserve every existing subject pose, action, expression, body arrangement, clothing, interaction, limb placement, prop placement, and scene event supplied by the other prompt inputs; camera rolled moderately counter-clockwise, diagonal horizon created by camera rotation only; wide scene distance; three-quarter-length crop; 105mm compressed portrait lens; environmental elements framing the subject; focus weighted toward facial detail when visible; coherent camera-to-scene geometry; do not reinterpret the subject's pose or action","body twisted to imitate tilt, level horizon, extreme rotation, changed pose, changed action, changed expression, changed clothing, changed body arrangement, altered limb placement, invented gesture, contradictory camera angle, impossible perspective, duplicate subject, accidental extra person, warped architecture, inconsistent scale, random text, watermark, logo artifacts, low detail, blur",Perspective/Dutch Angle Left,1,False
"0004 | Perspective/Dutch Angle Left/Left Dutch-Angle Camera — tight crop, 65mm short-portrait lens, slightly off-centre editorial composition","camera perspective and framing instruction only; preserve every existing subject pose, action, expression, body arrangement, clothing, interaction, limb placement, prop placement, and scene event supplied by the other prompt inputs; camera rolled moderately counter-clockwise, diagonal horizon created by camera rotation only; conversational camera distance; tight crop; 65mm short-portrait lens; slightly off-centre editorial composition; deep focus across the visible environment; coherent camera-to-scene geometry; do not reinterpret the subject's pose or action","body twisted to imitate tilt, level horizon, extreme rotation, changed pose, changed action, changed expression, changed clothing, changed body arrangement, altered limb placement, invented gesture, contradictory camera angle, impossible perspective, duplicate subject, accidental extra person, warped architecture, inconsistent scale, random text, watermark, logo artifacts, low detail, blur",Perspective/Dutch Angle Left,1,False
"0005 | Perspective/Dutch Angle Left/Left Dutch-Angle Camera — full-figure framing, 50mm standard lens, minimal uncluttered composition","camera perspective and framing instruction only; preserve every existing subject pose, action, expression, body arrangement, clothing, interaction, limb placement, prop placement, and scene event supplied by the other prompt inputs; camera rolled moderately counter-clockwise, diagonal horizon created by camera rotation only; full-figure camera distance; full-figure framing; 50mm standard lens; minimal uncluttered composition; shallow depth of field with clean subject separation; coherent camera-to-scene geometry; do not reinterpret the subject's pose or action","body twisted to imitate tilt, level horizon, extreme rotation, changed pose, changed action, changed expression, changed clothing, changed body arrangement, altered limb placement, invented gesture, contradictory camera angle, impossible perspective, duplicate subject, accidental extra person, warped architecture, inconsistent scale, random text, watermark, logo artifacts, low detail, blur",Perspective/Dutch Angle Left,1,False
"0006 | Perspective/Dutch Angle Left/Left Dutch-Angle Camera — full-figure framing, 135mm telephoto lens, slightly off-centre editorial composition","camera perspective and framing instruction only; preserve every existing subject pose, action, expression, body arrangement, clothing, interaction, limb placement, prop placement, and scene event supplied by the other prompt inputs; camera rolled moderately counter-clockwise, diagonal horizon created by camera rotation only; full-figure camera distance; full-figure framing; 135mm telephoto lens; slightly off-centre editorial composition; shallow depth of field with clean subject separation; coherent camera-to-scene geometry; do not reinterpret the subject's pose or action","body twisted to imitate tilt, level horizon, extreme rotation, changed pose, changed action, changed expression, changed clothing, changed body arrangement, altered limb placement, invented gesture, contradictory camera angle, impossible perspective, duplicate subject, accidental extra person, warped architecture, inconsistent scale, random text, watermark, logo artifacts, low detail, blur",Perspective/Dutch Angle Left,1,False
"0007 | Perspective/Dutch Angle Left/Left Dutch-Angle Camera — medium crop, 65mm short-portrait lens, rule-of-thirds composition","camera perspective and framing instruction only; preserve every existing subject pose, action, expression, body arrangement, clothing, interaction, limb placement, prop placement, and scene event supplied by the other prompt inputs; camera rolled moderately counter-clockwise, diagonal horizon created by camera rotation only; close camera distance; medium crop; 65mm short-portrait lens; rule-of-thirds composition; focus locked on the primary subject; coherent camera-to-scene geometry; do not reinterpret the subject's pose or action","body twisted to imitate tilt, level horizon, extreme rotation, changed pose, changed action, changed expression, changed clothing, changed body arrangement, altered limb placement, invented gesture, contradictory camera angle, impossible perspective, duplicate subject, accidental extra person, warped architecture, inconsistent scale, random text, watermark, logo artifacts, low detail, blur",Perspective/Dutch Angle Left,1,False
"0008 | Perspective/Dutch Angle Left/Left Dutch-Angle Camera — wide environmental framing, 105mm compressed portrait lens, symmetrical visual balance","camera perspective and framing instruction only; preserve every existing subject pose, action, expression, body arrangement, clothing, interaction, limb placement, prop placement, and scene event supplied by the other prompt inputs; camera rolled moderately counter-clockwise, diagonal horizon created by camera rotation only; moderate camera distance; wide environmental framing; 105mm compressed portrait lens; symmetrical visual balance; focus weighted toward facial detail when visible; coherent camera-to-scene geometry; do not reinterpret the subject's pose or action","body twisted to imitate tilt, level horizon, extreme rotation, changed pose, changed action, changed expression, changed clothing, changed body arrangement, altered limb placement, invented gesture, contradictory camera angle, impossible perspective, duplicate subject, accidental extra person, warped architecture, inconsistent scale, random text, watermark, logo artifacts, low detail, blur",Perspective/Dutch Angle Left,1,False
"0009 | Perspective/Dutch Angle Left/Left Dutch-Angle Camera — head-and-shoulders crop, 50mm standard lens, foreground-to-background depth layering","camera perspective and framing instruction only; preserve every existing subject pose, action, expression, body arrangement, clothing, interaction, limb placement, prop placement, and scene event supplied by the other prompt inputs; camera rolled moderately counter-clockwise, diagonal horizon created by camera rotation only; camera far enough back to preserve spatial context; head-and-shoulders crop; 50mm standard lens; foreground-to-background depth layering; balanced focus between subject and immediate surroundings; coherent camera-to-scene geometry; do not reinterpret the subject's pose or action","body twisted to imitate tilt, level horizon, extreme rotation, changed pose, changed action, changed expression, changed clothing, changed body arrangement, altered limb placement, invented gesture, contradictory camera angle, impossible perspective, duplicate subject, accidental extra person, warped architecture, inconsistent scale, random text, watermark, logo artifacts, low detail, blur",Perspective/Dutch Angle Left,1,False
"0010 | Perspective/Dutch Angle Left/Left Dutch-Angle Camera — cinematic landscape framing, 65mm short-portrait lens, minimal uncluttered composition","camera perspective and framing instruction only; preserve every existing subject pose, action, expression, body arrangement, clothing, interaction, limb placement, prop placement, and scene event supplied by the other prompt inputs; camera rolled moderately counter-clockwise, diagonal horizon created by camera rotation only; intimate portrait distance; cinematic landscape framing; 65mm short-portrait lens; minimal uncluttered composition; foreground softly separated from the subject; coherent camera-to-scene geometry; do not reinterpret the subject's pose or action","body twisted to imitate tilt, level horizon, extreme rotation, changed pose, changed action, changed expression, changed clothing, changed body arrangement, altered limb placement, invented gesture, contradictory camera angle, impossible perspective, duplicate subject, accidental extra person, warped architecture, inconsistent scale, random text, watermark, logo artifacts, low detail, blur",Perspective/Dutch Angle Left,1,False
"0011 | Perspective/Dutch Angle Left/Left Dutch-Angle Camera — tight crop, 18mm ultra-wide lens with controlled distortion, symmetrical visual balance","camera perspective and framing instruction only; preserve every existing subject pose, action, expression, body arrangement, clothing, interaction, limb placement, prop placement, and scene event supplied by the other prompt inputs; camera rolled moderately counter-clockwise, diagonal horizon created by camera rotation only; full-figure camera distance; tight crop; 18mm ultra-wide lens with controlled distortion; symmetrical visual balance; shallow depth of field with clean subject separation; coherent camera-to-scene geometry; do not reinterpret the subject's pose or action","body twisted to imitate tilt, level horizon, extreme rotation, changed pose, changed action, changed expression, changed clothing, changed body arrangement, altered limb placement, invented gesture, contradictory camera angle, impossible perspective, duplicate subject, accidental extra person, warped architecture, inconsistent scale, random text, watermark, logo artifacts, low detail, blur",Perspective/Dutch Angle Left,1,False
"0012 | Perspective/Dutch Angle Left/Left Dutch-Angle Camera — medium crop, 105mm compressed portrait lens, strong leading lines toward the subject","camera perspective and framing instruction only; preserve every existing subject pose, action, expression, body arrangement, clothing, interaction, limb placement, prop placement, and scene event supplied by the other prompt inputs; camera rolled moderately counter-clockwise, diagonal horizon created by camera rotation only; moderate camera distance; medium crop; 105mm compressed portrait lens; strong leading lines toward the subject; focus weighted toward rear silhouette when visible; coherent camera-to-scene geometry; do not reinterpret the subject's pose or action","body twisted to imitate tilt, level horizon, extreme rotation, changed pose, changed action, changed expression, changed clothing, changed body arrangement, altered limb placement, invented gesture, contradictory camera angle, impossible perspective, duplicate subject, accidental extra person, warped architecture, inconsistent scale, random text, watermark, logo artifacts, low detail, blur",Perspective/Dutch Angle Left,1,False
"0013 | Perspective/Dutch Angle Left/Left Dutch-Angle Camera — three-quarter-length crop, 18mm ultra-wide lens with controlled distortion, clean negative space around the subject","camera perspective and framing instruction only; preserve every existing subject pose, action, expression, body arrangement, clothing, interaction, limb placement, prop placement, and scene event supplied by the other prompt inputs; camera rolled moderately counter-clockwise, diagonal horizon created by camera rotation only; moderate camera distance; three-quarter-length crop; 18mm ultra-wide lens with controlled distortion; clean negative space around the subject; balanced focus between subject and immediate surroundings; coherent camera-to-scene geometry; do not reinterpret the subject's pose or action","body twisted to imitate tilt, level horizon, extreme rotation, changed pose, changed action, changed expression, changed clothing, changed body arrangement, altered limb placement, invented gesture, contradictory camera angle, impossible perspective, duplicate subject, accidental extra person, warped architecture, inconsistent scale, random text, watermark, logo artifacts, low detail, blur",Perspective/Dutch Angle Left,1,False
"0014 | Perspective/Dutch Angle Left/Left Dutch-Angle Camera — cinematic landscape framing, 105mm compressed portrait lens, slightly off-centre editorial composition","camera perspective and framing instruction only; preserve every existing subject pose, action, expression, body arrangement, clothing, interaction, limb placement, prop placement, and scene event supplied by the other prompt inputs; camera rolled moderately counter-clockwise, diagonal horizon created by camera rotation only; intimate portrait distance; cinematic landscape framing; 105mm compressed portrait lens; slightly off-centre editorial composition; deep focus across the visible environment; coherent camera-to-scene geometry; do not reinterpret the subject's pose or action","body twisted to imitate tilt, level horizon, extreme rotation, changed pose, changed action, changed expression, changed clothing, changed body arrangement, altered limb placement, invented gesture, contradictory camera angle, impossible perspective, duplicate subject, accidental extra person, warped architecture, inconsistent scale, random text, watermark, logo artifacts, low detail, blur",Perspective/Dutch Angle Left,1,False
"0015 | Perspective/Dutch Angle Left/Left Dutch-Angle Camera — vertical editorial framing, 85mm portrait lens, symmetrical visual balance","camera perspective and framing instruction only; preserve every existing subject pose, action, expression, body arrangement, clothing, interaction, limb placement, prop placement, and scene event supplied by the other prompt inputs; camera rolled moderately counter-clockwise, diagonal horizon created by camera rotation only; intimate portrait distance; vertical editorial framing; 85mm portrait lens; symmetrical visual balance; focus weighted toward rear silhouette when visible; coherent camera-to-scene geometry; do not reinterpret the subject's pose or action","body twisted to imitate tilt, level horizon, extreme rotation, changed pose, changed action, changed expression, changed clothing, changed body arrangement, altered limb placement, invented gesture, contradictory camera angle, impossible perspective, duplicate subject, accidental extra person, warped architecture, inconsistent scale, random text, watermark, logo artifacts, low detail, blur",Perspective/Dutch Angle Left,1,False
"0016 | Perspective/Dutch Angle Left/Left Dutch-Angle Camera — three-quarter-length crop, 18mm ultra-wide lens with controlled distortion, foreground-to-background depth layering","camera perspective and framing instruction only; preserve every existing subject pose, action, expression, body arrangement, clothing, interaction, limb placement, prop placement, and scene event supplied by the other prompt inputs; camera rolled moderately counter-clockwise, diagonal horizon created by camera rotation only; camera far enough back to preserve spatial context; three-quarter-length crop; 18mm ultra-wide lens with controlled distortion; foreground-to-background depth layering; moderate depth of field retaining nearby context; coherent camera-to-scene geometry; do not reinterpret the subject's pose or action","body twisted to imitate tilt, level horizon, extreme rotation, changed pose, changed action, changed expression, changed clothing, changed body arrangement, altered limb placement, invented gesture, contradictory camera angle, impossible perspective, duplicate subject, accidental extra person, warped architecture, inconsistent scale, random text, watermark, logo artifacts, low detail, blur",Perspective/Dutch Angle Left,1,False
"0017 | Perspective/Dutch Angle Left/Left Dutch-Angle Camera — medium crop, 35mm environmental lens, environmental elements framing the subject","camera perspective and framing instruction only; preserve every existing subject pose, action, expression, body arrangement, clothing, interaction, limb placement, prop placement, and scene event supplied by the other prompt inputs; camera rolled moderately counter-clockwise, diagonal horizon created by camera rotation only; camera close enough to retain material texture; medium crop; 35mm environmental lens; environmental elements framing the subject; balanced focus between subject and immediate surroundings; coherent camera-to-scene geometry; do not reinterpret the subject's pose or action","body twisted to imitate tilt, level horizon, extreme rotation, changed pose, changed action, changed expression, changed clothing, changed body arrangement, altered limb placement, invented gesture, contradictory camera angle, impossible perspective, duplicate subject, accidental extra person, warped architecture, inconsistent scale, random text, watermark, logo artifacts, low detail, blur",Perspective/Dutch Angle Left,1,False
"0018 | Perspective/Dutch Angle Left/Left Dutch-Angle Camera — cinematic landscape framing, 18mm ultra-wide lens with controlled distortion, rule-of-thirds composition","camera perspective and framing instruction only; preserve every existing subject pose, action, expression, body arrangement, clothing, interaction, limb placement, prop placement, and scene event supplied by the other prompt inputs; camera rolled moderately counter-clockwise, diagonal horizon created by camera rotation only; conversational camera distance; cinematic landscape framing; 18mm ultra-wide lens with controlled distortion; rule-of-thirds composition; foreground softly separated from the subject; coherent camera-to-scene geometry; do not reinterpret the subject's pose or action","body twisted to imitate tilt, level horizon, extreme rotation, changed pose, changed action, changed expression, changed clothing, changed body arrangement, altered limb placement, invented gesture, contradictory camera angle, impossible perspective, duplicate subject, accidental extra person, warped architecture, inconsistent scale, random text, watermark, logo artifacts, low detail, blur",Perspective/Dutch Angle Left,1,False
"0019 | Perspective/Dutch Angle Left/Left Dutch-Angle Camera — medium crop, 65mm short-portrait lens, rule-of-thirds composition","camera perspective and framing instruction only; preserve every existing subject pose, action, expression, body arrangement, clothing, interaction, limb placement, prop placement, and scene event supplied by the other prompt inputs; camera rolled moderately counter-clockwise, diagonal horizon created by camera rotation only; full-figure camera distance; medium crop; 65mm short-portrait lens; rule-of-thirds composition; deep focus across the visible environment; coherent camera-to-scene geometry; do not reinterpret the subject's pose or action","body twisted to imitate tilt, level horizon, extreme rotation, changed pose, changed action, changed expression, changed clothing, changed body arrangement, altered limb placement, invented gesture, contradictory camera angle, impossible perspective, duplicate subject, accidental extra person, warped architecture, inconsistent scale, random text, watermark, logo artifacts, low detail, blur",Perspective/Dutch Angle Left,1,False
"0020 | Perspective/Dutch Angle Left/Left Dutch-Angle Camera — wide environmental framing, 85mm portrait lens, centred composition","camera perspective and framing instruction only; preserve every existing subject pose, action, expression, body arrangement, clothing, interaction, limb placement, prop placement, and scene event supplied by the other prompt inputs; camera rolled moderately counter-clockwise, diagonal horizon created by camera rotation only; close camera distance; wide environmental framing; 85mm portrait lens; centred composition; shallow depth of field with clean subject separation; coherent camera-to-scene geometry; do not reinterpret the subject's pose or action","body twisted to imitate tilt, level horizon, extreme rotation, changed pose, changed action, changed expression, changed clothing, changed body arrangement, altered limb placement, invented gesture, contradictory camera angle, impossible perspective, duplicate subject, accidental extra person, warped architecture, inconsistent scale, random text, watermark, logo artifacts, low detail, blur",Perspective/Dutch Angle Left,1,False
"0021 | Perspective/Dutch Angle Left/Left Dutch-Angle Camera — cinematic landscape framing, 35mm environmental lens, environmental elements framing the subject","camera perspective and framing instruction only; preserve every existing subject pose, action, expression, body arrangement, clothing, interaction, limb placement, prop placement, and scene event supplied by the other prompt inputs; camera rolled moderately counter-clockwise, diagonal horizon created by camera rotation only; close camera distance; cinematic landscape framing; 35mm environmental lens; environmental elements framing the subject; clean edge separation around the subject; coherent camera-to-scene geometry; do not reinterpret the subject's pose or action","body twisted to imitate tilt, level horizon, extreme rotation, changed pose, changed action, changed expression, changed clothing, changed body arrangement, altered limb placement, invented gesture, contradictory camera angle, impossible perspective, duplicate subject, accidental extra person, warped architecture, inconsistent scale, random text, watermark, logo artifacts, low detail, blur",Perspective/Dutch Angle Left,1,False
"0022 | Perspective/Dutch Angle Left/Left Dutch-Angle Camera — head-and-shoulders crop, 40mm natural-perspective lens, strong leading lines toward the subject","camera perspective and framing instruction only; preserve every existing subject pose, action, expression, body arrangement, clothing, interaction, limb placement, prop placement, and scene event supplied by the other prompt inputs; camera rolled moderately counter-clockwise, diagonal horizon created by camera rotation only; close camera distance; head-and-shoulders crop; 40mm natural-perspective lens; strong leading lines toward the subject; focus weighted toward facial detail when visible; coherent camera-to-scene geometry; do not reinterpret the subject's pose or action","body twisted to imitate tilt, level horizon, extreme rotation, changed pose, changed action, changed expression, changed clothing, changed body arrangement, altered limb placement, invented gesture, contradictory camera angle, impossible perspective, duplicate subject, accidental extra person, warped architecture, inconsistent scale, random text, watermark, logo artifacts, low detail, blur",Perspective/Dutch Angle Left,1,False
"0023 | Perspective/Dutch Angle Left/Left Dutch-Angle Camera — head-and-shoulders crop, 28mm moderately wide lens, foreground-to-background depth layering","camera perspective and framing instruction only; preserve every existing subject pose, action, expression, body arrangement, clothing, interaction, limb placement, prop placement, and scene event supplied by the other prompt inputs; camera rolled moderately counter-clockwise, diagonal horizon created by camera rotation only; intimate portrait distance; head-and-shoulders crop; 28mm moderately wide lens; foreground-to-background depth layering; clean edge separation around the subject; coherent camera-to-scene geometry; do not reinterpret the subject's pose or action","body twisted to imitate tilt, level horizon, extreme rotation, changed pose, changed action, changed expression, changed clothing, changed body arrangement, altered limb placement, invented gesture, contradictory camera angle, impossible perspective, duplicate subject, accidental extra person, warped architecture, inconsistent scale, random text, watermark, logo artifacts, low detail, blur",Perspective/Dutch Angle Left,1,False
"0024 | Perspective/Dutch Angle Left/Left Dutch-Angle Camera — full-figure framing, 28mm moderately wide lens, rule-of-thirds composition","camera perspective and framing instruction only; preserve every existing subject pose, action, expression, body arrangement, clothing, interaction, limb placement, prop placement, and scene event supplied by the other prompt inputs; camera rolled moderately counter-clockwise, diagonal horizon created by camera rotation only; full-figure camera distance; full-figure framing; 28mm moderately wide lens; rule-of-thirds composition; moderate depth of field retaining nearby context; coherent camera-to-scene geometry; do not reinterpret the subject's pose or action","body twisted to imitate tilt, level horizon, extreme rotation, changed pose, changed action, changed expression, changed clothing, changed body arrangement, altered limb placement, invented gesture, contradictory camera angle, impossible perspective, duplicate subject, accidental extra person, warped architecture, inconsistent scale, random text, watermark, logo artifacts, low detail, blur",Perspective/Dutch Angle Left,1,False
"0025 | Perspective/Dutch Angle Left/Left Dutch-Angle Camera — cinematic landscape framing, 24mm wide-angle lens, minimal uncluttered composition","camera perspective and framing instruction only; preserve every existing subject pose, action, expression, body arrangement, clothing, interaction, limb placement, prop placement, and scene event supplied by the other prompt inputs; camera rolled moderately counter-clockwise, diagonal horizon created by camera rotation only; wide scene distance; cinematic landscape framing; 24mm wide-angle lens; minimal uncluttered composition; shallow depth of field with clean subject separation; coherent camera-to-scene geometry; do not reinterpret the subject's pose or action","body twisted to imitate tilt, level horizon, extreme rotation, changed pose, changed action, changed expression, changed clothing, changed body arrangement, altered limb placement, invented gesture, contradictory camera angle, impossible perspective, duplicate subject, accidental extra person, warped architecture, inconsistent scale, random text, watermark, logo artifacts, low detail, blur",Perspective/Dutch Angle Left,1,False
"0026 | Perspective/Dutch Angle Left/Left Dutch-Angle Camera — cinematic landscape framing, 85mm portrait lens, asymmetrical cinematic balance","camera perspective and framing instruction only; preserve every existing subject pose, action, expression, body arrangement, clothing, interaction, limb placement, prop placement, and scene event supplied by the other prompt inputs; camera rolled moderately counter-clockwise, diagonal horizon created by camera rotation only; moderate camera distance; cinematic landscape framing; 85mm portrait lens; asymmetrical cinematic balance; moderate depth of field retaining nearby context; coherent camera-to-scene geometry; do not reinterpret the subject's pose or action","body twisted to imitate tilt, level horizon, extreme rotation, changed pose, changed action, changed expression, changed clothing, changed body arrangement, altered limb placement, invented gesture, contradictory camera angle, impossible perspective, duplicate subject, accidental extra person, warped architecture, inconsistent scale, random text, watermark, logo artifacts, low detail, blur",Perspective/Dutch Angle Left,1,False
"0027 | Perspective/Dutch Angle Left/Left Dutch-Angle Camera — balanced square framing, 50mm standard lens, centred composition","camera perspective and framing instruction only; preserve every existing subject pose, action, expression, body arrangement, clothing, interaction, limb placement, prop placement, and scene event supplied by the other prompt inputs; camera rolled moderately counter-clockwise, diagonal horizon created by camera rotation only; camera distance balanced between subject and environment; balanced square framing; 50mm standard lens; centred composition; moderate depth of field retaining nearby context; coherent camera-to-scene geometry; do not reinterpret the subject's pose or action","body twisted to imitate tilt, level horizon, extreme rotation, changed pose, changed action, changed expression, changed clothing, changed body arrangement, altered limb placement, invented gesture, contradictory camera angle, impossible perspective, duplicate subject, accidental extra person, warped architecture, inconsistent scale, random text, watermark, logo artifacts, low detail, blur",Perspective/Dutch Angle Left,1,False
"0028 | Perspective/Dutch Angle Left/Left Dutch-Angle Camera — balanced square framing, 35mm environmental lens, minimal uncluttered composition","camera perspective and framing instruction only; preserve every existing subject pose, action, expression, body arrangement, clothing, interaction, limb placement, prop placement, and scene event supplied by the other prompt inputs; camera rolled moderately counter-clockwise, diagonal horizon created by camera rotation only; intimate portrait distance; balanced square framing; 35mm environmental lens; minimal uncluttered composition; focus locked on the primary subject; coherent camera-to-scene geometry; do not reinterpret the subject's pose or action","body twisted to imitate tilt, level horizon, extreme rotation, changed pose, changed action, changed expression, changed clothing, changed body arrangement, altered limb placement, invented gesture, contradictory camera angle, impossible perspective, duplicate subject, accidental extra person, warped architecture, inconsistent scale, random text, watermark, logo artifacts, low detail, blur",Perspective/Dutch Angle Left,1,False
"0029 | Perspective/Dutch Angle Left/Left Dutch-Angle Camera — tight crop, 105mm compressed portrait lens, clean negative space around the subject","camera perspective and framing instruction only; preserve every existing subject pose, action, expression, body arrangement, clothing, interaction, limb placement, prop placement, and scene event supplied by the other prompt inputs; camera rolled moderately counter-clockwise, diagonal horizon created by camera rotation only; moderate camera distance; tight crop; 105mm compressed portrait lens; clean negative space around the subject; foreground softly separated from the subject; coherent camera-to-scene geometry; do not reinterpret the subject's pose or action","body twisted to imitate tilt, level horizon, extreme rotation, changed pose, changed action, changed expression, changed clothing, changed body arrangement, altered limb placement, invented gesture, contradictory camera angle, impossible perspective, duplicate subject, accidental extra person, warped architecture, inconsistent scale, random text, watermark, logo artifacts, low detail, blur",Perspective/Dutch Angle Left,1,False
"0030 | Perspective/Dutch Angle Left/Left Dutch-Angle Camera — wide environmental framing, 50mm standard lens, minimal uncluttered composition","camera perspective and framing instruction only; preserve every existing subject pose, action, expression, body arrangement, clothing, interaction, limb placement, prop placement, and scene event supplied by the other prompt inputs; camera rolled moderately counter-clockwise, diagonal horizon created by camera rotation only; environmental portrait distance; wide environmental framing; 50mm standard lens; minimal uncluttered composition; focus weighted toward rear silhouette when visible; coherent camera-to-scene geometry; do not reinterpret the subject's pose or action","body twisted to imitate tilt, level horizon, extreme rotation, changed pose, changed action, changed expression, changed clothing, changed body arrangement, altered limb placement, invented gesture, contradictory camera angle, impossible perspective, duplicate subject, accidental extra person, warped architecture, inconsistent scale, random text, watermark, logo artifacts, low detail, blur",Perspective/Dutch Angle Left,1,False
"0031 | Perspective/Dutch Angle Left/Left Dutch-Angle Camera — full-figure framing, 85mm portrait lens, centred composition","camera perspective and framing instruction only; preserve every existing subject pose, action, expression, body arrangement, clothing, interaction, limb placement, prop placement, and scene event supplied by the other prompt inputs; camera rolled moderately counter-clockwise, diagonal horizon created by camera rotation only; full-figure camera distance; full-figure framing; 85mm portrait lens; centred composition; focus locked on the primary subject; coherent camera-to-scene geometry; do not reinterpret the subject's pose or action","body twisted to imitate tilt, level horizon, extreme rotation, changed pose, changed action, changed expression, changed clothing, changed body arrangement, altered limb placement, invented gesture, contradictory camera angle, impossible perspective, duplicate subject, accidental extra person, warped architecture, inconsistent scale, random text, watermark, logo artifacts, low detail, blur",Perspective/Dutch Angle Left,1,False
"0032 | Perspective/Dutch Angle Left/Left Dutch-Angle Camera — three-quarter-length crop, 105mm compressed portrait lens, slightly off-centre editorial composition","camera perspective and framing instruction only; preserve every existing subject pose, action, expression, body arrangement, clothing, interaction, limb placement, prop placement, and scene event supplied by the other prompt inputs; camera rolled moderately counter-clockwise, diagonal horizon created by camera rotation only; close camera distance; three-quarter-length crop; 105mm compressed portrait lens; slightly off-centre editorial composition; moderate depth of field retaining nearby context; coherent camera-to-scene geometry; do not reinterpret the subject's pose or action","body twisted to imitate tilt, level horizon, extreme rotation, changed pose, changed action, changed expression, changed clothing, changed body arrangement, altered limb placement, invented gesture, contradictory camera angle, impossible perspective, duplicate subject, accidental extra person, warped architecture, inconsistent scale, random text, watermark, logo artifacts, low detail, blur",Perspective/Dutch Angle Left,1,False
"0033 | Perspective/Dutch Angle Left/Left Dutch-Angle Camera — head-and-shoulders crop, 65mm short-portrait lens, centred composition","camera perspective and framing instruction only; preserve every existing subject pose, action, expression, body arrangement, clothing, interaction, limb placement, prop placement, and scene event supplied by the other prompt inputs; camera rolled moderately counter-clockwise, diagonal horizon created by camera rotation only; close camera distance; head-and-shoulders crop; 65mm short-portrait lens; centred composition; focus weighted toward facial detail when visible; coherent camera-to-scene geometry; do not reinterpret the subject's pose or action","body twisted to imitate tilt, level horizon, extreme rotation, changed pose, changed action, changed expression, changed clothing, changed body arrangement, altered limb placement, invented gesture, contradictory camera angle, impossible perspective, duplicate subject, accidental extra person, warped architecture, inconsistent scale, random text, watermark, logo artifacts, low detail, blur",Perspective/Dutch Angle Left,1,False
"0034 | Perspective/Dutch Angle Left/Left Dutch-Angle Camera — vertical editorial framing, 135mm telephoto lens, symmetrical visual balance","camera perspective and framing instruction only; preserve every existing subject pose, action, expression, body arrangement, clothing, interaction, limb placement, prop placement, and scene event supplied by the other prompt inputs; camera rolled moderately counter-clockwise, diagonal horizon created by camera rotation only; conversational camera distance; vertical editorial framing; 135mm telephoto lens; symmetrical visual balance; focus locked on the primary subject; coherent camera-to-scene geometry; do not reinterpret the subject's pose or action","body twisted to imitate tilt, level horizon, extreme rotation, changed pose, changed action, changed expression, changed clothing, changed body arrangement, altered limb placement, invented gesture, contradictory camera angle, impossible perspective, duplicate subject, accidental extra person, warped architecture, inconsistent scale, random text, watermark, logo artifacts, low detail, blur",Perspective/Dutch Angle Left,1,False
"0035 | Perspective/Dutch Angle Left/Left Dutch-Angle Camera — head-and-shoulders crop, 18mm ultra-wide lens with controlled distortion, clean negative space around the subject","camera perspective and framing instruction only; preserve every existing subject pose, action, expression, body arrangement, clothing, interaction, limb placement, prop placement, and scene event supplied by the other prompt inputs; camera rolled moderately counter-clockwise, diagonal horizon created by camera rotation only; moderate camera distance; head-and-shoulders crop; 18mm ultra-wide lens with controlled distortion; clean negative space around the subject; focus weighted toward clothing and material texture; coherent camera-to-scene geometry; do not reinterpret the subject's pose or action","body twisted to imitate tilt, level horizon, extreme rotation, changed pose, changed action, changed expression, changed clothing, changed body arrangement, altered limb placement, invented gesture, contradictory camera angle, impossible perspective, duplicate subject, accidental extra person, warped architecture, inconsistent scale, random text, watermark, logo artifacts, low detail, blur",Perspective/Dutch Angle Left,1,False
"0036 | Perspective/Dutch Angle Left/Left Dutch-Angle Camera — cinematic landscape framing, 105mm compressed portrait lens, rule-of-thirds composition","camera perspective and framing instruction only; preserve every existing subject pose, action, expression, body arrangement, clothing, interaction, limb placement, prop placement, and scene event supplied by the other prompt inputs; camera rolled moderately counter-clockwise, diagonal horizon created by camera rotation only; moderate camera distance; cinematic landscape framing; 105mm compressed portrait lens; rule-of-thirds composition; focus weighted toward facial detail when visible; coherent camera-to-scene geometry; do not reinterpret the subject's pose or action","body twisted to imitate tilt, level horizon, extreme rotation, changed pose, changed action, changed expression, changed clothing, changed body arrangement, altered limb placement, invented gesture, contradictory camera angle, impossible perspective, duplicate subject, accidental extra person, warped architecture, inconsistent scale, random text, watermark, logo artifacts, low detail, blur",Perspective/Dutch Angle Left,1,False
"0037 | Perspective/Dutch Angle Left/Left Dutch-Angle Camera — waist-up crop, 24mm wide-angle lens, centred composition","camera perspective and framing instruction only; preserve every existing subject pose, action, expression, body arrangement, clothing, interaction, limb placement, prop placement, and scene event supplied by the other prompt inputs; camera rolled moderately counter-clockwise, diagonal horizon created by camera rotation only; camera close enough to retain material texture; waist-up crop; 24mm wide-angle lens; centred composition; foreground softly separated from the subject; coherent camera-to-scene geometry; do not reinterpret the subject's pose or action","body twisted to imitate tilt, level horizon, extreme rotation, changed pose, changed action, changed expression, changed clothing, changed body arrangement, altered limb placement, invented gesture, contradictory camera angle, impossible perspective, duplicate subject, accidental extra person, warped architecture, inconsistent scale, random text, watermark, logo artifacts, low detail, blur",Perspective/Dutch Angle Left,1,False
"0038 | Perspective/Dutch Angle Left/Left Dutch-Angle Camera — balanced square framing, 24mm wide-angle lens, asymmetrical cinematic balance","camera perspective and framing instruction only; preserve every existing subject pose, action, expression, body arrangement, clothing, interaction, limb placement, prop placement, and scene event supplied by the other prompt inputs; camera rolled moderately counter-clockwise, diagonal horizon created by camera rotation only; conversational camera distance; balanced square framing; 24mm wide-angle lens; asymmetrical cinematic balance; foreground softly separated from the subject; coherent camera-to-scene geometry; do not reinterpret the subject's pose or action","body twisted to imitate tilt, level horizon, extreme rotation, changed pose, changed action, changed expression, changed clothing, changed body arrangement, altered limb placement, invented gesture, contradictory camera angle, impossible perspective, duplicate subject, accidental extra person, warped architecture, inconsistent scale, random text, watermark, logo artifacts, low detail, blur",Perspective/Dutch Angle Left,1,False
"0039 | Perspective/Dutch Angle Left/Left Dutch-Angle Camera — tight crop, 105mm compressed portrait lens, symmetrical visual balance","camera perspective and framing instruction only; preserve every existing subject pose, action, expression, body arrangement, clothing, interaction, limb placement, prop placement, and scene event supplied by the other prompt inputs; camera rolled moderately counter-clockwise, diagonal horizon created by camera rotation only; environmental portrait distance; tight crop; 105mm compressed portrait lens; symmetrical visual balance; foreground softly separated from the subject; coherent camera-to-scene geometry; do not reinterpret the subject's pose or action","body twisted to imitate tilt, level horizon, extreme rotation, changed pose, changed action, changed expression, changed clothing, changed body arrangement, altered limb placement, invented gesture, contradictory camera angle, impossible perspective, duplicate subject, accidental extra person, warped architecture, inconsistent scale, random text, watermark, logo artifacts, low detail, blur",Perspective/Dutch Angle Left,1,False
"0040 | Perspective/Dutch Angle Left/Left Dutch-Angle Camera — balanced square framing, 40mm natural-perspective lens, clean negative space around the subject","camera perspective and framing instruction only; preserve every existing subject pose, action, expression, body arrangement, clothing, interaction, limb placement, prop placement, and scene event supplied by the other prompt inputs; camera rolled moderately counter-clockwise, diagonal horizon created by camera rotation only; intimate portrait distance; balanced square framing; 40mm natural-perspective lens; clean negative space around the subject; foreground softly separated from the subject; coherent camera-to-scene geometry; do not reinterpret the subject's pose or action","body twisted to imitate tilt, level horizon, extreme rotation, changed pose, changed action, changed expression, changed clothing, changed body arrangement, altered limb placement, invented gesture, contradictory camera angle, impossible perspective, duplicate subject, accidental extra person, warped architecture, inconsistent scale, random text, watermark, logo artifacts, low detail, blur",Perspective/Dutch Angle Left,1,False
"0041 | Perspective/Dutch Angle Left/Left Dutch-Angle Camera — wide environmental framing, 65mm short-portrait lens, minimal uncluttered composition","camera perspective and framing instruction only; preserve every existing subject pose, action, expression, body arrangement, clothing, interaction, limb placement, prop placement, and scene event supplied by the other prompt inputs; camera rolled moderately counter-clockwise, diagonal horizon created by camera rotation only; wide scene distance; wide environmental framing; 65mm short-portrait lens; minimal uncluttered composition; focus locked on the primary subject; coherent camera-to-scene geometry; do not reinterpret the subject's pose or action","body twisted to imitate tilt, level horizon, extreme rotation, changed pose, changed action, changed expression, changed clothing, changed body arrangement, altered limb placement, invented gesture, contradictory camera angle, impossible perspective, duplicate subject, accidental extra person, warped architecture, inconsistent scale, random text, watermark, logo artifacts, low detail, blur",Perspective/Dutch Angle Left,1,False
"0042 | Perspective/Dutch Angle Left/Left Dutch-Angle Camera — vertical editorial framing, 18mm ultra-wide lens with controlled distortion, environmental elements framing the subject","camera perspective and framing instruction only; preserve every existing subject pose, action, expression, body arrangement, clothing, interaction, limb placement, prop placement, and scene event supplied by the other prompt inputs; camera rolled moderately counter-clockwise, diagonal horizon created by camera rotation only; camera far enough back to preserve spatial context; vertical editorial framing; 18mm ultra-wide lens with controlled distortion; environmental elements framing the subject; focus weighted toward rear silhouette when visible; coherent camera-to-scene geometry; do not reinterpret the subject's pose or action","body twisted to imitate tilt, level horizon, extreme rotation, changed pose, changed action, changed expression, changed clothing, changed body arrangement, altered limb placement, invented gesture, contradictory camera angle, impossible perspective, duplicate subject, accidental extra person, warped architecture, inconsistent scale, random text, watermark, logo artifacts, low detail, blur",Perspective/Dutch Angle Left,1,False
"0043 | Perspective/Dutch Angle Left/Left Dutch-Angle Camera — cinematic landscape framing, 40mm natural-perspective lens, clean negative space around the subject","camera perspective and framing instruction only; preserve every existing subject pose, action, expression, body arrangement, clothing, interaction, limb placement, prop placement, and scene event supplied by the other prompt inputs; camera rolled moderately counter-clockwise, diagonal horizon created by camera rotation only; close camera distance; cinematic landscape framing; 40mm natural-perspective lens; clean negative space around the subject; clean edge separation around the subject; coherent camera-to-scene geometry; do not reinterpret the subject's pose or action","body twisted to imitate tilt, level horizon, extreme rotation, changed pose, changed action, changed expression, changed clothing, changed body arrangement, altered limb placement, invented gesture, contradictory camera angle, impossible perspective, duplicate subject, accidental extra person, warped architecture, inconsistent scale, random text, watermark, logo artifacts, low detail, blur",Perspective/Dutch Angle Left,1,False
"0044 | Perspective/Dutch Angle Left/Left Dutch-Angle Camera — waist-up crop, 18mm ultra-wide lens with controlled distortion, strong leading lines toward the subject","camera perspective and framing instruction only; preserve every existing subject pose, action, expression, body arrangement, clothing, interaction, limb placement, prop placement, and scene event supplied by the other prompt inputs; camera rolled moderately counter-clockwise, diagonal horizon created by camera rotation only; camera close enough to retain material texture; waist-up crop; 18mm ultra-wide lens with controlled distortion; strong leading lines toward the subject; focus weighted toward clothing and material texture; coherent camera-to-scene geometry; do not reinterpret the subject's pose or action","body twisted to imitate tilt, level horizon, extreme rotation, changed pose, changed action, changed expression, changed clothing, changed body arrangement, altered limb placement, invented gesture, contradictory camera angle, impossible perspective, duplicate subject, accidental extra person, warped architecture, inconsistent scale, random text, watermark, logo artifacts, low detail, blur",Perspective/Dutch Angle Left,1,False
"0045 | Perspective/Dutch Angle Left/Left Dutch-Angle Camera — balanced square framing, 105mm compressed portrait lens, asymmetrical cinematic balance","camera perspective and framing instruction only; preserve every existing subject pose, action, expression, body arrangement, clothing, interaction, limb placement, prop placement, and scene event supplied by the other prompt inputs; camera rolled moderately counter-clockwise, diagonal horizon created by camera rotation only; camera close enough to retain material texture; balanced square framing; 105mm compressed portrait lens; asymmetrical cinematic balance; clean edge separation around the subject; coherent camera-to-scene geometry; do not reinterpret the subject's pose or action","body twisted to imitate tilt, level horizon, extreme rotation, changed pose, changed action, changed expression, changed clothing, changed body arrangement, altered limb placement, invented gesture, contradictory camera angle, impossible perspective, duplicate subject, accidental extra person, warped architecture, inconsistent scale, random text, watermark, logo artifacts, low detail, blur",Perspective/Dutch Angle Left,1,False
"0046 | Perspective/Dutch Angle Left/Left Dutch-Angle Camera — waist-up crop, 85mm portrait lens, foreground-to-background depth layering","camera perspective and framing instruction only; preserve every existing subject pose, action, expression, body arrangement, clothing, interaction, limb placement, prop placement, and scene event supplied by the other prompt inputs; camera rolled moderately counter-clockwise, diagonal horizon created by camera rotation only; wide scene distance; waist-up crop; 85mm portrait lens; foreground-to-background depth layering; focus locked on the primary subject; coherent camera-to-scene geometry; do not reinterpret the subject's pose or action","body twisted to imitate tilt, level horizon, extreme rotation, changed pose, changed action, changed expression, changed clothing, changed body arrangement, altered limb placement, invented gesture, contradictory camera angle, impossible perspective, duplicate subject, accidental extra person, warped architecture, inconsistent scale, random text, watermark, logo artifacts, low detail, blur",Perspective/Dutch Angle Left,1,False
"0047 | Perspective/Dutch Angle Left/Left Dutch-Angle Camera — waist-up crop, 28mm moderately wide lens, environmental elements framing the subject","camera perspective and framing instruction only; preserve every existing subject pose, action, expression, body arrangement, clothing, interaction, limb placement, prop placement, and scene event supplied by the other prompt inputs; camera rolled moderately counter-clockwise, diagonal horizon created by camera rotation only; close camera distance; waist-up crop; 28mm moderately wide lens; environmental elements framing the subject; focus locked on the primary subject; coherent camera-to-scene geometry; do not reinterpret the subject's pose or action","body twisted to imitate tilt, level horizon, extreme rotation, changed pose, changed action, changed expression, changed clothing, changed body arrangement, altered limb placement, invented gesture, contradictory camera angle, impossible perspective, duplicate subject, accidental extra person, warped architecture, inconsistent scale, random text, watermark, logo artifacts, low detail, blur",Perspective/Dutch Angle Left,1,False
"0048 | Perspective/Dutch Angle Left/Left Dutch-Angle Camera — full-figure framing, 65mm short-portrait lens, rule-of-thirds composition","camera perspective and framing instruction only; preserve every existing subject pose, action, expression, body arrangement, clothing, interaction, limb placement, prop placement, and scene event supplied by the other prompt inputs; camera rolled moderately counter-clockwise, diagonal horizon created by camera rotation only; moderate camera distance; full-figure framing; 65mm short-portrait lens; rule-of-thirds composition; focus weighted toward facial detail when visible; coherent camera-to-scene geometry; do not reinterpret the subject's pose or action","body twisted to imitate tilt, level horizon, extreme rotation, changed pose, changed action, changed expression, changed clothing, changed body arrangement, altered limb placement, invented gesture, contradictory camera angle, impossible perspective, duplicate subject, accidental extra person, warped architecture, inconsistent scale, random text, watermark, logo artifacts, low detail, blur",Perspective/Dutch Angle Left,1,False
"0049 | Perspective/Dutch Angle Left/Left Dutch-Angle Camera — tight crop, 18mm ultra-wide lens with controlled distortion, minimal uncluttered composition","camera perspective and framing instruction only; preserve every existing subject pose, action, expression, body arrangement, clothing, interaction, limb placement, prop placement, and scene event supplied by the other prompt inputs; camera rolled moderately counter-clockwise, diagonal horizon created by camera rotation only; moderate camera distance; tight crop; 18mm ultra-wide lens with controlled distortion; minimal uncluttered composition; moderate depth of field retaining nearby context; coherent camera-to-scene geometry; do not reinterpret the subject's pose or action","body twisted to imitate tilt, level horizon, extreme rotation, changed pose, changed action, changed expression, changed clothing, changed body arrangement, altered limb placement, invented gesture, contradictory camera angle, impossible perspective, duplicate subject, accidental extra person, warped architecture, inconsistent scale, random text, watermark, logo artifacts, low detail, blur",Perspective/Dutch Angle Left,1,False
"0050 | Perspective/Dutch Angle Left/Left Dutch-Angle Camera — cinematic landscape framing, 85mm portrait lens, rule-of-thirds composition","camera perspective and framing instruction only; preserve every existing subject pose, action, expression, body arrangement, clothing, interaction, limb placement, prop placement, and scene event supplied by the other prompt inputs; camera rolled moderately counter-clockwise, diagonal horizon created by camera rotation only; full-figure camera distance; cinematic landscape framing; 85mm portrait lens; rule-of-thirds composition; focus locked on the primary subject; coherent camera-to-scene geometry; do not reinterpret the subject's pose or action","body twisted to imitate tilt, level horizon, extreme rotation, changed pose, changed action, changed expression, changed clothing, changed body arrangement, altered limb placement, invented gesture, contradictory camera angle, impossible perspective, duplicate subject, accidental extra person, warped architecture, inconsistent scale, random text, watermark, logo artifacts, low detail, blur",Perspective/Dutch Angle Left,1,False
"0051 | Perspective/Dutch Angle Left/Left Dutch-Angle Camera — waist-up crop, 105mm compressed portrait lens, asymmetrical cinematic balance","camera perspective and framing instruction only; preserve every existing subject pose, action, expression, body arrangement, clothing, interaction, limb placement, prop placement, and scene event supplied by the other prompt inputs; camera rolled moderately counter-clockwise, diagonal horizon created by camera rotation only; moderate camera distance; waist-up crop; 105mm compressed portrait lens; asymmetrical cinematic balance; focus weighted toward rear silhouette when visible; coherent camera-to-scene geometry; do not reinterpret the subject's pose or action","body twisted to imitate tilt, level horizon, extreme rotation, changed pose, changed action, changed expression, changed clothing, changed body arrangement, altered limb placement, invented gesture, contradictory camera angle, impossible perspective, duplicate subject, accidental extra person, warped architecture, inconsistent scale, random text, watermark, logo artifacts, low detail, blur",Perspective/Dutch Angle Left,1,False
"0052 | Perspective/Dutch Angle Left/Left Dutch-Angle Camera — cinematic landscape framing, 35mm environmental lens, strong leading lines toward the subject","camera perspective and framing instruction only; preserve every existing subject pose, action, expression, body arrangement, clothing, interaction, limb placement, prop placement, and scene event supplied by the other prompt inputs; camera rolled moderately counter-clockwise, diagonal horizon created by camera rotation only; camera distance balanced between subject and environment; cinematic landscape framing; 35mm environmental lens; strong leading lines toward the subject; focus locked on the primary subject; coherent camera-to-scene geometry; do not reinterpret the subject's pose or action","body twisted to imitate tilt, level horizon, extreme rotation, changed pose, changed action, changed expression, changed clothing, changed body arrangement, altered limb placement, invented gesture, contradictory camera angle, impossible perspective, duplicate subject, accidental extra person, warped architecture, inconsistent scale, random text, watermark, logo artifacts, low detail, blur",Perspective/Dutch Angle Left,1,False
"0053 | Perspective/Dutch Angle Left/Left Dutch-Angle Camera — balanced square framing, 50mm standard lens, clean negative space around the subject","camera perspective and framing instruction only; preserve every existing subject pose, action, expression, body arrangement, clothing, interaction, limb placement, prop placement, and scene event supplied by the other prompt inputs; camera rolled moderately counter-clockwise, diagonal horizon created by camera rotation only; wide scene distance; balanced square framing; 50mm standard lens; clean negative space around the subject; deep focus across the visible environment; coherent camera-to-scene geometry; do not reinterpret the subject's pose or action","body twisted to imitate tilt, level horizon, extreme rotation, changed pose, changed action, changed expression, changed clothing, changed body arrangement, altered limb placement, invented gesture, contradictory camera angle, impossible perspective, duplicate subject, accidental extra person, warped architecture, inconsistent scale, random text, watermark, logo artifacts, low detail, blur",Perspective/Dutch Angle Left,1,False
"0054 | Perspective/Dutch Angle Left/Left Dutch-Angle Camera — medium crop, 28mm moderately wide lens, symmetrical visual balance","camera perspective and framing instruction only; preserve every existing subject pose, action, expression, body arrangement, clothing, interaction, limb placement, prop placement, and scene event supplied by the other prompt inputs; camera rolled moderately counter-clockwise, diagonal horizon created by camera rotation only; conversational camera distance; medium crop; 28mm moderately wide lens; symmetrical visual balance; deep focus across the visible environment; coherent camera-to-scene geometry; do not reinterpret the subject's pose or action","body twisted to imitate tilt, level horizon, extreme rotation, changed pose, changed action, changed expression, changed clothing, changed body arrangement, altered limb placement, invented gesture, contradictory camera angle, impossible perspective, duplicate subject, accidental extra person, warped architecture, inconsistent scale, random text, watermark, logo artifacts, low detail, blur",Perspective/Dutch Angle Left,1,False
"0055 | Perspective/Dutch Angle Left/Left Dutch-Angle Camera — head-and-shoulders crop, 28mm moderately wide lens, symmetrical visual balance","camera perspective and framing instruction only; preserve every existing subject pose, action, expression, body arrangement, clothing, interaction, limb placement, prop placement, and scene event supplied by the other prompt inputs; camera rolled moderately counter-clockwise, diagonal horizon created by camera rotation only; camera close enough to retain material texture; head-and-shoulders crop; 28mm moderately wide lens; symmetrical visual balance; shallow depth of field with clean subject separation; coherent camera-to-scene geometry; do not reinterpret the subject's pose or action","body twisted to imitate tilt, level horizon, extreme rotation, changed pose, changed action, changed expression, changed clothing, changed body arrangement, altered limb placement, invented gesture, contradictory camera angle, impossible perspective, duplicate subject, accidental extra person, warped architecture, inconsistent scale, random text, watermark, logo artifacts, low detail, blur",Perspective/Dutch Angle Left,1,False
"0056 | Perspective/Dutch Angle Left/Left Dutch-Angle Camera — head-and-shoulders crop, 50mm standard lens, slightly off-centre editorial composition","camera perspective and framing instruction only; preserve every existing subject pose, action, expression, body arrangement, clothing, interaction, limb placement, prop placement, and scene event supplied by the other prompt inputs; camera rolled moderately counter-clockwise, diagonal horizon created by camera rotation only; environmental portrait distance; head-and-shoulders crop; 50mm standard lens; slightly off-centre editorial composition; focus weighted toward rear silhouette when visible; coherent camera-to-scene geometry; do not reinterpret the subject's pose or action","body twisted to imitate tilt, level horizon, extreme rotation, changed pose, changed action, changed expression, changed clothing, changed body arrangement, altered limb placement, invented gesture, contradictory camera angle, impossible perspective, duplicate subject, accidental extra person, warped architecture, inconsistent scale, random text, watermark, logo artifacts, low detail, blur",Perspective/Dutch Angle Left,1,False
"0057 | Perspective/Dutch Angle Left/Left Dutch-Angle Camera — wide environmental framing, 135mm telephoto lens, environmental elements framing the subject","camera perspective and framing instruction only; preserve every existing subject pose, action, expression, body arrangement, clothing, interaction, limb placement, prop placement, and scene event supplied by the other prompt inputs; camera rolled moderately counter-clockwise, diagonal horizon created by camera rotation only; moderate camera distance; wide environmental framing; 135mm telephoto lens; environmental elements framing the subject; clean edge separation around the subject; coherent camera-to-scene geometry; do not reinterpret the subject's pose or action","body twisted to imitate tilt, level horizon, extreme rotation, changed pose, changed action, changed expression, changed clothing, changed body arrangement, altered limb placement, invented gesture, contradictory camera angle, impossible perspective, duplicate subject, accidental extra person, warped architecture, inconsistent scale, random text, watermark, logo artifacts, low detail, blur",Perspective/Dutch Angle Left,1,False
"0058 | Perspective/Dutch Angle Left/Left Dutch-Angle Camera — balanced square framing, 105mm compressed portrait lens, environmental elements framing the subject","camera perspective and framing instruction only; preserve every existing subject pose, action, expression, body arrangement, clothing, interaction, limb placement, prop placement, and scene event supplied by the other prompt inputs; camera rolled moderately counter-clockwise, diagonal horizon created by camera rotation only; camera close enough to retain material texture; balanced square framing; 105mm compressed portrait lens; environmental elements framing the subject; focus weighted toward clothing and material texture; coherent camera-to-scene geometry; do not reinterpret the subject's pose or action","body twisted to imitate tilt, level horizon, extreme rotation, changed pose, changed action, changed expression, changed clothing, changed body arrangement, altered limb placement, invented gesture, contradictory camera angle, impossible perspective, duplicate subject, accidental extra person, warped architecture, inconsistent scale, random text, watermark, logo artifacts, low detail, blur",Perspective/Dutch Angle Left,1,False
"0059 | Perspective/Dutch Angle Left/Left Dutch-Angle Camera — medium crop, 65mm short-portrait lens, centred composition","camera perspective and framing instruction only; preserve every existing subject pose, action, expression, body arrangement, clothing, interaction, limb placement, prop placement, and scene event supplied by the other prompt inputs; camera rolled moderately counter-clockwise, diagonal horizon created by camera rotation only; intimate portrait distance; medium crop; 65mm short-portrait lens; centred composition; balanced focus between subject and immediate surroundings; coherent camera-to-scene geometry; do not reinterpret the subject's pose or action","body twisted to imitate tilt, level horizon, extreme rotation, changed pose, changed action, changed expression, changed clothing, changed body arrangement, altered limb placement, invented gesture, contradictory camera angle, impossible perspective, duplicate subject, accidental extra person, warped architecture, inconsistent scale, random text, watermark, logo artifacts, low detail, blur",Perspective/Dutch Angle Left,1,False
"0060 | Perspective/Dutch Angle Left/Left Dutch-Angle Camera — vertical editorial framing, 105mm compressed portrait lens, slightly off-centre editorial composition","camera perspective and framing instruction only; preserve every existing subject pose, action, expression, body arrangement, clothing, interaction, limb placement, prop placement, and scene event supplied by the other prompt inputs; camera rolled moderately counter-clockwise, diagonal horizon created by camera rotation only; wide scene distance; vertical editorial framing; 105mm compressed portrait lens; slightly off-centre editorial composition; balanced focus between subject and immediate surroundings; coherent camera-to-scene geometry; do not reinterpret the subject's pose or action","body twisted to imitate tilt, level horizon, extreme rotation, changed pose, changed action, changed expression, changed clothing, changed body arrangement, altered limb placement, invented gesture, contradictory camera angle, impossible perspective, duplicate subject, accidental extra person, warped architecture, inconsistent scale, random text, watermark, logo artifacts, low detail, blur",Perspective/Dutch Angle Left,1,False
"0061 | Perspective/Dutch Angle Left/Left Dutch-Angle Camera — medium crop, 35mm environmental lens, environmental elements framing the subject","camera perspective and framing instruction only; preserve every existing subject pose, action, expression, body arrangement, clothing, interaction, limb placement, prop placement, and scene event supplied by the other prompt inputs; camera rolled moderately counter-clockwise, diagonal horizon created by camera rotation only; camera far enough back to preserve spatial context; medium crop; 35mm environmental lens; environmental elements framing the subject; focus weighted toward facial detail when visible; coherent camera-to-scene geometry; do not reinterpret the subject's pose or action","body twisted to imitate tilt, level horizon, extreme rotation, changed pose, changed action, changed expression, changed clothing, changed body arrangement, altered limb placement, invented gesture, contradictory camera angle, impossible perspective, duplicate subject, accidental extra person, warped architecture, inconsistent scale, random text, watermark, logo artifacts, low detail, blur",Perspective/Dutch Angle Left,1,False
"0062 | Perspective/Dutch Angle Left/Left Dutch-Angle Camera — full-figure framing, 28mm moderately wide lens, asymmetrical cinematic balance","camera perspective and framing instruction only; preserve every existing subject pose, action, expression, body arrangement, clothing, interaction, limb placement, prop placement, and scene event supplied by the other prompt inputs; camera rolled moderately counter-clockwise, diagonal horizon created by camera rotation only; camera distance balanced between subject and environment; full-figure framing; 28mm moderately wide lens; asymmetrical cinematic balance; focus weighted toward clothing and material texture; coherent camera-to-scene geometry; do not reinterpret the subject's pose or action","body twisted to imitate tilt, level horizon, extreme rotation, changed pose, changed action, changed expression, changed clothing, changed body arrangement, altered limb placement, invented gesture, contradictory camera angle, impossible perspective, duplicate subject, accidental extra person, warped architecture, inconsistent scale, random text, watermark, logo artifacts, low detail, blur",Perspective/Dutch Angle Left,1,False
"0063 | Perspective/Dutch Angle Left/Left Dutch-Angle Camera — head-and-shoulders crop, 18mm ultra-wide lens with controlled distortion, environmental elements framing the subject","camera perspective and framing instruction only; preserve every existing subject pose, action, expression, body arrangement, clothing, interaction, limb placement, prop placement, and scene event supplied by the other prompt inputs; camera rolled moderately counter-clockwise, diagonal horizon created by camera rotation only; camera close enough to retain material texture; head-and-shoulders crop; 18mm ultra-wide lens with controlled distortion; environmental elements framing the subject; foreground softly separated from the subject; coherent camera-to-scene geometry; do not reinterpret the subject's pose or action","body twisted to imitate tilt, level horizon, extreme rotation, changed pose, changed action, changed expression, changed clothing, changed body arrangement, altered limb placement, invented gesture, contradictory camera angle, impossible perspective, duplicate subject, accidental extra person, warped architecture, inconsistent scale, random text, watermark, logo artifacts, low detail, blur",Perspective/Dutch Angle Left,1,False
"0064 | Perspective/Dutch Angle Left/Left Dutch-Angle Camera — wide environmental framing, 35mm environmental lens, rule-of-thirds composition","camera perspective and framing instruction only; preserve every existing subject pose, action, expression, body arrangement, clothing, interaction, limb placement, prop placement, and scene event supplied by the other prompt inputs; camera rolled moderately counter-clockwise, diagonal horizon created by camera rotation only; camera close enough to retain material texture; wide environmental framing; 35mm environmental lens; rule-of-thirds composition; clean edge separation around the subject; coherent camera-to-scene geometry; do not reinterpret the subject's pose or action","body twisted to imitate tilt, level horizon, extreme rotation, changed pose, changed action, changed expression, changed clothing, changed body arrangement, altered limb placement, invented gesture, contradictory camera angle, impossible perspective, duplicate subject, accidental extra person, warped architecture, inconsistent scale, random text, watermark, logo artifacts, low detail, blur",Perspective/Dutch Angle Left,1,False
"0065 | Perspective/Dutch Angle Left/Left Dutch-Angle Camera — waist-up crop, 135mm telephoto lens, environmental elements framing the subject","camera perspective and framing instruction only; preserve every existing subject pose, action, expression, body arrangement, clothing, interaction, limb placement, prop placement, and scene event supplied by the other prompt inputs; camera rolled moderately counter-clockwise, diagonal horizon created by camera rotation only; conversational camera distance; waist-up crop; 135mm telephoto lens; environmental elements framing the subject; focus weighted toward facial detail when visible; coherent camera-to-scene geometry; do not reinterpret the subject's pose or action","body twisted to imitate tilt, level horizon, extreme rotation, changed pose, changed action, changed expression, changed clothing, changed body arrangement, altered limb placement, invented gesture, contradictory camera angle, impossible perspective, duplicate subject, accidental extra person, warped architecture, inconsistent scale, random text, watermark, logo artifacts, low detail, blur",Perspective/Dutch Angle Left,1,False
"0066 | Perspective/Dutch Angle Left/Left Dutch-Angle Camera — medium crop, 40mm natural-perspective lens, minimal uncluttered composition","camera perspective and framing instruction only; preserve every existing subject pose, action, expression, body arrangement, clothing, interaction, limb placement, prop placement, and scene event supplied by the other prompt inputs; camera rolled moderately counter-clockwise, diagonal horizon created by camera rotation only; camera close enough to retain material texture; medium crop; 40mm natural-perspective lens; minimal uncluttered composition; focus weighted toward facial detail when visible; coherent camera-to-scene geometry; do not reinterpret the subject's pose or action","body twisted to imitate tilt, level horizon, extreme rotation, changed pose, changed action, changed expression, changed clothing, changed body arrangement, altered limb placement, invented gesture, contradictory camera angle, impossible perspective, duplicate subject, accidental extra person, warped architecture, inconsistent scale, random text, watermark, logo artifacts, low detail, blur",Perspective/Dutch Angle Left,1,False
"0067 | Perspective/Dutch Angle Left/Left Dutch-Angle Camera — wide environmental framing, 24mm wide-angle lens, foreground-to-background depth layering","camera perspective and framing instruction only; preserve every existing subject pose, action, expression, body arrangement, clothing, interaction, limb placement, prop placement, and scene event supplied by the other prompt inputs; camera rolled moderately counter-clockwise, diagonal horizon created by camera rotation only; camera far enough back to preserve spatial context; wide environmental framing; 24mm wide-angle lens; foreground-to-background depth layering; deep focus across the visible environment; coherent camera-to-scene geometry; do not reinterpret the subject's pose or action","body twisted to imitate tilt, level horizon, extreme rotation, changed pose, changed action, changed expression, changed clothing, changed body arrangement, altered limb placement, invented gesture, contradictory camera angle, impossible perspective, duplicate subject, accidental extra person, warped architecture, inconsistent scale, random text, watermark, logo artifacts, low detail, blur",Perspective/Dutch Angle Left,1,False
"0068 | Perspective/Dutch Angle Left/Left Dutch-Angle Camera — cinematic landscape framing, 105mm compressed portrait lens, centred composition","camera perspective and framing instruction only; preserve every existing subject pose, action, expression, body arrangement, clothing, interaction, limb placement, prop placement, and scene event supplied by the other prompt inputs; camera rolled moderately counter-clockwise, diagonal horizon created by camera rotation only; camera far enough back to preserve spatial context; cinematic landscape framing; 105mm compressed portrait lens; centred composition; deep focus across the visible environment; coherent camera-to-scene geometry; do not reinterpret the subject's pose or action","body twisted to imitate tilt, level horizon, extreme rotation, changed pose, changed action, changed expression, changed clothing, changed body arrangement, altered limb placement, invented gesture, contradictory camera angle, impossible perspective, duplicate subject, accidental extra person, warped architecture, inconsistent scale, random text, watermark, logo artifacts, low detail, blur",Perspective/Dutch Angle Left,1,False
"0069 | Perspective/Dutch Angle Left/Left Dutch-Angle Camera — wide environmental framing, 28mm moderately wide lens, foreground-to-background depth layering","camera perspective and framing instruction only; preserve every existing subject pose, action, expression, body arrangement, clothing, interaction, limb placement, prop placement, and scene event supplied by the other prompt inputs; camera rolled moderately counter-clockwise, diagonal horizon created by camera rotation only; close camera distance; wide environmental framing; 28mm moderately wide lens; foreground-to-background depth layering; deep focus across the visible environment; coherent camera-to-scene geometry; do not reinterpret the subject's pose or action","body twisted to imitate tilt, level horizon, extreme rotation, changed pose, changed action, changed expression, changed clothing, changed body arrangement, altered limb placement, invented gesture, contradictory camera angle, impossible perspective, duplicate subject, accidental extra person, warped architecture, inconsistent scale, random text, watermark, logo artifacts, low detail, blur",Perspective/Dutch Angle Left,1,False
"0070 | Perspective/Dutch Angle Left/Left Dutch-Angle Camera — head-and-shoulders crop, 24mm wide-angle lens, strong leading lines toward the subject","camera perspective and framing instruction only; preserve every existing subject pose, action, expression, body arrangement, clothing, interaction, limb placement, prop placement, and scene event supplied by the other prompt inputs; camera rolled moderately counter-clockwise, diagonal horizon created by camera rotation only; full-figure camera distance; head-and-shoulders crop; 24mm wide-angle lens; strong leading lines toward the subject; shallow depth of field with clean subject separation; coherent camera-to-scene geometry; do not reinterpret the subject's pose or action","body twisted to imitate tilt, level horizon, extreme rotation, changed pose, changed action, changed expression, changed clothing, changed body arrangement, altered limb placement, invented gesture, contradictory camera angle, impossible perspective, duplicate subject, accidental extra person, warped architecture, inconsistent scale, random text, watermark, logo artifacts, low detail, blur",Perspective/Dutch Angle Left,1,False
"0071 | Perspective/Dutch Angle Left/Left Dutch-Angle Camera — wide environmental framing, 28mm moderately wide lens, clean negative space around the subject","camera perspective and framing instruction only; preserve every existing subject pose, action, expression, body arrangement, clothing, interaction, limb placement, prop placement, and scene event supplied by the other prompt inputs; camera rolled moderately counter-clockwise, diagonal horizon created by camera rotation only; camera distance balanced between subject and environment; wide environmental framing; 28mm moderately wide lens; clean negative space around the subject; focus weighted toward clothing and material texture; coherent camera-to-scene geometry; do not reinterpret the subject's pose or action","body twisted to imitate tilt, level horizon, extreme rotation, changed pose, changed action, changed expression, changed clothing, changed body arrangement, altered limb placement, invented gesture, contradictory camera angle, impossible perspective, duplicate subject, accidental extra person, warped architecture, inconsistent scale, random text, watermark, logo artifacts, low detail, blur",Perspective/Dutch Angle Left,1,False
"0072 | Perspective/Dutch Angle Left/Left Dutch-Angle Camera — balanced square framing, 85mm portrait lens, slightly off-centre editorial composition","camera perspective and framing instruction only; preserve every existing subject pose, action, expression, body arrangement, clothing, interaction, limb placement, prop placement, and scene event supplied by the other prompt inputs; camera rolled moderately counter-clockwise, diagonal horizon created by camera rotation only; camera close enough to retain material texture; balanced square framing; 85mm portrait lens; slightly off-centre editorial composition; clean edge separation around the subject; coherent camera-to-scene geometry; do not reinterpret the subject's pose or action","body twisted to imitate tilt, level horizon, extreme rotation, changed pose, changed action, changed expression, changed clothing, changed body arrangement, altered limb placement, invented gesture, contradictory camera angle, impossible perspective, duplicate subject, accidental extra person, warped architecture, inconsistent scale, random text, watermark, logo artifacts, low detail, blur",Perspective/Dutch Angle Left,1,False
"0073 | Perspective/Dutch Angle Left/Left Dutch-Angle Camera — medium crop, 105mm compressed portrait lens, foreground-to-background depth layering","camera perspective and framing instruction only; preserve every existing subject pose, action, expression, body arrangement, clothing, interaction, limb placement, prop placement, and scene event supplied by the other prompt inputs; camera rolled moderately counter-clockwise, diagonal horizon created by camera rotation only; moderate camera distance; medium crop; 105mm compressed portrait lens; foreground-to-background depth layering; moderate depth of field retaining nearby context; coherent camera-to-scene geometry; do not reinterpret the subject's pose or action","body twisted to imitate tilt, level horizon, extreme rotation, changed pose, changed action, changed expression, changed clothing, changed body arrangement, altered limb placement, invented gesture, contradictory camera angle, impossible perspective, duplicate subject, accidental extra person, warped architecture, inconsistent scale, random text, watermark, logo artifacts, low detail, blur",Perspective/Dutch Angle Left,1,False
"0074 | Perspective/Dutch Angle Left/Left Dutch-Angle Camera — vertical editorial framing, 50mm standard lens, environmental elements framing the subject","camera perspective and framing instruction only; preserve every existing subject pose, action, expression, body arrangement, clothing, interaction, limb placement, prop placement, and scene event supplied by the other prompt inputs; camera rolled moderately counter-clockwise, diagonal horizon created by camera rotation only; moderate camera distance; vertical editorial framing; 50mm standard lens; environmental elements framing the subject; foreground softly separated from the subject; coherent camera-to-scene geometry; do not reinterpret the subject's pose or action","body twisted to imitate tilt, level horizon, extreme rotation, changed pose, changed action, changed expression, changed clothing, changed body arrangement, altered limb placement, invented gesture, contradictory camera angle, impossible perspective, duplicate subject, accidental extra person, warped architecture, inconsistent scale, random text, watermark, logo artifacts, low detail, blur",Perspective/Dutch Angle Left,1,False
"0075 | Perspective/Dutch Angle Left/Left Dutch-Angle Camera — medium crop, 18mm ultra-wide lens with controlled distortion, asymmetrical cinematic balance","camera perspective and framing instruction only; preserve every existing subject pose, action, expression, body arrangement, clothing, interaction, limb placement, prop placement, and scene event supplied by the other prompt inputs; camera rolled moderately counter-clockwise, diagonal horizon created by camera rotation only; full-figure camera distance; medium crop; 18mm ultra-wide lens with controlled distortion; asymmetrical cinematic balance; shallow depth of field with clean subject separation; coherent camera-to-scene geometry; do not reinterpret the subject's pose or action","body twisted to imitate tilt, level horizon, extreme rotation, changed pose, changed action, changed expression, changed clothing, changed body arrangement, altered limb placement, invented gesture, contradictory camera angle, impossible perspective, duplicate subject, accidental extra person, warped architecture, inconsistent scale, random text, watermark, logo artifacts, low detail, blur",Perspective/Dutch Angle Left,1,False
"0076 | Perspective/Dutch Angle Left/Left Dutch-Angle Camera — cinematic landscape framing, 35mm environmental lens, asymmetrical cinematic balance","camera perspective and framing instruction only; preserve every existing subject pose, action, expression, body arrangement, clothing, interaction, limb placement, prop placement, and scene event supplied by the other prompt inputs; camera rolled moderately counter-clockwise, diagonal horizon created by camera rotation only; environmental portrait distance; cinematic landscape framing; 35mm environmental lens; asymmetrical cinematic balance; moderate depth of field retaining nearby context; coherent camera-to-scene geometry; do not reinterpret the subject's pose or action","body twisted to imitate tilt, level horizon, extreme rotation, changed pose, changed action, changed expression, changed clothing, changed body arrangement, altered limb placement, invented gesture, contradictory camera angle, impossible perspective, duplicate subject, accidental extra person, warped architecture, inconsistent scale, random text, watermark, logo artifacts, low detail, blur",Perspective/Dutch Angle Left,1,False
"0077 | Perspective/Dutch Angle Left/Left Dutch-Angle Camera — full-figure framing, 35mm environmental lens, rule-of-thirds composition","camera perspective and framing instruction only; preserve every existing subject pose, action, expression, body arrangement, clothing, interaction, limb placement, prop placement, and scene event supplied by the other prompt inputs; camera rolled moderately counter-clockwise, diagonal horizon created by camera rotation only; conversational camera distance; full-figure framing; 35mm environmental lens; rule-of-thirds composition; focus weighted toward facial detail when visible; coherent camera-to-scene geometry; do not reinterpret the subject's pose or action","body twisted to imitate tilt, level horizon, extreme rotation, changed pose, changed action, changed expression, changed clothing, changed body arrangement, altered limb placement, invented gesture, contradictory camera angle, impossible perspective, duplicate subject, accidental extra person, warped architecture, inconsistent scale, random text, watermark, logo artifacts, low detail, blur",Perspective/Dutch Angle Left,1,False
"0078 | Perspective/Dutch Angle Left/Left Dutch-Angle Camera — wide environmental framing, 28mm moderately wide lens, environmental elements framing the subject","camera perspective and framing instruction only; preserve every existing subject pose, action, expression, body arrangement, clothing, interaction, limb placement, prop placement, and scene event supplied by the other prompt inputs; camera rolled moderately counter-clockwise, diagonal horizon created by camera rotation only; close camera distance; wide environmental framing; 28mm moderately wide lens; environmental elements framing the subject; clean edge separation around the subject; coherent camera-to-scene geometry; do not reinterpret the subject's pose or action","body twisted to imitate tilt, level horizon, extreme rotation, changed pose, changed action, changed expression, changed clothing, changed body arrangement, altered limb placement, invented gesture, contradictory camera angle, impossible perspective, duplicate subject, accidental extra person, warped architecture, inconsistent scale, random text, watermark, logo artifacts, low detail, blur",Perspective/Dutch Angle Left,1,False
"0079 | Perspective/Dutch Angle Left/Left Dutch-Angle Camera — cinematic landscape framing, 50mm standard lens, symmetrical visual balance","camera perspective and framing instruction only; preserve every existing subject pose, action, expression, body arrangement, clothing, interaction, limb placement, prop placement, and scene event supplied by the other prompt inputs; camera rolled moderately counter-clockwise, diagonal horizon created by camera rotation only; camera distance balanced between subject and environment; cinematic landscape framing; 50mm standard lens; symmetrical visual balance; deep focus across the visible environment; coherent camera-to-scene geometry; do not reinterpret the subject's pose or action","body twisted to imitate tilt, level horizon, extreme rotation, changed pose, changed action, changed expression, changed clothing, changed body arrangement, altered limb placement, invented gesture, contradictory camera angle, impossible perspective, duplicate subject, accidental extra person, warped architecture, inconsistent scale, random text, watermark, logo artifacts, low detail, blur",Perspective/Dutch Angle Left,1,False
"0080 | Perspective/Dutch Angle Left/Left Dutch-Angle Camera — vertical editorial framing, 18mm ultra-wide lens with controlled distortion, minimal uncluttered composition","camera perspective and framing instruction only; preserve every existing subject pose, action, expression, body arrangement, clothing, interaction, limb placement, prop placement, and scene event supplied by the other prompt inputs; camera rolled moderately counter-clockwise, diagonal horizon created by camera rotation only; full-figure camera distance; vertical editorial framing; 18mm ultra-wide lens with controlled distortion; minimal uncluttered composition; moderate depth of field retaining nearby context; coherent camera-to-scene geometry; do not reinterpret the subject's pose or action","body twisted to imitate tilt, level horizon, extreme rotation, changed pose, changed action, changed expression, changed clothing, changed body arrangement, altered limb placement, invented gesture, contradictory camera angle, impossible perspective, duplicate subject, accidental extra person, warped architecture, inconsistent scale, random text, watermark, logo artifacts, low detail, blur",Perspective/Dutch Angle Left,1,False
"0081 | Perspective/Dutch Angle Left/Left Dutch-Angle Camera — medium crop, 24mm wide-angle lens, clean negative space around the subject","camera perspective and framing instruction only; preserve every existing subject pose, action, expression, body arrangement, clothing, interaction, limb placement, prop placement, and scene event supplied by the other prompt inputs; camera rolled moderately counter-clockwise, diagonal horizon created by camera rotation only; conversational camera distance; medium crop; 24mm wide-angle lens; clean negative space around the subject; focus weighted toward rear silhouette when visible; coherent camera-to-scene geometry; do not reinterpret the subject's pose or action","body twisted to imitate tilt, level horizon, extreme rotation, changed pose, changed action, changed expression, changed clothing, changed body arrangement, altered limb placement, invented gesture, contradictory camera angle, impossible perspective, duplicate subject, accidental extra person, warped architecture, inconsistent scale, random text, watermark, logo artifacts, low detail, blur",Perspective/Dutch Angle Left,1,False
"0082 | Perspective/Dutch Angle Left/Left Dutch-Angle Camera — balanced square framing, 24mm wide-angle lens, symmetrical visual balance","camera perspective and framing instruction only; preserve every existing subject pose, action, expression, body arrangement, clothing, interaction, limb placement, prop placement, and scene event supplied by the other prompt inputs; camera rolled moderately counter-clockwise, diagonal horizon created by camera rotation only; camera close enough to retain material texture; balanced square framing; 24mm wide-angle lens; symmetrical visual balance; focus weighted toward facial detail when visible; coherent camera-to-scene geometry; do not reinterpret the subject's pose or action","body twisted to imitate tilt, level horizon, extreme rotation, changed pose, changed action, changed expression, changed clothing, changed body arrangement, altered limb placement, invented gesture, contradictory camera angle, impossible perspective, duplicate subject, accidental extra person, warped architecture, inconsistent scale, random text, watermark, logo artifacts, low detail, blur",Perspective/Dutch Angle Left,1,False
"0083 | Perspective/Dutch Angle Left/Left Dutch-Angle Camera — vertical editorial framing, 24mm wide-angle lens, foreground-to-background depth layering","camera perspective and framing instruction only; preserve every existing subject pose, action, expression, body arrangement, clothing, interaction, limb placement, prop placement, and scene event supplied by the other prompt inputs; camera rolled moderately counter-clockwise, diagonal horizon created by camera rotation only; moderate camera distance; vertical editorial framing; 24mm wide-angle lens; foreground-to-background depth layering; clean edge separation around the subject; coherent camera-to-scene geometry; do not reinterpret the subject's pose or action","body twisted to imitate tilt, level horizon, extreme rotation, changed pose, changed action, changed expression, changed clothing, changed body arrangement, altered limb placement, invented gesture, contradictory camera angle, impossible perspective, duplicate subject, accidental extra person, warped architecture, inconsistent scale, random text, watermark, logo artifacts, low detail, blur",Perspective/Dutch Angle Left,1,False
"0084 | Perspective/Dutch Angle Left/Left Dutch-Angle Camera — medium crop, 135mm telephoto lens, minimal uncluttered composition","camera perspective and framing instruction only; preserve every existing subject pose, action, expression, body arrangement, clothing, interaction, limb placement, prop placement, and scene event supplied by the other prompt inputs; camera rolled moderately counter-clockwise, diagonal horizon created by camera rotation only; environmental portrait distance; medium crop; 135mm telephoto lens; minimal uncluttered composition; focus weighted toward facial detail when visible; coherent camera-to-scene geometry; do not reinterpret the subject's pose or action","body twisted to imitate tilt, level horizon, extreme rotation, changed pose, changed action, changed expression, changed clothing, changed body arrangement, altered limb placement, invented gesture, contradictory camera angle, impossible perspective, duplicate subject, accidental extra person, warped architecture, inconsistent scale, random text, watermark, logo artifacts, low detail, blur",Perspective/Dutch Angle Left,1,False
"0085 | Perspective/Dutch Angle Left/Left Dutch-Angle Camera — vertical editorial framing, 28mm moderately wide lens, slightly off-centre editorial composition","camera perspective and framing instruction only; preserve every existing subject pose, action, expression, body arrangement, clothing, interaction, limb placement, prop placement, and scene event supplied by the other prompt inputs; camera rolled moderately counter-clockwise, diagonal horizon created by camera rotation only; full-figure camera distance; vertical editorial framing; 28mm moderately wide lens; slightly off-centre editorial composition; foreground softly separated from the subject; coherent camera-to-scene geometry; do not reinterpret the subject's pose or action","body twisted to imitate tilt, level horizon, extreme rotation, changed pose, changed action, changed expression, changed clothing, changed body arrangement, altered limb placement, invented gesture, contradictory camera angle, impossible perspective, duplicate subject, accidental extra person, warped architecture, inconsistent scale, random text, watermark, logo artifacts, low detail, blur",Perspective/Dutch Angle Left,1,False
"0086 | Perspective/Dutch Angle Left/Left Dutch-Angle Camera — three-quarter-length crop, 85mm portrait lens, asymmetrical cinematic balance","camera perspective and framing instruction only; preserve every existing subject pose, action, expression, body arrangement, clothing, interaction, limb placement, prop placement, and scene event supplied by the other prompt inputs; camera rolled moderately counter-clockwise, diagonal horizon created by camera rotation only; wide scene distance; three-quarter-length crop; 85mm portrait lens; asymmetrical cinematic balance; foreground softly separated from the subject; coherent camera-to-scene geometry; do not reinterpret the subject's pose or action","body twisted to imitate tilt, level horizon, extreme rotation, changed pose, changed action, changed expression, changed clothing, changed body arrangement, altered limb placement, invented gesture, contradictory camera angle, impossible perspective, duplicate subject, accidental extra person, warped architecture, inconsistent scale, random text, watermark, logo artifacts, low detail, blur",Perspective/Dutch Angle Left,1,False
"0087 | Perspective/Dutch Angle Left/Left Dutch-Angle Camera — waist-up crop, 135mm telephoto lens, environmental elements framing the subject","camera perspective and framing instruction only; preserve every existing subject pose, action, expression, body arrangement, clothing, interaction, limb placement, prop placement, and scene event supplied by the other prompt inputs; camera rolled moderately counter-clockwise, diagonal horizon created by camera rotation only; environmental portrait distance; waist-up crop; 135mm telephoto lens; environmental elements framing the subject; focus weighted toward clothing and material texture; coherent camera-to-scene geometry; do not reinterpret the subject's pose or action","body twisted to imitate tilt, level horizon, extreme rotation, changed pose, changed action, changed expression, changed clothing, changed body arrangement, altered limb placement, invented gesture, contradictory camera angle, impossible perspective, duplicate subject, accidental extra person, warped architecture, inconsistent scale, random text, watermark, logo artifacts, low detail, blur",Perspective/Dutch Angle Left,1,False
"0088 | Perspective/Dutch Angle Left/Left Dutch-Angle Camera — vertical editorial framing, 24mm wide-angle lens, strong leading lines toward the subject","camera perspective and framing instruction only; preserve every existing subject pose, action, expression, body arrangement, clothing, interaction, limb placement, prop placement, and scene event supplied by the other prompt inputs; camera rolled moderately counter-clockwise, diagonal horizon created by camera rotation only; close camera distance; vertical editorial framing; 24mm wide-angle lens; strong leading lines toward the subject; clean edge separation around the subject; coherent camera-to-scene geometry; do not reinterpret the subject's pose or action","body twisted to imitate tilt, level horizon, extreme rotation, changed pose, changed action, changed expression, changed clothing, changed body arrangement, altered limb placement, invented gesture, contradictory camera angle, impossible perspective, duplicate subject, accidental extra person, warped architecture, inconsistent scale, random text, watermark, logo artifacts, low detail, blur",Perspective/Dutch Angle Left,1,False
"0089 | Perspective/Dutch Angle Left/Left Dutch-Angle Camera — wide environmental framing, 35mm environmental lens, slightly off-centre editorial composition","camera perspective and framing instruction only; preserve every existing subject pose, action, expression, body arrangement, clothing, interaction, limb placement, prop placement, and scene event supplied by the other prompt inputs; camera rolled moderately counter-clockwise, diagonal horizon created by camera rotation only; close camera distance; wide environmental framing; 35mm environmental lens; slightly off-centre editorial composition; clean edge separation around the subject; coherent camera-to-scene geometry; do not reinterpret the subject's pose or action","body twisted to imitate tilt, level horizon, extreme rotation, changed pose, changed action, changed expression, changed clothing, changed body arrangement, altered limb placement, invented gesture, contradictory camera angle, impossible perspective, duplicate subject, accidental extra person, warped architecture, inconsistent scale, random text, watermark, logo artifacts, low detail, blur",Perspective/Dutch Angle Left,1,False
"0090 | Perspective/Dutch Angle Left/Left Dutch-Angle Camera — tight crop, 24mm wide-angle lens, environmental elements framing the subject","camera perspective and framing instruction only; preserve every existing subject pose, action, expression, body arrangement, clothing, interaction, limb placement, prop placement, and scene event supplied by the other prompt inputs; camera rolled moderately counter-clockwise, diagonal horizon created by camera rotation only; wide scene distance; tight crop; 24mm wide-angle lens; environmental elements framing the subject; deep focus across the visible environment; coherent camera-to-scene geometry; do not reinterpret the subject's pose or action","body twisted to imitate tilt, level horizon, extreme rotation, changed pose, changed action, changed expression, changed clothing, changed body arrangement, altered limb placement, invented gesture, contradictory camera angle, impossible perspective, duplicate subject, accidental extra person, warped architecture, inconsistent scale, random text, watermark, logo artifacts, low detail, blur",Perspective/Dutch Angle Left,1,False
"0091 | Perspective/Dutch Angle Left/Left Dutch-Angle Camera — wide environmental framing, 105mm compressed portrait lens, foreground-to-background depth layering","camera perspective and framing instruction only; preserve every existing subject pose, action, expression, body arrangement, clothing, interaction, limb placement, prop placement, and scene event supplied by the other prompt inputs; camera rolled moderately counter-clockwise, diagonal horizon created by camera rotation only; camera distance balanced between subject and environment; wide environmental framing; 105mm compressed portrait lens; foreground-to-background depth layering; focus locked on the primary subject; coherent camera-to-scene geometry; do not reinterpret the subject's pose or action","body twisted to imitate tilt, level horizon, extreme rotation, changed pose, changed action, changed expression, changed clothing, changed body arrangement, altered limb placement, invented gesture, contradictory camera angle, impossible perspective, duplicate subject, accidental extra person, warped architecture, inconsistent scale, random text, watermark, logo artifacts, low detail, blur",Perspective/Dutch Angle Left,1,False
"0092 | Perspective/Dutch Angle Left/Left Dutch-Angle Camera — cinematic landscape framing, 135mm telephoto lens, environmental elements framing the subject","camera perspective and framing instruction only; preserve every existing subject pose, action, expression, body arrangement, clothing, interaction, limb placement, prop placement, and scene event supplied by the other prompt inputs; camera rolled moderately counter-clockwise, diagonal horizon created by camera rotation only; moderate camera distance; cinematic landscape framing; 135mm telephoto lens; environmental elements framing the subject; balanced focus between subject and immediate surroundings; coherent camera-to-scene geometry; do not reinterpret the subject's pose or action","body twisted to imitate tilt, level horizon, extreme rotation, changed pose, changed action, changed expression, changed clothing, changed body arrangement, altered limb placement, invented gesture, contradictory camera angle, impossible perspective, duplicate subject, accidental extra person, warped architecture, inconsistent scale, random text, watermark, logo artifacts, low detail, blur",Perspective/Dutch Angle Left,1,False
"0093 | Perspective/Dutch Angle Left/Left Dutch-Angle Camera — three-quarter-length crop, 135mm telephoto lens, asymmetrical cinematic balance","camera perspective and framing instruction only; preserve every existing subject pose, action, expression, body arrangement, clothing, interaction, limb placement, prop placement, and scene event supplied by the other prompt inputs; camera rolled moderately counter-clockwise, diagonal horizon created by camera rotation only; camera distance balanced between subject and environment; three-quarter-length crop; 135mm telephoto lens; asymmetrical cinematic balance; focus weighted toward clothing and material texture; coherent camera-to-scene geometry; do not reinterpret the subject's pose or action","body twisted to imitate tilt, level horizon, extreme rotation, changed pose, changed action, changed expression, changed clothing, changed body arrangement, altered limb placement, invented gesture, contradictory camera angle, impossible perspective, duplicate subject, accidental extra person, warped architecture, inconsistent scale, random text, watermark, logo artifacts, low detail, blur",Perspective/Dutch Angle Left,1,False
"0094 | Perspective/Dutch Angle Left/Left Dutch-Angle Camera — full-figure framing, 85mm portrait lens, asymmetrical cinematic balance","camera perspective and framing instruction only; preserve every existing subject pose, action, expression, body arrangement, clothing, interaction, limb placement, prop placement, and scene event supplied by the other prompt inputs; camera rolled moderately counter-clockwise, diagonal horizon created by camera rotation only; camera distance balanced between subject and environment; full-figure framing; 85mm portrait lens; asymmetrical cinematic balance; focus weighted toward rear silhouette when visible; coherent camera-to-scene geometry; do not reinterpret the subject's pose or action","body twisted to imitate tilt, level horizon, extreme rotation, changed pose, changed action, changed expression, changed clothing, changed body arrangement, altered limb placement, invented gesture, contradictory camera angle, impossible perspective, duplicate subject, accidental extra person, warped architecture, inconsistent scale, random text, watermark, logo artifacts, low detail, blur",Perspective/Dutch Angle Left,1,False
"0095 | Perspective/Dutch Angle Left/Left Dutch-Angle Camera — head-and-shoulders crop, 65mm short-portrait lens, foreground-to-background depth layering","camera perspective and framing instruction only; preserve every existing subject pose, action, expression, body arrangement, clothing, interaction, limb placement, prop placement, and scene event supplied by the other prompt inputs; camera rolled moderately counter-clockwise, diagonal horizon created by camera rotation only; conversational camera distance; head-and-shoulders crop; 65mm short-portrait lens; foreground-to-background depth layering; focus weighted toward rear silhouette when visible; coherent camera-to-scene geometry; do not reinterpret the subject's pose or action","body twisted to imitate tilt, level horizon, extreme rotation, changed pose, changed action, changed expression, changed clothing, changed body arrangement, altered limb placement, invented gesture, contradictory camera angle, impossible perspective, duplicate subject, accidental extra person, warped architecture, inconsistent scale, random text, watermark, logo artifacts, low detail, blur",Perspective/Dutch Angle Left,1,False
"0096 | Perspective/Dutch Angle Left/Left Dutch-Angle Camera — three-quarter-length crop, 18mm ultra-wide lens with controlled distortion, centred composition","camera perspective and framing instruction only; preserve every existing subject pose, action, expression, body arrangement, clothing, interaction, limb placement, prop placement, and scene event supplied by the other prompt inputs; camera rolled moderately counter-clockwise, diagonal horizon created by camera rotation only; camera close enough to retain material texture; three-quarter-length crop; 18mm ultra-wide lens with controlled distortion; centred composition; moderate depth of field retaining nearby context; coherent camera-to-scene geometry; do not reinterpret the subject's pose or action","body twisted to imitate tilt, level horizon, extreme rotation, changed pose, changed action, changed expression, changed clothing, changed body arrangement, altered limb placement, invented gesture, contradictory camera angle, impossible perspective, duplicate subject, accidental extra person, warped architecture, inconsistent scale, random text, watermark, logo artifacts, low detail, blur",Perspective/Dutch Angle Left,1,False
"0097 | Perspective/Dutch Angle Left/Left Dutch-Angle Camera — balanced square framing, 28mm moderately wide lens, clean negative space around the subject","camera perspective and framing instruction only; preserve every existing subject pose, action, expression, body arrangement, clothing, interaction, limb placement, prop placement, and scene event supplied by the other prompt inputs; camera rolled moderately counter-clockwise, diagonal horizon created by camera rotation only; intimate portrait distance; balanced square framing; 28mm moderately wide lens; clean negative space around the subject; focus locked on the primary subject; coherent camera-to-scene geometry; do not reinterpret the subject's pose or action","body twisted to imitate tilt, level horizon, extreme rotation, changed pose, changed action, changed expression, changed clothing, changed body arrangement, altered limb placement, invented gesture, contradictory camera angle, impossible perspective, duplicate subject, accidental extra person, warped architecture, inconsistent scale, random text, watermark, logo artifacts, low detail, blur",Perspective/Dutch Angle Left,1,False
"0098 | Perspective/Dutch Angle Left/Left Dutch-Angle Camera — vertical editorial framing, 135mm telephoto lens, environmental elements framing the subject","camera perspective and framing instruction only; preserve every existing subject pose, action, expression, body arrangement, clothing, interaction, limb placement, prop placement, and scene event supplied by the other prompt inputs; camera rolled moderately counter-clockwise, diagonal horizon created by camera rotation only; camera close enough to retain material texture; vertical editorial framing; 135mm telephoto lens; environmental elements framing the subject; foreground softly separated from the subject; coherent camera-to-scene geometry; do not reinterpret the subject's pose or action","body twisted to imitate tilt, level horizon, extreme rotation, changed pose, changed action, changed expression, changed clothing, changed body arrangement, altered limb placement, invented gesture, contradictory camera angle, impossible perspective, duplicate subject, accidental extra person, warped architecture, inconsistent scale, random text, watermark, logo artifacts, low detail, blur",Perspective/Dutch Angle Left,1,False
"0099 | Perspective/Dutch Angle Left/Left Dutch-Angle Camera — full-figure framing, 40mm natural-perspective lens, minimal uncluttered composition","camera perspective and framing instruction only; preserve every existing subject pose, action, expression, body arrangement, clothing, interaction, limb placement, prop placement, and scene event supplied by the other prompt inputs; camera rolled moderately counter-clockwise, diagonal horizon created by camera rotation only; close camera distance; full-figure framing; 40mm natural-perspective lens; minimal uncluttered composition; focus weighted toward clothing and material texture; coherent camera-to-scene geometry; do not reinterpret the subject's pose or action","body twisted to imitate tilt, level horizon, extreme rotation, changed pose, changed action, changed expression, changed clothing, changed body arrangement, altered limb placement, invented gesture, contradictory camera angle, impossible perspective, duplicate subject, accidental extra person, warped architecture, inconsistent scale, random text, watermark, logo artifacts, low detail, blur",Perspective/Dutch Angle Left,1,False
"0100 | Perspective/Dutch Angle Left/Left Dutch-Angle Camera — wide environmental framing, 50mm standard lens, strong leading lines toward the subject","camera perspective and framing instruction only; preserve every existing subject pose, action, expression, body arrangement, clothing, interaction, limb placement, prop placement, and scene event supplied by the other prompt inputs; camera rolled moderately counter-clockwise, diagonal horizon created by camera rotation only; wide scene distance; wide environmental framing; 50mm standard lens; strong leading lines toward the subject; deep focus across the visible environment; coherent camera-to-scene geometry; do not reinterpret the subject's pose or action","body twisted to imitate tilt, level horizon, extreme rotation, changed pose, changed action, changed expression, changed clothing, changed body arrangement, altered limb placement, invented gesture, contradictory camera angle, impossible perspective, duplicate subject, accidental extra person, warped architecture, inconsistent scale, random text, watermark, logo artifacts, low detail, blur",Perspective/Dutch Angle Left,1,False
