name,prompt,negative_prompt,category,weight,favorite
"0001 | Perspective/Mirror Reflection/Mirror Reflection Camera — cinematic landscape framing, 40mm natural-perspective lens, strong leading lines toward the subject","camera perspective and framing instruction only; preserve every existing subject pose, action, expression, body arrangement, clothing, interaction, limb placement, prop placement, and scene event supplied by the other prompt inputs; camera observing the existing subject through a physically consistent mirror reflection, reflected geometry matching the real scene; camera far enough back to preserve spatial context; cinematic landscape framing; 40mm natural-perspective lens; strong leading lines toward the subject; focus weighted toward clothing and material texture; coherent camera-to-scene geometry; do not reinterpret the subject's pose or action","duplicate real subjects, mismatched reflection, impossible mirror direction, changed pose, changed action, changed expression, changed clothing, changed body arrangement, altered limb placement, invented gesture, contradictory camera angle, impossible perspective, duplicate subject, accidental extra person, warped architecture, inconsistent scale, random text, watermark, logo artifacts, low detail, blur",Perspective/Mirror Reflection,1,False
"0002 | Perspective/Mirror Reflection/Mirror Reflection Camera — medium crop, 65mm short-portrait lens, foreground-to-background depth layering","camera perspective and framing instruction only; preserve every existing subject pose, action, expression, body arrangement, clothing, interaction, limb placement, prop placement, and scene event supplied by the other prompt inputs; camera observing the existing subject through a physically consistent mirror reflection, reflected geometry matching the real scene; camera close enough to retain material texture; medium crop; 65mm short-portrait lens; foreground-to-background depth layering; focus weighted toward facial detail when visible; coherent camera-to-scene geometry; do not reinterpret the subject's pose or action","duplicate real subjects, mismatched reflection, impossible mirror direction, changed pose, changed action, changed expression, changed clothing, changed body arrangement, altered limb placement, invented gesture, contradictory camera angle, impossible perspective, duplicate subject, accidental extra person, warped architecture, inconsistent scale, random text, watermark, logo artifacts, low detail, blur",Perspective/Mirror Reflection,1,False
"0003 | Perspective/Mirror Reflection/Mirror Reflection Camera — vertical editorial framing, 65mm short-portrait lens, clean negative space around the subject","camera perspective and framing instruction only; preserve every existing subject pose, action, expression, body arrangement, clothing, interaction, limb placement, prop placement, and scene event supplied by the other prompt inputs; camera observing the existing subject through a physically consistent mirror reflection, reflected geometry matching the real scene; wide scene distance; vertical editorial framing; 65mm short-portrait lens; clean negative space around the subject; clean edge separation around the subject; coherent camera-to-scene geometry; do not reinterpret the subject's pose or action","duplicate real subjects, mismatched reflection, impossible mirror direction, changed pose, changed action, changed expression, changed clothing, changed body arrangement, altered limb placement, invented gesture, contradictory camera angle, impossible perspective, duplicate subject, accidental extra person, warped architecture, inconsistent scale, random text, watermark, logo artifacts, low detail, blur",Perspective/Mirror Reflection,1,False
"0004 | Perspective/Mirror Reflection/Mirror Reflection Camera — tight crop, 105mm compressed portrait lens, centred composition","camera perspective and framing instruction only; preserve every existing subject pose, action, expression, body arrangement, clothing, interaction, limb placement, prop placement, and scene event supplied by the other prompt inputs; camera observing the existing subject through a physically consistent mirror reflection, reflected geometry matching the real scene; wide scene distance; tight crop; 105mm compressed portrait lens; centred composition; focus locked on the primary subject; coherent camera-to-scene geometry; do not reinterpret the subject's pose or action","duplicate real subjects, mismatched reflection, impossible mirror direction, changed pose, changed action, changed expression, changed clothing, changed body arrangement, altered limb placement, invented gesture, contradictory camera angle, impossible perspective, duplicate subject, accidental extra person, warped architecture, inconsistent scale, random text, watermark, logo artifacts, low detail, blur",Perspective/Mirror Reflection,1,False
"0005 | Perspective/Mirror Reflection/Mirror Reflection Camera — full-figure framing, 40mm natural-perspective lens, asymmetrical cinematic balance","camera perspective and framing instruction only; preserve every existing subject pose, action, expression, body arrangement, clothing, interaction, limb placement, prop placement, and scene event supplied by the other prompt inputs; camera observing the existing subject through a physically consistent mirror reflection, reflected geometry matching the real scene; intimate portrait distance; full-figure framing; 40mm natural-perspective lens; asymmetrical cinematic balance; moderate depth of field retaining nearby context; coherent camera-to-scene geometry; do not reinterpret the subject's pose or action","duplicate real subjects, mismatched reflection, impossible mirror direction, changed pose, changed action, changed expression, changed clothing, changed body arrangement, altered limb placement, invented gesture, contradictory camera angle, impossible perspective, duplicate subject, accidental extra person, warped architecture, inconsistent scale, random text, watermark, logo artifacts, low detail, blur",Perspective/Mirror Reflection,1,False
"0006 | Perspective/Mirror Reflection/Mirror Reflection Camera — wide environmental framing, 65mm short-portrait lens, slightly off-centre editorial composition","camera perspective and framing instruction only; preserve every existing subject pose, action, expression, body arrangement, clothing, interaction, limb placement, prop placement, and scene event supplied by the other prompt inputs; camera observing the existing subject through a physically consistent mirror reflection, reflected geometry matching the real scene; full-figure camera distance; wide environmental framing; 65mm short-portrait lens; slightly off-centre editorial composition; focus weighted toward clothing and material texture; coherent camera-to-scene geometry; do not reinterpret the subject's pose or action","duplicate real subjects, mismatched reflection, impossible mirror direction, changed pose, changed action, changed expression, changed clothing, changed body arrangement, altered limb placement, invented gesture, contradictory camera angle, impossible perspective, duplicate subject, accidental extra person, warped architecture, inconsistent scale, random text, watermark, logo artifacts, low detail, blur",Perspective/Mirror Reflection,1,False
"0007 | Perspective/Mirror Reflection/Mirror Reflection Camera — waist-up crop, 105mm compressed portrait lens, strong leading lines toward the subject","camera perspective and framing instruction only; preserve every existing subject pose, action, expression, body arrangement, clothing, interaction, limb placement, prop placement, and scene event supplied by the other prompt inputs; camera observing the existing subject through a physically consistent mirror reflection, reflected geometry matching the real scene; moderate camera distance; waist-up crop; 105mm compressed portrait lens; strong leading lines toward the subject; foreground softly separated from the subject; coherent camera-to-scene geometry; do not reinterpret the subject's pose or action","duplicate real subjects, mismatched reflection, impossible mirror direction, changed pose, changed action, changed expression, changed clothing, changed body arrangement, altered limb placement, invented gesture, contradictory camera angle, impossible perspective, duplicate subject, accidental extra person, warped architecture, inconsistent scale, random text, watermark, logo artifacts, low detail, blur",Perspective/Mirror Reflection,1,False
"0008 | Perspective/Mirror Reflection/Mirror Reflection Camera — balanced square framing, 24mm wide-angle lens, slightly off-centre editorial composition","camera perspective and framing instruction only; preserve every existing subject pose, action, expression, body arrangement, clothing, interaction, limb placement, prop placement, and scene event supplied by the other prompt inputs; camera observing the existing subject through a physically consistent mirror reflection, reflected geometry matching the real scene; conversational camera distance; balanced square framing; 24mm wide-angle lens; slightly off-centre editorial composition; focus weighted toward rear silhouette when visible; coherent camera-to-scene geometry; do not reinterpret the subject's pose or action","duplicate real subjects, mismatched reflection, impossible mirror direction, changed pose, changed action, changed expression, changed clothing, changed body arrangement, altered limb placement, invented gesture, contradictory camera angle, impossible perspective, duplicate subject, accidental extra person, warped architecture, inconsistent scale, random text, watermark, logo artifacts, low detail, blur",Perspective/Mirror Reflection,1,False
"0009 | Perspective/Mirror Reflection/Mirror Reflection Camera — vertical editorial framing, 40mm natural-perspective lens, symmetrical visual balance","camera perspective and framing instruction only; preserve every existing subject pose, action, expression, body arrangement, clothing, interaction, limb placement, prop placement, and scene event supplied by the other prompt inputs; camera observing the existing subject through a physically consistent mirror reflection, reflected geometry matching the real scene; camera distance balanced between subject and environment; vertical editorial framing; 40mm natural-perspective lens; symmetrical visual balance; foreground softly separated from the subject; coherent camera-to-scene geometry; do not reinterpret the subject's pose or action","duplicate real subjects, mismatched reflection, impossible mirror direction, changed pose, changed action, changed expression, changed clothing, changed body arrangement, altered limb placement, invented gesture, contradictory camera angle, impossible perspective, duplicate subject, accidental extra person, warped architecture, inconsistent scale, random text, watermark, logo artifacts, low detail, blur",Perspective/Mirror Reflection,1,False
"0010 | Perspective/Mirror Reflection/Mirror Reflection Camera — three-quarter-length crop, 135mm telephoto lens, asymmetrical cinematic balance","camera perspective and framing instruction only; preserve every existing subject pose, action, expression, body arrangement, clothing, interaction, limb placement, prop placement, and scene event supplied by the other prompt inputs; camera observing the existing subject through a physically consistent mirror reflection, reflected geometry matching the real scene; environmental portrait distance; three-quarter-length crop; 135mm telephoto lens; asymmetrical cinematic balance; clean edge separation around the subject; coherent camera-to-scene geometry; do not reinterpret the subject's pose or action","duplicate real subjects, mismatched reflection, impossible mirror direction, changed pose, changed action, changed expression, changed clothing, changed body arrangement, altered limb placement, invented gesture, contradictory camera angle, impossible perspective, duplicate subject, accidental extra person, warped architecture, inconsistent scale, random text, watermark, logo artifacts, low detail, blur",Perspective/Mirror Reflection,1,False
"0011 | Perspective/Mirror Reflection/Mirror Reflection Camera — cinematic landscape framing, 105mm compressed portrait lens, slightly off-centre editorial composition","camera perspective and framing instruction only; preserve every existing subject pose, action, expression, body arrangement, clothing, interaction, limb placement, prop placement, and scene event supplied by the other prompt inputs; camera observing the existing subject through a physically consistent mirror reflection, reflected geometry matching the real scene; wide scene distance; cinematic landscape framing; 105mm compressed portrait lens; slightly off-centre editorial composition; focus weighted toward facial detail when visible; coherent camera-to-scene geometry; do not reinterpret the subject's pose or action","duplicate real subjects, mismatched reflection, impossible mirror direction, changed pose, changed action, changed expression, changed clothing, changed body arrangement, altered limb placement, invented gesture, contradictory camera angle, impossible perspective, duplicate subject, accidental extra person, warped architecture, inconsistent scale, random text, watermark, logo artifacts, low detail, blur",Perspective/Mirror Reflection,1,False
"0012 | Perspective/Mirror Reflection/Mirror Reflection Camera — medium crop, 135mm telephoto lens, minimal uncluttered composition","camera perspective and framing instruction only; preserve every existing subject pose, action, expression, body arrangement, clothing, interaction, limb placement, prop placement, and scene event supplied by the other prompt inputs; camera observing the existing subject through a physically consistent mirror reflection, reflected geometry matching the real scene; close camera distance; medium crop; 135mm telephoto lens; minimal uncluttered composition; balanced focus between subject and immediate surroundings; coherent camera-to-scene geometry; do not reinterpret the subject's pose or action","duplicate real subjects, mismatched reflection, impossible mirror direction, changed pose, changed action, changed expression, changed clothing, changed body arrangement, altered limb placement, invented gesture, contradictory camera angle, impossible perspective, duplicate subject, accidental extra person, warped architecture, inconsistent scale, random text, watermark, logo artifacts, low detail, blur",Perspective/Mirror Reflection,1,False
"0013 | Perspective/Mirror Reflection/Mirror Reflection Camera — vertical editorial framing, 28mm moderately wide lens, environmental elements framing the subject","camera perspective and framing instruction only; preserve every existing subject pose, action, expression, body arrangement, clothing, interaction, limb placement, prop placement, and scene event supplied by the other prompt inputs; camera observing the existing subject through a physically consistent mirror reflection, reflected geometry matching the real scene; camera distance balanced between subject and environment; vertical editorial framing; 28mm moderately wide lens; environmental elements framing the subject; focus weighted toward clothing and material texture; coherent camera-to-scene geometry; do not reinterpret the subject's pose or action","duplicate real subjects, mismatched reflection, impossible mirror direction, changed pose, changed action, changed expression, changed clothing, changed body arrangement, altered limb placement, invented gesture, contradictory camera angle, impossible perspective, duplicate subject, accidental extra person, warped architecture, inconsistent scale, random text, watermark, logo artifacts, low detail, blur",Perspective/Mirror Reflection,1,False
"0014 | Perspective/Mirror Reflection/Mirror Reflection Camera — head-and-shoulders crop, 65mm short-portrait lens, symmetrical visual balance","camera perspective and framing instruction only; preserve every existing subject pose, action, expression, body arrangement, clothing, interaction, limb placement, prop placement, and scene event supplied by the other prompt inputs; camera observing the existing subject through a physically consistent mirror reflection, reflected geometry matching the real scene; conversational camera distance; head-and-shoulders crop; 65mm short-portrait lens; symmetrical visual balance; balanced focus between subject and immediate surroundings; coherent camera-to-scene geometry; do not reinterpret the subject's pose or action","duplicate real subjects, mismatched reflection, impossible mirror direction, changed pose, changed action, changed expression, changed clothing, changed body arrangement, altered limb placement, invented gesture, contradictory camera angle, impossible perspective, duplicate subject, accidental extra person, warped architecture, inconsistent scale, random text, watermark, logo artifacts, low detail, blur",Perspective/Mirror Reflection,1,False
"0015 | Perspective/Mirror Reflection/Mirror Reflection Camera — tight crop, 40mm natural-perspective lens, centred composition","camera perspective and framing instruction only; preserve every existing subject pose, action, expression, body arrangement, clothing, interaction, limb placement, prop placement, and scene event supplied by the other prompt inputs; camera observing the existing subject through a physically consistent mirror reflection, reflected geometry matching the real scene; conversational camera distance; tight crop; 40mm natural-perspective lens; centred composition; foreground softly separated from the subject; coherent camera-to-scene geometry; do not reinterpret the subject's pose or action","duplicate real subjects, mismatched reflection, impossible mirror direction, changed pose, changed action, changed expression, changed clothing, changed body arrangement, altered limb placement, invented gesture, contradictory camera angle, impossible perspective, duplicate subject, accidental extra person, warped architecture, inconsistent scale, random text, watermark, logo artifacts, low detail, blur",Perspective/Mirror Reflection,1,False
"0016 | Perspective/Mirror Reflection/Mirror Reflection Camera — tight crop, 65mm short-portrait lens, minimal uncluttered composition","camera perspective and framing instruction only; preserve every existing subject pose, action, expression, body arrangement, clothing, interaction, limb placement, prop placement, and scene event supplied by the other prompt inputs; camera observing the existing subject through a physically consistent mirror reflection, reflected geometry matching the real scene; environmental portrait distance; tight crop; 65mm short-portrait lens; minimal uncluttered composition; balanced focus between subject and immediate surroundings; coherent camera-to-scene geometry; do not reinterpret the subject's pose or action","duplicate real subjects, mismatched reflection, impossible mirror direction, changed pose, changed action, changed expression, changed clothing, changed body arrangement, altered limb placement, invented gesture, contradictory camera angle, impossible perspective, duplicate subject, accidental extra person, warped architecture, inconsistent scale, random text, watermark, logo artifacts, low detail, blur",Perspective/Mirror Reflection,1,False
"0017 | Perspective/Mirror Reflection/Mirror Reflection Camera — head-and-shoulders crop, 65mm short-portrait lens, environmental elements framing the subject","camera perspective and framing instruction only; preserve every existing subject pose, action, expression, body arrangement, clothing, interaction, limb placement, prop placement, and scene event supplied by the other prompt inputs; camera observing the existing subject through a physically consistent mirror reflection, reflected geometry matching the real scene; intimate portrait distance; head-and-shoulders crop; 65mm short-portrait lens; environmental elements framing the subject; foreground softly separated from the subject; coherent camera-to-scene geometry; do not reinterpret the subject's pose or action","duplicate real subjects, mismatched reflection, impossible mirror direction, changed pose, changed action, changed expression, changed clothing, changed body arrangement, altered limb placement, invented gesture, contradictory camera angle, impossible perspective, duplicate subject, accidental extra person, warped architecture, inconsistent scale, random text, watermark, logo artifacts, low detail, blur",Perspective/Mirror Reflection,1,False
"0018 | Perspective/Mirror Reflection/Mirror Reflection Camera — balanced square framing, 24mm wide-angle lens, asymmetrical cinematic balance","camera perspective and framing instruction only; preserve every existing subject pose, action, expression, body arrangement, clothing, interaction, limb placement, prop placement, and scene event supplied by the other prompt inputs; camera observing the existing subject through a physically consistent mirror reflection, reflected geometry matching the real scene; environmental portrait distance; balanced square framing; 24mm wide-angle lens; asymmetrical cinematic balance; balanced focus between subject and immediate surroundings; coherent camera-to-scene geometry; do not reinterpret the subject's pose or action","duplicate real subjects, mismatched reflection, impossible mirror direction, changed pose, changed action, changed expression, changed clothing, changed body arrangement, altered limb placement, invented gesture, contradictory camera angle, impossible perspective, duplicate subject, accidental extra person, warped architecture, inconsistent scale, random text, watermark, logo artifacts, low detail, blur",Perspective/Mirror Reflection,1,False
"0019 | Perspective/Mirror Reflection/Mirror Reflection Camera — head-and-shoulders crop, 35mm environmental lens, clean negative space around the subject","camera perspective and framing instruction only; preserve every existing subject pose, action, expression, body arrangement, clothing, interaction, limb placement, prop placement, and scene event supplied by the other prompt inputs; camera observing the existing subject through a physically consistent mirror reflection, reflected geometry matching the real scene; moderate camera distance; head-and-shoulders crop; 35mm environmental lens; clean negative space around the subject; moderate depth of field retaining nearby context; coherent camera-to-scene geometry; do not reinterpret the subject's pose or action","duplicate real subjects, mismatched reflection, impossible mirror direction, changed pose, changed action, changed expression, changed clothing, changed body arrangement, altered limb placement, invented gesture, contradictory camera angle, impossible perspective, duplicate subject, accidental extra person, warped architecture, inconsistent scale, random text, watermark, logo artifacts, low detail, blur",Perspective/Mirror Reflection,1,False
"0020 | Perspective/Mirror Reflection/Mirror Reflection Camera — vertical editorial framing, 40mm natural-perspective lens, clean negative space around the subject","camera perspective and framing instruction only; preserve every existing subject pose, action, expression, body arrangement, clothing, interaction, limb placement, prop placement, and scene event supplied by the other prompt inputs; camera observing the existing subject through a physically consistent mirror reflection, reflected geometry matching the real scene; wide scene distance; vertical editorial framing; 40mm natural-perspective lens; clean negative space around the subject; deep focus across the visible environment; coherent camera-to-scene geometry; do not reinterpret the subject's pose or action","duplicate real subjects, mismatched reflection, impossible mirror direction, changed pose, changed action, changed expression, changed clothing, changed body arrangement, altered limb placement, invented gesture, contradictory camera angle, impossible perspective, duplicate subject, accidental extra person, warped architecture, inconsistent scale, random text, watermark, logo artifacts, low detail, blur",Perspective/Mirror Reflection,1,False
"0021 | Perspective/Mirror Reflection/Mirror Reflection Camera — head-and-shoulders crop, 135mm telephoto lens, symmetrical visual balance","camera perspective and framing instruction only; preserve every existing subject pose, action, expression, body arrangement, clothing, interaction, limb placement, prop placement, and scene event supplied by the other prompt inputs; camera observing the existing subject through a physically consistent mirror reflection, reflected geometry matching the real scene; wide scene distance; head-and-shoulders crop; 135mm telephoto lens; symmetrical visual balance; focus weighted toward clothing and material texture; coherent camera-to-scene geometry; do not reinterpret the subject's pose or action","duplicate real subjects, mismatched reflection, impossible mirror direction, changed pose, changed action, changed expression, changed clothing, changed body arrangement, altered limb placement, invented gesture, contradictory camera angle, impossible perspective, duplicate subject, accidental extra person, warped architecture, inconsistent scale, random text, watermark, logo artifacts, low detail, blur",Perspective/Mirror Reflection,1,False
"0022 | Perspective/Mirror Reflection/Mirror Reflection Camera — three-quarter-length crop, 24mm wide-angle lens, strong leading lines toward the subject","camera perspective and framing instruction only; preserve every existing subject pose, action, expression, body arrangement, clothing, interaction, limb placement, prop placement, and scene event supplied by the other prompt inputs; camera observing the existing subject through a physically consistent mirror reflection, reflected geometry matching the real scene; close camera distance; three-quarter-length crop; 24mm wide-angle lens; strong leading lines toward the subject; focus locked on the primary subject; coherent camera-to-scene geometry; do not reinterpret the subject's pose or action","duplicate real subjects, mismatched reflection, impossible mirror direction, changed pose, changed action, changed expression, changed clothing, changed body arrangement, altered limb placement, invented gesture, contradictory camera angle, impossible perspective, duplicate subject, accidental extra person, warped architecture, inconsistent scale, random text, watermark, logo artifacts, low detail, blur",Perspective/Mirror Reflection,1,False
"0023 | Perspective/Mirror Reflection/Mirror Reflection Camera — vertical editorial framing, 85mm portrait lens, minimal uncluttered composition","camera perspective and framing instruction only; preserve every existing subject pose, action, expression, body arrangement, clothing, interaction, limb placement, prop placement, and scene event supplied by the other prompt inputs; camera observing the existing subject through a physically consistent mirror reflection, reflected geometry matching the real scene; intimate portrait distance; vertical editorial framing; 85mm portrait lens; minimal uncluttered composition; focus weighted toward rear silhouette when visible; coherent camera-to-scene geometry; do not reinterpret the subject's pose or action","duplicate real subjects, mismatched reflection, impossible mirror direction, changed pose, changed action, changed expression, changed clothing, changed body arrangement, altered limb placement, invented gesture, contradictory camera angle, impossible perspective, duplicate subject, accidental extra person, warped architecture, inconsistent scale, random text, watermark, logo artifacts, low detail, blur",Perspective/Mirror Reflection,1,False
"0024 | Perspective/Mirror Reflection/Mirror Reflection Camera — full-figure framing, 135mm telephoto lens, minimal uncluttered composition","camera perspective and framing instruction only; preserve every existing subject pose, action, expression, body arrangement, clothing, interaction, limb placement, prop placement, and scene event supplied by the other prompt inputs; camera observing the existing subject through a physically consistent mirror reflection, reflected geometry matching the real scene; wide scene distance; full-figure framing; 135mm telephoto lens; minimal uncluttered composition; clean edge separation around the subject; coherent camera-to-scene geometry; do not reinterpret the subject's pose or action","duplicate real subjects, mismatched reflection, impossible mirror direction, changed pose, changed action, changed expression, changed clothing, changed body arrangement, altered limb placement, invented gesture, contradictory camera angle, impossible perspective, duplicate subject, accidental extra person, warped architecture, inconsistent scale, random text, watermark, logo artifacts, low detail, blur",Perspective/Mirror Reflection,1,False
"0025 | Perspective/Mirror Reflection/Mirror Reflection Camera — vertical editorial framing, 28mm moderately wide lens, rule-of-thirds composition","camera perspective and framing instruction only; preserve every existing subject pose, action, expression, body arrangement, clothing, interaction, limb placement, prop placement, and scene event supplied by the other prompt inputs; camera observing the existing subject through a physically consistent mirror reflection, reflected geometry matching the real scene; close camera distance; vertical editorial framing; 28mm moderately wide lens; rule-of-thirds composition; foreground softly separated from the subject; coherent camera-to-scene geometry; do not reinterpret the subject's pose or action","duplicate real subjects, mismatched reflection, impossible mirror direction, changed pose, changed action, changed expression, changed clothing, changed body arrangement, altered limb placement, invented gesture, contradictory camera angle, impossible perspective, duplicate subject, accidental extra person, warped architecture, inconsistent scale, random text, watermark, logo artifacts, low detail, blur",Perspective/Mirror Reflection,1,False
"0026 | Perspective/Mirror Reflection/Mirror Reflection Camera — balanced square framing, 65mm short-portrait lens, strong leading lines toward the subject","camera perspective and framing instruction only; preserve every existing subject pose, action, expression, body arrangement, clothing, interaction, limb placement, prop placement, and scene event supplied by the other prompt inputs; camera observing the existing subject through a physically consistent mirror reflection, reflected geometry matching the real scene; conversational camera distance; balanced square framing; 65mm short-portrait lens; strong leading lines toward the subject; balanced focus between subject and immediate surroundings; coherent camera-to-scene geometry; do not reinterpret the subject's pose or action","duplicate real subjects, mismatched reflection, impossible mirror direction, changed pose, changed action, changed expression, changed clothing, changed body arrangement, altered limb placement, invented gesture, contradictory camera angle, impossible perspective, duplicate subject, accidental extra person, warped architecture, inconsistent scale, random text, watermark, logo artifacts, low detail, blur",Perspective/Mirror Reflection,1,False
"0027 | Perspective/Mirror Reflection/Mirror Reflection Camera — head-and-shoulders crop, 135mm telephoto lens, strong leading lines toward the subject","camera perspective and framing instruction only; preserve every existing subject pose, action, expression, body arrangement, clothing, interaction, limb placement, prop placement, and scene event supplied by the other prompt inputs; camera observing the existing subject through a physically consistent mirror reflection, reflected geometry matching the real scene; camera far enough back to preserve spatial context; head-and-shoulders crop; 135mm telephoto lens; strong leading lines toward the subject; focus locked on the primary subject; coherent camera-to-scene geometry; do not reinterpret the subject's pose or action","duplicate real subjects, mismatched reflection, impossible mirror direction, changed pose, changed action, changed expression, changed clothing, changed body arrangement, altered limb placement, invented gesture, contradictory camera angle, impossible perspective, duplicate subject, accidental extra person, warped architecture, inconsistent scale, random text, watermark, logo artifacts, low detail, blur",Perspective/Mirror Reflection,1,False
"0028 | Perspective/Mirror Reflection/Mirror Reflection Camera — wide environmental framing, 28mm moderately wide lens, clean negative space around the subject","camera perspective and framing instruction only; preserve every existing subject pose, action, expression, body arrangement, clothing, interaction, limb placement, prop placement, and scene event supplied by the other prompt inputs; camera observing the existing subject through a physically consistent mirror reflection, reflected geometry matching the real scene; close camera distance; wide environmental framing; 28mm moderately wide lens; clean negative space around the subject; moderate depth of field retaining nearby context; coherent camera-to-scene geometry; do not reinterpret the subject's pose or action","duplicate real subjects, mismatched reflection, impossible mirror direction, changed pose, changed action, changed expression, changed clothing, changed body arrangement, altered limb placement, invented gesture, contradictory camera angle, impossible perspective, duplicate subject, accidental extra person, warped architecture, inconsistent scale, random text, watermark, logo artifacts, low detail, blur",Perspective/Mirror Reflection,1,False
"0029 | Perspective/Mirror Reflection/Mirror Reflection Camera — full-figure framing, 18mm ultra-wide lens with controlled distortion, symmetrical visual balance","camera perspective and framing instruction only; preserve every existing subject pose, action, expression, body arrangement, clothing, interaction, limb placement, prop placement, and scene event supplied by the other prompt inputs; camera observing the existing subject through a physically consistent mirror reflection, reflected geometry matching the real scene; full-figure camera distance; full-figure framing; 18mm ultra-wide lens with controlled distortion; symmetrical visual balance; shallow depth of field with clean subject separation; coherent camera-to-scene geometry; do not reinterpret the subject's pose or action","duplicate real subjects, mismatched reflection, impossible mirror direction, changed pose, changed action, changed expression, changed clothing, changed body arrangement, altered limb placement, invented gesture, contradictory camera angle, impossible perspective, duplicate subject, accidental extra person, warped architecture, inconsistent scale, random text, watermark, logo artifacts, low detail, blur",Perspective/Mirror Reflection,1,False
"0030 | Perspective/Mirror Reflection/Mirror Reflection Camera — cinematic landscape framing, 24mm wide-angle lens, rule-of-thirds composition","camera perspective and framing instruction only; preserve every existing subject pose, action, expression, body arrangement, clothing, interaction, limb placement, prop placement, and scene event supplied by the other prompt inputs; camera observing the existing subject through a physically consistent mirror reflection, reflected geometry matching the real scene; camera distance balanced between subject and environment; cinematic landscape framing; 24mm wide-angle lens; rule-of-thirds composition; foreground softly separated from the subject; coherent camera-to-scene geometry; do not reinterpret the subject's pose or action","duplicate real subjects, mismatched reflection, impossible mirror direction, changed pose, changed action, changed expression, changed clothing, changed body arrangement, altered limb placement, invented gesture, contradictory camera angle, impossible perspective, duplicate subject, accidental extra person, warped architecture, inconsistent scale, random text, watermark, logo artifacts, low detail, blur",Perspective/Mirror Reflection,1,False
"0031 | Perspective/Mirror Reflection/Mirror Reflection Camera — wide environmental framing, 105mm compressed portrait lens, rule-of-thirds composition","camera perspective and framing instruction only; preserve every existing subject pose, action, expression, body arrangement, clothing, interaction, limb placement, prop placement, and scene event supplied by the other prompt inputs; camera observing the existing subject through a physically consistent mirror reflection, reflected geometry matching the real scene; environmental portrait distance; wide environmental framing; 105mm compressed portrait lens; rule-of-thirds composition; moderate depth of field retaining nearby context; coherent camera-to-scene geometry; do not reinterpret the subject's pose or action","duplicate real subjects, mismatched reflection, impossible mirror direction, changed pose, changed action, changed expression, changed clothing, changed body arrangement, altered limb placement, invented gesture, contradictory camera angle, impossible perspective, duplicate subject, accidental extra person, warped architecture, inconsistent scale, random text, watermark, logo artifacts, low detail, blur",Perspective/Mirror Reflection,1,False
"0032 | Perspective/Mirror Reflection/Mirror Reflection Camera — balanced square framing, 35mm environmental lens, symmetrical visual balance","camera perspective and framing instruction only; preserve every existing subject pose, action, expression, body arrangement, clothing, interaction, limb placement, prop placement, and scene event supplied by the other prompt inputs; camera observing the existing subject through a physically consistent mirror reflection, reflected geometry matching the real scene; intimate portrait distance; balanced square framing; 35mm environmental lens; symmetrical visual balance; foreground softly separated from the subject; coherent camera-to-scene geometry; do not reinterpret the subject's pose or action","duplicate real subjects, mismatched reflection, impossible mirror direction, changed pose, changed action, changed expression, changed clothing, changed body arrangement, altered limb placement, invented gesture, contradictory camera angle, impossible perspective, duplicate subject, accidental extra person, warped architecture, inconsistent scale, random text, watermark, logo artifacts, low detail, blur",Perspective/Mirror Reflection,1,False
"0033 | Perspective/Mirror Reflection/Mirror Reflection Camera — three-quarter-length crop, 65mm short-portrait lens, symmetrical visual balance","camera perspective and framing instruction only; preserve every existing subject pose, action, expression, body arrangement, clothing, interaction, limb placement, prop placement, and scene event supplied by the other prompt inputs; camera observing the existing subject through a physically consistent mirror reflection, reflected geometry matching the real scene; camera distance balanced between subject and environment; three-quarter-length crop; 65mm short-portrait lens; symmetrical visual balance; foreground softly separated from the subject; coherent camera-to-scene geometry; do not reinterpret the subject's pose or action","duplicate real subjects, mismatched reflection, impossible mirror direction, changed pose, changed action, changed expression, changed clothing, changed body arrangement, altered limb placement, invented gesture, contradictory camera angle, impossible perspective, duplicate subject, accidental extra person, warped architecture, inconsistent scale, random text, watermark, logo artifacts, low detail, blur",Perspective/Mirror Reflection,1,False
"0034 | Perspective/Mirror Reflection/Mirror Reflection Camera — three-quarter-length crop, 24mm wide-angle lens, asymmetrical cinematic balance","camera perspective and framing instruction only; preserve every existing subject pose, action, expression, body arrangement, clothing, interaction, limb placement, prop placement, and scene event supplied by the other prompt inputs; camera observing the existing subject through a physically consistent mirror reflection, reflected geometry matching the real scene; full-figure camera distance; three-quarter-length crop; 24mm wide-angle lens; asymmetrical cinematic balance; balanced focus between subject and immediate surroundings; coherent camera-to-scene geometry; do not reinterpret the subject's pose or action","duplicate real subjects, mismatched reflection, impossible mirror direction, changed pose, changed action, changed expression, changed clothing, changed body arrangement, altered limb placement, invented gesture, contradictory camera angle, impossible perspective, duplicate subject, accidental extra person, warped architecture, inconsistent scale, random text, watermark, logo artifacts, low detail, blur",Perspective/Mirror Reflection,1,False
"0035 | Perspective/Mirror Reflection/Mirror Reflection Camera — tight crop, 50mm standard lens, rule-of-thirds composition","camera perspective and framing instruction only; preserve every existing subject pose, action, expression, body arrangement, clothing, interaction, limb placement, prop placement, and scene event supplied by the other prompt inputs; camera observing the existing subject through a physically consistent mirror reflection, reflected geometry matching the real scene; moderate camera distance; tight crop; 50mm standard lens; rule-of-thirds composition; focus weighted toward rear silhouette when visible; coherent camera-to-scene geometry; do not reinterpret the subject's pose or action","duplicate real subjects, mismatched reflection, impossible mirror direction, changed pose, changed action, changed expression, changed clothing, changed body arrangement, altered limb placement, invented gesture, contradictory camera angle, impossible perspective, duplicate subject, accidental extra person, warped architecture, inconsistent scale, random text, watermark, logo artifacts, low detail, blur",Perspective/Mirror Reflection,1,False
"0036 | Perspective/Mirror Reflection/Mirror Reflection Camera — full-figure framing, 28mm moderately wide lens, minimal uncluttered composition","camera perspective and framing instruction only; preserve every existing subject pose, action, expression, body arrangement, clothing, interaction, limb placement, prop placement, and scene event supplied by the other prompt inputs; camera observing the existing subject through a physically consistent mirror reflection, reflected geometry matching the real scene; camera distance balanced between subject and environment; full-figure framing; 28mm moderately wide lens; minimal uncluttered composition; focus weighted toward rear silhouette when visible; coherent camera-to-scene geometry; do not reinterpret the subject's pose or action","duplicate real subjects, mismatched reflection, impossible mirror direction, changed pose, changed action, changed expression, changed clothing, changed body arrangement, altered limb placement, invented gesture, contradictory camera angle, impossible perspective, duplicate subject, accidental extra person, warped architecture, inconsistent scale, random text, watermark, logo artifacts, low detail, blur",Perspective/Mirror Reflection,1,False
"0037 | Perspective/Mirror Reflection/Mirror Reflection Camera — three-quarter-length crop, 65mm short-portrait lens, environmental elements framing the subject","camera perspective and framing instruction only; preserve every existing subject pose, action, expression, body arrangement, clothing, interaction, limb placement, prop placement, and scene event supplied by the other prompt inputs; camera observing the existing subject through a physically consistent mirror reflection, reflected geometry matching the real scene; conversational camera distance; three-quarter-length crop; 65mm short-portrait lens; environmental elements framing the subject; clean edge separation around the subject; coherent camera-to-scene geometry; do not reinterpret the subject's pose or action","duplicate real subjects, mismatched reflection, impossible mirror direction, changed pose, changed action, changed expression, changed clothing, changed body arrangement, altered limb placement, invented gesture, contradictory camera angle, impossible perspective, duplicate subject, accidental extra person, warped architecture, inconsistent scale, random text, watermark, logo artifacts, low detail, blur",Perspective/Mirror Reflection,1,False
"0038 | Perspective/Mirror Reflection/Mirror Reflection Camera — vertical editorial framing, 18mm ultra-wide lens with controlled distortion, minimal uncluttered composition","camera perspective and framing instruction only; preserve every existing subject pose, action, expression, body arrangement, clothing, interaction, limb placement, prop placement, and scene event supplied by the other prompt inputs; camera observing the existing subject through a physically consistent mirror reflection, reflected geometry matching the real scene; camera close enough to retain material texture; vertical editorial framing; 18mm ultra-wide lens with controlled distortion; minimal uncluttered composition; focus weighted toward clothing and material texture; coherent camera-to-scene geometry; do not reinterpret the subject's pose or action","duplicate real subjects, mismatched reflection, impossible mirror direction, changed pose, changed action, changed expression, changed clothing, changed body arrangement, altered limb placement, invented gesture, contradictory camera angle, impossible perspective, duplicate subject, accidental extra person, warped architecture, inconsistent scale, random text, watermark, logo artifacts, low detail, blur",Perspective/Mirror Reflection,1,False
"0039 | Perspective/Mirror Reflection/Mirror Reflection Camera — cinematic landscape framing, 40mm natural-perspective lens, environmental elements framing the subject","camera perspective and framing instruction only; preserve every existing subject pose, action, expression, body arrangement, clothing, interaction, limb placement, prop placement, and scene event supplied by the other prompt inputs; camera observing the existing subject through a physically consistent mirror reflection, reflected geometry matching the real scene; environmental portrait distance; cinematic landscape framing; 40mm natural-perspective lens; environmental elements framing the subject; focus weighted toward clothing and material texture; coherent camera-to-scene geometry; do not reinterpret the subject's pose or action","duplicate real subjects, mismatched reflection, impossible mirror direction, changed pose, changed action, changed expression, changed clothing, changed body arrangement, altered limb placement, invented gesture, contradictory camera angle, impossible perspective, duplicate subject, accidental extra person, warped architecture, inconsistent scale, random text, watermark, logo artifacts, low detail, blur",Perspective/Mirror Reflection,1,False
"0040 | Perspective/Mirror Reflection/Mirror Reflection Camera — head-and-shoulders crop, 105mm compressed portrait lens, centred composition","camera perspective and framing instruction only; preserve every existing subject pose, action, expression, body arrangement, clothing, interaction, limb placement, prop placement, and scene event supplied by the other prompt inputs; camera observing the existing subject through a physically consistent mirror reflection, reflected geometry matching the real scene; camera distance balanced between subject and environment; head-and-shoulders crop; 105mm compressed portrait lens; centred composition; balanced focus between subject and immediate surroundings; coherent camera-to-scene geometry; do not reinterpret the subject's pose or action","duplicate real subjects, mismatched reflection, impossible mirror direction, changed pose, changed action, changed expression, changed clothing, changed body arrangement, altered limb placement, invented gesture, contradictory camera angle, impossible perspective, duplicate subject, accidental extra person, warped architecture, inconsistent scale, random text, watermark, logo artifacts, low detail, blur",Perspective/Mirror Reflection,1,False
"0041 | Perspective/Mirror Reflection/Mirror Reflection Camera — three-quarter-length crop, 135mm telephoto lens, environmental elements framing the subject","camera perspective and framing instruction only; preserve every existing subject pose, action, expression, body arrangement, clothing, interaction, limb placement, prop placement, and scene event supplied by the other prompt inputs; camera observing the existing subject through a physically consistent mirror reflection, reflected geometry matching the real scene; camera far enough back to preserve spatial context; three-quarter-length crop; 135mm telephoto lens; environmental elements framing the subject; balanced focus between subject and immediate surroundings; coherent camera-to-scene geometry; do not reinterpret the subject's pose or action","duplicate real subjects, mismatched reflection, impossible mirror direction, changed pose, changed action, changed expression, changed clothing, changed body arrangement, altered limb placement, invented gesture, contradictory camera angle, impossible perspective, duplicate subject, accidental extra person, warped architecture, inconsistent scale, random text, watermark, logo artifacts, low detail, blur",Perspective/Mirror Reflection,1,False
"0042 | Perspective/Mirror Reflection/Mirror Reflection Camera — tight crop, 18mm ultra-wide lens with controlled distortion, rule-of-thirds composition","camera perspective and framing instruction only; preserve every existing subject pose, action, expression, body arrangement, clothing, interaction, limb placement, prop placement, and scene event supplied by the other prompt inputs; camera observing the existing subject through a physically consistent mirror reflection, reflected geometry matching the real scene; close camera distance; tight crop; 18mm ultra-wide lens with controlled distortion; rule-of-thirds composition; focus weighted toward rear silhouette when visible; coherent camera-to-scene geometry; do not reinterpret the subject's pose or action","duplicate real subjects, mismatched reflection, impossible mirror direction, changed pose, changed action, changed expression, changed clothing, changed body arrangement, altered limb placement, invented gesture, contradictory camera angle, impossible perspective, duplicate subject, accidental extra person, warped architecture, inconsistent scale, random text, watermark, logo artifacts, low detail, blur",Perspective/Mirror Reflection,1,False
"0043 | Perspective/Mirror Reflection/Mirror Reflection Camera — full-figure framing, 105mm compressed portrait lens, environmental elements framing the subject","camera perspective and framing instruction only; preserve every existing subject pose, action, expression, body arrangement, clothing, interaction, limb placement, prop placement, and scene event supplied by the other prompt inputs; camera observing the existing subject through a physically consistent mirror reflection, reflected geometry matching the real scene; environmental portrait distance; full-figure framing; 105mm compressed portrait lens; environmental elements framing the subject; deep focus across the visible environment; coherent camera-to-scene geometry; do not reinterpret the subject's pose or action","duplicate real subjects, mismatched reflection, impossible mirror direction, changed pose, changed action, changed expression, changed clothing, changed body arrangement, altered limb placement, invented gesture, contradictory camera angle, impossible perspective, duplicate subject, accidental extra person, warped architecture, inconsistent scale, random text, watermark, logo artifacts, low detail, blur",Perspective/Mirror Reflection,1,False
"0044 | Perspective/Mirror Reflection/Mirror Reflection Camera — tight crop, 18mm ultra-wide lens with controlled distortion, environmental elements framing the subject","camera perspective and framing instruction only; preserve every existing subject pose, action, expression, body arrangement, clothing, interaction, limb placement, prop placement, and scene event supplied by the other prompt inputs; camera observing the existing subject through a physically consistent mirror reflection, reflected geometry matching the real scene; camera close enough to retain material texture; tight crop; 18mm ultra-wide lens with controlled distortion; environmental elements framing the subject; shallow depth of field with clean subject separation; coherent camera-to-scene geometry; do not reinterpret the subject's pose or action","duplicate real subjects, mismatched reflection, impossible mirror direction, changed pose, changed action, changed expression, changed clothing, changed body arrangement, altered limb placement, invented gesture, contradictory camera angle, impossible perspective, duplicate subject, accidental extra person, warped architecture, inconsistent scale, random text, watermark, logo artifacts, low detail, blur",Perspective/Mirror Reflection,1,False
"0045 | Perspective/Mirror Reflection/Mirror Reflection Camera — medium crop, 135mm telephoto lens, asymmetrical cinematic balance","camera perspective and framing instruction only; preserve every existing subject pose, action, expression, body arrangement, clothing, interaction, limb placement, prop placement, and scene event supplied by the other prompt inputs; camera observing the existing subject through a physically consistent mirror reflection, reflected geometry matching the real scene; conversational camera distance; medium crop; 135mm telephoto lens; asymmetrical cinematic balance; foreground softly separated from the subject; coherent camera-to-scene geometry; do not reinterpret the subject's pose or action","duplicate real subjects, mismatched reflection, impossible mirror direction, changed pose, changed action, changed expression, changed clothing, changed body arrangement, altered limb placement, invented gesture, contradictory camera angle, impossible perspective, duplicate subject, accidental extra person, warped architecture, inconsistent scale, random text, watermark, logo artifacts, low detail, blur",Perspective/Mirror Reflection,1,False
"0046 | Perspective/Mirror Reflection/Mirror Reflection Camera — head-and-shoulders crop, 40mm natural-perspective lens, symmetrical visual balance","camera perspective and framing instruction only; preserve every existing subject pose, action, expression, body arrangement, clothing, interaction, limb placement, prop placement, and scene event supplied by the other prompt inputs; camera observing the existing subject through a physically consistent mirror reflection, reflected geometry matching the real scene; close camera distance; head-and-shoulders crop; 40mm natural-perspective lens; symmetrical visual balance; focus weighted toward rear silhouette when visible; coherent camera-to-scene geometry; do not reinterpret the subject's pose or action","duplicate real subjects, mismatched reflection, impossible mirror direction, changed pose, changed action, changed expression, changed clothing, changed body arrangement, altered limb placement, invented gesture, contradictory camera angle, impossible perspective, duplicate subject, accidental extra person, warped architecture, inconsistent scale, random text, watermark, logo artifacts, low detail, blur",Perspective/Mirror Reflection,1,False
"0047 | Perspective/Mirror Reflection/Mirror Reflection Camera — waist-up crop, 65mm short-portrait lens, strong leading lines toward the subject","camera perspective and framing instruction only; preserve every existing subject pose, action, expression, body arrangement, clothing, interaction, limb placement, prop placement, and scene event supplied by the other prompt inputs; camera observing the existing subject through a physically consistent mirror reflection, reflected geometry matching the real scene; conversational camera distance; waist-up crop; 65mm short-portrait lens; strong leading lines toward the subject; clean edge separation around the subject; coherent camera-to-scene geometry; do not reinterpret the subject's pose or action","duplicate real subjects, mismatched reflection, impossible mirror direction, changed pose, changed action, changed expression, changed clothing, changed body arrangement, altered limb placement, invented gesture, contradictory camera angle, impossible perspective, duplicate subject, accidental extra person, warped architecture, inconsistent scale, random text, watermark, logo artifacts, low detail, blur",Perspective/Mirror Reflection,1,False
"0048 | Perspective/Mirror Reflection/Mirror Reflection Camera — full-figure framing, 40mm natural-perspective lens, strong leading lines toward the subject","camera perspective and framing instruction only; preserve every existing subject pose, action, expression, body arrangement, clothing, interaction, limb placement, prop placement, and scene event supplied by the other prompt inputs; camera observing the existing subject through a physically consistent mirror reflection, reflected geometry matching the real scene; moderate camera distance; full-figure framing; 40mm natural-perspective lens; strong leading lines toward the subject; focus weighted toward rear silhouette when visible; coherent camera-to-scene geometry; do not reinterpret the subject's pose or action","duplicate real subjects, mismatched reflection, impossible mirror direction, changed pose, changed action, changed expression, changed clothing, changed body arrangement, altered limb placement, invented gesture, contradictory camera angle, impossible perspective, duplicate subject, accidental extra person, warped architecture, inconsistent scale, random text, watermark, logo artifacts, low detail, blur",Perspective/Mirror Reflection,1,False
"0049 | Perspective/Mirror Reflection/Mirror Reflection Camera — three-quarter-length crop, 24mm wide-angle lens, strong leading lines toward the subject","camera perspective and framing instruction only; preserve every existing subject pose, action, expression, body arrangement, clothing, interaction, limb placement, prop placement, and scene event supplied by the other prompt inputs; camera observing the existing subject through a physically consistent mirror reflection, reflected geometry matching the real scene; camera distance balanced between subject and environment; three-quarter-length crop; 24mm wide-angle lens; strong leading lines toward the subject; focus locked on the primary subject; coherent camera-to-scene geometry; do not reinterpret the subject's pose or action","duplicate real subjects, mismatched reflection, impossible mirror direction, changed pose, changed action, changed expression, changed clothing, changed body arrangement, altered limb placement, invented gesture, contradictory camera angle, impossible perspective, duplicate subject, accidental extra person, warped architecture, inconsistent scale, random text, watermark, logo artifacts, low detail, blur",Perspective/Mirror Reflection,1,False
"0050 | Perspective/Mirror Reflection/Mirror Reflection Camera — head-and-shoulders crop, 50mm standard lens, rule-of-thirds composition","camera perspective and framing instruction only; preserve every existing subject pose, action, expression, body arrangement, clothing, interaction, limb placement, prop placement, and scene event supplied by the other prompt inputs; camera observing the existing subject through a physically consistent mirror reflection, reflected geometry matching the real scene; camera distance balanced between subject and environment; head-and-shoulders crop; 50mm standard lens; rule-of-thirds composition; focus weighted toward rear silhouette when visible; coherent camera-to-scene geometry; do not reinterpret the subject's pose or action","duplicate real subjects, mismatched reflection, impossible mirror direction, changed pose, changed action, changed expression, changed clothing, changed body arrangement, altered limb placement, invented gesture, contradictory camera angle, impossible perspective, duplicate subject, accidental extra person, warped architecture, inconsistent scale, random text, watermark, logo artifacts, low detail, blur",Perspective/Mirror Reflection,1,False
"0051 | Perspective/Mirror Reflection/Mirror Reflection Camera — vertical editorial framing, 28mm moderately wide lens, minimal uncluttered composition","camera perspective and framing instruction only; preserve every existing subject pose, action, expression, body arrangement, clothing, interaction, limb placement, prop placement, and scene event supplied by the other prompt inputs; camera observing the existing subject through a physically consistent mirror reflection, reflected geometry matching the real scene; camera close enough to retain material texture; vertical editorial framing; 28mm moderately wide lens; minimal uncluttered composition; moderate depth of field retaining nearby context; coherent camera-to-scene geometry; do not reinterpret the subject's pose or action","duplicate real subjects, mismatched reflection, impossible mirror direction, changed pose, changed action, changed expression, changed clothing, changed body arrangement, altered limb placement, invented gesture, contradictory camera angle, impossible perspective, duplicate subject, accidental extra person, warped architecture, inconsistent scale, random text, watermark, logo artifacts, low detail, blur",Perspective/Mirror Reflection,1,False
"0052 | Perspective/Mirror Reflection/Mirror Reflection Camera — wide environmental framing, 24mm wide-angle lens, symmetrical visual balance","camera perspective and framing instruction only; preserve every existing subject pose, action, expression, body arrangement, clothing, interaction, limb placement, prop placement, and scene event supplied by the other prompt inputs; camera observing the existing subject through a physically consistent mirror reflection, reflected geometry matching the real scene; camera close enough to retain material texture; wide environmental framing; 24mm wide-angle lens; symmetrical visual balance; deep focus across the visible environment; coherent camera-to-scene geometry; do not reinterpret the subject's pose or action","duplicate real subjects, mismatched reflection, impossible mirror direction, changed pose, changed action, changed expression, changed clothing, changed body arrangement, altered limb placement, invented gesture, contradictory camera angle, impossible perspective, duplicate subject, accidental extra person, warped architecture, inconsistent scale, random text, watermark, logo artifacts, low detail, blur",Perspective/Mirror Reflection,1,False
"0053 | Perspective/Mirror Reflection/Mirror Reflection Camera — vertical editorial framing, 135mm telephoto lens, symmetrical visual balance","camera perspective and framing instruction only; preserve every existing subject pose, action, expression, body arrangement, clothing, interaction, limb placement, prop placement, and scene event supplied by the other prompt inputs; camera observing the existing subject through a physically consistent mirror reflection, reflected geometry matching the real scene; full-figure camera distance; vertical editorial framing; 135mm telephoto lens; symmetrical visual balance; focus weighted toward clothing and material texture; coherent camera-to-scene geometry; do not reinterpret the subject's pose or action","duplicate real subjects, mismatched reflection, impossible mirror direction, changed pose, changed action, changed expression, changed clothing, changed body arrangement, altered limb placement, invented gesture, contradictory camera angle, impossible perspective, duplicate subject, accidental extra person, warped architecture, inconsistent scale, random text, watermark, logo artifacts, low detail, blur",Perspective/Mirror Reflection,1,False
"0054 | Perspective/Mirror Reflection/Mirror Reflection Camera — medium crop, 24mm wide-angle lens, symmetrical visual balance","camera perspective and framing instruction only; preserve every existing subject pose, action, expression, body arrangement, clothing, interaction, limb placement, prop placement, and scene event supplied by the other prompt inputs; camera observing the existing subject through a physically consistent mirror reflection, reflected geometry matching the real scene; full-figure camera distance; medium crop; 24mm wide-angle lens; symmetrical visual balance; focus weighted toward facial detail when visible; coherent camera-to-scene geometry; do not reinterpret the subject's pose or action","duplicate real subjects, mismatched reflection, impossible mirror direction, changed pose, changed action, changed expression, changed clothing, changed body arrangement, altered limb placement, invented gesture, contradictory camera angle, impossible perspective, duplicate subject, accidental extra person, warped architecture, inconsistent scale, random text, watermark, logo artifacts, low detail, blur",Perspective/Mirror Reflection,1,False
"0055 | Perspective/Mirror Reflection/Mirror Reflection Camera — full-figure framing, 65mm short-portrait lens, symmetrical visual balance","camera perspective and framing instruction only; preserve every existing subject pose, action, expression, body arrangement, clothing, interaction, limb placement, prop placement, and scene event supplied by the other prompt inputs; camera observing the existing subject through a physically consistent mirror reflection, reflected geometry matching the real scene; environmental portrait distance; full-figure framing; 65mm short-portrait lens; symmetrical visual balance; focus weighted toward facial detail when visible; coherent camera-to-scene geometry; do not reinterpret the subject's pose or action","duplicate real subjects, mismatched reflection, impossible mirror direction, changed pose, changed action, changed expression, changed clothing, changed body arrangement, altered limb placement, invented gesture, contradictory camera angle, impossible perspective, duplicate subject, accidental extra person, warped architecture, inconsistent scale, random text, watermark, logo artifacts, low detail, blur",Perspective/Mirror Reflection,1,False
"0056 | Perspective/Mirror Reflection/Mirror Reflection Camera — head-and-shoulders crop, 24mm wide-angle lens, symmetrical visual balance","camera perspective and framing instruction only; preserve every existing subject pose, action, expression, body arrangement, clothing, interaction, limb placement, prop placement, and scene event supplied by the other prompt inputs; camera observing the existing subject through a physically consistent mirror reflection, reflected geometry matching the real scene; camera far enough back to preserve spatial context; head-and-shoulders crop; 24mm wide-angle lens; symmetrical visual balance; shallow depth of field with clean subject separation; coherent camera-to-scene geometry; do not reinterpret the subject's pose or action","duplicate real subjects, mismatched reflection, impossible mirror direction, changed pose, changed action, changed expression, changed clothing, changed body arrangement, altered limb placement, invented gesture, contradictory camera angle, impossible perspective, duplicate subject, accidental extra person, warped architecture, inconsistent scale, random text, watermark, logo artifacts, low detail, blur",Perspective/Mirror Reflection,1,False
"0057 | Perspective/Mirror Reflection/Mirror Reflection Camera — balanced square framing, 40mm natural-perspective lens, centred composition","camera perspective and framing instruction only; preserve every existing subject pose, action, expression, body arrangement, clothing, interaction, limb placement, prop placement, and scene event supplied by the other prompt inputs; camera observing the existing subject through a physically consistent mirror reflection, reflected geometry matching the real scene; intimate portrait distance; balanced square framing; 40mm natural-perspective lens; centred composition; deep focus across the visible environment; coherent camera-to-scene geometry; do not reinterpret the subject's pose or action","duplicate real subjects, mismatched reflection, impossible mirror direction, changed pose, changed action, changed expression, changed clothing, changed body arrangement, altered limb placement, invented gesture, contradictory camera angle, impossible perspective, duplicate subject, accidental extra person, warped architecture, inconsistent scale, random text, watermark, logo artifacts, low detail, blur",Perspective/Mirror Reflection,1,False
"0058 | Perspective/Mirror Reflection/Mirror Reflection Camera — balanced square framing, 35mm environmental lens, asymmetrical cinematic balance","camera perspective and framing instruction only; preserve every existing subject pose, action, expression, body arrangement, clothing, interaction, limb placement, prop placement, and scene event supplied by the other prompt inputs; camera observing the existing subject through a physically consistent mirror reflection, reflected geometry matching the real scene; camera distance balanced between subject and environment; balanced square framing; 35mm environmental lens; asymmetrical cinematic balance; balanced focus between subject and immediate surroundings; coherent camera-to-scene geometry; do not reinterpret the subject's pose or action","duplicate real subjects, mismatched reflection, impossible mirror direction, changed pose, changed action, changed expression, changed clothing, changed body arrangement, altered limb placement, invented gesture, contradictory camera angle, impossible perspective, duplicate subject, accidental extra person, warped architecture, inconsistent scale, random text, watermark, logo artifacts, low detail, blur",Perspective/Mirror Reflection,1,False
"0059 | Perspective/Mirror Reflection/Mirror Reflection Camera — three-quarter-length crop, 35mm environmental lens, symmetrical visual balance","camera perspective and framing instruction only; preserve every existing subject pose, action, expression, body arrangement, clothing, interaction, limb placement, prop placement, and scene event supplied by the other prompt inputs; camera observing the existing subject through a physically consistent mirror reflection, reflected geometry matching the real scene; intimate portrait distance; three-quarter-length crop; 35mm environmental lens; symmetrical visual balance; focus locked on the primary subject; coherent camera-to-scene geometry; do not reinterpret the subject's pose or action","duplicate real subjects, mismatched reflection, impossible mirror direction, changed pose, changed action, changed expression, changed clothing, changed body arrangement, altered limb placement, invented gesture, contradictory camera angle, impossible perspective, duplicate subject, accidental extra person, warped architecture, inconsistent scale, random text, watermark, logo artifacts, low detail, blur",Perspective/Mirror Reflection,1,False
"0060 | Perspective/Mirror Reflection/Mirror Reflection Camera — vertical editorial framing, 50mm standard lens, rule-of-thirds composition","camera perspective and framing instruction only; preserve every existing subject pose, action, expression, body arrangement, clothing, interaction, limb placement, prop placement, and scene event supplied by the other prompt inputs; camera observing the existing subject through a physically consistent mirror reflection, reflected geometry matching the real scene; intimate portrait distance; vertical editorial framing; 50mm standard lens; rule-of-thirds composition; focus locked on the primary subject; coherent camera-to-scene geometry; do not reinterpret the subject's pose or action","duplicate real subjects, mismatched reflection, impossible mirror direction, changed pose, changed action, changed expression, changed clothing, changed body arrangement, altered limb placement, invented gesture, contradictory camera angle, impossible perspective, duplicate subject, accidental extra person, warped architecture, inconsistent scale, random text, watermark, logo artifacts, low detail, blur",Perspective/Mirror Reflection,1,False
"0061 | Perspective/Mirror Reflection/Mirror Reflection Camera — three-quarter-length crop, 135mm telephoto lens, strong leading lines toward the subject","camera perspective and framing instruction only; preserve every existing subject pose, action, expression, body arrangement, clothing, interaction, limb placement, prop placement, and scene event supplied by the other prompt inputs; camera observing the existing subject through a physically consistent mirror reflection, reflected geometry matching the real scene; wide scene distance; three-quarter-length crop; 135mm telephoto lens; strong leading lines toward the subject; shallow depth of field with clean subject separation; coherent camera-to-scene geometry; do not reinterpret the subject's pose or action","duplicate real subjects, mismatched reflection, impossible mirror direction, changed pose, changed action, changed expression, changed clothing, changed body arrangement, altered limb placement, invented gesture, contradictory camera angle, impossible perspective, duplicate subject, accidental extra person, warped architecture, inconsistent scale, random text, watermark, logo artifacts, low detail, blur",Perspective/Mirror Reflection,1,False
"0062 | Perspective/Mirror Reflection/Mirror Reflection Camera — vertical editorial framing, 35mm environmental lens, symmetrical visual balance","camera perspective and framing instruction only; preserve every existing subject pose, action, expression, body arrangement, clothing, interaction, limb placement, prop placement, and scene event supplied by the other prompt inputs; camera observing the existing subject through a physically consistent mirror reflection, reflected geometry matching the real scene; camera distance balanced between subject and environment; vertical editorial framing; 35mm environmental lens; symmetrical visual balance; clean edge separation around the subject; coherent camera-to-scene geometry; do not reinterpret the subject's pose or action","duplicate real subjects, mismatched reflection, impossible mirror direction, changed pose, changed action, changed expression, changed clothing, changed body arrangement, altered limb placement, invented gesture, contradictory camera angle, impossible perspective, duplicate subject, accidental extra person, warped architecture, inconsistent scale, random text, watermark, logo artifacts, low detail, blur",Perspective/Mirror Reflection,1,False
"0063 | Perspective/Mirror Reflection/Mirror Reflection Camera — waist-up crop, 65mm short-portrait lens, symmetrical visual balance","camera perspective and framing instruction only; preserve every existing subject pose, action, expression, body arrangement, clothing, interaction, limb placement, prop placement, and scene event supplied by the other prompt inputs; camera observing the existing subject through a physically consistent mirror reflection, reflected geometry matching the real scene; moderate camera distance; waist-up crop; 65mm short-portrait lens; symmetrical visual balance; focus locked on the primary subject; coherent camera-to-scene geometry; do not reinterpret the subject's pose or action","duplicate real subjects, mismatched reflection, impossible mirror direction, changed pose, changed action, changed expression, changed clothing, changed body arrangement, altered limb placement, invented gesture, contradictory camera angle, impossible perspective, duplicate subject, accidental extra person, warped architecture, inconsistent scale, random text, watermark, logo artifacts, low detail, blur",Perspective/Mirror Reflection,1,False
"0064 | Perspective/Mirror Reflection/Mirror Reflection Camera — full-figure framing, 28mm moderately wide lens, environmental elements framing the subject","camera perspective and framing instruction only; preserve every existing subject pose, action, expression, body arrangement, clothing, interaction, limb placement, prop placement, and scene event supplied by the other prompt inputs; camera observing the existing subject through a physically consistent mirror reflection, reflected geometry matching the real scene; intimate portrait distance; full-figure framing; 28mm moderately wide lens; environmental elements framing the subject; clean edge separation around the subject; coherent camera-to-scene geometry; do not reinterpret the subject's pose or action","duplicate real subjects, mismatched reflection, impossible mirror direction, changed pose, changed action, changed expression, changed clothing, changed body arrangement, altered limb placement, invented gesture, contradictory camera angle, impossible perspective, duplicate subject, accidental extra person, warped architecture, inconsistent scale, random text, watermark, logo artifacts, low detail, blur",Perspective/Mirror Reflection,1,False
"0065 | Perspective/Mirror Reflection/Mirror Reflection Camera — waist-up crop, 35mm environmental lens, minimal uncluttered composition","camera perspective and framing instruction only; preserve every existing subject pose, action, expression, body arrangement, clothing, interaction, limb placement, prop placement, and scene event supplied by the other prompt inputs; camera observing the existing subject through a physically consistent mirror reflection, reflected geometry matching the real scene; wide scene distance; waist-up crop; 35mm environmental lens; minimal uncluttered composition; moderate depth of field retaining nearby context; coherent camera-to-scene geometry; do not reinterpret the subject's pose or action","duplicate real subjects, mismatched reflection, impossible mirror direction, changed pose, changed action, changed expression, changed clothing, changed body arrangement, altered limb placement, invented gesture, contradictory camera angle, impossible perspective, duplicate subject, accidental extra person, warped architecture, inconsistent scale, random text, watermark, logo artifacts, low detail, blur",Perspective/Mirror Reflection,1,False
"0066 | Perspective/Mirror Reflection/Mirror Reflection Camera — balanced square framing, 85mm portrait lens, rule-of-thirds composition","camera perspective and framing instruction only; preserve every existing subject pose, action, expression, body arrangement, clothing, interaction, limb placement, prop placement, and scene event supplied by the other prompt inputs; camera observing the existing subject through a physically consistent mirror reflection, reflected geometry matching the real scene; full-figure camera distance; balanced square framing; 85mm portrait lens; rule-of-thirds composition; balanced focus between subject and immediate surroundings; coherent camera-to-scene geometry; do not reinterpret the subject's pose or action","duplicate real subjects, mismatched reflection, impossible mirror direction, changed pose, changed action, changed expression, changed clothing, changed body arrangement, altered limb placement, invented gesture, contradictory camera angle, impossible perspective, duplicate subject, accidental extra person, warped architecture, inconsistent scale, random text, watermark, logo artifacts, low detail, blur",Perspective/Mirror Reflection,1,False
"0067 | Perspective/Mirror Reflection/Mirror Reflection Camera — head-and-shoulders crop, 50mm standard lens, clean negative space around the subject","camera perspective and framing instruction only; preserve every existing subject pose, action, expression, body arrangement, clothing, interaction, limb placement, prop placement, and scene event supplied by the other prompt inputs; camera observing the existing subject through a physically consistent mirror reflection, reflected geometry matching the real scene; camera close enough to retain material texture; head-and-shoulders crop; 50mm standard lens; clean negative space around the subject; shallow depth of field with clean subject separation; coherent camera-to-scene geometry; do not reinterpret the subject's pose or action","duplicate real subjects, mismatched reflection, impossible mirror direction, changed pose, changed action, changed expression, changed clothing, changed body arrangement, altered limb placement, invented gesture, contradictory camera angle, impossible perspective, duplicate subject, accidental extra person, warped architecture, inconsistent scale, random text, watermark, logo artifacts, low detail, blur",Perspective/Mirror Reflection,1,False
"0068 | Perspective/Mirror Reflection/Mirror Reflection Camera — vertical editorial framing, 135mm telephoto lens, clean negative space around the subject","camera perspective and framing instruction only; preserve every existing subject pose, action, expression, body arrangement, clothing, interaction, limb placement, prop placement, and scene event supplied by the other prompt inputs; camera observing the existing subject through a physically consistent mirror reflection, reflected geometry matching the real scene; wide scene distance; vertical editorial framing; 135mm telephoto lens; clean negative space around the subject; shallow depth of field with clean subject separation; coherent camera-to-scene geometry; do not reinterpret the subject's pose or action","duplicate real subjects, mismatched reflection, impossible mirror direction, changed pose, changed action, changed expression, changed clothing, changed body arrangement, altered limb placement, invented gesture, contradictory camera angle, impossible perspective, duplicate subject, accidental extra person, warped architecture, inconsistent scale, random text, watermark, logo artifacts, low detail, blur",Perspective/Mirror Reflection,1,False
"0069 | Perspective/Mirror Reflection/Mirror Reflection Camera — balanced square framing, 50mm standard lens, strong leading lines toward the subject","camera perspective and framing instruction only; preserve every existing subject pose, action, expression, body arrangement, clothing, interaction, limb placement, prop placement, and scene event supplied by the other prompt inputs; camera observing the existing subject through a physically consistent mirror reflection, reflected geometry matching the real scene; moderate camera distance; balanced square framing; 50mm standard lens; strong leading lines toward the subject; clean edge separation around the subject; coherent camera-to-scene geometry; do not reinterpret the subject's pose or action","duplicate real subjects, mismatched reflection, impossible mirror direction, changed pose, changed action, changed expression, changed clothing, changed body arrangement, altered limb placement, invented gesture, contradictory camera angle, impossible perspective, duplicate subject, accidental extra person, warped architecture, inconsistent scale, random text, watermark, logo artifacts, low detail, blur",Perspective/Mirror Reflection,1,False
"0070 | Perspective/Mirror Reflection/Mirror Reflection Camera — three-quarter-length crop, 24mm wide-angle lens, environmental elements framing the subject","camera perspective and framing instruction only; preserve every existing subject pose, action, expression, body arrangement, clothing, interaction, limb placement, prop placement, and scene event supplied by the other prompt inputs; camera observing the existing subject through a physically consistent mirror reflection, reflected geometry matching the real scene; full-figure camera distance; three-quarter-length crop; 24mm wide-angle lens; environmental elements framing the subject; foreground softly separated from the subject; coherent camera-to-scene geometry; do not reinterpret the subject's pose or action","duplicate real subjects, mismatched reflection, impossible mirror direction, changed pose, changed action, changed expression, changed clothing, changed body arrangement, altered limb placement, invented gesture, contradictory camera angle, impossible perspective, duplicate subject, accidental extra person, warped architecture, inconsistent scale, random text, watermark, logo artifacts, low detail, blur",Perspective/Mirror Reflection,1,False
"0071 | Perspective/Mirror Reflection/Mirror Reflection Camera — cinematic landscape framing, 18mm ultra-wide lens with controlled distortion, minimal uncluttered composition","camera perspective and framing instruction only; preserve every existing subject pose, action, expression, body arrangement, clothing, interaction, limb placement, prop placement, and scene event supplied by the other prompt inputs; camera observing the existing subject through a physically consistent mirror reflection, reflected geometry matching the real scene; close camera distance; cinematic landscape framing; 18mm ultra-wide lens with controlled distortion; minimal uncluttered composition; clean edge separation around the subject; coherent camera-to-scene geometry; do not reinterpret the subject's pose or action","duplicate real subjects, mismatched reflection, impossible mirror direction, changed pose, changed action, changed expression, changed clothing, changed body arrangement, altered limb placement, invented gesture, contradictory camera angle, impossible perspective, duplicate subject, accidental extra person, warped architecture, inconsistent scale, random text, watermark, logo artifacts, low detail, blur",Perspective/Mirror Reflection,1,False
"0072 | Perspective/Mirror Reflection/Mirror Reflection Camera — cinematic landscape framing, 18mm ultra-wide lens with controlled distortion, minimal uncluttered composition","camera perspective and framing instruction only; preserve every existing subject pose, action, expression, body arrangement, clothing, interaction, limb placement, prop placement, and scene event supplied by the other prompt inputs; camera observing the existing subject through a physically consistent mirror reflection, reflected geometry matching the real scene; full-figure camera distance; cinematic landscape framing; 18mm ultra-wide lens with controlled distortion; minimal uncluttered composition; focus weighted toward rear silhouette when visible; coherent camera-to-scene geometry; do not reinterpret the subject's pose or action","duplicate real subjects, mismatched reflection, impossible mirror direction, changed pose, changed action, changed expression, changed clothing, changed body arrangement, altered limb placement, invented gesture, contradictory camera angle, impossible perspective, duplicate subject, accidental extra person, warped architecture, inconsistent scale, random text, watermark, logo artifacts, low detail, blur",Perspective/Mirror Reflection,1,False
"0073 | Perspective/Mirror Reflection/Mirror Reflection Camera — cinematic landscape framing, 18mm ultra-wide lens with controlled distortion, clean negative space around the subject","camera perspective and framing instruction only; preserve every existing subject pose, action, expression, body arrangement, clothing, interaction, limb placement, prop placement, and scene event supplied by the other prompt inputs; camera observing the existing subject through a physically consistent mirror reflection, reflected geometry matching the real scene; wide scene distance; cinematic landscape framing; 18mm ultra-wide lens with controlled distortion; clean negative space around the subject; focus locked on the primary subject; coherent camera-to-scene geometry; do not reinterpret the subject's pose or action","duplicate real subjects, mismatched reflection, impossible mirror direction, changed pose, changed action, changed expression, changed clothing, changed body arrangement, altered limb placement, invented gesture, contradictory camera angle, impossible perspective, duplicate subject, accidental extra person, warped architecture, inconsistent scale, random text, watermark, logo artifacts, low detail, blur",Perspective/Mirror Reflection,1,False
"0074 | Perspective/Mirror Reflection/Mirror Reflection Camera — balanced square framing, 40mm natural-perspective lens, centred composition","camera perspective and framing instruction only; preserve every existing subject pose, action, expression, body arrangement, clothing, interaction, limb placement, prop placement, and scene event supplied by the other prompt inputs; camera observing the existing subject through a physically consistent mirror reflection, reflected geometry matching the real scene; environmental portrait distance; balanced square framing; 40mm natural-perspective lens; centred composition; focus weighted toward clothing and material texture; coherent camera-to-scene geometry; do not reinterpret the subject's pose or action","duplicate real subjects, mismatched reflection, impossible mirror direction, changed pose, changed action, changed expression, changed clothing, changed body arrangement, altered limb placement, invented gesture, contradictory camera angle, impossible perspective, duplicate subject, accidental extra person, warped architecture, inconsistent scale, random text, watermark, logo artifacts, low detail, blur",Perspective/Mirror Reflection,1,False
"0075 | Perspective/Mirror Reflection/Mirror Reflection Camera — balanced square framing, 65mm short-portrait lens, centred composition","camera perspective and framing instruction only; preserve every existing subject pose, action, expression, body arrangement, clothing, interaction, limb placement, prop placement, and scene event supplied by the other prompt inputs; camera observing the existing subject through a physically consistent mirror reflection, reflected geometry matching the real scene; moderate camera distance; balanced square framing; 65mm short-portrait lens; centred composition; deep focus across the visible environment; coherent camera-to-scene geometry; do not reinterpret the subject's pose or action","duplicate real subjects, mismatched reflection, impossible mirror direction, changed pose, changed action, changed expression, changed clothing, changed body arrangement, altered limb placement, invented gesture, contradictory camera angle, impossible perspective, duplicate subject, accidental extra person, warped architecture, inconsistent scale, random text, watermark, logo artifacts, low detail, blur",Perspective/Mirror Reflection,1,False
"0076 | Perspective/Mirror Reflection/Mirror Reflection Camera — waist-up crop, 40mm natural-perspective lens, minimal uncluttered composition","camera perspective and framing instruction only; preserve every existing subject pose, action, expression, body arrangement, clothing, interaction, limb placement, prop placement, and scene event supplied by the other prompt inputs; camera observing the existing subject through a physically consistent mirror reflection, reflected geometry matching the real scene; camera distance balanced between subject and environment; waist-up crop; 40mm natural-perspective lens; minimal uncluttered composition; focus locked on the primary subject; coherent camera-to-scene geometry; do not reinterpret the subject's pose or action","duplicate real subjects, mismatched reflection, impossible mirror direction, changed pose, changed action, changed expression, changed clothing, changed body arrangement, altered limb placement, invented gesture, contradictory camera angle, impossible perspective, duplicate subject, accidental extra person, warped architecture, inconsistent scale, random text, watermark, logo artifacts, low detail, blur",Perspective/Mirror Reflection,1,False
"0077 | Perspective/Mirror Reflection/Mirror Reflection Camera — head-and-shoulders crop, 105mm compressed portrait lens, minimal uncluttered composition","camera perspective and framing instruction only; preserve every existing subject pose, action, expression, body arrangement, clothing, interaction, limb placement, prop placement, and scene event supplied by the other prompt inputs; camera observing the existing subject through a physically consistent mirror reflection, reflected geometry matching the real scene; camera distance balanced between subject and environment; head-and-shoulders crop; 105mm compressed portrait lens; minimal uncluttered composition; moderate depth of field retaining nearby context; coherent camera-to-scene geometry; do not reinterpret the subject's pose or action","duplicate real subjects, mismatched reflection, impossible mirror direction, changed pose, changed action, changed expression, changed clothing, changed body arrangement, altered limb placement, invented gesture, contradictory camera angle, impossible perspective, duplicate subject, accidental extra person, warped architecture, inconsistent scale, random text, watermark, logo artifacts, low detail, blur",Perspective/Mirror Reflection,1,False
"0078 | Perspective/Mirror Reflection/Mirror Reflection Camera — vertical editorial framing, 85mm portrait lens, strong leading lines toward the subject","camera perspective and framing instruction only; preserve every existing subject pose, action, expression, body arrangement, clothing, interaction, limb placement, prop placement, and scene event supplied by the other prompt inputs; camera observing the existing subject through a physically consistent mirror reflection, reflected geometry matching the real scene; wide scene distance; vertical editorial framing; 85mm portrait lens; strong leading lines toward the subject; focus weighted toward facial detail when visible; coherent camera-to-scene geometry; do not reinterpret the subject's pose or action","duplicate real subjects, mismatched reflection, impossible mirror direction, changed pose, changed action, changed expression, changed clothing, changed body arrangement, altered limb placement, invented gesture, contradictory camera angle, impossible perspective, duplicate subject, accidental extra person, warped architecture, inconsistent scale, random text, watermark, logo artifacts, low detail, blur",Perspective/Mirror Reflection,1,False
"0079 | Perspective/Mirror Reflection/Mirror Reflection Camera — vertical editorial framing, 50mm standard lens, centred composition","camera perspective and framing instruction only; preserve every existing subject pose, action, expression, body arrangement, clothing, interaction, limb placement, prop placement, and scene event supplied by the other prompt inputs; camera observing the existing subject through a physically consistent mirror reflection, reflected geometry matching the real scene; wide scene distance; vertical editorial framing; 50mm standard lens; centred composition; focus weighted toward facial detail when visible; coherent camera-to-scene geometry; do not reinterpret the subject's pose or action","duplicate real subjects, mismatched reflection, impossible mirror direction, changed pose, changed action, changed expression, changed clothing, changed body arrangement, altered limb placement, invented gesture, contradictory camera angle, impossible perspective, duplicate subject, accidental extra person, warped architecture, inconsistent scale, random text, watermark, logo artifacts, low detail, blur",Perspective/Mirror Reflection,1,False
"0080 | Perspective/Mirror Reflection/Mirror Reflection Camera — balanced square framing, 135mm telephoto lens, environmental elements framing the subject","camera perspective and framing instruction only; preserve every existing subject pose, action, expression, body arrangement, clothing, interaction, limb placement, prop placement, and scene event supplied by the other prompt inputs; camera observing the existing subject through a physically consistent mirror reflection, reflected geometry matching the real scene; camera far enough back to preserve spatial context; balanced square framing; 135mm telephoto lens; environmental elements framing the subject; focus weighted toward facial detail when visible; coherent camera-to-scene geometry; do not reinterpret the subject's pose or action","duplicate real subjects, mismatched reflection, impossible mirror direction, changed pose, changed action, changed expression, changed clothing, changed body arrangement, altered limb placement, invented gesture, contradictory camera angle, impossible perspective, duplicate subject, accidental extra person, warped architecture, inconsistent scale, random text, watermark, logo artifacts, low detail, blur",Perspective/Mirror Reflection,1,False
"0081 | Perspective/Mirror Reflection/Mirror Reflection Camera — vertical editorial framing, 35mm environmental lens, clean negative space around the subject","camera perspective and framing instruction only; preserve every existing subject pose, action, expression, body arrangement, clothing, interaction, limb placement, prop placement, and scene event supplied by the other prompt inputs; camera observing the existing subject through a physically consistent mirror reflection, reflected geometry matching the real scene; conversational camera distance; vertical editorial framing; 35mm environmental lens; clean negative space around the subject; focus weighted toward facial detail when visible; coherent camera-to-scene geometry; do not reinterpret the subject's pose or action","duplicate real subjects, mismatched reflection, impossible mirror direction, changed pose, changed action, changed expression, changed clothing, changed body arrangement, altered limb placement, invented gesture, contradictory camera angle, impossible perspective, duplicate subject, accidental extra person, warped architecture, inconsistent scale, random text, watermark, logo artifacts, low detail, blur",Perspective/Mirror Reflection,1,False
"0082 | Perspective/Mirror Reflection/Mirror Reflection Camera — full-figure framing, 40mm natural-perspective lens, foreground-to-background depth layering","camera perspective and framing instruction only; preserve every existing subject pose, action, expression, body arrangement, clothing, interaction, limb placement, prop placement, and scene event supplied by the other prompt inputs; camera observing the existing subject through a physically consistent mirror reflection, reflected geometry matching the real scene; moderate camera distance; full-figure framing; 40mm natural-perspective lens; foreground-to-background depth layering; focus weighted toward clothing and material texture; coherent camera-to-scene geometry; do not reinterpret the subject's pose or action","duplicate real subjects, mismatched reflection, impossible mirror direction, changed pose, changed action, changed expression, changed clothing, changed body arrangement, altered limb placement, invented gesture, contradictory camera angle, impossible perspective, duplicate subject, accidental extra person, warped architecture, inconsistent scale, random text, watermark, logo artifacts, low detail, blur",Perspective/Mirror Reflection,1,False
"0083 | Perspective/Mirror Reflection/Mirror Reflection Camera — cinematic landscape framing, 35mm environmental lens, rule-of-thirds composition","camera perspective and framing instruction only; preserve every existing subject pose, action, expression, body arrangement, clothing, interaction, limb placement, prop placement, and scene event supplied by the other prompt inputs; camera observing the existing subject through a physically consistent mirror reflection, reflected geometry matching the real scene; conversational camera distance; cinematic landscape framing; 35mm environmental lens; rule-of-thirds composition; focus locked on the primary subject; coherent camera-to-scene geometry; do not reinterpret the subject's pose or action","duplicate real subjects, mismatched reflection, impossible mirror direction, changed pose, changed action, changed expression, changed clothing, changed body arrangement, altered limb placement, invented gesture, contradictory camera angle, impossible perspective, duplicate subject, accidental extra person, warped architecture, inconsistent scale, random text, watermark, logo artifacts, low detail, blur",Perspective/Mirror Reflection,1,False
"0084 | Perspective/Mirror Reflection/Mirror Reflection Camera — three-quarter-length crop, 65mm short-portrait lens, slightly off-centre editorial composition","camera perspective and framing instruction only; preserve every existing subject pose, action, expression, body arrangement, clothing, interaction, limb placement, prop placement, and scene event supplied by the other prompt inputs; camera observing the existing subject through a physically consistent mirror reflection, reflected geometry matching the real scene; environmental portrait distance; three-quarter-length crop; 65mm short-portrait lens; slightly off-centre editorial composition; foreground softly separated from the subject; coherent camera-to-scene geometry; do not reinterpret the subject's pose or action","duplicate real subjects, mismatched reflection, impossible mirror direction, changed pose, changed action, changed expression, changed clothing, changed body arrangement, altered limb placement, invented gesture, contradictory camera angle, impossible perspective, duplicate subject, accidental extra person, warped architecture, inconsistent scale, random text, watermark, logo artifacts, low detail, blur",Perspective/Mirror Reflection,1,False
"0085 | Perspective/Mirror Reflection/Mirror Reflection Camera — waist-up crop, 18mm ultra-wide lens with controlled distortion, environmental elements framing the subject","camera perspective and framing instruction only; preserve every existing subject pose, action, expression, body arrangement, clothing, interaction, limb placement, prop placement, and scene event supplied by the other prompt inputs; camera observing the existing subject through a physically consistent mirror reflection, reflected geometry matching the real scene; camera close enough to retain material texture; waist-up crop; 18mm ultra-wide lens with controlled distortion; environmental elements framing the subject; clean edge separation around the subject; coherent camera-to-scene geometry; do not reinterpret the subject's pose or action","duplicate real subjects, mismatched reflection, impossible mirror direction, changed pose, changed action, changed expression, changed clothing, changed body arrangement, altered limb placement, invented gesture, contradictory camera angle, impossible perspective, duplicate subject, accidental extra person, warped architecture, inconsistent scale, random text, watermark, logo artifacts, low detail, blur",Perspective/Mirror Reflection,1,False
"0086 | Perspective/Mirror Reflection/Mirror Reflection Camera — vertical editorial framing, 40mm natural-perspective lens, rule-of-thirds composition","camera perspective and framing instruction only; preserve every existing subject pose, action, expression, body arrangement, clothing, interaction, limb placement, prop placement, and scene event supplied by the other prompt inputs; camera observing the existing subject through a physically consistent mirror reflection, reflected geometry matching the real scene; moderate camera distance; vertical editorial framing; 40mm natural-perspective lens; rule-of-thirds composition; focus locked on the primary subject; coherent camera-to-scene geometry; do not reinterpret the subject's pose or action","duplicate real subjects, mismatched reflection, impossible mirror direction, changed pose, changed action, changed expression, changed clothing, changed body arrangement, altered limb placement, invented gesture, contradictory camera angle, impossible perspective, duplicate subject, accidental extra person, warped architecture, inconsistent scale, random text, watermark, logo artifacts, low detail, blur",Perspective/Mirror Reflection,1,False
"0087 | Perspective/Mirror Reflection/Mirror Reflection Camera — medium crop, 135mm telephoto lens, foreground-to-background depth layering","camera perspective and framing instruction only; preserve every existing subject pose, action, expression, body arrangement, clothing, interaction, limb placement, prop placement, and scene event supplied by the other prompt inputs; camera observing the existing subject through a physically consistent mirror reflection, reflected geometry matching the real scene; close camera distance; medium crop; 135mm telephoto lens; foreground-to-background depth layering; foreground softly separated from the subject; coherent camera-to-scene geometry; do not reinterpret the subject's pose or action","duplicate real subjects, mismatched reflection, impossible mirror direction, changed pose, changed action, changed expression, changed clothing, changed body arrangement, altered limb placement, invented gesture, contradictory camera angle, impossible perspective, duplicate subject, accidental extra person, warped architecture, inconsistent scale, random text, watermark, logo artifacts, low detail, blur",Perspective/Mirror Reflection,1,False
"0088 | Perspective/Mirror Reflection/Mirror Reflection Camera — balanced square framing, 40mm natural-perspective lens, clean negative space around the subject","camera perspective and framing instruction only; preserve every existing subject pose, action, expression, body arrangement, clothing, interaction, limb placement, prop placement, and scene event supplied by the other prompt inputs; camera observing the existing subject through a physically consistent mirror reflection, reflected geometry matching the real scene; camera far enough back to preserve spatial context; balanced square framing; 40mm natural-perspective lens; clean negative space around the subject; focus weighted toward facial detail when visible; coherent camera-to-scene geometry; do not reinterpret the subject's pose or action","duplicate real subjects, mismatched reflection, impossible mirror direction, changed pose, changed action, changed expression, changed clothing, changed body arrangement, altered limb placement, invented gesture, contradictory camera angle, impossible perspective, duplicate subject, accidental extra person, warped architecture, inconsistent scale, random text, watermark, logo artifacts, low detail, blur",Perspective/Mirror Reflection,1,False
"0089 | Perspective/Mirror Reflection/Mirror Reflection Camera — tight crop, 85mm portrait lens, rule-of-thirds composition","camera perspective and framing instruction only; preserve every existing subject pose, action, expression, body arrangement, clothing, interaction, limb placement, prop placement, and scene event supplied by the other prompt inputs; camera observing the existing subject through a physically consistent mirror reflection, reflected geometry matching the real scene; intimate portrait distance; tight crop; 85mm portrait lens; rule-of-thirds composition; focus locked on the primary subject; coherent camera-to-scene geometry; do not reinterpret the subject's pose or action","duplicate real subjects, mismatched reflection, impossible mirror direction, changed pose, changed action, changed expression, changed clothing, changed body arrangement, altered limb placement, invented gesture, contradictory camera angle, impossible perspective, duplicate subject, accidental extra person, warped architecture, inconsistent scale, random text, watermark, logo artifacts, low detail, blur",Perspective/Mirror Reflection,1,False
"0090 | Perspective/Mirror Reflection/Mirror Reflection Camera — waist-up crop, 28mm moderately wide lens, clean negative space around the subject","camera perspective and framing instruction only; preserve every existing subject pose, action, expression, body arrangement, clothing, interaction, limb placement, prop placement, and scene event supplied by the other prompt inputs; camera observing the existing subject through a physically consistent mirror reflection, reflected geometry matching the real scene; wide scene distance; waist-up crop; 28mm moderately wide lens; clean negative space around the subject; moderate depth of field retaining nearby context; coherent camera-to-scene geometry; do not reinterpret the subject's pose or action","duplicate real subjects, mismatched reflection, impossible mirror direction, changed pose, changed action, changed expression, changed clothing, changed body arrangement, altered limb placement, invented gesture, contradictory camera angle, impossible perspective, duplicate subject, accidental extra person, warped architecture, inconsistent scale, random text, watermark, logo artifacts, low detail, blur",Perspective/Mirror Reflection,1,False
"0091 | Perspective/Mirror Reflection/Mirror Reflection Camera — cinematic landscape framing, 105mm compressed portrait lens, strong leading lines toward the subject","camera perspective and framing instruction only; preserve every existing subject pose, action, expression, body arrangement, clothing, interaction, limb placement, prop placement, and scene event supplied by the other prompt inputs; camera observing the existing subject through a physically consistent mirror reflection, reflected geometry matching the real scene; camera distance balanced between subject and environment; cinematic landscape framing; 105mm compressed portrait lens; strong leading lines toward the subject; focus locked on the primary subject; coherent camera-to-scene geometry; do not reinterpret the subject's pose or action","duplicate real subjects, mismatched reflection, impossible mirror direction, changed pose, changed action, changed expression, changed clothing, changed body arrangement, altered limb placement, invented gesture, contradictory camera angle, impossible perspective, duplicate subject, accidental extra person, warped architecture, inconsistent scale, random text, watermark, logo artifacts, low detail, blur",Perspective/Mirror Reflection,1,False
"0092 | Perspective/Mirror Reflection/Mirror Reflection Camera — full-figure framing, 24mm wide-angle lens, slightly off-centre editorial composition","camera perspective and framing instruction only; preserve every existing subject pose, action, expression, body arrangement, clothing, interaction, limb placement, prop placement, and scene event supplied by the other prompt inputs; camera observing the existing subject through a physically consistent mirror reflection, reflected geometry matching the real scene; camera far enough back to preserve spatial context; full-figure framing; 24mm wide-angle lens; slightly off-centre editorial composition; clean edge separation around the subject; coherent camera-to-scene geometry; do not reinterpret the subject's pose or action","duplicate real subjects, mismatched reflection, impossible mirror direction, changed pose, changed action, changed expression, changed clothing, changed body arrangement, altered limb placement, invented gesture, contradictory camera angle, impossible perspective, duplicate subject, accidental extra person, warped architecture, inconsistent scale, random text, watermark, logo artifacts, low detail, blur",Perspective/Mirror Reflection,1,False
"0093 | Perspective/Mirror Reflection/Mirror Reflection Camera — cinematic landscape framing, 105mm compressed portrait lens, centred composition","camera perspective and framing instruction only; preserve every existing subject pose, action, expression, body arrangement, clothing, interaction, limb placement, prop placement, and scene event supplied by the other prompt inputs; camera observing the existing subject through a physically consistent mirror reflection, reflected geometry matching the real scene; wide scene distance; cinematic landscape framing; 105mm compressed portrait lens; centred composition; shallow depth of field with clean subject separation; coherent camera-to-scene geometry; do not reinterpret the subject's pose or action","duplicate real subjects, mismatched reflection, impossible mirror direction, changed pose, changed action, changed expression, changed clothing, changed body arrangement, altered limb placement, invented gesture, contradictory camera angle, impossible perspective, duplicate subject, accidental extra person, warped architecture, inconsistent scale, random text, watermark, logo artifacts, low detail, blur",Perspective/Mirror Reflection,1,False
"0094 | Perspective/Mirror Reflection/Mirror Reflection Camera — tight crop, 18mm ultra-wide lens with controlled distortion, clean negative space around the subject","camera perspective and framing instruction only; preserve every existing subject pose, action, expression, body arrangement, clothing, interaction, limb placement, prop placement, and scene event supplied by the other prompt inputs; camera observing the existing subject through a physically consistent mirror reflection, reflected geometry matching the real scene; camera far enough back to preserve spatial context; tight crop; 18mm ultra-wide lens with controlled distortion; clean negative space around the subject; deep focus across the visible environment; coherent camera-to-scene geometry; do not reinterpret the subject's pose or action","duplicate real subjects, mismatched reflection, impossible mirror direction, changed pose, changed action, changed expression, changed clothing, changed body arrangement, altered limb placement, invented gesture, contradictory camera angle, impossible perspective, duplicate subject, accidental extra person, warped architecture, inconsistent scale, random text, watermark, logo artifacts, low detail, blur",Perspective/Mirror Reflection,1,False
"0095 | Perspective/Mirror Reflection/Mirror Reflection Camera — medium crop, 35mm environmental lens, asymmetrical cinematic balance","camera perspective and framing instruction only; preserve every existing subject pose, action, expression, body arrangement, clothing, interaction, limb placement, prop placement, and scene event supplied by the other prompt inputs; camera observing the existing subject through a physically consistent mirror reflection, reflected geometry matching the real scene; camera close enough to retain material texture; medium crop; 35mm environmental lens; asymmetrical cinematic balance; deep focus across the visible environment; coherent camera-to-scene geometry; do not reinterpret the subject's pose or action","duplicate real subjects, mismatched reflection, impossible mirror direction, changed pose, changed action, changed expression, changed clothing, changed body arrangement, altered limb placement, invented gesture, contradictory camera angle, impossible perspective, duplicate subject, accidental extra person, warped architecture, inconsistent scale, random text, watermark, logo artifacts, low detail, blur",Perspective/Mirror Reflection,1,False
"0096 | Perspective/Mirror Reflection/Mirror Reflection Camera — medium crop, 35mm environmental lens, centred composition","camera perspective and framing instruction only; preserve every existing subject pose, action, expression, body arrangement, clothing, interaction, limb placement, prop placement, and scene event supplied by the other prompt inputs; camera observing the existing subject through a physically consistent mirror reflection, reflected geometry matching the real scene; environmental portrait distance; medium crop; 35mm environmental lens; centred composition; deep focus across the visible environment; coherent camera-to-scene geometry; do not reinterpret the subject's pose or action","duplicate real subjects, mismatched reflection, impossible mirror direction, changed pose, changed action, changed expression, changed clothing, changed body arrangement, altered limb placement, invented gesture, contradictory camera angle, impossible perspective, duplicate subject, accidental extra person, warped architecture, inconsistent scale, random text, watermark, logo artifacts, low detail, blur",Perspective/Mirror Reflection,1,False
"0097 | Perspective/Mirror Reflection/Mirror Reflection Camera — waist-up crop, 28mm moderately wide lens, clean negative space around the subject","camera perspective and framing instruction only; preserve every existing subject pose, action, expression, body arrangement, clothing, interaction, limb placement, prop placement, and scene event supplied by the other prompt inputs; camera observing the existing subject through a physically consistent mirror reflection, reflected geometry matching the real scene; close camera distance; waist-up crop; 28mm moderately wide lens; clean negative space around the subject; clean edge separation around the subject; coherent camera-to-scene geometry; do not reinterpret the subject's pose or action","duplicate real subjects, mismatched reflection, impossible mirror direction, changed pose, changed action, changed expression, changed clothing, changed body arrangement, altered limb placement, invented gesture, contradictory camera angle, impossible perspective, duplicate subject, accidental extra person, warped architecture, inconsistent scale, random text, watermark, logo artifacts, low detail, blur",Perspective/Mirror Reflection,1,False
"0098 | Perspective/Mirror Reflection/Mirror Reflection Camera — head-and-shoulders crop, 65mm short-portrait lens, foreground-to-background depth layering","camera perspective and framing instruction only; preserve every existing subject pose, action, expression, body arrangement, clothing, interaction, limb placement, prop placement, and scene event supplied by the other prompt inputs; camera observing the existing subject through a physically consistent mirror reflection, reflected geometry matching the real scene; intimate portrait distance; head-and-shoulders crop; 65mm short-portrait lens; foreground-to-background depth layering; deep focus across the visible environment; coherent camera-to-scene geometry; do not reinterpret the subject's pose or action","duplicate real subjects, mismatched reflection, impossible mirror direction, changed pose, changed action, changed expression, changed clothing, changed body arrangement, altered limb placement, invented gesture, contradictory camera angle, impossible perspective, duplicate subject, accidental extra person, warped architecture, inconsistent scale, random text, watermark, logo artifacts, low detail, blur",Perspective/Mirror Reflection,1,False
"0099 | Perspective/Mirror Reflection/Mirror Reflection Camera — medium crop, 28mm moderately wide lens, minimal uncluttered composition","camera perspective and framing instruction only; preserve every existing subject pose, action, expression, body arrangement, clothing, interaction, limb placement, prop placement, and scene event supplied by the other prompt inputs; camera observing the existing subject through a physically consistent mirror reflection, reflected geometry matching the real scene; environmental portrait distance; medium crop; 28mm moderately wide lens; minimal uncluttered composition; focus locked on the primary subject; coherent camera-to-scene geometry; do not reinterpret the subject's pose or action","duplicate real subjects, mismatched reflection, impossible mirror direction, changed pose, changed action, changed expression, changed clothing, changed body arrangement, altered limb placement, invented gesture, contradictory camera angle, impossible perspective, duplicate subject, accidental extra person, warped architecture, inconsistent scale, random text, watermark, logo artifacts, low detail, blur",Perspective/Mirror Reflection,1,False
"0100 | Perspective/Mirror Reflection/Mirror Reflection Camera — three-quarter-length crop, 24mm wide-angle lens, foreground-to-background depth layering","camera perspective and framing instruction only; preserve every existing subject pose, action, expression, body arrangement, clothing, interaction, limb placement, prop placement, and scene event supplied by the other prompt inputs; camera observing the existing subject through a physically consistent mirror reflection, reflected geometry matching the real scene; wide scene distance; three-quarter-length crop; 24mm wide-angle lens; foreground-to-background depth layering; focus locked on the primary subject; coherent camera-to-scene geometry; do not reinterpret the subject's pose or action","duplicate real subjects, mismatched reflection, impossible mirror direction, changed pose, changed action, changed expression, changed clothing, changed body arrangement, altered limb placement, invented gesture, contradictory camera angle, impossible perspective, duplicate subject, accidental extra person, warped architecture, inconsistent scale, random text, watermark, logo artifacts, low detail, blur",Perspective/Mirror Reflection,1,False
