name,prompt,negative_prompt,category,weight,favorite
0001 | Real Male/Popular Under 40/Glen Powell,"Glen Powell, adult actor, recognisable likeness from widely known public imagery, premium film-and-television editorial portrait, refined red-carpet styling and expressive cinematic presence, clear facial reference, natural skin texture, precise facial structure, refined hair detail, clothed portrait framing, modern wardrobe styling, confident camera-ready expression, cinematic beauty lighting, premium magazine finish, category tag: Real Male/Actor","wrong identity, generic face, altered facial structure, inaccurate hairstyle, age regression, child, teen, underage, distorted eyes, asymmetrical features, plastic skin, bad anatomy, extra fingers, missing fingers, warped clothing, mixed celebrity identity, text, watermark, logo artifacts, low detail, blur",Real Male/Popular Under 40,1,False
0002 | Real Male/Popular Under 40/Austin Butler,"Austin Butler, adult actor, recognisable likeness from widely known public imagery, premium film-and-television editorial portrait, refined red-carpet styling and expressive cinematic presence, clear facial reference, natural skin texture, precise facial structure, refined hair detail, clothed portrait framing, modern wardrobe styling, confident camera-ready expression, cinematic beauty lighting, premium magazine finish, category tag: Real Male/Actor","wrong identity, generic face, altered facial structure, inaccurate hairstyle, age regression, child, teen, underage, distorted eyes, asymmetrical features, plastic skin, bad anatomy, extra fingers, missing fingers, warped clothing, mixed celebrity identity, text, watermark, logo artifacts, low detail, blur",Real Male/Popular Under 40,1,False
0003 | Real Male/Popular Under 40/Timothée Chalamet,"Timothée Chalamet, adult actor, recognisable likeness from widely known public imagery, premium film-and-television editorial portrait, refined red-carpet styling and expressive cinematic presence, clear facial reference, natural skin texture, precise facial structure, refined hair detail, clothed portrait framing, modern wardrobe styling, confident camera-ready expression, cinematic beauty lighting, premium magazine finish, category tag: Real Male/Actor","wrong identity, generic face, altered facial structure, inaccurate hairstyle, age regression, child, teen, underage, distorted eyes, asymmetrical features, plastic skin, bad anatomy, extra fingers, missing fingers, warped clothing, mixed celebrity identity, text, watermark, logo artifacts, low detail, blur",Real Male/Popular Under 40,1,False
0004 | Real Male/Popular Under 40/Jacob Elordi,"Jacob Elordi, adult actor, recognisable likeness from widely known public imagery, premium film-and-television editorial portrait, refined red-carpet styling and expressive cinematic presence, clear facial reference, natural skin texture, precise facial structure, refined hair detail, clothed portrait framing, modern wardrobe styling, confident camera-ready expression, cinematic beauty lighting, premium magazine finish, category tag: Real Male/Actor","wrong identity, generic face, altered facial structure, inaccurate hairstyle, age regression, child, teen, underage, distorted eyes, asymmetrical features, plastic skin, bad anatomy, extra fingers, missing fingers, warped clothing, mixed celebrity identity, text, watermark, logo artifacts, low detail, blur",Real Male/Popular Under 40,1,False
0005 | Real Male/Popular Under 40/Michael B. Jordan,"Michael B. Jordan, adult actor, recognisable likeness from widely known public imagery, premium film-and-television editorial portrait, refined red-carpet styling and expressive cinematic presence, clear facial reference, natural skin texture, precise facial structure, refined hair detail, clothed portrait framing, modern wardrobe styling, confident camera-ready expression, cinematic beauty lighting, premium magazine finish, category tag: Real Male/Actor","wrong identity, generic face, altered facial structure, inaccurate hairstyle, age regression, child, teen, underage, distorted eyes, asymmetrical features, plastic skin, bad anatomy, extra fingers, missing fingers, warped clothing, mixed celebrity identity, text, watermark, logo artifacts, low detail, blur",Real Male/Popular Under 40,1,False
0006 | Real Male/Popular Under 40/Paul Mescal,"Paul Mescal, adult actor, recognisable likeness from widely known public imagery, premium film-and-television editorial portrait, refined red-carpet styling and expressive cinematic presence, clear facial reference, natural skin texture, precise facial structure, refined hair detail, clothed portrait framing, modern wardrobe styling, confident camera-ready expression, cinematic beauty lighting, premium magazine finish, category tag: Real Male/Actor","wrong identity, generic face, altered facial structure, inaccurate hairstyle, age regression, child, teen, underage, distorted eyes, asymmetrical features, plastic skin, bad anatomy, extra fingers, missing fingers, warped clothing, mixed celebrity identity, text, watermark, logo artifacts, low detail, blur",Real Male/Popular Under 40,1,False
0007 | Real Male/Popular Under 40/Barry Keoghan,"Barry Keoghan, adult actor, recognisable likeness from widely known public imagery, premium film-and-television editorial portrait, refined red-carpet styling and expressive cinematic presence, clear facial reference, natural skin texture, precise facial structure, refined hair detail, clothed portrait framing, modern wardrobe styling, confident camera-ready expression, cinematic beauty lighting, premium magazine finish, category tag: Real Male/Actor","wrong identity, generic face, altered facial structure, inaccurate hairstyle, age regression, child, teen, underage, distorted eyes, asymmetrical features, plastic skin, bad anatomy, extra fingers, missing fingers, warped clothing, mixed celebrity identity, text, watermark, logo artifacts, low detail, blur",Real Male/Popular Under 40,1,False
0008 | Real Male/Popular Under 40/Dev Patel,"Dev Patel, adult actor, recognisable likeness from widely known public imagery, premium film-and-television editorial portrait, refined red-carpet styling and expressive cinematic presence, clear facial reference, natural skin texture, precise facial structure, refined hair detail, clothed portrait framing, modern wardrobe styling, confident camera-ready expression, cinematic beauty lighting, premium magazine finish, category tag: Real Male/Actor","wrong identity, generic face, altered facial structure, inaccurate hairstyle, age regression, child, teen, underage, distorted eyes, asymmetrical features, plastic skin, bad anatomy, extra fingers, missing fingers, warped clothing, mixed celebrity identity, text, watermark, logo artifacts, low detail, blur",Real Male/Popular Under 40,1,False
0009 | Real Male/Popular Under 40/Aaron Taylor-Johnson,"Aaron Taylor-Johnson, adult actor, recognisable likeness from widely known public imagery, premium film-and-television editorial portrait, refined red-carpet styling and expressive cinematic presence, clear facial reference, natural skin texture, precise facial structure, refined hair detail, clothed portrait framing, modern wardrobe styling, confident camera-ready expression, cinematic beauty lighting, premium magazine finish, category tag: Real Male/Actor","wrong identity, generic face, altered facial structure, inaccurate hairstyle, age regression, child, teen, underage, distorted eyes, asymmetrical features, plastic skin, bad anatomy, extra fingers, missing fingers, warped clothing, mixed celebrity identity, text, watermark, logo artifacts, low detail, blur",Real Male/Popular Under 40,1,False
0010 | Real Male/Popular Under 40/Nicholas Hoult,"Nicholas Hoult, adult actor, recognisable likeness from widely known public imagery, premium film-and-television editorial portrait, refined red-carpet styling and expressive cinematic presence, clear facial reference, natural skin texture, precise facial structure, refined hair detail, clothed portrait framing, modern wardrobe styling, confident camera-ready expression, cinematic beauty lighting, premium magazine finish, category tag: Real Male/Actor","wrong identity, generic face, altered facial structure, inaccurate hairstyle, age regression, child, teen, underage, distorted eyes, asymmetrical features, plastic skin, bad anatomy, extra fingers, missing fingers, warped clothing, mixed celebrity identity, text, watermark, logo artifacts, low detail, blur",Real Male/Popular Under 40,1,False
0011 | Real Male/Popular Under 40/Daniel Kaluuya,"Daniel Kaluuya, adult actor, recognisable likeness from widely known public imagery, premium film-and-television editorial portrait, refined red-carpet styling and expressive cinematic presence, clear facial reference, natural skin texture, precise facial structure, refined hair detail, clothed portrait framing, modern wardrobe styling, confident camera-ready expression, cinematic beauty lighting, premium magazine finish, category tag: Real Male/Actor","wrong identity, generic face, altered facial structure, inaccurate hairstyle, age regression, child, teen, underage, distorted eyes, asymmetrical features, plastic skin, bad anatomy, extra fingers, missing fingers, warped clothing, mixed celebrity identity, text, watermark, logo artifacts, low detail, blur",Real Male/Popular Under 40,1,False
0012 | Real Male/Popular Under 40/Taron Egerton,"Taron Egerton, adult actor, recognisable likeness from widely known public imagery, premium film-and-television editorial portrait, refined red-carpet styling and expressive cinematic presence, clear facial reference, natural skin texture, precise facial structure, refined hair detail, clothed portrait framing, modern wardrobe styling, confident camera-ready expression, cinematic beauty lighting, premium magazine finish, category tag: Real Male/Actor","wrong identity, generic face, altered facial structure, inaccurate hairstyle, age regression, child, teen, underage, distorted eyes, asymmetrical features, plastic skin, bad anatomy, extra fingers, missing fingers, warped clothing, mixed celebrity identity, text, watermark, logo artifacts, low detail, blur",Real Male/Popular Under 40,1,False
0013 | Real Male/Popular Under 40/John Boyega,"John Boyega, adult actor, recognisable likeness from widely known public imagery, premium film-and-television editorial portrait, refined red-carpet styling and expressive cinematic presence, clear facial reference, natural skin texture, precise facial structure, refined hair detail, clothed portrait framing, modern wardrobe styling, confident camera-ready expression, cinematic beauty lighting, premium magazine finish, category tag: Real Male/Actor","wrong identity, generic face, altered facial structure, inaccurate hairstyle, age regression, child, teen, underage, distorted eyes, asymmetrical features, plastic skin, bad anatomy, extra fingers, missing fingers, warped clothing, mixed celebrity identity, text, watermark, logo artifacts, low detail, blur",Real Male/Popular Under 40,1,False
0014 | Real Male/Popular Under 40/Damson Idris,"Damson Idris, adult actor, recognisable likeness from widely known public imagery, premium film-and-television editorial portrait, refined red-carpet styling and expressive cinematic presence, clear facial reference, natural skin texture, precise facial structure, refined hair detail, clothed portrait framing, modern wardrobe styling, confident camera-ready expression, cinematic beauty lighting, premium magazine finish, category tag: Real Male/Actor","wrong identity, generic face, altered facial structure, inaccurate hairstyle, age regression, child, teen, underage, distorted eyes, asymmetrical features, plastic skin, bad anatomy, extra fingers, missing fingers, warped clothing, mixed celebrity identity, text, watermark, logo artifacts, low detail, blur",Real Male/Popular Under 40,1,False
0015 | Real Male/Popular Under 40/Jonathan Bailey,"Jonathan Bailey, adult actor, recognisable likeness from widely known public imagery, premium film-and-television editorial portrait, refined red-carpet styling and expressive cinematic presence, clear facial reference, natural skin texture, precise facial structure, refined hair detail, clothed portrait framing, modern wardrobe styling, confident camera-ready expression, cinematic beauty lighting, premium magazine finish, category tag: Real Male/Actor","wrong identity, generic face, altered facial structure, inaccurate hairstyle, age regression, child, teen, underage, distorted eyes, asymmetrical features, plastic skin, bad anatomy, extra fingers, missing fingers, warped clothing, mixed celebrity identity, text, watermark, logo artifacts, low detail, blur",Real Male/Popular Under 40,1,False
0016 | Real Male/Popular Under 40/Regé-Jean Page,"Regé-Jean Page, adult actor, recognisable likeness from widely known public imagery, premium film-and-television editorial portrait, refined red-carpet styling and expressive cinematic presence, clear facial reference, natural skin texture, precise facial structure, refined hair detail, clothed portrait framing, modern wardrobe styling, confident camera-ready expression, cinematic beauty lighting, premium magazine finish, category tag: Real Male/Actor","wrong identity, generic face, altered facial structure, inaccurate hairstyle, age regression, child, teen, underage, distorted eyes, asymmetrical features, plastic skin, bad anatomy, extra fingers, missing fingers, warped clothing, mixed celebrity identity, text, watermark, logo artifacts, low detail, blur",Real Male/Popular Under 40,1,False
0017 | Real Male/Popular Under 40/Harris Dickinson,"Harris Dickinson, adult actor, recognisable likeness from widely known public imagery, premium film-and-television editorial portrait, refined red-carpet styling and expressive cinematic presence, clear facial reference, natural skin texture, precise facial structure, refined hair detail, clothed portrait framing, modern wardrobe styling, confident camera-ready expression, cinematic beauty lighting, premium magazine finish, category tag: Real Male/Actor","wrong identity, generic face, altered facial structure, inaccurate hairstyle, age regression, child, teen, underage, distorted eyes, asymmetrical features, plastic skin, bad anatomy, extra fingers, missing fingers, warped clothing, mixed celebrity identity, text, watermark, logo artifacts, low detail, blur",Real Male/Popular Under 40,1,False
0018 | Real Male/Popular Under 40/Charles Melton,"Charles Melton, adult actor, recognisable likeness from widely known public imagery, premium film-and-television editorial portrait, refined red-carpet styling and expressive cinematic presence, clear facial reference, natural skin texture, precise facial structure, refined hair detail, clothed portrait framing, modern wardrobe styling, confident camera-ready expression, cinematic beauty lighting, premium magazine finish, category tag: Real Male/Actor","wrong identity, generic face, altered facial structure, inaccurate hairstyle, age regression, child, teen, underage, distorted eyes, asymmetrical features, plastic skin, bad anatomy, extra fingers, missing fingers, warped clothing, mixed celebrity identity, text, watermark, logo artifacts, low detail, blur",Real Male/Popular Under 40,1,False
0019 | Real Male/Popular Under 40/Jeremy Allen White,"Jeremy Allen White, adult actor, recognisable likeness from widely known public imagery, premium film-and-television editorial portrait, refined red-carpet styling and expressive cinematic presence, clear facial reference, natural skin texture, precise facial structure, refined hair detail, clothed portrait framing, modern wardrobe styling, confident camera-ready expression, cinematic beauty lighting, premium magazine finish, category tag: Real Male/Actor","wrong identity, generic face, altered facial structure, inaccurate hairstyle, age regression, child, teen, underage, distorted eyes, asymmetrical features, plastic skin, bad anatomy, extra fingers, missing fingers, warped clothing, mixed celebrity identity, text, watermark, logo artifacts, low detail, blur",Real Male/Popular Under 40,1,False
0020 | Real Male/Popular Under 40/Zac Efron,"Zac Efron, adult actor, recognisable likeness from widely known public imagery, premium film-and-television editorial portrait, refined red-carpet styling and expressive cinematic presence, clear facial reference, natural skin texture, precise facial structure, refined hair detail, clothed portrait framing, modern wardrobe styling, confident camera-ready expression, cinematic beauty lighting, premium magazine finish, category tag: Real Male/Actor","wrong identity, generic face, altered facial structure, inaccurate hairstyle, age regression, child, teen, underage, distorted eyes, asymmetrical features, plastic skin, bad anatomy, extra fingers, missing fingers, warped clothing, mixed celebrity identity, text, watermark, logo artifacts, low detail, blur",Real Male/Popular Under 40,1,False
0021 | Real Male/Popular Under 40/Daniel Radcliffe,"Daniel Radcliffe, adult actor, recognisable likeness from widely known public imagery, premium film-and-television editorial portrait, refined red-carpet styling and expressive cinematic presence, clear facial reference, natural skin texture, precise facial structure, refined hair detail, clothed portrait framing, modern wardrobe styling, confident camera-ready expression, cinematic beauty lighting, premium magazine finish, category tag: Real Male/Actor","wrong identity, generic face, altered facial structure, inaccurate hairstyle, age regression, child, teen, underage, distorted eyes, asymmetrical features, plastic skin, bad anatomy, extra fingers, missing fingers, warped clothing, mixed celebrity identity, text, watermark, logo artifacts, low detail, blur",Real Male/Popular Under 40,1,False
0022 | Real Male/Popular Under 40/Rupert Grint,"Rupert Grint, adult actor, recognisable likeness from widely known public imagery, premium film-and-television editorial portrait, refined red-carpet styling and expressive cinematic presence, clear facial reference, natural skin texture, precise facial structure, refined hair detail, clothed portrait framing, modern wardrobe styling, confident camera-ready expression, cinematic beauty lighting, premium magazine finish, category tag: Real Male/Actor","wrong identity, generic face, altered facial structure, inaccurate hairstyle, age regression, child, teen, underage, distorted eyes, asymmetrical features, plastic skin, bad anatomy, extra fingers, missing fingers, warped clothing, mixed celebrity identity, text, watermark, logo artifacts, low detail, blur",Real Male/Popular Under 40,1,False
0023 | Real Male/Popular Under 40/Tom Felton,"Tom Felton, adult actor, recognisable likeness from widely known public imagery, premium film-and-television editorial portrait, refined red-carpet styling and expressive cinematic presence, clear facial reference, natural skin texture, precise facial structure, refined hair detail, clothed portrait framing, modern wardrobe styling, confident camera-ready expression, cinematic beauty lighting, premium magazine finish, category tag: Real Male/Actor","wrong identity, generic face, altered facial structure, inaccurate hairstyle, age regression, child, teen, underage, distorted eyes, asymmetrical features, plastic skin, bad anatomy, extra fingers, missing fingers, warped clothing, mixed celebrity identity, text, watermark, logo artifacts, low detail, blur",Real Male/Popular Under 40,1,False
0024 | Real Male/Popular Under 40/Tom Holland,"Tom Holland, adult actor, recognisable likeness from widely known public imagery, premium film-and-television editorial portrait, refined red-carpet styling and expressive cinematic presence, clear facial reference, natural skin texture, precise facial structure, refined hair detail, clothed portrait framing, modern wardrobe styling, confident camera-ready expression, cinematic beauty lighting, premium magazine finish, category tag: Real Male/Actor","wrong identity, generic face, altered facial structure, inaccurate hairstyle, age regression, child, teen, underage, distorted eyes, asymmetrical features, plastic skin, bad anatomy, extra fingers, missing fingers, warped clothing, mixed celebrity identity, text, watermark, logo artifacts, low detail, blur",Real Male/Popular Under 40,1,False
0025 | Real Male/Popular Under 40/Andrew Koji,"Andrew Koji, adult actor, recognisable likeness from widely known public imagery, premium film-and-television editorial portrait, refined red-carpet styling and expressive cinematic presence, clear facial reference, natural skin texture, precise facial structure, refined hair detail, clothed portrait framing, modern wardrobe styling, confident camera-ready expression, cinematic beauty lighting, premium magazine finish, category tag: Real Male/Actor","wrong identity, generic face, altered facial structure, inaccurate hairstyle, age regression, child, teen, underage, distorted eyes, asymmetrical features, plastic skin, bad anatomy, extra fingers, missing fingers, warped clothing, mixed celebrity identity, text, watermark, logo artifacts, low detail, blur",Real Male/Popular Under 40,1,False
0026 | Real Male/Popular Under 40/Simu Liu,"Simu Liu, adult actor, recognisable likeness from widely known public imagery, premium film-and-television editorial portrait, refined red-carpet styling and expressive cinematic presence, clear facial reference, natural skin texture, precise facial structure, refined hair detail, clothed portrait framing, modern wardrobe styling, confident camera-ready expression, cinematic beauty lighting, premium magazine finish, category tag: Real Male/Actor","wrong identity, generic face, altered facial structure, inaccurate hairstyle, age regression, child, teen, underage, distorted eyes, asymmetrical features, plastic skin, bad anatomy, extra fingers, missing fingers, warped clothing, mixed celebrity identity, text, watermark, logo artifacts, low detail, blur",Real Male/Popular Under 40,1,False
0027 | Real Male/Popular Under 40/Lewis Tan,"Lewis Tan, adult actor, recognisable likeness from widely known public imagery, premium film-and-television editorial portrait, refined red-carpet styling and expressive cinematic presence, clear facial reference, natural skin texture, precise facial structure, refined hair detail, clothed portrait framing, modern wardrobe styling, confident camera-ready expression, cinematic beauty lighting, premium magazine finish, category tag: Real Male/Actor","wrong identity, generic face, altered facial structure, inaccurate hairstyle, age regression, child, teen, underage, distorted eyes, asymmetrical features, plastic skin, bad anatomy, extra fingers, missing fingers, warped clothing, mixed celebrity identity, text, watermark, logo artifacts, low detail, blur",Real Male/Popular Under 40,1,False
0028 | Real Male/Popular Under 40/Henry Golding,"Henry Golding, adult actor, recognisable likeness from widely known public imagery, premium film-and-television editorial portrait, refined red-carpet styling and expressive cinematic presence, clear facial reference, natural skin texture, precise facial structure, refined hair detail, clothed portrait framing, modern wardrobe styling, confident camera-ready expression, cinematic beauty lighting, premium magazine finish, category tag: Real Male/Actor","wrong identity, generic face, altered facial structure, inaccurate hairstyle, age regression, child, teen, underage, distorted eyes, asymmetrical features, plastic skin, bad anatomy, extra fingers, missing fingers, warped clothing, mixed celebrity identity, text, watermark, logo artifacts, low detail, blur",Real Male/Popular Under 40,1,False
0029 | Real Male/Popular Under 40/Manny Jacinto,"Manny Jacinto, adult actor, recognisable likeness from widely known public imagery, premium film-and-television editorial portrait, refined red-carpet styling and expressive cinematic presence, clear facial reference, natural skin texture, precise facial structure, refined hair detail, clothed portrait framing, modern wardrobe styling, confident camera-ready expression, cinematic beauty lighting, premium magazine finish, category tag: Real Male/Actor","wrong identity, generic face, altered facial structure, inaccurate hairstyle, age regression, child, teen, underage, distorted eyes, asymmetrical features, plastic skin, bad anatomy, extra fingers, missing fingers, warped clothing, mixed celebrity identity, text, watermark, logo artifacts, low detail, blur",Real Male/Popular Under 40,1,False
0030 | Real Male/Popular Under 40/LaKeith Stanfield,"LaKeith Stanfield, adult actor, recognisable likeness from widely known public imagery, premium film-and-television editorial portrait, refined red-carpet styling and expressive cinematic presence, clear facial reference, natural skin texture, precise facial structure, refined hair detail, clothed portrait framing, modern wardrobe styling, confident camera-ready expression, cinematic beauty lighting, premium magazine finish, category tag: Real Male/Actor","wrong identity, generic face, altered facial structure, inaccurate hairstyle, age regression, child, teen, underage, distorted eyes, asymmetrical features, plastic skin, bad anatomy, extra fingers, missing fingers, warped clothing, mixed celebrity identity, text, watermark, logo artifacts, low detail, blur",Real Male/Popular Under 40,1,False
0031 | Real Male/Popular Under 40/Trevante Rhodes,"Trevante Rhodes, adult actor, recognisable likeness from widely known public imagery, premium film-and-television editorial portrait, refined red-carpet styling and expressive cinematic presence, clear facial reference, natural skin texture, precise facial structure, refined hair detail, clothed portrait framing, modern wardrobe styling, confident camera-ready expression, cinematic beauty lighting, premium magazine finish, category tag: Real Male/Actor","wrong identity, generic face, altered facial structure, inaccurate hairstyle, age regression, child, teen, underage, distorted eyes, asymmetrical features, plastic skin, bad anatomy, extra fingers, missing fingers, warped clothing, mixed celebrity identity, text, watermark, logo artifacts, low detail, blur",Real Male/Popular Under 40,1,False
0032 | Real Male/Popular Under 40/Winston Duke,"Winston Duke, adult actor, recognisable likeness from widely known public imagery, premium film-and-television editorial portrait, refined red-carpet styling and expressive cinematic presence, clear facial reference, natural skin texture, precise facial structure, refined hair detail, clothed portrait framing, modern wardrobe styling, confident camera-ready expression, cinematic beauty lighting, premium magazine finish, category tag: Real Male/Actor","wrong identity, generic face, altered facial structure, inaccurate hairstyle, age regression, child, teen, underage, distorted eyes, asymmetrical features, plastic skin, bad anatomy, extra fingers, missing fingers, warped clothing, mixed celebrity identity, text, watermark, logo artifacts, low detail, blur",Real Male/Popular Under 40,1,False
0033 | Real Male/Popular Under 40/Kelvin Harrison Jr.,"Kelvin Harrison Jr., adult actor, recognisable likeness from widely known public imagery, premium film-and-television editorial portrait, refined red-carpet styling and expressive cinematic presence, clear facial reference, natural skin texture, precise facial structure, refined hair detail, clothed portrait framing, modern wardrobe styling, confident camera-ready expression, cinematic beauty lighting, premium magazine finish, category tag: Real Male/Actor","wrong identity, generic face, altered facial structure, inaccurate hairstyle, age regression, child, teen, underage, distorted eyes, asymmetrical features, plastic skin, bad anatomy, extra fingers, missing fingers, warped clothing, mixed celebrity identity, text, watermark, logo artifacts, low detail, blur",Real Male/Popular Under 40,1,False
0034 | Real Male/Popular Under 40/Stephan James,"Stephan James, adult actor, recognisable likeness from widely known public imagery, premium film-and-television editorial portrait, refined red-carpet styling and expressive cinematic presence, clear facial reference, natural skin texture, precise facial structure, refined hair detail, clothed portrait framing, modern wardrobe styling, confident camera-ready expression, cinematic beauty lighting, premium magazine finish, category tag: Real Male/Actor","wrong identity, generic face, altered facial structure, inaccurate hairstyle, age regression, child, teen, underage, distorted eyes, asymmetrical features, plastic skin, bad anatomy, extra fingers, missing fingers, warped clothing, mixed celebrity identity, text, watermark, logo artifacts, low detail, blur",Real Male/Popular Under 40,1,False
0035 | Real Male/Popular Under 40/Corey Hawkins,"Corey Hawkins, adult actor, recognisable likeness from widely known public imagery, premium film-and-television editorial portrait, refined red-carpet styling and expressive cinematic presence, clear facial reference, natural skin texture, precise facial structure, refined hair detail, clothed portrait framing, modern wardrobe styling, confident camera-ready expression, cinematic beauty lighting, premium magazine finish, category tag: Real Male/Actor","wrong identity, generic face, altered facial structure, inaccurate hairstyle, age regression, child, teen, underage, distorted eyes, asymmetrical features, plastic skin, bad anatomy, extra fingers, missing fingers, warped clothing, mixed celebrity identity, text, watermark, logo artifacts, low detail, blur",Real Male/Popular Under 40,1,False
0036 | Real Male/Popular Under 40/Jharrel Jerome,"Jharrel Jerome, adult actor, recognisable likeness from widely known public imagery, premium film-and-television editorial portrait, refined red-carpet styling and expressive cinematic presence, clear facial reference, natural skin texture, precise facial structure, refined hair detail, clothed portrait framing, modern wardrobe styling, confident camera-ready expression, cinematic beauty lighting, premium magazine finish, category tag: Real Male/Actor","wrong identity, generic face, altered facial structure, inaccurate hairstyle, age regression, child, teen, underage, distorted eyes, asymmetrical features, plastic skin, bad anatomy, extra fingers, missing fingers, warped clothing, mixed celebrity identity, text, watermark, logo artifacts, low detail, blur",Real Male/Popular Under 40,1,False
0037 | Real Male/Popular Under 40/Ashton Sanders,"Ashton Sanders, adult actor, recognisable likeness from widely known public imagery, premium film-and-television editorial portrait, refined red-carpet styling and expressive cinematic presence, clear facial reference, natural skin texture, precise facial structure, refined hair detail, clothed portrait framing, modern wardrobe styling, confident camera-ready expression, cinematic beauty lighting, premium magazine finish, category tag: Real Male/Actor","wrong identity, generic face, altered facial structure, inaccurate hairstyle, age regression, child, teen, underage, distorted eyes, asymmetrical features, plastic skin, bad anatomy, extra fingers, missing fingers, warped clothing, mixed celebrity identity, text, watermark, logo artifacts, low detail, blur",Real Male/Popular Under 40,1,False
0038 | Real Male/Popular Under 40/Shameik Moore,"Shameik Moore, adult actor, recognisable likeness from widely known public imagery, premium film-and-television editorial portrait, refined red-carpet styling and expressive cinematic presence, clear facial reference, natural skin texture, precise facial structure, refined hair detail, clothed portrait framing, modern wardrobe styling, confident camera-ready expression, cinematic beauty lighting, premium magazine finish, category tag: Real Male/Actor","wrong identity, generic face, altered facial structure, inaccurate hairstyle, age regression, child, teen, underage, distorted eyes, asymmetrical features, plastic skin, bad anatomy, extra fingers, missing fingers, warped clothing, mixed celebrity identity, text, watermark, logo artifacts, low detail, blur",Real Male/Popular Under 40,1,False
0039 | Real Male/Popular Under 40/Caleb McLaughlin,"Caleb McLaughlin, adult actor, recognisable likeness from widely known public imagery, premium film-and-television editorial portrait, refined red-carpet styling and expressive cinematic presence, clear facial reference, natural skin texture, precise facial structure, refined hair detail, clothed portrait framing, modern wardrobe styling, confident camera-ready expression, cinematic beauty lighting, premium magazine finish, category tag: Real Male/Actor","wrong identity, generic face, altered facial structure, inaccurate hairstyle, age regression, child, teen, underage, distorted eyes, asymmetrical features, plastic skin, bad anatomy, extra fingers, missing fingers, warped clothing, mixed celebrity identity, text, watermark, logo artifacts, low detail, blur",Real Male/Popular Under 40,1,False
0040 | Real Male/Popular Under 40/Joe Keery,"Joe Keery, adult actor, recognisable likeness from widely known public imagery, premium film-and-television editorial portrait, refined red-carpet styling and expressive cinematic presence, clear facial reference, natural skin texture, precise facial structure, refined hair detail, clothed portrait framing, modern wardrobe styling, confident camera-ready expression, cinematic beauty lighting, premium magazine finish, category tag: Real Male/Actor","wrong identity, generic face, altered facial structure, inaccurate hairstyle, age regression, child, teen, underage, distorted eyes, asymmetrical features, plastic skin, bad anatomy, extra fingers, missing fingers, warped clothing, mixed celebrity identity, text, watermark, logo artifacts, low detail, blur",Real Male/Popular Under 40,1,False
0041 | Real Male/Popular Under 40/Dacre Montgomery,"Dacre Montgomery, adult actor, recognisable likeness from widely known public imagery, premium film-and-television editorial portrait, refined red-carpet styling and expressive cinematic presence, clear facial reference, natural skin texture, precise facial structure, refined hair detail, clothed portrait framing, modern wardrobe styling, confident camera-ready expression, cinematic beauty lighting, premium magazine finish, category tag: Real Male/Actor","wrong identity, generic face, altered facial structure, inaccurate hairstyle, age regression, child, teen, underage, distorted eyes, asymmetrical features, plastic skin, bad anatomy, extra fingers, missing fingers, warped clothing, mixed celebrity identity, text, watermark, logo artifacts, low detail, blur",Real Male/Popular Under 40,1,False
0042 | Real Male/Popular Under 40/Joseph Quinn,"Joseph Quinn, adult actor, recognisable likeness from widely known public imagery, premium film-and-television editorial portrait, refined red-carpet styling and expressive cinematic presence, clear facial reference, natural skin texture, precise facial structure, refined hair detail, clothed portrait framing, modern wardrobe styling, confident camera-ready expression, cinematic beauty lighting, premium magazine finish, category tag: Real Male/Actor","wrong identity, generic face, altered facial structure, inaccurate hairstyle, age regression, child, teen, underage, distorted eyes, asymmetrical features, plastic skin, bad anatomy, extra fingers, missing fingers, warped clothing, mixed celebrity identity, text, watermark, logo artifacts, low detail, blur",Real Male/Popular Under 40,1,False
0043 | Real Male/Popular Under 40/Finn Wolfhard,"Finn Wolfhard, adult actor, recognisable likeness from widely known public imagery, premium film-and-television editorial portrait, refined red-carpet styling and expressive cinematic presence, clear facial reference, natural skin texture, precise facial structure, refined hair detail, clothed portrait framing, modern wardrobe styling, confident camera-ready expression, cinematic beauty lighting, premium magazine finish, category tag: Real Male/Actor","wrong identity, generic face, altered facial structure, inaccurate hairstyle, age regression, child, teen, underage, distorted eyes, asymmetrical features, plastic skin, bad anatomy, extra fingers, missing fingers, warped clothing, mixed celebrity identity, text, watermark, logo artifacts, low detail, blur",Real Male/Popular Under 40,1,False
0044 | Real Male/Popular Under 40/Gaten Matarazzo,"Gaten Matarazzo, adult actor, recognisable likeness from widely known public imagery, premium film-and-television editorial portrait, refined red-carpet styling and expressive cinematic presence, clear facial reference, natural skin texture, precise facial structure, refined hair detail, clothed portrait framing, modern wardrobe styling, confident camera-ready expression, cinematic beauty lighting, premium magazine finish, category tag: Real Male/Actor","wrong identity, generic face, altered facial structure, inaccurate hairstyle, age regression, child, teen, underage, distorted eyes, asymmetrical features, plastic skin, bad anatomy, extra fingers, missing fingers, warped clothing, mixed celebrity identity, text, watermark, logo artifacts, low detail, blur",Real Male/Popular Under 40,1,False
0045 | Real Male/Popular Under 40/Noah Schnapp,"Noah Schnapp, adult actor, recognisable likeness from widely known public imagery, premium film-and-television editorial portrait, refined red-carpet styling and expressive cinematic presence, clear facial reference, natural skin texture, precise facial structure, refined hair detail, clothed portrait framing, modern wardrobe styling, confident camera-ready expression, cinematic beauty lighting, premium magazine finish, category tag: Real Male/Actor","wrong identity, generic face, altered facial structure, inaccurate hairstyle, age regression, child, teen, underage, distorted eyes, asymmetrical features, plastic skin, bad anatomy, extra fingers, missing fingers, warped clothing, mixed celebrity identity, text, watermark, logo artifacts, low detail, blur",Real Male/Popular Under 40,1,False
0046 | Real Male/Popular Under 40/Charlie Heaton,"Charlie Heaton, adult actor, recognisable likeness from widely known public imagery, premium film-and-television editorial portrait, refined red-carpet styling and expressive cinematic presence, clear facial reference, natural skin texture, precise facial structure, refined hair detail, clothed portrait framing, modern wardrobe styling, confident camera-ready expression, cinematic beauty lighting, premium magazine finish, category tag: Real Male/Actor","wrong identity, generic face, altered facial structure, inaccurate hairstyle, age regression, child, teen, underage, distorted eyes, asymmetrical features, plastic skin, bad anatomy, extra fingers, missing fingers, warped clothing, mixed celebrity identity, text, watermark, logo artifacts, low detail, blur",Real Male/Popular Under 40,1,False
0047 | Real Male/Popular Under 40/Jamie Campbell Bower,"Jamie Campbell Bower, adult actor, recognisable likeness from widely known public imagery, premium film-and-television editorial portrait, refined red-carpet styling and expressive cinematic presence, clear facial reference, natural skin texture, precise facial structure, refined hair detail, clothed portrait framing, modern wardrobe styling, confident camera-ready expression, cinematic beauty lighting, premium magazine finish, category tag: Real Male/Actor","wrong identity, generic face, altered facial structure, inaccurate hairstyle, age regression, child, teen, underage, distorted eyes, asymmetrical features, plastic skin, bad anatomy, extra fingers, missing fingers, warped clothing, mixed celebrity identity, text, watermark, logo artifacts, low detail, blur",Real Male/Popular Under 40,1,False
0048 | Real Male/Popular Under 40/Kit Harington,"Kit Harington, adult actor, recognisable likeness from widely known public imagery, premium film-and-television editorial portrait, refined red-carpet styling and expressive cinematic presence, clear facial reference, natural skin texture, precise facial structure, refined hair detail, clothed portrait framing, modern wardrobe styling, confident camera-ready expression, cinematic beauty lighting, premium magazine finish, category tag: Real Male/Actor","wrong identity, generic face, altered facial structure, inaccurate hairstyle, age regression, child, teen, underage, distorted eyes, asymmetrical features, plastic skin, bad anatomy, extra fingers, missing fingers, warped clothing, mixed celebrity identity, text, watermark, logo artifacts, low detail, blur",Real Male/Popular Under 40,1,False
0049 | Real Male/Popular Under 40/Ncuti Gatwa,"Ncuti Gatwa, adult actor, recognisable likeness from widely known public imagery, premium film-and-television editorial portrait, refined red-carpet styling and expressive cinematic presence, clear facial reference, natural skin texture, precise facial structure, refined hair detail, clothed portrait framing, modern wardrobe styling, confident camera-ready expression, cinematic beauty lighting, premium magazine finish, category tag: Real Male/Actor","wrong identity, generic face, altered facial structure, inaccurate hairstyle, age regression, child, teen, underage, distorted eyes, asymmetrical features, plastic skin, bad anatomy, extra fingers, missing fingers, warped clothing, mixed celebrity identity, text, watermark, logo artifacts, low detail, blur",Real Male/Popular Under 40,1,False
0050 | Real Male/Popular Under 40/Himesh Patel,"Himesh Patel, adult actor, recognisable likeness from widely known public imagery, premium film-and-television editorial portrait, refined red-carpet styling and expressive cinematic presence, clear facial reference, natural skin texture, precise facial structure, refined hair detail, clothed portrait framing, modern wardrobe styling, confident camera-ready expression, cinematic beauty lighting, premium magazine finish, category tag: Real Male/Actor","wrong identity, generic face, altered facial structure, inaccurate hairstyle, age regression, child, teen, underage, distorted eyes, asymmetrical features, plastic skin, bad anatomy, extra fingers, missing fingers, warped clothing, mixed celebrity identity, text, watermark, logo artifacts, low detail, blur",Real Male/Popular Under 40,1,False
0051 | Real Male/Popular Under 40/Will Poulter,"Will Poulter, adult actor, recognisable likeness from widely known public imagery, premium film-and-television editorial portrait, refined red-carpet styling and expressive cinematic presence, clear facial reference, natural skin texture, precise facial structure, refined hair detail, clothed portrait framing, modern wardrobe styling, confident camera-ready expression, cinematic beauty lighting, premium magazine finish, category tag: Real Male/Actor","wrong identity, generic face, altered facial structure, inaccurate hairstyle, age regression, child, teen, underage, distorted eyes, asymmetrical features, plastic skin, bad anatomy, extra fingers, missing fingers, warped clothing, mixed celebrity identity, text, watermark, logo artifacts, low detail, blur",Real Male/Popular Under 40,1,False
0052 | Real Male/Popular Under 40/George MacKay,"George MacKay, adult actor, recognisable likeness from widely known public imagery, premium film-and-television editorial portrait, refined red-carpet styling and expressive cinematic presence, clear facial reference, natural skin texture, precise facial structure, refined hair detail, clothed portrait framing, modern wardrobe styling, confident camera-ready expression, cinematic beauty lighting, premium magazine finish, category tag: Real Male/Actor","wrong identity, generic face, altered facial structure, inaccurate hairstyle, age regression, child, teen, underage, distorted eyes, asymmetrical features, plastic skin, bad anatomy, extra fingers, missing fingers, warped clothing, mixed celebrity identity, text, watermark, logo artifacts, low detail, blur",Real Male/Popular Under 40,1,False
0053 | Real Male/Popular Under 40/Josh O'Connor,"Josh O'Connor, adult actor, recognisable likeness from widely known public imagery, premium film-and-television editorial portrait, refined red-carpet styling and expressive cinematic presence, clear facial reference, natural skin texture, precise facial structure, refined hair detail, clothed portrait framing, modern wardrobe styling, confident camera-ready expression, cinematic beauty lighting, premium magazine finish, category tag: Real Male/Actor","wrong identity, generic face, altered facial structure, inaccurate hairstyle, age regression, child, teen, underage, distorted eyes, asymmetrical features, plastic skin, bad anatomy, extra fingers, missing fingers, warped clothing, mixed celebrity identity, text, watermark, logo artifacts, low detail, blur",Real Male/Popular Under 40,1,False
0054 | Real Male/Popular Under 40/Callum Turner,"Callum Turner, adult actor, recognisable likeness from widely known public imagery, premium film-and-television editorial portrait, refined red-carpet styling and expressive cinematic presence, clear facial reference, natural skin texture, precise facial structure, refined hair detail, clothed portrait framing, modern wardrobe styling, confident camera-ready expression, cinematic beauty lighting, premium magazine finish, category tag: Real Male/Actor","wrong identity, generic face, altered facial structure, inaccurate hairstyle, age regression, child, teen, underage, distorted eyes, asymmetrical features, plastic skin, bad anatomy, extra fingers, missing fingers, warped clothing, mixed celebrity identity, text, watermark, logo artifacts, low detail, blur",Real Male/Popular Under 40,1,False
0055 | Real Male/Popular Under 40/Leo Woodall,"Leo Woodall, adult actor, recognisable likeness from widely known public imagery, premium film-and-television editorial portrait, refined red-carpet styling and expressive cinematic presence, clear facial reference, natural skin texture, precise facial structure, refined hair detail, clothed portrait framing, modern wardrobe styling, confident camera-ready expression, cinematic beauty lighting, premium magazine finish, category tag: Real Male/Actor","wrong identity, generic face, altered facial structure, inaccurate hairstyle, age regression, child, teen, underage, distorted eyes, asymmetrical features, plastic skin, bad anatomy, extra fingers, missing fingers, warped clothing, mixed celebrity identity, text, watermark, logo artifacts, low detail, blur",Real Male/Popular Under 40,1,False
0056 | Real Male/Popular Under 40/Tom Blyth,"Tom Blyth, adult actor, recognisable likeness from widely known public imagery, premium film-and-television editorial portrait, refined red-carpet styling and expressive cinematic presence, clear facial reference, natural skin texture, precise facial structure, refined hair detail, clothed portrait framing, modern wardrobe styling, confident camera-ready expression, cinematic beauty lighting, premium magazine finish, category tag: Real Male/Actor","wrong identity, generic face, altered facial structure, inaccurate hairstyle, age regression, child, teen, underage, distorted eyes, asymmetrical features, plastic skin, bad anatomy, extra fingers, missing fingers, warped clothing, mixed celebrity identity, text, watermark, logo artifacts, low detail, blur",Real Male/Popular Under 40,1,False
0057 | Real Male/Popular Under 40/Josh Hutcherson,"Josh Hutcherson, adult actor, recognisable likeness from widely known public imagery, premium film-and-television editorial portrait, refined red-carpet styling and expressive cinematic presence, clear facial reference, natural skin texture, precise facial structure, refined hair detail, clothed portrait framing, modern wardrobe styling, confident camera-ready expression, cinematic beauty lighting, premium magazine finish, category tag: Real Male/Actor","wrong identity, generic face, altered facial structure, inaccurate hairstyle, age regression, child, teen, underage, distorted eyes, asymmetrical features, plastic skin, bad anatomy, extra fingers, missing fingers, warped clothing, mixed celebrity identity, text, watermark, logo artifacts, low detail, blur",Real Male/Popular Under 40,1,False
0058 | Real Male/Popular Under 40/Liam Hemsworth,"Liam Hemsworth, adult actor, recognisable likeness from widely known public imagery, premium film-and-television editorial portrait, refined red-carpet styling and expressive cinematic presence, clear facial reference, natural skin texture, precise facial structure, refined hair detail, clothed portrait framing, modern wardrobe styling, confident camera-ready expression, cinematic beauty lighting, premium magazine finish, category tag: Real Male/Actor","wrong identity, generic face, altered facial structure, inaccurate hairstyle, age regression, child, teen, underage, distorted eyes, asymmetrical features, plastic skin, bad anatomy, extra fingers, missing fingers, warped clothing, mixed celebrity identity, text, watermark, logo artifacts, low detail, blur",Real Male/Popular Under 40,1,False
0059 | Real Male/Popular Under 40/Luke Newton,"Luke Newton, adult actor, recognisable likeness from widely known public imagery, premium film-and-television editorial portrait, refined red-carpet styling and expressive cinematic presence, clear facial reference, natural skin texture, precise facial structure, refined hair detail, clothed portrait framing, modern wardrobe styling, confident camera-ready expression, cinematic beauty lighting, premium magazine finish, category tag: Real Male/Actor","wrong identity, generic face, altered facial structure, inaccurate hairstyle, age regression, child, teen, underage, distorted eyes, asymmetrical features, plastic skin, bad anatomy, extra fingers, missing fingers, warped clothing, mixed celebrity identity, text, watermark, logo artifacts, low detail, blur",Real Male/Popular Under 40,1,False
0060 | Real Male/Popular Under 40/Corey Mylchreest,"Corey Mylchreest, adult actor, recognisable likeness from widely known public imagery, premium film-and-television editorial portrait, refined red-carpet styling and expressive cinematic presence, clear facial reference, natural skin texture, precise facial structure, refined hair detail, clothed portrait framing, modern wardrobe styling, confident camera-ready expression, cinematic beauty lighting, premium magazine finish, category tag: Real Male/Actor","wrong identity, generic face, altered facial structure, inaccurate hairstyle, age regression, child, teen, underage, distorted eyes, asymmetrical features, plastic skin, bad anatomy, extra fingers, missing fingers, warped clothing, mixed celebrity identity, text, watermark, logo artifacts, low detail, blur",Real Male/Popular Under 40,1,False
0061 | Real Male/Popular Under 40/Dylan O'Brien,"Dylan O'Brien, adult actor, recognisable likeness from widely known public imagery, premium film-and-television editorial portrait, refined red-carpet styling and expressive cinematic presence, clear facial reference, natural skin texture, precise facial structure, refined hair detail, clothed portrait framing, modern wardrobe styling, confident camera-ready expression, cinematic beauty lighting, premium magazine finish, category tag: Real Male/Actor","wrong identity, generic face, altered facial structure, inaccurate hairstyle, age regression, child, teen, underage, distorted eyes, asymmetrical features, plastic skin, bad anatomy, extra fingers, missing fingers, warped clothing, mixed celebrity identity, text, watermark, logo artifacts, low detail, blur",Real Male/Popular Under 40,1,False
0062 | Real Male/Popular Under 40/Tyler Posey,"Tyler Posey, adult actor, recognisable likeness from widely known public imagery, premium film-and-television editorial portrait, refined red-carpet styling and expressive cinematic presence, clear facial reference, natural skin texture, precise facial structure, refined hair detail, clothed portrait framing, modern wardrobe styling, confident camera-ready expression, cinematic beauty lighting, premium magazine finish, category tag: Real Male/Actor","wrong identity, generic face, altered facial structure, inaccurate hairstyle, age regression, child, teen, underage, distorted eyes, asymmetrical features, plastic skin, bad anatomy, extra fingers, missing fingers, warped clothing, mixed celebrity identity, text, watermark, logo artifacts, low detail, blur",Real Male/Popular Under 40,1,False
0063 | Real Male/Popular Under 40/Tyler Hoechlin,"Tyler Hoechlin, adult actor, recognisable likeness from widely known public imagery, premium film-and-television editorial portrait, refined red-carpet styling and expressive cinematic presence, clear facial reference, natural skin texture, precise facial structure, refined hair detail, clothed portrait framing, modern wardrobe styling, confident camera-ready expression, cinematic beauty lighting, premium magazine finish, category tag: Real Male/Actor","wrong identity, generic face, altered facial structure, inaccurate hairstyle, age regression, child, teen, underage, distorted eyes, asymmetrical features, plastic skin, bad anatomy, extra fingers, missing fingers, warped clothing, mixed celebrity identity, text, watermark, logo artifacts, low detail, blur",Real Male/Popular Under 40,1,False
0064 | Real Male/Popular Under 40/Colton Haynes,"Colton Haynes, adult actor, recognisable likeness from widely known public imagery, premium film-and-television editorial portrait, refined red-carpet styling and expressive cinematic presence, clear facial reference, natural skin texture, precise facial structure, refined hair detail, clothed portrait framing, modern wardrobe styling, confident camera-ready expression, cinematic beauty lighting, premium magazine finish, category tag: Real Male/Actor","wrong identity, generic face, altered facial structure, inaccurate hairstyle, age regression, child, teen, underage, distorted eyes, asymmetrical features, plastic skin, bad anatomy, extra fingers, missing fingers, warped clothing, mixed celebrity identity, text, watermark, logo artifacts, low detail, blur",Real Male/Popular Under 40,1,False
0065 | Real Male/Popular Under 40/Darren Barnet,"Darren Barnet, adult actor, recognisable likeness from widely known public imagery, premium film-and-television editorial portrait, refined red-carpet styling and expressive cinematic presence, clear facial reference, natural skin texture, precise facial structure, refined hair detail, clothed portrait framing, modern wardrobe styling, confident camera-ready expression, cinematic beauty lighting, premium magazine finish, category tag: Real Male/Actor","wrong identity, generic face, altered facial structure, inaccurate hairstyle, age regression, child, teen, underage, distorted eyes, asymmetrical features, plastic skin, bad anatomy, extra fingers, missing fingers, warped clothing, mixed celebrity identity, text, watermark, logo artifacts, low detail, blur",Real Male/Popular Under 40,1,False
0066 | Real Male/Popular Under 40/Mena Massoud,"Mena Massoud, adult actor, recognisable likeness from widely known public imagery, premium film-and-television editorial portrait, refined red-carpet styling and expressive cinematic presence, clear facial reference, natural skin texture, precise facial structure, refined hair detail, clothed portrait framing, modern wardrobe styling, confident camera-ready expression, cinematic beauty lighting, premium magazine finish, category tag: Real Male/Actor","wrong identity, generic face, altered facial structure, inaccurate hairstyle, age regression, child, teen, underage, distorted eyes, asymmetrical features, plastic skin, bad anatomy, extra fingers, missing fingers, warped clothing, mixed celebrity identity, text, watermark, logo artifacts, low detail, blur",Real Male/Popular Under 40,1,False
0067 | Real Male/Popular Under 40/Avan Jogia,"Avan Jogia, adult actor, recognisable likeness from widely known public imagery, premium film-and-television editorial portrait, refined red-carpet styling and expressive cinematic presence, clear facial reference, natural skin texture, precise facial structure, refined hair detail, clothed portrait framing, modern wardrobe styling, confident camera-ready expression, cinematic beauty lighting, premium magazine finish, category tag: Real Male/Actor","wrong identity, generic face, altered facial structure, inaccurate hairstyle, age regression, child, teen, underage, distorted eyes, asymmetrical features, plastic skin, bad anatomy, extra fingers, missing fingers, warped clothing, mixed celebrity identity, text, watermark, logo artifacts, low detail, blur",Real Male/Popular Under 40,1,False
0068 | Real Male/Popular Under 40/Noah Centineo,"Noah Centineo, adult actor, recognisable likeness from widely known public imagery, premium film-and-television editorial portrait, refined red-carpet styling and expressive cinematic presence, clear facial reference, natural skin texture, precise facial structure, refined hair detail, clothed portrait framing, modern wardrobe styling, confident camera-ready expression, cinematic beauty lighting, premium magazine finish, category tag: Real Male/Actor","wrong identity, generic face, altered facial structure, inaccurate hairstyle, age regression, child, teen, underage, distorted eyes, asymmetrical features, plastic skin, bad anatomy, extra fingers, missing fingers, warped clothing, mixed celebrity identity, text, watermark, logo artifacts, low detail, blur",Real Male/Popular Under 40,1,False
0069 | Real Male/Popular Under 40/Ross Butler,"Ross Butler, adult actor, recognisable likeness from widely known public imagery, premium film-and-television editorial portrait, refined red-carpet styling and expressive cinematic presence, clear facial reference, natural skin texture, precise facial structure, refined hair detail, clothed portrait framing, modern wardrobe styling, confident camera-ready expression, cinematic beauty lighting, premium magazine finish, category tag: Real Male/Actor","wrong identity, generic face, altered facial structure, inaccurate hairstyle, age regression, child, teen, underage, distorted eyes, asymmetrical features, plastic skin, bad anatomy, extra fingers, missing fingers, warped clothing, mixed celebrity identity, text, watermark, logo artifacts, low detail, blur",Real Male/Popular Under 40,1,False
0070 | Real Male/Popular Under 40/Hero Fiennes Tiffin,"Hero Fiennes Tiffin, adult actor, recognisable likeness from widely known public imagery, premium film-and-television editorial portrait, refined red-carpet styling and expressive cinematic presence, clear facial reference, natural skin texture, precise facial structure, refined hair detail, clothed portrait framing, modern wardrobe styling, confident camera-ready expression, cinematic beauty lighting, premium magazine finish, category tag: Real Male/Actor","wrong identity, generic face, altered facial structure, inaccurate hairstyle, age regression, child, teen, underage, distorted eyes, asymmetrical features, plastic skin, bad anatomy, extra fingers, missing fingers, warped clothing, mixed celebrity identity, text, watermark, logo artifacts, low detail, blur",Real Male/Popular Under 40,1,False
0071 | Real Male/Popular Under 40/Nicholas Galitzine,"Nicholas Galitzine, adult actor, recognisable likeness from widely known public imagery, premium film-and-television editorial portrait, refined red-carpet styling and expressive cinematic presence, clear facial reference, natural skin texture, precise facial structure, refined hair detail, clothed portrait framing, modern wardrobe styling, confident camera-ready expression, cinematic beauty lighting, premium magazine finish, category tag: Real Male/Actor","wrong identity, generic face, altered facial structure, inaccurate hairstyle, age regression, child, teen, underage, distorted eyes, asymmetrical features, plastic skin, bad anatomy, extra fingers, missing fingers, warped clothing, mixed celebrity identity, text, watermark, logo artifacts, low detail, blur",Real Male/Popular Under 40,1,False
0072 | Real Male/Popular Under 40/Taylor Zakhar Perez,"Taylor Zakhar Perez, adult actor, recognisable likeness from widely known public imagery, premium film-and-television editorial portrait, refined red-carpet styling and expressive cinematic presence, clear facial reference, natural skin texture, precise facial structure, refined hair detail, clothed portrait framing, modern wardrobe styling, confident camera-ready expression, cinematic beauty lighting, premium magazine finish, category tag: Real Male/Actor","wrong identity, generic face, altered facial structure, inaccurate hairstyle, age regression, child, teen, underage, distorted eyes, asymmetrical features, plastic skin, bad anatomy, extra fingers, missing fingers, warped clothing, mixed celebrity identity, text, watermark, logo artifacts, low detail, blur",Real Male/Popular Under 40,1,False
0073 | Real Male/Popular Under 40/Jacob Anderson,"Jacob Anderson, adult actor, recognisable likeness from widely known public imagery, premium film-and-television editorial portrait, refined red-carpet styling and expressive cinematic presence, clear facial reference, natural skin texture, precise facial structure, refined hair detail, clothed portrait framing, modern wardrobe styling, confident camera-ready expression, cinematic beauty lighting, premium magazine finish, category tag: Real Male/Actor","wrong identity, generic face, altered facial structure, inaccurate hairstyle, age regression, child, teen, underage, distorted eyes, asymmetrical features, plastic skin, bad anatomy, extra fingers, missing fingers, warped clothing, mixed celebrity identity, text, watermark, logo artifacts, low detail, blur",Real Male/Popular Under 40,1,False
0074 | Real Male/Popular Under 40/Sam Reid,"Sam Reid, adult actor, recognisable likeness from widely known public imagery, premium film-and-television editorial portrait, refined red-carpet styling and expressive cinematic presence, clear facial reference, natural skin texture, precise facial structure, refined hair detail, clothed portrait framing, modern wardrobe styling, confident camera-ready expression, cinematic beauty lighting, premium magazine finish, category tag: Real Male/Actor","wrong identity, generic face, altered facial structure, inaccurate hairstyle, age regression, child, teen, underage, distorted eyes, asymmetrical features, plastic skin, bad anatomy, extra fingers, missing fingers, warped clothing, mixed celebrity identity, text, watermark, logo artifacts, low detail, blur",Real Male/Popular Under 40,1,False
0075 | Real Male/Popular Under 40/Assad Zaman,"Assad Zaman, adult actor, recognisable likeness from widely known public imagery, premium film-and-television editorial portrait, refined red-carpet styling and expressive cinematic presence, clear facial reference, natural skin texture, precise facial structure, refined hair detail, clothed portrait framing, modern wardrobe styling, confident camera-ready expression, cinematic beauty lighting, premium magazine finish, category tag: Real Male/Actor","wrong identity, generic face, altered facial structure, inaccurate hairstyle, age regression, child, teen, underage, distorted eyes, asymmetrical features, plastic skin, bad anatomy, extra fingers, missing fingers, warped clothing, mixed celebrity identity, text, watermark, logo artifacts, low detail, blur",Real Male/Popular Under 40,1,False
0076 | Real Male/Popular Under 40/Jack Quaid,"Jack Quaid, adult actor, recognisable likeness from widely known public imagery, premium film-and-television editorial portrait, refined red-carpet styling and expressive cinematic presence, clear facial reference, natural skin texture, precise facial structure, refined hair detail, clothed portrait framing, modern wardrobe styling, confident camera-ready expression, cinematic beauty lighting, premium magazine finish, category tag: Real Male/Actor","wrong identity, generic face, altered facial structure, inaccurate hairstyle, age regression, child, teen, underage, distorted eyes, asymmetrical features, plastic skin, bad anatomy, extra fingers, missing fingers, warped clothing, mixed celebrity identity, text, watermark, logo artifacts, low detail, blur",Real Male/Popular Under 40,1,False
0077 | Real Male/Popular Under 40/Nathan Mitchell,"Nathan Mitchell, adult actor, recognisable likeness from widely known public imagery, premium film-and-television editorial portrait, refined red-carpet styling and expressive cinematic presence, clear facial reference, natural skin texture, precise facial structure, refined hair detail, clothed portrait framing, modern wardrobe styling, confident camera-ready expression, cinematic beauty lighting, premium magazine finish, category tag: Real Male/Actor","wrong identity, generic face, altered facial structure, inaccurate hairstyle, age regression, child, teen, underage, distorted eyes, asymmetrical features, plastic skin, bad anatomy, extra fingers, missing fingers, warped clothing, mixed celebrity identity, text, watermark, logo artifacts, low detail, blur",Real Male/Popular Under 40,1,False
0078 | Real Male/Popular Under 40/Jessie T. Usher,"Jessie T. Usher, adult actor, recognisable likeness from widely known public imagery, premium film-and-television editorial portrait, refined red-carpet styling and expressive cinematic presence, clear facial reference, natural skin texture, precise facial structure, refined hair detail, clothed portrait framing, modern wardrobe styling, confident camera-ready expression, cinematic beauty lighting, premium magazine finish, category tag: Real Male/Actor","wrong identity, generic face, altered facial structure, inaccurate hairstyle, age regression, child, teen, underage, distorted eyes, asymmetrical features, plastic skin, bad anatomy, extra fingers, missing fingers, warped clothing, mixed celebrity identity, text, watermark, logo artifacts, low detail, blur",Real Male/Popular Under 40,1,False
0079 | Real Male/Popular Under 40/David Corenswet,"David Corenswet, adult actor, recognisable likeness from widely known public imagery, premium film-and-television editorial portrait, refined red-carpet styling and expressive cinematic presence, clear facial reference, natural skin texture, precise facial structure, refined hair detail, clothed portrait framing, modern wardrobe styling, confident camera-ready expression, cinematic beauty lighting, premium magazine finish, category tag: Real Male/Actor","wrong identity, generic face, altered facial structure, inaccurate hairstyle, age regression, child, teen, underage, distorted eyes, asymmetrical features, plastic skin, bad anatomy, extra fingers, missing fingers, warped clothing, mixed celebrity identity, text, watermark, logo artifacts, low detail, blur",Real Male/Popular Under 40,1,False
0080 | Real Male/Popular Under 40/Cooper Koch,"Cooper Koch, adult actor, recognisable likeness from widely known public imagery, premium film-and-television editorial portrait, refined red-carpet styling and expressive cinematic presence, clear facial reference, natural skin texture, precise facial structure, refined hair detail, clothed portrait framing, modern wardrobe styling, confident camera-ready expression, cinematic beauty lighting, premium magazine finish, category tag: Real Male/Actor","wrong identity, generic face, altered facial structure, inaccurate hairstyle, age regression, child, teen, underage, distorted eyes, asymmetrical features, plastic skin, bad anatomy, extra fingers, missing fingers, warped clothing, mixed celebrity identity, text, watermark, logo artifacts, low detail, blur",Real Male/Popular Under 40,1,False
0081 | Real Male/Popular Under 40/Drew Starkey,"Drew Starkey, adult actor, recognisable likeness from widely known public imagery, premium film-and-television editorial portrait, refined red-carpet styling and expressive cinematic presence, clear facial reference, natural skin texture, precise facial structure, refined hair detail, clothed portrait framing, modern wardrobe styling, confident camera-ready expression, cinematic beauty lighting, premium magazine finish, category tag: Real Male/Actor","wrong identity, generic face, altered facial structure, inaccurate hairstyle, age regression, child, teen, underage, distorted eyes, asymmetrical features, plastic skin, bad anatomy, extra fingers, missing fingers, warped clothing, mixed celebrity identity, text, watermark, logo artifacts, low detail, blur",Real Male/Popular Under 40,1,False
0082 | Real Male/Popular Under 40/Rudy Pankow,"Rudy Pankow, adult actor, recognisable likeness from widely known public imagery, premium film-and-television editorial portrait, refined red-carpet styling and expressive cinematic presence, clear facial reference, natural skin texture, precise facial structure, refined hair detail, clothed portrait framing, modern wardrobe styling, confident camera-ready expression, cinematic beauty lighting, premium magazine finish, category tag: Real Male/Actor","wrong identity, generic face, altered facial structure, inaccurate hairstyle, age regression, child, teen, underage, distorted eyes, asymmetrical features, plastic skin, bad anatomy, extra fingers, missing fingers, warped clothing, mixed celebrity identity, text, watermark, logo artifacts, low detail, blur",Real Male/Popular Under 40,1,False
0083 | Real Male/Popular Under 40/Chase Stokes,"Chase Stokes, adult actor, recognisable likeness from widely known public imagery, premium film-and-television editorial portrait, refined red-carpet styling and expressive cinematic presence, clear facial reference, natural skin texture, precise facial structure, refined hair detail, clothed portrait framing, modern wardrobe styling, confident camera-ready expression, cinematic beauty lighting, premium magazine finish, category tag: Real Male/Actor","wrong identity, generic face, altered facial structure, inaccurate hairstyle, age regression, child, teen, underage, distorted eyes, asymmetrical features, plastic skin, bad anatomy, extra fingers, missing fingers, warped clothing, mixed celebrity identity, text, watermark, logo artifacts, low detail, blur",Real Male/Popular Under 40,1,False
0084 | Real Male/Popular Under 40/Austin Abrams,"Austin Abrams, adult actor, recognisable likeness from widely known public imagery, premium film-and-television editorial portrait, refined red-carpet styling and expressive cinematic presence, clear facial reference, natural skin texture, precise facial structure, refined hair detail, clothed portrait framing, modern wardrobe styling, confident camera-ready expression, cinematic beauty lighting, premium magazine finish, category tag: Real Male/Actor","wrong identity, generic face, altered facial structure, inaccurate hairstyle, age regression, child, teen, underage, distorted eyes, asymmetrical features, plastic skin, bad anatomy, extra fingers, missing fingers, warped clothing, mixed celebrity identity, text, watermark, logo artifacts, low detail, blur",Real Male/Popular Under 40,1,False
0085 | Real Male/Popular Under 40/Dominic Sessa,"Dominic Sessa, adult actor, recognisable likeness from widely known public imagery, premium film-and-television editorial portrait, refined red-carpet styling and expressive cinematic presence, clear facial reference, natural skin texture, precise facial structure, refined hair detail, clothed portrait framing, modern wardrobe styling, confident camera-ready expression, cinematic beauty lighting, premium magazine finish, category tag: Real Male/Actor","wrong identity, generic face, altered facial structure, inaccurate hairstyle, age regression, child, teen, underage, distorted eyes, asymmetrical features, plastic skin, bad anatomy, extra fingers, missing fingers, warped clothing, mixed celebrity identity, text, watermark, logo artifacts, low detail, blur",Real Male/Popular Under 40,1,False
0086 | Real Male/Popular Under 40/Gabriel LaBelle,"Gabriel LaBelle, adult actor, recognisable likeness from widely known public imagery, premium film-and-television editorial portrait, refined red-carpet styling and expressive cinematic presence, clear facial reference, natural skin texture, precise facial structure, refined hair detail, clothed portrait framing, modern wardrobe styling, confident camera-ready expression, cinematic beauty lighting, premium magazine finish, category tag: Real Male/Actor","wrong identity, generic face, altered facial structure, inaccurate hairstyle, age regression, child, teen, underage, distorted eyes, asymmetrical features, plastic skin, bad anatomy, extra fingers, missing fingers, warped clothing, mixed celebrity identity, text, watermark, logo artifacts, low detail, blur",Real Male/Popular Under 40,1,False
0087 | Real Male/Popular Under 40/Archie Madekwe,"Archie Madekwe, adult actor, recognisable likeness from widely known public imagery, premium film-and-television editorial portrait, refined red-carpet styling and expressive cinematic presence, clear facial reference, natural skin texture, precise facial structure, refined hair detail, clothed portrait framing, modern wardrobe styling, confident camera-ready expression, cinematic beauty lighting, premium magazine finish, category tag: Real Male/Actor","wrong identity, generic face, altered facial structure, inaccurate hairstyle, age regression, child, teen, underage, distorted eyes, asymmetrical features, plastic skin, bad anatomy, extra fingers, missing fingers, warped clothing, mixed celebrity identity, text, watermark, logo artifacts, low detail, blur",Real Male/Popular Under 40,1,False
0088 | Real Male/Popular Under 40/Mason Gooding,"Mason Gooding, adult actor, recognisable likeness from widely known public imagery, premium film-and-television editorial portrait, refined red-carpet styling and expressive cinematic presence, clear facial reference, natural skin texture, precise facial structure, refined hair detail, clothed portrait framing, modern wardrobe styling, confident camera-ready expression, cinematic beauty lighting, premium magazine finish, category tag: Real Male/Actor","wrong identity, generic face, altered facial structure, inaccurate hairstyle, age regression, child, teen, underage, distorted eyes, asymmetrical features, plastic skin, bad anatomy, extra fingers, missing fingers, warped clothing, mixed celebrity identity, text, watermark, logo artifacts, low detail, blur",Real Male/Popular Under 40,1,False
0089 | Real Male/Popular Under 40/Dylan Minnette,"Dylan Minnette, adult actor, recognisable likeness from widely known public imagery, premium film-and-television editorial portrait, refined red-carpet styling and expressive cinematic presence, clear facial reference, natural skin texture, precise facial structure, refined hair detail, clothed portrait framing, modern wardrobe styling, confident camera-ready expression, cinematic beauty lighting, premium magazine finish, category tag: Real Male/Actor","wrong identity, generic face, altered facial structure, inaccurate hairstyle, age regression, child, teen, underage, distorted eyes, asymmetrical features, plastic skin, bad anatomy, extra fingers, missing fingers, warped clothing, mixed celebrity identity, text, watermark, logo artifacts, low detail, blur",Real Male/Popular Under 40,1,False
0090 | Real Male/Popular Under 40/Justice Smith,"Justice Smith, adult actor, recognisable likeness from widely known public imagery, premium film-and-television editorial portrait, refined red-carpet styling and expressive cinematic presence, clear facial reference, natural skin texture, precise facial structure, refined hair detail, clothed portrait framing, modern wardrobe styling, confident camera-ready expression, cinematic beauty lighting, premium magazine finish, category tag: Real Male/Actor","wrong identity, generic face, altered facial structure, inaccurate hairstyle, age regression, child, teen, underage, distorted eyes, asymmetrical features, plastic skin, bad anatomy, extra fingers, missing fingers, warped clothing, mixed celebrity identity, text, watermark, logo artifacts, low detail, blur",Real Male/Popular Under 40,1,False
0091 | Real Male/Popular Under 40/Park Seo-joon,"Park Seo-joon, adult actor, recognisable likeness from widely known public imagery, premium film-and-television editorial portrait, refined red-carpet styling and expressive cinematic presence, clear facial reference, natural skin texture, precise facial structure, refined hair detail, clothed portrait framing, modern wardrobe styling, confident camera-ready expression, cinematic beauty lighting, premium magazine finish, category tag: Real Male/Actor","wrong identity, generic face, altered facial structure, inaccurate hairstyle, age regression, child, teen, underage, distorted eyes, asymmetrical features, plastic skin, bad anatomy, extra fingers, missing fingers, warped clothing, mixed celebrity identity, text, watermark, logo artifacts, low detail, blur",Real Male/Popular Under 40,1,False
0092 | Real Male/Popular Under 40/Ji Chang-wook,"Ji Chang-wook, adult actor, recognisable likeness from widely known public imagery, premium film-and-television editorial portrait, refined red-carpet styling and expressive cinematic presence, clear facial reference, natural skin texture, precise facial structure, refined hair detail, clothed portrait framing, modern wardrobe styling, confident camera-ready expression, cinematic beauty lighting, premium magazine finish, category tag: Real Male/Actor","wrong identity, generic face, altered facial structure, inaccurate hairstyle, age regression, child, teen, underage, distorted eyes, asymmetrical features, plastic skin, bad anatomy, extra fingers, missing fingers, warped clothing, mixed celebrity identity, text, watermark, logo artifacts, low detail, blur",Real Male/Popular Under 40,1,False
0093 | Real Male/Popular Under 40/Lee Min-ho,"Lee Min-ho, adult actor, recognisable likeness from widely known public imagery, premium film-and-television editorial portrait, refined red-carpet styling and expressive cinematic presence, clear facial reference, natural skin texture, precise facial structure, refined hair detail, clothed portrait framing, modern wardrobe styling, confident camera-ready expression, cinematic beauty lighting, premium magazine finish, category tag: Real Male/Actor","wrong identity, generic face, altered facial structure, inaccurate hairstyle, age regression, child, teen, underage, distorted eyes, asymmetrical features, plastic skin, bad anatomy, extra fingers, missing fingers, warped clothing, mixed celebrity identity, text, watermark, logo artifacts, low detail, blur",Real Male/Popular Under 40,1,False
0094 | Real Male/Popular Under 40/Kim Soo-hyun,"Kim Soo-hyun, adult actor, recognisable likeness from widely known public imagery, premium film-and-television editorial portrait, refined red-carpet styling and expressive cinematic presence, clear facial reference, natural skin texture, precise facial structure, refined hair detail, clothed portrait framing, modern wardrobe styling, confident camera-ready expression, cinematic beauty lighting, premium magazine finish, category tag: Real Male/Actor","wrong identity, generic face, altered facial structure, inaccurate hairstyle, age regression, child, teen, underage, distorted eyes, asymmetrical features, plastic skin, bad anatomy, extra fingers, missing fingers, warped clothing, mixed celebrity identity, text, watermark, logo artifacts, low detail, blur",Real Male/Popular Under 40,1,False
0095 | Real Male/Popular Under 40/Song Kang,"Song Kang, adult actor, recognisable likeness from widely known public imagery, premium film-and-television editorial portrait, refined red-carpet styling and expressive cinematic presence, clear facial reference, natural skin texture, precise facial structure, refined hair detail, clothed portrait framing, modern wardrobe styling, confident camera-ready expression, cinematic beauty lighting, premium magazine finish, category tag: Real Male/Actor","wrong identity, generic face, altered facial structure, inaccurate hairstyle, age regression, child, teen, underage, distorted eyes, asymmetrical features, plastic skin, bad anatomy, extra fingers, missing fingers, warped clothing, mixed celebrity identity, text, watermark, logo artifacts, low detail, blur",Real Male/Popular Under 40,1,False
0096 | Real Male/Popular Under 40/Cha Eun-woo,"Cha Eun-woo, adult actor, recognisable likeness from widely known public imagery, premium film-and-television editorial portrait, refined red-carpet styling and expressive cinematic presence, clear facial reference, natural skin texture, precise facial structure, refined hair detail, clothed portrait framing, modern wardrobe styling, confident camera-ready expression, cinematic beauty lighting, premium magazine finish, category tag: Real Male/Actor","wrong identity, generic face, altered facial structure, inaccurate hairstyle, age regression, child, teen, underage, distorted eyes, asymmetrical features, plastic skin, bad anatomy, extra fingers, missing fingers, warped clothing, mixed celebrity identity, text, watermark, logo artifacts, low detail, blur",Real Male/Popular Under 40,1,False
0097 | Real Male/Popular Under 40/Park Hyung-sik,"Park Hyung-sik, adult actor, recognisable likeness from widely known public imagery, premium film-and-television editorial portrait, refined red-carpet styling and expressive cinematic presence, clear facial reference, natural skin texture, precise facial structure, refined hair detail, clothed portrait framing, modern wardrobe styling, confident camera-ready expression, cinematic beauty lighting, premium magazine finish, category tag: Real Male/Actor","wrong identity, generic face, altered facial structure, inaccurate hairstyle, age regression, child, teen, underage, distorted eyes, asymmetrical features, plastic skin, bad anatomy, extra fingers, missing fingers, warped clothing, mixed celebrity identity, text, watermark, logo artifacts, low detail, blur",Real Male/Popular Under 40,1,False
0098 | Real Male/Popular Under 40/Wi Ha-joon,"Wi Ha-joon, adult actor, recognisable likeness from widely known public imagery, premium film-and-television editorial portrait, refined red-carpet styling and expressive cinematic presence, clear facial reference, natural skin texture, precise facial structure, refined hair detail, clothed portrait framing, modern wardrobe styling, confident camera-ready expression, cinematic beauty lighting, premium magazine finish, category tag: Real Male/Actor","wrong identity, generic face, altered facial structure, inaccurate hairstyle, age regression, child, teen, underage, distorted eyes, asymmetrical features, plastic skin, bad anatomy, extra fingers, missing fingers, warped clothing, mixed celebrity identity, text, watermark, logo artifacts, low detail, blur",Real Male/Popular Under 40,1,False
0099 | Real Male/Popular Under 40/Lee Do-hyun,"Lee Do-hyun, adult actor, recognisable likeness from widely known public imagery, premium film-and-television editorial portrait, refined red-carpet styling and expressive cinematic presence, clear facial reference, natural skin texture, precise facial structure, refined hair detail, clothed portrait framing, modern wardrobe styling, confident camera-ready expression, cinematic beauty lighting, premium magazine finish, category tag: Real Male/Actor","wrong identity, generic face, altered facial structure, inaccurate hairstyle, age regression, child, teen, underage, distorted eyes, asymmetrical features, plastic skin, bad anatomy, extra fingers, missing fingers, warped clothing, mixed celebrity identity, text, watermark, logo artifacts, low detail, blur",Real Male/Popular Under 40,1,False
0100 | Real Male/Popular Under 40/Byeon Woo-seok,"Byeon Woo-seok, adult actor, recognisable likeness from widely known public imagery, premium film-and-television editorial portrait, refined red-carpet styling and expressive cinematic presence, clear facial reference, natural skin texture, precise facial structure, refined hair detail, clothed portrait framing, modern wardrobe styling, confident camera-ready expression, cinematic beauty lighting, premium magazine finish, category tag: Real Male/Actor","wrong identity, generic face, altered facial structure, inaccurate hairstyle, age regression, child, teen, underage, distorted eyes, asymmetrical features, plastic skin, bad anatomy, extra fingers, missing fingers, warped clothing, mixed celebrity identity, text, watermark, logo artifacts, low detail, blur",Real Male/Popular Under 40,1,False
0101 | Real Male/Popular Under 40/Nam Joo-hyuk,"Nam Joo-hyuk, adult actor, recognisable likeness from widely known public imagery, premium film-and-television editorial portrait, refined red-carpet styling and expressive cinematic presence, clear facial reference, natural skin texture, precise facial structure, refined hair detail, clothed portrait framing, modern wardrobe styling, confident camera-ready expression, cinematic beauty lighting, premium magazine finish, category tag: Real Male/Actor","wrong identity, generic face, altered facial structure, inaccurate hairstyle, age regression, child, teen, underage, distorted eyes, asymmetrical features, plastic skin, bad anatomy, extra fingers, missing fingers, warped clothing, mixed celebrity identity, text, watermark, logo artifacts, low detail, blur",Real Male/Popular Under 40,1,False
0102 | Real Male/Popular Under 40/Jung Hae-in,"Jung Hae-in, adult actor, recognisable likeness from widely known public imagery, premium film-and-television editorial portrait, refined red-carpet styling and expressive cinematic presence, clear facial reference, natural skin texture, precise facial structure, refined hair detail, clothed portrait framing, modern wardrobe styling, confident camera-ready expression, cinematic beauty lighting, premium magazine finish, category tag: Real Male/Actor","wrong identity, generic face, altered facial structure, inaccurate hairstyle, age regression, child, teen, underage, distorted eyes, asymmetrical features, plastic skin, bad anatomy, extra fingers, missing fingers, warped clothing, mixed celebrity identity, text, watermark, logo artifacts, low detail, blur",Real Male/Popular Under 40,1,False
0103 | Real Male/Popular Under 40/Yim Si-wan,"Yim Si-wan, adult actor, recognisable likeness from widely known public imagery, premium film-and-television editorial portrait, refined red-carpet styling and expressive cinematic presence, clear facial reference, natural skin texture, precise facial structure, refined hair detail, clothed portrait framing, modern wardrobe styling, confident camera-ready expression, cinematic beauty lighting, premium magazine finish, category tag: Real Male/Actor","wrong identity, generic face, altered facial structure, inaccurate hairstyle, age regression, child, teen, underage, distorted eyes, asymmetrical features, plastic skin, bad anatomy, extra fingers, missing fingers, warped clothing, mixed celebrity identity, text, watermark, logo artifacts, low detail, blur",Real Male/Popular Under 40,1,False
0104 | Real Male/Popular Under 40/Mackenyu,"Mackenyu, adult actor, recognisable likeness from widely known public imagery, premium film-and-television editorial portrait, refined red-carpet styling and expressive cinematic presence, clear facial reference, natural skin texture, precise facial structure, refined hair detail, clothed portrait framing, modern wardrobe styling, confident camera-ready expression, cinematic beauty lighting, premium magazine finish, category tag: Real Male/Actor","wrong identity, generic face, altered facial structure, inaccurate hairstyle, age regression, child, teen, underage, distorted eyes, asymmetrical features, plastic skin, bad anatomy, extra fingers, missing fingers, warped clothing, mixed celebrity identity, text, watermark, logo artifacts, low detail, blur",Real Male/Popular Under 40,1,False
0105 | Real Male/Popular Under 40/Takeru Satoh,"Takeru Satoh, adult actor, recognisable likeness from widely known public imagery, premium film-and-television editorial portrait, refined red-carpet styling and expressive cinematic presence, clear facial reference, natural skin texture, precise facial structure, refined hair detail, clothed portrait framing, modern wardrobe styling, confident camera-ready expression, cinematic beauty lighting, premium magazine finish, category tag: Real Male/Actor","wrong identity, generic face, altered facial structure, inaccurate hairstyle, age regression, child, teen, underage, distorted eyes, asymmetrical features, plastic skin, bad anatomy, extra fingers, missing fingers, warped clothing, mixed celebrity identity, text, watermark, logo artifacts, low detail, blur",Real Male/Popular Under 40,1,False
0106 | Real Male/Popular Under 40/Kento Yamazaki,"Kento Yamazaki, adult actor, recognisable likeness from widely known public imagery, premium film-and-television editorial portrait, refined red-carpet styling and expressive cinematic presence, clear facial reference, natural skin texture, precise facial structure, refined hair detail, clothed portrait framing, modern wardrobe styling, confident camera-ready expression, cinematic beauty lighting, premium magazine finish, category tag: Real Male/Actor","wrong identity, generic face, altered facial structure, inaccurate hairstyle, age regression, child, teen, underage, distorted eyes, asymmetrical features, plastic skin, bad anatomy, extra fingers, missing fingers, warped clothing, mixed celebrity identity, text, watermark, logo artifacts, low detail, blur",Real Male/Popular Under 40,1,False
0107 | Real Male/Popular Under 40/Ryoma Takeuchi,"Ryoma Takeuchi, adult actor, recognisable likeness from widely known public imagery, premium film-and-television editorial portrait, refined red-carpet styling and expressive cinematic presence, clear facial reference, natural skin texture, precise facial structure, refined hair detail, clothed portrait framing, modern wardrobe styling, confident camera-ready expression, cinematic beauty lighting, premium magazine finish, category tag: Real Male/Actor","wrong identity, generic face, altered facial structure, inaccurate hairstyle, age regression, child, teen, underage, distorted eyes, asymmetrical features, plastic skin, bad anatomy, extra fingers, missing fingers, warped clothing, mixed celebrity identity, text, watermark, logo artifacts, low detail, blur",Real Male/Popular Under 40,1,False
0108 | Real Male/Popular Under 40/Masaki Suda,"Masaki Suda, adult actor, recognisable likeness from widely known public imagery, premium film-and-television editorial portrait, refined red-carpet styling and expressive cinematic presence, clear facial reference, natural skin texture, precise facial structure, refined hair detail, clothed portrait framing, modern wardrobe styling, confident camera-ready expression, cinematic beauty lighting, premium magazine finish, category tag: Real Male/Actor","wrong identity, generic face, altered facial structure, inaccurate hairstyle, age regression, child, teen, underage, distorted eyes, asymmetrical features, plastic skin, bad anatomy, extra fingers, missing fingers, warped clothing, mixed celebrity identity, text, watermark, logo artifacts, low detail, blur",Real Male/Popular Under 40,1,False
0109 | Real Male/Popular Under 40/Vicky Kaushal,"Vicky Kaushal, adult actor, recognisable likeness from widely known public imagery, premium film-and-television editorial portrait, refined red-carpet styling and expressive cinematic presence, clear facial reference, natural skin texture, precise facial structure, refined hair detail, clothed portrait framing, modern wardrobe styling, confident camera-ready expression, cinematic beauty lighting, premium magazine finish, category tag: Real Male/Actor","wrong identity, generic face, altered facial structure, inaccurate hairstyle, age regression, child, teen, underage, distorted eyes, asymmetrical features, plastic skin, bad anatomy, extra fingers, missing fingers, warped clothing, mixed celebrity identity, text, watermark, logo artifacts, low detail, blur",Real Male/Popular Under 40,1,False
0110 | Real Male/Popular Under 40/Varun Dhawan,"Varun Dhawan, adult actor, recognisable likeness from widely known public imagery, premium film-and-television editorial portrait, refined red-carpet styling and expressive cinematic presence, clear facial reference, natural skin texture, precise facial structure, refined hair detail, clothed portrait framing, modern wardrobe styling, confident camera-ready expression, cinematic beauty lighting, premium magazine finish, category tag: Real Male/Actor","wrong identity, generic face, altered facial structure, inaccurate hairstyle, age regression, child, teen, underage, distorted eyes, asymmetrical features, plastic skin, bad anatomy, extra fingers, missing fingers, warped clothing, mixed celebrity identity, text, watermark, logo artifacts, low detail, blur",Real Male/Popular Under 40,1,False
0111 | Real Male/Popular Under 40/Kartik Aaryan,"Kartik Aaryan, adult actor, recognisable likeness from widely known public imagery, premium film-and-television editorial portrait, refined red-carpet styling and expressive cinematic presence, clear facial reference, natural skin texture, precise facial structure, refined hair detail, clothed portrait framing, modern wardrobe styling, confident camera-ready expression, cinematic beauty lighting, premium magazine finish, category tag: Real Male/Actor","wrong identity, generic face, altered facial structure, inaccurate hairstyle, age regression, child, teen, underage, distorted eyes, asymmetrical features, plastic skin, bad anatomy, extra fingers, missing fingers, warped clothing, mixed celebrity identity, text, watermark, logo artifacts, low detail, blur",Real Male/Popular Under 40,1,False
0112 | Real Male/Popular Under 40/Ishaan Khatter,"Ishaan Khatter, adult actor, recognisable likeness from widely known public imagery, premium film-and-television editorial portrait, refined red-carpet styling and expressive cinematic presence, clear facial reference, natural skin texture, precise facial structure, refined hair detail, clothed portrait framing, modern wardrobe styling, confident camera-ready expression, cinematic beauty lighting, premium magazine finish, category tag: Real Male/Actor","wrong identity, generic face, altered facial structure, inaccurate hairstyle, age regression, child, teen, underage, distorted eyes, asymmetrical features, plastic skin, bad anatomy, extra fingers, missing fingers, warped clothing, mixed celebrity identity, text, watermark, logo artifacts, low detail, blur",Real Male/Popular Under 40,1,False
0113 | Real Male/Popular Under 40/Vijay Deverakonda,"Vijay Deverakonda, adult actor, recognisable likeness from widely known public imagery, premium film-and-television editorial portrait, refined red-carpet styling and expressive cinematic presence, clear facial reference, natural skin texture, precise facial structure, refined hair detail, clothed portrait framing, modern wardrobe styling, confident camera-ready expression, cinematic beauty lighting, premium magazine finish, category tag: Real Male/Actor","wrong identity, generic face, altered facial structure, inaccurate hairstyle, age regression, child, teen, underage, distorted eyes, asymmetrical features, plastic skin, bad anatomy, extra fingers, missing fingers, warped clothing, mixed celebrity identity, text, watermark, logo artifacts, low detail, blur",Real Male/Popular Under 40,1,False
0114 | Real Male/Popular Under 40/Diego Boneta,"Diego Boneta, adult actor, recognisable likeness from widely known public imagery, premium film-and-television editorial portrait, refined red-carpet styling and expressive cinematic presence, clear facial reference, natural skin texture, precise facial structure, refined hair detail, clothed portrait framing, modern wardrobe styling, confident camera-ready expression, cinematic beauty lighting, premium magazine finish, category tag: Real Male/Actor","wrong identity, generic face, altered facial structure, inaccurate hairstyle, age regression, child, teen, underage, distorted eyes, asymmetrical features, plastic skin, bad anatomy, extra fingers, missing fingers, warped clothing, mixed celebrity identity, text, watermark, logo artifacts, low detail, blur",Real Male/Popular Under 40,1,False
0115 | Real Male/Popular Under 40/Xolo Maridueña,"Xolo Maridueña, adult actor, recognisable likeness from widely known public imagery, premium film-and-television editorial portrait, refined red-carpet styling and expressive cinematic presence, clear facial reference, natural skin texture, precise facial structure, refined hair detail, clothed portrait framing, modern wardrobe styling, confident camera-ready expression, cinematic beauty lighting, premium magazine finish, category tag: Real Male/Actor","wrong identity, generic face, altered facial structure, inaccurate hairstyle, age regression, child, teen, underage, distorted eyes, asymmetrical features, plastic skin, bad anatomy, extra fingers, missing fingers, warped clothing, mixed celebrity identity, text, watermark, logo artifacts, low detail, blur",Real Male/Popular Under 40,1,False
0116 | Real Male/Popular Under 40/David Castañeda,"David Castañeda, adult actor, recognisable likeness from widely known public imagery, premium film-and-television editorial portrait, refined red-carpet styling and expressive cinematic presence, clear facial reference, natural skin texture, precise facial structure, refined hair detail, clothed portrait framing, modern wardrobe styling, confident camera-ready expression, cinematic beauty lighting, premium magazine finish, category tag: Real Male/Actor","wrong identity, generic face, altered facial structure, inaccurate hairstyle, age regression, child, teen, underage, distorted eyes, asymmetrical features, plastic skin, bad anatomy, extra fingers, missing fingers, warped clothing, mixed celebrity identity, text, watermark, logo artifacts, low detail, blur",Real Male/Popular Under 40,1,False
0117 | Real Male/Popular Under 40/Taylor Lautner,"Taylor Lautner, adult actor, recognisable likeness from widely known public imagery, premium film-and-television editorial portrait, refined red-carpet styling and expressive cinematic presence, clear facial reference, natural skin texture, precise facial structure, refined hair detail, clothed portrait framing, modern wardrobe styling, confident camera-ready expression, cinematic beauty lighting, premium magazine finish, category tag: Real Male/Actor","wrong identity, generic face, altered facial structure, inaccurate hairstyle, age regression, child, teen, underage, distorted eyes, asymmetrical features, plastic skin, bad anatomy, extra fingers, missing fingers, warped clothing, mixed celebrity identity, text, watermark, logo artifacts, low detail, blur",Real Male/Popular Under 40,1,False
0118 | Real Male/Popular Under 40/D'Pharaoh Woon-A-Tai,"D'Pharaoh Woon-A-Tai, adult actor, recognisable likeness from widely known public imagery, premium film-and-television editorial portrait, refined red-carpet styling and expressive cinematic presence, clear facial reference, natural skin texture, precise facial structure, refined hair detail, clothed portrait framing, modern wardrobe styling, confident camera-ready expression, cinematic beauty lighting, premium magazine finish, category tag: Real Male/Actor","wrong identity, generic face, altered facial structure, inaccurate hairstyle, age regression, child, teen, underage, distorted eyes, asymmetrical features, plastic skin, bad anatomy, extra fingers, missing fingers, warped clothing, mixed celebrity identity, text, watermark, logo artifacts, low detail, blur",Real Male/Popular Under 40,1,False
0119 | Real Male/Popular Under 40/Forrest Goodluck,"Forrest Goodluck, adult actor, recognisable likeness from widely known public imagery, premium film-and-television editorial portrait, refined red-carpet styling and expressive cinematic presence, clear facial reference, natural skin texture, precise facial structure, refined hair detail, clothed portrait framing, modern wardrobe styling, confident camera-ready expression, cinematic beauty lighting, premium magazine finish, category tag: Real Male/Actor","wrong identity, generic face, altered facial structure, inaccurate hairstyle, age regression, child, teen, underage, distorted eyes, asymmetrical features, plastic skin, bad anatomy, extra fingers, missing fingers, warped clothing, mixed celebrity identity, text, watermark, logo artifacts, low detail, blur",Real Male/Popular Under 40,1,False
0120 | Real Male/Popular Under 40/Finn Cole,"Finn Cole, adult actor, recognisable likeness from widely known public imagery, premium film-and-television editorial portrait, refined red-carpet styling and expressive cinematic presence, clear facial reference, natural skin texture, precise facial structure, refined hair detail, clothed portrait framing, modern wardrobe styling, confident camera-ready expression, cinematic beauty lighting, premium magazine finish, category tag: Real Male/Actor","wrong identity, generic face, altered facial structure, inaccurate hairstyle, age regression, child, teen, underage, distorted eyes, asymmetrical features, plastic skin, bad anatomy, extra fingers, missing fingers, warped clothing, mixed celebrity identity, text, watermark, logo artifacts, low detail, blur",Real Male/Popular Under 40,1,False
0121 | Real Male/Popular Under 40/Fionn Whitehead,"Fionn Whitehead, adult actor, recognisable likeness from widely known public imagery, premium film-and-television editorial portrait, refined red-carpet styling and expressive cinematic presence, clear facial reference, natural skin texture, precise facial structure, refined hair detail, clothed portrait framing, modern wardrobe styling, confident camera-ready expression, cinematic beauty lighting, premium magazine finish, category tag: Real Male/Actor","wrong identity, generic face, altered facial structure, inaccurate hairstyle, age regression, child, teen, underage, distorted eyes, asymmetrical features, plastic skin, bad anatomy, extra fingers, missing fingers, warped clothing, mixed celebrity identity, text, watermark, logo artifacts, low detail, blur",Real Male/Popular Under 40,1,False
0122 | Real Male/Popular Under 40/Alex Wolff,"Alex Wolff, adult actor, recognisable likeness from widely known public imagery, premium film-and-television editorial portrait, refined red-carpet styling and expressive cinematic presence, clear facial reference, natural skin texture, precise facial structure, refined hair detail, clothed portrait framing, modern wardrobe styling, confident camera-ready expression, cinematic beauty lighting, premium magazine finish, category tag: Real Male/Actor","wrong identity, generic face, altered facial structure, inaccurate hairstyle, age regression, child, teen, underage, distorted eyes, asymmetrical features, plastic skin, bad anatomy, extra fingers, missing fingers, warped clothing, mixed celebrity identity, text, watermark, logo artifacts, low detail, blur",Real Male/Popular Under 40,1,False
0123 | Real Male/Popular Under 40/Nat Wolff,"Nat Wolff, adult actor, recognisable likeness from widely known public imagery, premium film-and-television editorial portrait, refined red-carpet styling and expressive cinematic presence, clear facial reference, natural skin texture, precise facial structure, refined hair detail, clothed portrait framing, modern wardrobe styling, confident camera-ready expression, cinematic beauty lighting, premium magazine finish, category tag: Real Male/Actor","wrong identity, generic face, altered facial structure, inaccurate hairstyle, age regression, child, teen, underage, distorted eyes, asymmetrical features, plastic skin, bad anatomy, extra fingers, missing fingers, warped clothing, mixed celebrity identity, text, watermark, logo artifacts, low detail, blur",Real Male/Popular Under 40,1,False
0124 | Real Male/Popular Under 40/Lucas Hedges,"Lucas Hedges, adult actor, recognisable likeness from widely known public imagery, premium film-and-television editorial portrait, refined red-carpet styling and expressive cinematic presence, clear facial reference, natural skin texture, precise facial structure, refined hair detail, clothed portrait framing, modern wardrobe styling, confident camera-ready expression, cinematic beauty lighting, premium magazine finish, category tag: Real Male/Actor","wrong identity, generic face, altered facial structure, inaccurate hairstyle, age regression, child, teen, underage, distorted eyes, asymmetrical features, plastic skin, bad anatomy, extra fingers, missing fingers, warped clothing, mixed celebrity identity, text, watermark, logo artifacts, low detail, blur",Real Male/Popular Under 40,1,False
0125 | Real Male/Popular Under 40/Asa Butterfield,"Asa Butterfield, adult actor, recognisable likeness from widely known public imagery, premium film-and-television editorial portrait, refined red-carpet styling and expressive cinematic presence, clear facial reference, natural skin texture, precise facial structure, refined hair detail, clothed portrait framing, modern wardrobe styling, confident camera-ready expression, cinematic beauty lighting, premium magazine finish, category tag: Real Male/Actor","wrong identity, generic face, altered facial structure, inaccurate hairstyle, age regression, child, teen, underage, distorted eyes, asymmetrical features, plastic skin, bad anatomy, extra fingers, missing fingers, warped clothing, mixed celebrity identity, text, watermark, logo artifacts, low detail, blur",Real Male/Popular Under 40,1,False
0126 | Real Male/Popular Under 40/Freddie Highmore,"Freddie Highmore, adult actor, recognisable likeness from widely known public imagery, premium film-and-television editorial portrait, refined red-carpet styling and expressive cinematic presence, clear facial reference, natural skin texture, precise facial structure, refined hair detail, clothed portrait framing, modern wardrobe styling, confident camera-ready expression, cinematic beauty lighting, premium magazine finish, category tag: Real Male/Actor","wrong identity, generic face, altered facial structure, inaccurate hairstyle, age regression, child, teen, underage, distorted eyes, asymmetrical features, plastic skin, bad anatomy, extra fingers, missing fingers, warped clothing, mixed celebrity identity, text, watermark, logo artifacts, low detail, blur",Real Male/Popular Under 40,1,False
0127 | Real Male/Popular Under 40/Alfred Enoch,"Alfred Enoch, adult actor, recognisable likeness from widely known public imagery, premium film-and-television editorial portrait, refined red-carpet styling and expressive cinematic presence, clear facial reference, natural skin texture, precise facial structure, refined hair detail, clothed portrait framing, modern wardrobe styling, confident camera-ready expression, cinematic beauty lighting, premium magazine finish, category tag: Real Male/Actor","wrong identity, generic face, altered facial structure, inaccurate hairstyle, age regression, child, teen, underage, distorted eyes, asymmetrical features, plastic skin, bad anatomy, extra fingers, missing fingers, warped clothing, mixed celebrity identity, text, watermark, logo artifacts, low detail, blur",Real Male/Popular Under 40,1,False
0128 | Real Male/Popular Under 40/Louis Partridge,"Louis Partridge, adult actor, recognisable likeness from widely known public imagery, premium film-and-television editorial portrait, refined red-carpet styling and expressive cinematic presence, clear facial reference, natural skin texture, precise facial structure, refined hair detail, clothed portrait framing, modern wardrobe styling, confident camera-ready expression, cinematic beauty lighting, premium magazine finish, category tag: Real Male/Actor","wrong identity, generic face, altered facial structure, inaccurate hairstyle, age regression, child, teen, underage, distorted eyes, asymmetrical features, plastic skin, bad anatomy, extra fingers, missing fingers, warped clothing, mixed celebrity identity, text, watermark, logo artifacts, low detail, blur",Real Male/Popular Under 40,1,False
0129 | Real Male/Popular Under 40/Kit Connor,"Kit Connor, adult actor, recognisable likeness from widely known public imagery, premium film-and-television editorial portrait, refined red-carpet styling and expressive cinematic presence, clear facial reference, natural skin texture, precise facial structure, refined hair detail, clothed portrait framing, modern wardrobe styling, confident camera-ready expression, cinematic beauty lighting, premium magazine finish, category tag: Real Male/Actor","wrong identity, generic face, altered facial structure, inaccurate hairstyle, age regression, child, teen, underage, distorted eyes, asymmetrical features, plastic skin, bad anatomy, extra fingers, missing fingers, warped clothing, mixed celebrity identity, text, watermark, logo artifacts, low detail, blur",Real Male/Popular Under 40,1,False
0130 | Real Male/Popular Under 40/Joe Locke,"Joe Locke, adult actor, recognisable likeness from widely known public imagery, premium film-and-television editorial portrait, refined red-carpet styling and expressive cinematic presence, clear facial reference, natural skin texture, precise facial structure, refined hair detail, clothed portrait framing, modern wardrobe styling, confident camera-ready expression, cinematic beauty lighting, premium magazine finish, category tag: Real Male/Actor","wrong identity, generic face, altered facial structure, inaccurate hairstyle, age regression, child, teen, underage, distorted eyes, asymmetrical features, plastic skin, bad anatomy, extra fingers, missing fingers, warped clothing, mixed celebrity identity, text, watermark, logo artifacts, low detail, blur",Real Male/Popular Under 40,1,False
0131 | Real Male/Popular Under 40/Connor Swindells,"Connor Swindells, adult actor, recognisable likeness from widely known public imagery, premium film-and-television editorial portrait, refined red-carpet styling and expressive cinematic presence, clear facial reference, natural skin texture, precise facial structure, refined hair detail, clothed portrait framing, modern wardrobe styling, confident camera-ready expression, cinematic beauty lighting, premium magazine finish, category tag: Real Male/Actor","wrong identity, generic face, altered facial structure, inaccurate hairstyle, age regression, child, teen, underage, distorted eyes, asymmetrical features, plastic skin, bad anatomy, extra fingers, missing fingers, warped clothing, mixed celebrity identity, text, watermark, logo artifacts, low detail, blur",Real Male/Popular Under 40,1,False
0132 | Real Male/Popular Under 40/Fabien Frankel,"Fabien Frankel, adult actor, recognisable likeness from widely known public imagery, premium film-and-television editorial portrait, refined red-carpet styling and expressive cinematic presence, clear facial reference, natural skin texture, precise facial structure, refined hair detail, clothed portrait framing, modern wardrobe styling, confident camera-ready expression, cinematic beauty lighting, premium magazine finish, category tag: Real Male/Actor","wrong identity, generic face, altered facial structure, inaccurate hairstyle, age regression, child, teen, underage, distorted eyes, asymmetrical features, plastic skin, bad anatomy, extra fingers, missing fingers, warped clothing, mixed celebrity identity, text, watermark, logo artifacts, low detail, blur",Real Male/Popular Under 40,1,False
0133 | Real Male/Popular Under 40/Harry Lawtey,"Harry Lawtey, adult actor, recognisable likeness from widely known public imagery, premium film-and-television editorial portrait, refined red-carpet styling and expressive cinematic presence, clear facial reference, natural skin texture, precise facial structure, refined hair detail, clothed portrait framing, modern wardrobe styling, confident camera-ready expression, cinematic beauty lighting, premium magazine finish, category tag: Real Male/Actor","wrong identity, generic face, altered facial structure, inaccurate hairstyle, age regression, child, teen, underage, distorted eyes, asymmetrical features, plastic skin, bad anatomy, extra fingers, missing fingers, warped clothing, mixed celebrity identity, text, watermark, logo artifacts, low detail, blur",Real Male/Popular Under 40,1,False
0134 | Real Male/Popular Under 40/David Jonsson,"David Jonsson, adult actor, recognisable likeness from widely known public imagery, premium film-and-television editorial portrait, refined red-carpet styling and expressive cinematic presence, clear facial reference, natural skin texture, precise facial structure, refined hair detail, clothed portrait framing, modern wardrobe styling, confident camera-ready expression, cinematic beauty lighting, premium magazine finish, category tag: Real Male/Actor","wrong identity, generic face, altered facial structure, inaccurate hairstyle, age regression, child, teen, underage, distorted eyes, asymmetrical features, plastic skin, bad anatomy, extra fingers, missing fingers, warped clothing, mixed celebrity identity, text, watermark, logo artifacts, low detail, blur",Real Male/Popular Under 40,1,False
0135 | Real Male/Popular Under 40/Sope Dirisu,"Sope Dirisu, adult actor, recognisable likeness from widely known public imagery, premium film-and-television editorial portrait, refined red-carpet styling and expressive cinematic presence, clear facial reference, natural skin texture, precise facial structure, refined hair detail, clothed portrait framing, modern wardrobe styling, confident camera-ready expression, cinematic beauty lighting, premium magazine finish, category tag: Real Male/Actor","wrong identity, generic face, altered facial structure, inaccurate hairstyle, age regression, child, teen, underage, distorted eyes, asymmetrical features, plastic skin, bad anatomy, extra fingers, missing fingers, warped clothing, mixed celebrity identity, text, watermark, logo artifacts, low detail, blur",Real Male/Popular Under 40,1,False
0136 | Real Male/Popular Under 40/Micheal Ward,"Micheal Ward, adult actor, recognisable likeness from widely known public imagery, premium film-and-television editorial portrait, refined red-carpet styling and expressive cinematic presence, clear facial reference, natural skin texture, precise facial structure, refined hair detail, clothed portrait framing, modern wardrobe styling, confident camera-ready expression, cinematic beauty lighting, premium magazine finish, category tag: Real Male/Actor","wrong identity, generic face, altered facial structure, inaccurate hairstyle, age regression, child, teen, underage, distorted eyes, asymmetrical features, plastic skin, bad anatomy, extra fingers, missing fingers, warped clothing, mixed celebrity identity, text, watermark, logo artifacts, low detail, blur",Real Male/Popular Under 40,1,False
0137 | Real Male/Popular Under 40/Malachi Kirby,"Malachi Kirby, adult actor, recognisable likeness from widely known public imagery, premium film-and-television editorial portrait, refined red-carpet styling and expressive cinematic presence, clear facial reference, natural skin texture, precise facial structure, refined hair detail, clothed portrait framing, modern wardrobe styling, confident camera-ready expression, cinematic beauty lighting, premium magazine finish, category tag: Real Male/Actor","wrong identity, generic face, altered facial structure, inaccurate hairstyle, age regression, child, teen, underage, distorted eyes, asymmetrical features, plastic skin, bad anatomy, extra fingers, missing fingers, warped clothing, mixed celebrity identity, text, watermark, logo artifacts, low detail, blur",Real Male/Popular Under 40,1,False
0138 | Real Male/Popular Under 40/Jovan Adepo,"Jovan Adepo, adult actor, recognisable likeness from widely known public imagery, premium film-and-television editorial portrait, refined red-carpet styling and expressive cinematic presence, clear facial reference, natural skin texture, precise facial structure, refined hair detail, clothed portrait framing, modern wardrobe styling, confident camera-ready expression, cinematic beauty lighting, premium magazine finish, category tag: Real Male/Actor","wrong identity, generic face, altered facial structure, inaccurate hairstyle, age regression, child, teen, underage, distorted eyes, asymmetrical features, plastic skin, bad anatomy, extra fingers, missing fingers, warped clothing, mixed celebrity identity, text, watermark, logo artifacts, low detail, blur",Real Male/Popular Under 40,1,False
0139 | Real Male/Popular Under 40/John Clarence Stewart,"John Clarence Stewart, adult actor, recognisable likeness from widely known public imagery, premium film-and-television editorial portrait, refined red-carpet styling and expressive cinematic presence, clear facial reference, natural skin texture, precise facial structure, refined hair detail, clothed portrait framing, modern wardrobe styling, confident camera-ready expression, cinematic beauty lighting, premium magazine finish, category tag: Real Male/Actor","wrong identity, generic face, altered facial structure, inaccurate hairstyle, age regression, child, teen, underage, distorted eyes, asymmetrical features, plastic skin, bad anatomy, extra fingers, missing fingers, warped clothing, mixed celebrity identity, text, watermark, logo artifacts, low detail, blur",Real Male/Popular Under 40,1,False
0140 | Real Male/Popular Under 40/Mason Thames,"Mason Thames, adult actor, recognisable likeness from widely known public imagery, premium film-and-television editorial portrait, refined red-carpet styling and expressive cinematic presence, clear facial reference, natural skin texture, precise facial structure, refined hair detail, clothed portrait framing, modern wardrobe styling, confident camera-ready expression, cinematic beauty lighting, premium magazine finish, category tag: Real Male/Actor","wrong identity, generic face, altered facial structure, inaccurate hairstyle, age regression, child, teen, underage, distorted eyes, asymmetrical features, plastic skin, bad anatomy, extra fingers, missing fingers, warped clothing, mixed celebrity identity, text, watermark, logo artifacts, low detail, blur",Real Male/Popular Under 40,1,False
0141 | Real Male/Popular Under 40/Chris Briney,"Chris Briney, adult actor, recognisable likeness from widely known public imagery, premium film-and-television editorial portrait, refined red-carpet styling and expressive cinematic presence, clear facial reference, natural skin texture, precise facial structure, refined hair detail, clothed portrait framing, modern wardrobe styling, confident camera-ready expression, cinematic beauty lighting, premium magazine finish, category tag: Real Male/Actor","wrong identity, generic face, altered facial structure, inaccurate hairstyle, age regression, child, teen, underage, distorted eyes, asymmetrical features, plastic skin, bad anatomy, extra fingers, missing fingers, warped clothing, mixed celebrity identity, text, watermark, logo artifacts, low detail, blur",Real Male/Popular Under 40,1,False
0142 | Real Male/Popular Under 40/Gavin Casalegno,"Gavin Casalegno, adult actor, recognisable likeness from widely known public imagery, premium film-and-television editorial portrait, refined red-carpet styling and expressive cinematic presence, clear facial reference, natural skin texture, precise facial structure, refined hair detail, clothed portrait framing, modern wardrobe styling, confident camera-ready expression, cinematic beauty lighting, premium magazine finish, category tag: Real Male/Actor","wrong identity, generic face, altered facial structure, inaccurate hairstyle, age regression, child, teen, underage, distorted eyes, asymmetrical features, plastic skin, bad anatomy, extra fingers, missing fingers, warped clothing, mixed celebrity identity, text, watermark, logo artifacts, low detail, blur",Real Male/Popular Under 40,1,False
0143 | Real Male/Popular Under 40/Sean Kaufman,"Sean Kaufman, adult actor, recognisable likeness from widely known public imagery, premium film-and-television editorial portrait, refined red-carpet styling and expressive cinematic presence, clear facial reference, natural skin texture, precise facial structure, refined hair detail, clothed portrait framing, modern wardrobe styling, confident camera-ready expression, cinematic beauty lighting, premium magazine finish, category tag: Real Male/Actor","wrong identity, generic face, altered facial structure, inaccurate hairstyle, age regression, child, teen, underage, distorted eyes, asymmetrical features, plastic skin, bad anatomy, extra fingers, missing fingers, warped clothing, mixed celebrity identity, text, watermark, logo artifacts, low detail, blur",Real Male/Popular Under 40,1,False
0144 | Real Male/Popular Under 40/David Iacono,"David Iacono, adult actor, recognisable likeness from widely known public imagery, premium film-and-television editorial portrait, refined red-carpet styling and expressive cinematic presence, clear facial reference, natural skin texture, precise facial structure, refined hair detail, clothed portrait framing, modern wardrobe styling, confident camera-ready expression, cinematic beauty lighting, premium magazine finish, category tag: Real Male/Actor","wrong identity, generic face, altered facial structure, inaccurate hairstyle, age regression, child, teen, underage, distorted eyes, asymmetrical features, plastic skin, bad anatomy, extra fingers, missing fingers, warped clothing, mixed celebrity identity, text, watermark, logo artifacts, low detail, blur",Real Male/Popular Under 40,1,False
0145 | Real Male/Popular Under 40/Tanner Buchanan,"Tanner Buchanan, adult actor, recognisable likeness from widely known public imagery, premium film-and-television editorial portrait, refined red-carpet styling and expressive cinematic presence, clear facial reference, natural skin texture, precise facial structure, refined hair detail, clothed portrait framing, modern wardrobe styling, confident camera-ready expression, cinematic beauty lighting, premium magazine finish, category tag: Real Male/Actor","wrong identity, generic face, altered facial structure, inaccurate hairstyle, age regression, child, teen, underage, distorted eyes, asymmetrical features, plastic skin, bad anatomy, extra fingers, missing fingers, warped clothing, mixed celebrity identity, text, watermark, logo artifacts, low detail, blur",Real Male/Popular Under 40,1,False
0146 | Real Male/Popular Under 40/Jacob Bertrand,"Jacob Bertrand, adult actor, recognisable likeness from widely known public imagery, premium film-and-television editorial portrait, refined red-carpet styling and expressive cinematic presence, clear facial reference, natural skin texture, precise facial structure, refined hair detail, clothed portrait framing, modern wardrobe styling, confident camera-ready expression, cinematic beauty lighting, premium magazine finish, category tag: Real Male/Actor","wrong identity, generic face, altered facial structure, inaccurate hairstyle, age regression, child, teen, underage, distorted eyes, asymmetrical features, plastic skin, bad anatomy, extra fingers, missing fingers, warped clothing, mixed celebrity identity, text, watermark, logo artifacts, low detail, blur",Real Male/Popular Under 40,1,False
0147 | Real Male/Popular Under 40/Gianni DeCenzo,"Gianni DeCenzo, adult actor, recognisable likeness from widely known public imagery, premium film-and-television editorial portrait, refined red-carpet styling and expressive cinematic presence, clear facial reference, natural skin texture, precise facial structure, refined hair detail, clothed portrait framing, modern wardrobe styling, confident camera-ready expression, cinematic beauty lighting, premium magazine finish, category tag: Real Male/Actor","wrong identity, generic face, altered facial structure, inaccurate hairstyle, age regression, child, teen, underage, distorted eyes, asymmetrical features, plastic skin, bad anatomy, extra fingers, missing fingers, warped clothing, mixed celebrity identity, text, watermark, logo artifacts, low detail, blur",Real Male/Popular Under 40,1,False
0148 | Real Male/Popular Under 40/Dallas Dupree Young,"Dallas Dupree Young, adult actor, recognisable likeness from widely known public imagery, premium film-and-television editorial portrait, refined red-carpet styling and expressive cinematic presence, clear facial reference, natural skin texture, precise facial structure, refined hair detail, clothed portrait framing, modern wardrobe styling, confident camera-ready expression, cinematic beauty lighting, premium magazine finish, category tag: Real Male/Actor","wrong identity, generic face, altered facial structure, inaccurate hairstyle, age regression, child, teen, underage, distorted eyes, asymmetrical features, plastic skin, bad anatomy, extra fingers, missing fingers, warped clothing, mixed celebrity identity, text, watermark, logo artifacts, low detail, blur",Real Male/Popular Under 40,1,False
0149 | Real Male/Popular Under 40/Taz Skylar,"Taz Skylar, adult actor, recognisable likeness from widely known public imagery, premium film-and-television editorial portrait, refined red-carpet styling and expressive cinematic presence, clear facial reference, natural skin texture, precise facial structure, refined hair detail, clothed portrait framing, modern wardrobe styling, confident camera-ready expression, cinematic beauty lighting, premium magazine finish, category tag: Real Male/Actor","wrong identity, generic face, altered facial structure, inaccurate hairstyle, age regression, child, teen, underage, distorted eyes, asymmetrical features, plastic skin, bad anatomy, extra fingers, missing fingers, warped clothing, mixed celebrity identity, text, watermark, logo artifacts, low detail, blur",Real Male/Popular Under 40,1,False
0150 | Real Male/Popular Under 40/Iñaki Godoy,"Iñaki Godoy, adult actor, recognisable likeness from widely known public imagery, premium film-and-television editorial portrait, refined red-carpet styling and expressive cinematic presence, clear facial reference, natural skin texture, precise facial structure, refined hair detail, clothed portrait framing, modern wardrobe styling, confident camera-ready expression, cinematic beauty lighting, premium magazine finish, category tag: Real Male/Actor","wrong identity, generic face, altered facial structure, inaccurate hairstyle, age regression, child, teen, underage, distorted eyes, asymmetrical features, plastic skin, bad anatomy, extra fingers, missing fingers, warped clothing, mixed celebrity identity, text, watermark, logo artifacts, low detail, blur",Real Male/Popular Under 40,1,False
0151 | Real Male/Popular Under 40/Harry Styles,"Harry Styles, adult musician, recognisable likeness from widely known public imagery, polished music-editorial portrait, recognisable contemporary fashion and confident stage-ready presence, clear facial reference, natural skin texture, precise facial structure, refined hair detail, clothed portrait framing, modern wardrobe styling, confident camera-ready expression, cinematic beauty lighting, premium magazine finish, category tag: Real Male/Musician","wrong identity, generic face, altered facial structure, inaccurate hairstyle, age regression, child, teen, underage, distorted eyes, asymmetrical features, plastic skin, bad anatomy, extra fingers, missing fingers, warped clothing, mixed celebrity identity, text, watermark, logo artifacts, low detail, blur",Real Male/Popular Under 40,1,False
0152 | Real Male/Popular Under 40/The Weeknd,"The Weeknd, adult musician, recognisable likeness from widely known public imagery, polished music-editorial portrait, recognisable contemporary fashion and confident stage-ready presence, clear facial reference, natural skin texture, precise facial structure, refined hair detail, clothed portrait framing, modern wardrobe styling, confident camera-ready expression, cinematic beauty lighting, premium magazine finish, category tag: Real Male/Musician","wrong identity, generic face, altered facial structure, inaccurate hairstyle, age regression, child, teen, underage, distorted eyes, asymmetrical features, plastic skin, bad anatomy, extra fingers, missing fingers, warped clothing, mixed celebrity identity, text, watermark, logo artifacts, low detail, blur",Real Male/Popular Under 40,1,False
0153 | Real Male/Popular Under 40/Drake,"Drake, adult musician, recognisable likeness from widely known public imagery, polished music-editorial portrait, recognisable contemporary fashion and confident stage-ready presence, clear facial reference, natural skin texture, precise facial structure, refined hair detail, clothed portrait framing, modern wardrobe styling, confident camera-ready expression, cinematic beauty lighting, premium magazine finish, category tag: Real Male/Musician","wrong identity, generic face, altered facial structure, inaccurate hairstyle, age regression, child, teen, underage, distorted eyes, asymmetrical features, plastic skin, bad anatomy, extra fingers, missing fingers, warped clothing, mixed celebrity identity, text, watermark, logo artifacts, low detail, blur",Real Male/Popular Under 40,1,False
0154 | Real Male/Popular Under 40/Kendrick Lamar,"Kendrick Lamar, adult musician, recognisable likeness from widely known public imagery, polished music-editorial portrait, recognisable contemporary fashion and confident stage-ready presence, clear facial reference, natural skin texture, precise facial structure, refined hair detail, clothed portrait framing, modern wardrobe styling, confident camera-ready expression, cinematic beauty lighting, premium magazine finish, category tag: Real Male/Musician","wrong identity, generic face, altered facial structure, inaccurate hairstyle, age regression, child, teen, underage, distorted eyes, asymmetrical features, plastic skin, bad anatomy, extra fingers, missing fingers, warped clothing, mixed celebrity identity, text, watermark, logo artifacts, low detail, blur",Real Male/Popular Under 40,1,False
0155 | Real Male/Popular Under 40/Justin Bieber,"Justin Bieber, adult musician, recognisable likeness from widely known public imagery, polished music-editorial portrait, recognisable contemporary fashion and confident stage-ready presence, clear facial reference, natural skin texture, precise facial structure, refined hair detail, clothed portrait framing, modern wardrobe styling, confident camera-ready expression, cinematic beauty lighting, premium magazine finish, category tag: Real Male/Musician","wrong identity, generic face, altered facial structure, inaccurate hairstyle, age regression, child, teen, underage, distorted eyes, asymmetrical features, plastic skin, bad anatomy, extra fingers, missing fingers, warped clothing, mixed celebrity identity, text, watermark, logo artifacts, low detail, blur",Real Male/Popular Under 40,1,False
0156 | Real Male/Popular Under 40/Ed Sheeran,"Ed Sheeran, adult musician, recognisable likeness from widely known public imagery, polished music-editorial portrait, recognisable contemporary fashion and confident stage-ready presence, clear facial reference, natural skin texture, precise facial structure, refined hair detail, clothed portrait framing, modern wardrobe styling, confident camera-ready expression, cinematic beauty lighting, premium magazine finish, category tag: Real Male/Musician","wrong identity, generic face, altered facial structure, inaccurate hairstyle, age regression, child, teen, underage, distorted eyes, asymmetrical features, plastic skin, bad anatomy, extra fingers, missing fingers, warped clothing, mixed celebrity identity, text, watermark, logo artifacts, low detail, blur",Real Male/Popular Under 40,1,False
0157 | Real Male/Popular Under 40/Post Malone,"Post Malone, adult musician, recognisable likeness from widely known public imagery, polished music-editorial portrait, recognisable contemporary fashion and confident stage-ready presence, clear facial reference, natural skin texture, precise facial structure, refined hair detail, clothed portrait framing, modern wardrobe styling, confident camera-ready expression, cinematic beauty lighting, premium magazine finish, category tag: Real Male/Musician","wrong identity, generic face, altered facial structure, inaccurate hairstyle, age regression, child, teen, underage, distorted eyes, asymmetrical features, plastic skin, bad anatomy, extra fingers, missing fingers, warped clothing, mixed celebrity identity, text, watermark, logo artifacts, low detail, blur",Real Male/Popular Under 40,1,False
0158 | Real Male/Popular Under 40/Bad Bunny,"Bad Bunny, adult musician, recognisable likeness from widely known public imagery, polished music-editorial portrait, recognisable contemporary fashion and confident stage-ready presence, clear facial reference, natural skin texture, precise facial structure, refined hair detail, clothed portrait framing, modern wardrobe styling, confident camera-ready expression, cinematic beauty lighting, premium magazine finish, category tag: Real Male/Musician","wrong identity, generic face, altered facial structure, inaccurate hairstyle, age regression, child, teen, underage, distorted eyes, asymmetrical features, plastic skin, bad anatomy, extra fingers, missing fingers, warped clothing, mixed celebrity identity, text, watermark, logo artifacts, low detail, blur",Real Male/Popular Under 40,1,False
0159 | Real Male/Popular Under 40/Peso Pluma,"Peso Pluma, adult musician, recognisable likeness from widely known public imagery, polished music-editorial portrait, recognisable contemporary fashion and confident stage-ready presence, clear facial reference, natural skin texture, precise facial structure, refined hair detail, clothed portrait framing, modern wardrobe styling, confident camera-ready expression, cinematic beauty lighting, premium magazine finish, category tag: Real Male/Musician","wrong identity, generic face, altered facial structure, inaccurate hairstyle, age regression, child, teen, underage, distorted eyes, asymmetrical features, plastic skin, bad anatomy, extra fingers, missing fingers, warped clothing, mixed celebrity identity, text, watermark, logo artifacts, low detail, blur",Real Male/Popular Under 40,1,False
0160 | Real Male/Popular Under 40/Maluma,"Maluma, adult musician, recognisable likeness from widely known public imagery, polished music-editorial portrait, recognisable contemporary fashion and confident stage-ready presence, clear facial reference, natural skin texture, precise facial structure, refined hair detail, clothed portrait framing, modern wardrobe styling, confident camera-ready expression, cinematic beauty lighting, premium magazine finish, category tag: Real Male/Musician","wrong identity, generic face, altered facial structure, inaccurate hairstyle, age regression, child, teen, underage, distorted eyes, asymmetrical features, plastic skin, bad anatomy, extra fingers, missing fingers, warped clothing, mixed celebrity identity, text, watermark, logo artifacts, low detail, blur",Real Male/Popular Under 40,1,False
0161 | Real Male/Popular Under 40/Travis Scott,"Travis Scott, adult musician, recognisable likeness from widely known public imagery, polished music-editorial portrait, recognisable contemporary fashion and confident stage-ready presence, clear facial reference, natural skin texture, precise facial structure, refined hair detail, clothed portrait framing, modern wardrobe styling, confident camera-ready expression, cinematic beauty lighting, premium magazine finish, category tag: Real Male/Musician","wrong identity, generic face, altered facial structure, inaccurate hairstyle, age regression, child, teen, underage, distorted eyes, asymmetrical features, plastic skin, bad anatomy, extra fingers, missing fingers, warped clothing, mixed celebrity identity, text, watermark, logo artifacts, low detail, blur",Real Male/Popular Under 40,1,False
0162 | Real Male/Popular Under 40/Lil Nas X,"Lil Nas X, adult musician, recognisable likeness from widely known public imagery, polished music-editorial portrait, recognisable contemporary fashion and confident stage-ready presence, clear facial reference, natural skin texture, precise facial structure, refined hair detail, clothed portrait framing, modern wardrobe styling, confident camera-ready expression, cinematic beauty lighting, premium magazine finish, category tag: Real Male/Musician","wrong identity, generic face, altered facial structure, inaccurate hairstyle, age regression, child, teen, underage, distorted eyes, asymmetrical features, plastic skin, bad anatomy, extra fingers, missing fingers, warped clothing, mixed celebrity identity, text, watermark, logo artifacts, low detail, blur",Real Male/Popular Under 40,1,False
0163 | Real Male/Popular Under 40/Jack Harlow,"Jack Harlow, adult musician, recognisable likeness from widely known public imagery, polished music-editorial portrait, recognisable contemporary fashion and confident stage-ready presence, clear facial reference, natural skin texture, precise facial structure, refined hair detail, clothed portrait framing, modern wardrobe styling, confident camera-ready expression, cinematic beauty lighting, premium magazine finish, category tag: Real Male/Musician","wrong identity, generic face, altered facial structure, inaccurate hairstyle, age regression, child, teen, underage, distorted eyes, asymmetrical features, plastic skin, bad anatomy, extra fingers, missing fingers, warped clothing, mixed celebrity identity, text, watermark, logo artifacts, low detail, blur",Real Male/Popular Under 40,1,False
0164 | Real Male/Popular Under 40/Shawn Mendes,"Shawn Mendes, adult musician, recognisable likeness from widely known public imagery, polished music-editorial portrait, recognisable contemporary fashion and confident stage-ready presence, clear facial reference, natural skin texture, precise facial structure, refined hair detail, clothed portrait framing, modern wardrobe styling, confident camera-ready expression, cinematic beauty lighting, premium magazine finish, category tag: Real Male/Musician","wrong identity, generic face, altered facial structure, inaccurate hairstyle, age regression, child, teen, underage, distorted eyes, asymmetrical features, plastic skin, bad anatomy, extra fingers, missing fingers, warped clothing, mixed celebrity identity, text, watermark, logo artifacts, low detail, blur",Real Male/Popular Under 40,1,False
0165 | Real Male/Popular Under 40/Charlie Puth,"Charlie Puth, adult musician, recognisable likeness from widely known public imagery, polished music-editorial portrait, recognisable contemporary fashion and confident stage-ready presence, clear facial reference, natural skin texture, precise facial structure, refined hair detail, clothed portrait framing, modern wardrobe styling, confident camera-ready expression, cinematic beauty lighting, premium magazine finish, category tag: Real Male/Musician","wrong identity, generic face, altered facial structure, inaccurate hairstyle, age regression, child, teen, underage, distorted eyes, asymmetrical features, plastic skin, bad anatomy, extra fingers, missing fingers, warped clothing, mixed celebrity identity, text, watermark, logo artifacts, low detail, blur",Real Male/Popular Under 40,1,False
0166 | Real Male/Popular Under 40/Hozier,"Hozier, adult musician, recognisable likeness from widely known public imagery, polished music-editorial portrait, recognisable contemporary fashion and confident stage-ready presence, clear facial reference, natural skin texture, precise facial structure, refined hair detail, clothed portrait framing, modern wardrobe styling, confident camera-ready expression, cinematic beauty lighting, premium magazine finish, category tag: Real Male/Musician","wrong identity, generic face, altered facial structure, inaccurate hairstyle, age regression, child, teen, underage, distorted eyes, asymmetrical features, plastic skin, bad anatomy, extra fingers, missing fingers, warped clothing, mixed celebrity identity, text, watermark, logo artifacts, low detail, blur",Real Male/Popular Under 40,1,False
0167 | Real Male/Popular Under 40/Noah Kahan,"Noah Kahan, adult musician, recognisable likeness from widely known public imagery, polished music-editorial portrait, recognisable contemporary fashion and confident stage-ready presence, clear facial reference, natural skin texture, precise facial structure, refined hair detail, clothed portrait framing, modern wardrobe styling, confident camera-ready expression, cinematic beauty lighting, premium magazine finish, category tag: Real Male/Musician","wrong identity, generic face, altered facial structure, inaccurate hairstyle, age regression, child, teen, underage, distorted eyes, asymmetrical features, plastic skin, bad anatomy, extra fingers, missing fingers, warped clothing, mixed celebrity identity, text, watermark, logo artifacts, low detail, blur",Real Male/Popular Under 40,1,False
0168 | Real Male/Popular Under 40/Benson Boone,"Benson Boone, adult musician, recognisable likeness from widely known public imagery, polished music-editorial portrait, recognisable contemporary fashion and confident stage-ready presence, clear facial reference, natural skin texture, precise facial structure, refined hair detail, clothed portrait framing, modern wardrobe styling, confident camera-ready expression, cinematic beauty lighting, premium magazine finish, category tag: Real Male/Musician","wrong identity, generic face, altered facial structure, inaccurate hairstyle, age regression, child, teen, underage, distorted eyes, asymmetrical features, plastic skin, bad anatomy, extra fingers, missing fingers, warped clothing, mixed celebrity identity, text, watermark, logo artifacts, low detail, blur",Real Male/Popular Under 40,1,False
0169 | Real Male/Popular Under 40/Teddy Swims,"Teddy Swims, adult musician, recognisable likeness from widely known public imagery, polished music-editorial portrait, recognisable contemporary fashion and confident stage-ready presence, clear facial reference, natural skin texture, precise facial structure, refined hair detail, clothed portrait framing, modern wardrobe styling, confident camera-ready expression, cinematic beauty lighting, premium magazine finish, category tag: Real Male/Musician","wrong identity, generic face, altered facial structure, inaccurate hairstyle, age regression, child, teen, underage, distorted eyes, asymmetrical features, plastic skin, bad anatomy, extra fingers, missing fingers, warped clothing, mixed celebrity identity, text, watermark, logo artifacts, low detail, blur",Real Male/Popular Under 40,1,False
0170 | Real Male/Popular Under 40/Khalid,"Khalid, adult musician, recognisable likeness from widely known public imagery, polished music-editorial portrait, recognisable contemporary fashion and confident stage-ready presence, clear facial reference, natural skin texture, precise facial structure, refined hair detail, clothed portrait framing, modern wardrobe styling, confident camera-ready expression, cinematic beauty lighting, premium magazine finish, category tag: Real Male/Musician","wrong identity, generic face, altered facial structure, inaccurate hairstyle, age regression, child, teen, underage, distorted eyes, asymmetrical features, plastic skin, bad anatomy, extra fingers, missing fingers, warped clothing, mixed celebrity identity, text, watermark, logo artifacts, low detail, blur",Real Male/Popular Under 40,1,False
0171 | Real Male/Popular Under 40/The Kid LAROI,"The Kid LAROI, adult musician, recognisable likeness from widely known public imagery, polished music-editorial portrait, recognisable contemporary fashion and confident stage-ready presence, clear facial reference, natural skin texture, precise facial structure, refined hair detail, clothed portrait framing, modern wardrobe styling, confident camera-ready expression, cinematic beauty lighting, premium magazine finish, category tag: Real Male/Musician","wrong identity, generic face, altered facial structure, inaccurate hairstyle, age regression, child, teen, underage, distorted eyes, asymmetrical features, plastic skin, bad anatomy, extra fingers, missing fingers, warped clothing, mixed celebrity identity, text, watermark, logo artifacts, low detail, blur",Real Male/Popular Under 40,1,False
0172 | Real Male/Popular Under 40/Troye Sivan,"Troye Sivan, adult musician, recognisable likeness from widely known public imagery, polished music-editorial portrait, recognisable contemporary fashion and confident stage-ready presence, clear facial reference, natural skin texture, precise facial structure, refined hair detail, clothed portrait framing, modern wardrobe styling, confident camera-ready expression, cinematic beauty lighting, premium magazine finish, category tag: Real Male/Musician","wrong identity, generic face, altered facial structure, inaccurate hairstyle, age regression, child, teen, underage, distorted eyes, asymmetrical features, plastic skin, bad anatomy, extra fingers, missing fingers, warped clothing, mixed celebrity identity, text, watermark, logo artifacts, low detail, blur",Real Male/Popular Under 40,1,False
0173 | Real Male/Popular Under 40/Conan Gray,"Conan Gray, adult musician, recognisable likeness from widely known public imagery, polished music-editorial portrait, recognisable contemporary fashion and confident stage-ready presence, clear facial reference, natural skin texture, precise facial structure, refined hair detail, clothed portrait framing, modern wardrobe styling, confident camera-ready expression, cinematic beauty lighting, premium magazine finish, category tag: Real Male/Musician","wrong identity, generic face, altered facial structure, inaccurate hairstyle, age regression, child, teen, underage, distorted eyes, asymmetrical features, plastic skin, bad anatomy, extra fingers, missing fingers, warped clothing, mixed celebrity identity, text, watermark, logo artifacts, low detail, blur",Real Male/Popular Under 40,1,False
0174 | Real Male/Popular Under 40/Omar Apollo,"Omar Apollo, adult musician, recognisable likeness from widely known public imagery, polished music-editorial portrait, recognisable contemporary fashion and confident stage-ready presence, clear facial reference, natural skin texture, precise facial structure, refined hair detail, clothed portrait framing, modern wardrobe styling, confident camera-ready expression, cinematic beauty lighting, premium magazine finish, category tag: Real Male/Musician","wrong identity, generic face, altered facial structure, inaccurate hairstyle, age regression, child, teen, underage, distorted eyes, asymmetrical features, plastic skin, bad anatomy, extra fingers, missing fingers, warped clothing, mixed celebrity identity, text, watermark, logo artifacts, low detail, blur",Real Male/Popular Under 40,1,False
0175 | Real Male/Popular Under 40/Dominic Fike,"Dominic Fike, adult musician, recognisable likeness from widely known public imagery, polished music-editorial portrait, recognisable contemporary fashion and confident stage-ready presence, clear facial reference, natural skin texture, precise facial structure, refined hair detail, clothed portrait framing, modern wardrobe styling, confident camera-ready expression, cinematic beauty lighting, premium magazine finish, category tag: Real Male/Musician","wrong identity, generic face, altered facial structure, inaccurate hairstyle, age regression, child, teen, underage, distorted eyes, asymmetrical features, plastic skin, bad anatomy, extra fingers, missing fingers, warped clothing, mixed celebrity identity, text, watermark, logo artifacts, low detail, blur",Real Male/Popular Under 40,1,False
0176 | Real Male/Popular Under 40/Giveon,"Giveon, adult musician, recognisable likeness from widely known public imagery, polished music-editorial portrait, recognisable contemporary fashion and confident stage-ready presence, clear facial reference, natural skin texture, precise facial structure, refined hair detail, clothed portrait framing, modern wardrobe styling, confident camera-ready expression, cinematic beauty lighting, premium magazine finish, category tag: Real Male/Musician","wrong identity, generic face, altered facial structure, inaccurate hairstyle, age regression, child, teen, underage, distorted eyes, asymmetrical features, plastic skin, bad anatomy, extra fingers, missing fingers, warped clothing, mixed celebrity identity, text, watermark, logo artifacts, low detail, blur",Real Male/Popular Under 40,1,False
0177 | Real Male/Popular Under 40/Steve Lacy,"Steve Lacy, adult musician, recognisable likeness from widely known public imagery, polished music-editorial portrait, recognisable contemporary fashion and confident stage-ready presence, clear facial reference, natural skin texture, precise facial structure, refined hair detail, clothed portrait framing, modern wardrobe styling, confident camera-ready expression, cinematic beauty lighting, premium magazine finish, category tag: Real Male/Musician","wrong identity, generic face, altered facial structure, inaccurate hairstyle, age regression, child, teen, underage, distorted eyes, asymmetrical features, plastic skin, bad anatomy, extra fingers, missing fingers, warped clothing, mixed celebrity identity, text, watermark, logo artifacts, low detail, blur",Real Male/Popular Under 40,1,False
"0178 | Real Male/Popular Under 40/Tyler, the Creator","Tyler, the Creator, adult musician, recognisable likeness from widely known public imagery, polished music-editorial portrait, recognisable contemporary fashion and confident stage-ready presence, clear facial reference, natural skin texture, precise facial structure, refined hair detail, clothed portrait framing, modern wardrobe styling, confident camera-ready expression, cinematic beauty lighting, premium magazine finish, category tag: Real Male/Musician","wrong identity, generic face, altered facial structure, inaccurate hairstyle, age regression, child, teen, underage, distorted eyes, asymmetrical features, plastic skin, bad anatomy, extra fingers, missing fingers, warped clothing, mixed celebrity identity, text, watermark, logo artifacts, low detail, blur",Real Male/Popular Under 40,1,False
0179 | Real Male/Popular Under 40/A$AP Rocky,"A$AP Rocky, adult musician, recognisable likeness from widely known public imagery, polished music-editorial portrait, recognisable contemporary fashion and confident stage-ready presence, clear facial reference, natural skin texture, precise facial structure, refined hair detail, clothed portrait framing, modern wardrobe styling, confident camera-ready expression, cinematic beauty lighting, premium magazine finish, category tag: Real Male/Musician","wrong identity, generic face, altered facial structure, inaccurate hairstyle, age regression, child, teen, underage, distorted eyes, asymmetrical features, plastic skin, bad anatomy, extra fingers, missing fingers, warped clothing, mixed celebrity identity, text, watermark, logo artifacts, low detail, blur",Real Male/Popular Under 40,1,False
0180 | Real Male/Popular Under 40/21 Savage,"21 Savage, adult musician, recognisable likeness from widely known public imagery, polished music-editorial portrait, recognisable contemporary fashion and confident stage-ready presence, clear facial reference, natural skin texture, precise facial structure, refined hair detail, clothed portrait framing, modern wardrobe styling, confident camera-ready expression, cinematic beauty lighting, premium magazine finish, category tag: Real Male/Musician","wrong identity, generic face, altered facial structure, inaccurate hairstyle, age regression, child, teen, underage, distorted eyes, asymmetrical features, plastic skin, bad anatomy, extra fingers, missing fingers, warped clothing, mixed celebrity identity, text, watermark, logo artifacts, low detail, blur",Real Male/Popular Under 40,1,False
0181 | Real Male/Popular Under 40/Playboi Carti,"Playboi Carti, adult musician, recognisable likeness from widely known public imagery, polished music-editorial portrait, recognisable contemporary fashion and confident stage-ready presence, clear facial reference, natural skin texture, precise facial structure, refined hair detail, clothed portrait framing, modern wardrobe styling, confident camera-ready expression, cinematic beauty lighting, premium magazine finish, category tag: Real Male/Musician","wrong identity, generic face, altered facial structure, inaccurate hairstyle, age regression, child, teen, underage, distorted eyes, asymmetrical features, plastic skin, bad anatomy, extra fingers, missing fingers, warped clothing, mixed celebrity identity, text, watermark, logo artifacts, low detail, blur",Real Male/Popular Under 40,1,False
0182 | Real Male/Popular Under 40/Central Cee,"Central Cee, adult musician, recognisable likeness from widely known public imagery, polished music-editorial portrait, recognisable contemporary fashion and confident stage-ready presence, clear facial reference, natural skin texture, precise facial structure, refined hair detail, clothed portrait framing, modern wardrobe styling, confident camera-ready expression, cinematic beauty lighting, premium magazine finish, category tag: Real Male/Musician","wrong identity, generic face, altered facial structure, inaccurate hairstyle, age regression, child, teen, underage, distorted eyes, asymmetrical features, plastic skin, bad anatomy, extra fingers, missing fingers, warped clothing, mixed celebrity identity, text, watermark, logo artifacts, low detail, blur",Real Male/Popular Under 40,1,False
0183 | Real Male/Popular Under 40/Dave,"Dave, adult musician, recognisable likeness from widely known public imagery, polished music-editorial portrait, recognisable contemporary fashion and confident stage-ready presence, clear facial reference, natural skin texture, precise facial structure, refined hair detail, clothed portrait framing, modern wardrobe styling, confident camera-ready expression, cinematic beauty lighting, premium magazine finish, category tag: Real Male/Musician","wrong identity, generic face, altered facial structure, inaccurate hairstyle, age regression, child, teen, underage, distorted eyes, asymmetrical features, plastic skin, bad anatomy, extra fingers, missing fingers, warped clothing, mixed celebrity identity, text, watermark, logo artifacts, low detail, blur",Real Male/Popular Under 40,1,False
0184 | Real Male/Popular Under 40/Stormzy,"Stormzy, adult musician, recognisable likeness from widely known public imagery, polished music-editorial portrait, recognisable contemporary fashion and confident stage-ready presence, clear facial reference, natural skin texture, precise facial structure, refined hair detail, clothed portrait framing, modern wardrobe styling, confident camera-ready expression, cinematic beauty lighting, premium magazine finish, category tag: Real Male/Musician","wrong identity, generic face, altered facial structure, inaccurate hairstyle, age regression, child, teen, underage, distorted eyes, asymmetrical features, plastic skin, bad anatomy, extra fingers, missing fingers, warped clothing, mixed celebrity identity, text, watermark, logo artifacts, low detail, blur",Real Male/Popular Under 40,1,False
0185 | Real Male/Popular Under 40/Burna Boy,"Burna Boy, adult musician, recognisable likeness from widely known public imagery, polished music-editorial portrait, recognisable contemporary fashion and confident stage-ready presence, clear facial reference, natural skin texture, precise facial structure, refined hair detail, clothed portrait framing, modern wardrobe styling, confident camera-ready expression, cinematic beauty lighting, premium magazine finish, category tag: Real Male/Musician","wrong identity, generic face, altered facial structure, inaccurate hairstyle, age regression, child, teen, underage, distorted eyes, asymmetrical features, plastic skin, bad anatomy, extra fingers, missing fingers, warped clothing, mixed celebrity identity, text, watermark, logo artifacts, low detail, blur",Real Male/Popular Under 40,1,False
0186 | Real Male/Popular Under 40/Wizkid,"Wizkid, adult musician, recognisable likeness from widely known public imagery, polished music-editorial portrait, recognisable contemporary fashion and confident stage-ready presence, clear facial reference, natural skin texture, precise facial structure, refined hair detail, clothed portrait framing, modern wardrobe styling, confident camera-ready expression, cinematic beauty lighting, premium magazine finish, category tag: Real Male/Musician","wrong identity, generic face, altered facial structure, inaccurate hairstyle, age regression, child, teen, underage, distorted eyes, asymmetrical features, plastic skin, bad anatomy, extra fingers, missing fingers, warped clothing, mixed celebrity identity, text, watermark, logo artifacts, low detail, blur",Real Male/Popular Under 40,1,False
0187 | Real Male/Popular Under 40/Davido,"Davido, adult musician, recognisable likeness from widely known public imagery, polished music-editorial portrait, recognisable contemporary fashion and confident stage-ready presence, clear facial reference, natural skin texture, precise facial structure, refined hair detail, clothed portrait framing, modern wardrobe styling, confident camera-ready expression, cinematic beauty lighting, premium magazine finish, category tag: Real Male/Musician","wrong identity, generic face, altered facial structure, inaccurate hairstyle, age regression, child, teen, underage, distorted eyes, asymmetrical features, plastic skin, bad anatomy, extra fingers, missing fingers, warped clothing, mixed celebrity identity, text, watermark, logo artifacts, low detail, blur",Real Male/Popular Under 40,1,False
0188 | Real Male/Popular Under 40/Rema,"Rema, adult musician, recognisable likeness from widely known public imagery, polished music-editorial portrait, recognisable contemporary fashion and confident stage-ready presence, clear facial reference, natural skin texture, precise facial structure, refined hair detail, clothed portrait framing, modern wardrobe styling, confident camera-ready expression, cinematic beauty lighting, premium magazine finish, category tag: Real Male/Musician","wrong identity, generic face, altered facial structure, inaccurate hairstyle, age regression, child, teen, underage, distorted eyes, asymmetrical features, plastic skin, bad anatomy, extra fingers, missing fingers, warped clothing, mixed celebrity identity, text, watermark, logo artifacts, low detail, blur",Real Male/Popular Under 40,1,False
0189 | Real Male/Popular Under 40/Jungkook,"Jungkook, adult musician, recognisable likeness from widely known public imagery, polished music-editorial portrait, recognisable contemporary fashion and confident stage-ready presence, clear facial reference, natural skin texture, precise facial structure, refined hair detail, clothed portrait framing, modern wardrobe styling, confident camera-ready expression, cinematic beauty lighting, premium magazine finish, category tag: Real Male/Musician","wrong identity, generic face, altered facial structure, inaccurate hairstyle, age regression, child, teen, underage, distorted eyes, asymmetrical features, plastic skin, bad anatomy, extra fingers, missing fingers, warped clothing, mixed celebrity identity, text, watermark, logo artifacts, low detail, blur",Real Male/Popular Under 40,1,False
0190 | Real Male/Popular Under 40/Kim Taehyung,"Kim Taehyung, adult musician, recognisable likeness from widely known public imagery, polished music-editorial portrait, recognisable contemporary fashion and confident stage-ready presence, clear facial reference, natural skin texture, precise facial structure, refined hair detail, clothed portrait framing, modern wardrobe styling, confident camera-ready expression, cinematic beauty lighting, premium magazine finish, category tag: Real Male/Musician","wrong identity, generic face, altered facial structure, inaccurate hairstyle, age regression, child, teen, underage, distorted eyes, asymmetrical features, plastic skin, bad anatomy, extra fingers, missing fingers, warped clothing, mixed celebrity identity, text, watermark, logo artifacts, low detail, blur",Real Male/Popular Under 40,1,False
0191 | Real Male/Popular Under 40/Jimin,"Jimin, adult musician, recognisable likeness from widely known public imagery, polished music-editorial portrait, recognisable contemporary fashion and confident stage-ready presence, clear facial reference, natural skin texture, precise facial structure, refined hair detail, clothed portrait framing, modern wardrobe styling, confident camera-ready expression, cinematic beauty lighting, premium magazine finish, category tag: Real Male/Musician","wrong identity, generic face, altered facial structure, inaccurate hairstyle, age regression, child, teen, underage, distorted eyes, asymmetrical features, plastic skin, bad anatomy, extra fingers, missing fingers, warped clothing, mixed celebrity identity, text, watermark, logo artifacts, low detail, blur",Real Male/Popular Under 40,1,False
0192 | Real Male/Popular Under 40/RM,"RM, adult musician, recognisable likeness from widely known public imagery, polished music-editorial portrait, recognisable contemporary fashion and confident stage-ready presence, clear facial reference, natural skin texture, precise facial structure, refined hair detail, clothed portrait framing, modern wardrobe styling, confident camera-ready expression, cinematic beauty lighting, premium magazine finish, category tag: Real Male/Musician","wrong identity, generic face, altered facial structure, inaccurate hairstyle, age regression, child, teen, underage, distorted eyes, asymmetrical features, plastic skin, bad anatomy, extra fingers, missing fingers, warped clothing, mixed celebrity identity, text, watermark, logo artifacts, low detail, blur",Real Male/Popular Under 40,1,False
0193 | Real Male/Popular Under 40/Suga,"Suga, adult musician, recognisable likeness from widely known public imagery, polished music-editorial portrait, recognisable contemporary fashion and confident stage-ready presence, clear facial reference, natural skin texture, precise facial structure, refined hair detail, clothed portrait framing, modern wardrobe styling, confident camera-ready expression, cinematic beauty lighting, premium magazine finish, category tag: Real Male/Musician","wrong identity, generic face, altered facial structure, inaccurate hairstyle, age regression, child, teen, underage, distorted eyes, asymmetrical features, plastic skin, bad anatomy, extra fingers, missing fingers, warped clothing, mixed celebrity identity, text, watermark, logo artifacts, low detail, blur",Real Male/Popular Under 40,1,False
0194 | Real Male/Popular Under 40/Jin,"Jin, adult musician, recognisable likeness from widely known public imagery, polished music-editorial portrait, recognisable contemporary fashion and confident stage-ready presence, clear facial reference, natural skin texture, precise facial structure, refined hair detail, clothed portrait framing, modern wardrobe styling, confident camera-ready expression, cinematic beauty lighting, premium magazine finish, category tag: Real Male/Musician","wrong identity, generic face, altered facial structure, inaccurate hairstyle, age regression, child, teen, underage, distorted eyes, asymmetrical features, plastic skin, bad anatomy, extra fingers, missing fingers, warped clothing, mixed celebrity identity, text, watermark, logo artifacts, low detail, blur",Real Male/Popular Under 40,1,False
0195 | Real Male/Popular Under 40/J-Hope,"J-Hope, adult musician, recognisable likeness from widely known public imagery, polished music-editorial portrait, recognisable contemporary fashion and confident stage-ready presence, clear facial reference, natural skin texture, precise facial structure, refined hair detail, clothed portrait framing, modern wardrobe styling, confident camera-ready expression, cinematic beauty lighting, premium magazine finish, category tag: Real Male/Musician","wrong identity, generic face, altered facial structure, inaccurate hairstyle, age regression, child, teen, underage, distorted eyes, asymmetrical features, plastic skin, bad anatomy, extra fingers, missing fingers, warped clothing, mixed celebrity identity, text, watermark, logo artifacts, low detail, blur",Real Male/Popular Under 40,1,False
0196 | Real Male/Popular Under 40/Jackson Wang,"Jackson Wang, adult musician, recognisable likeness from widely known public imagery, polished music-editorial portrait, recognisable contemporary fashion and confident stage-ready presence, clear facial reference, natural skin texture, precise facial structure, refined hair detail, clothed portrait framing, modern wardrobe styling, confident camera-ready expression, cinematic beauty lighting, premium magazine finish, category tag: Real Male/Musician","wrong identity, generic face, altered facial structure, inaccurate hairstyle, age regression, child, teen, underage, distorted eyes, asymmetrical features, plastic skin, bad anatomy, extra fingers, missing fingers, warped clothing, mixed celebrity identity, text, watermark, logo artifacts, low detail, blur",Real Male/Popular Under 40,1,False
0197 | Real Male/Popular Under 40/BamBam,"BamBam, adult musician, recognisable likeness from widely known public imagery, polished music-editorial portrait, recognisable contemporary fashion and confident stage-ready presence, clear facial reference, natural skin texture, precise facial structure, refined hair detail, clothed portrait framing, modern wardrobe styling, confident camera-ready expression, cinematic beauty lighting, premium magazine finish, category tag: Real Male/Musician","wrong identity, generic face, altered facial structure, inaccurate hairstyle, age regression, child, teen, underage, distorted eyes, asymmetrical features, plastic skin, bad anatomy, extra fingers, missing fingers, warped clothing, mixed celebrity identity, text, watermark, logo artifacts, low detail, blur",Real Male/Popular Under 40,1,False
0198 | Real Male/Popular Under 40/Bang Chan,"Bang Chan, adult musician, recognisable likeness from widely known public imagery, polished music-editorial portrait, recognisable contemporary fashion and confident stage-ready presence, clear facial reference, natural skin texture, precise facial structure, refined hair detail, clothed portrait framing, modern wardrobe styling, confident camera-ready expression, cinematic beauty lighting, premium magazine finish, category tag: Real Male/Musician","wrong identity, generic face, altered facial structure, inaccurate hairstyle, age regression, child, teen, underage, distorted eyes, asymmetrical features, plastic skin, bad anatomy, extra fingers, missing fingers, warped clothing, mixed celebrity identity, text, watermark, logo artifacts, low detail, blur",Real Male/Popular Under 40,1,False
0199 | Real Male/Popular Under 40/Felix Lee,"Felix Lee, adult musician, recognisable likeness from widely known public imagery, polished music-editorial portrait, recognisable contemporary fashion and confident stage-ready presence, clear facial reference, natural skin texture, precise facial structure, refined hair detail, clothed portrait framing, modern wardrobe styling, confident camera-ready expression, cinematic beauty lighting, premium magazine finish, category tag: Real Male/Musician","wrong identity, generic face, altered facial structure, inaccurate hairstyle, age regression, child, teen, underage, distorted eyes, asymmetrical features, plastic skin, bad anatomy, extra fingers, missing fingers, warped clothing, mixed celebrity identity, text, watermark, logo artifacts, low detail, blur",Real Male/Popular Under 40,1,False
0200 | Real Male/Popular Under 40/Hyunjin,"Hyunjin, adult musician, recognisable likeness from widely known public imagery, polished music-editorial portrait, recognisable contemporary fashion and confident stage-ready presence, clear facial reference, natural skin texture, precise facial structure, refined hair detail, clothed portrait framing, modern wardrobe styling, confident camera-ready expression, cinematic beauty lighting, premium magazine finish, category tag: Real Male/Musician","wrong identity, generic face, altered facial structure, inaccurate hairstyle, age regression, child, teen, underage, distorted eyes, asymmetrical features, plastic skin, bad anatomy, extra fingers, missing fingers, warped clothing, mixed celebrity identity, text, watermark, logo artifacts, low detail, blur",Real Male/Popular Under 40,1,False
0201 | Real Male/Popular Under 40/Yeonjun,"Yeonjun, adult musician, recognisable likeness from widely known public imagery, polished music-editorial portrait, recognisable contemporary fashion and confident stage-ready presence, clear facial reference, natural skin texture, precise facial structure, refined hair detail, clothed portrait framing, modern wardrobe styling, confident camera-ready expression, cinematic beauty lighting, premium magazine finish, category tag: Real Male/Musician","wrong identity, generic face, altered facial structure, inaccurate hairstyle, age regression, child, teen, underage, distorted eyes, asymmetrical features, plastic skin, bad anatomy, extra fingers, missing fingers, warped clothing, mixed celebrity identity, text, watermark, logo artifacts, low detail, blur",Real Male/Popular Under 40,1,False
0202 | Real Male/Popular Under 40/Zayn Malik,"Zayn Malik, adult musician, recognisable likeness from widely known public imagery, polished music-editorial portrait, recognisable contemporary fashion and confident stage-ready presence, clear facial reference, natural skin texture, precise facial structure, refined hair detail, clothed portrait framing, modern wardrobe styling, confident camera-ready expression, cinematic beauty lighting, premium magazine finish, category tag: Real Male/Musician","wrong identity, generic face, altered facial structure, inaccurate hairstyle, age regression, child, teen, underage, distorted eyes, asymmetrical features, plastic skin, bad anatomy, extra fingers, missing fingers, warped clothing, mixed celebrity identity, text, watermark, logo artifacts, low detail, blur",Real Male/Popular Under 40,1,False
0203 | Real Male/Popular Under 40/Niall Horan,"Niall Horan, adult musician, recognisable likeness from widely known public imagery, polished music-editorial portrait, recognisable contemporary fashion and confident stage-ready presence, clear facial reference, natural skin texture, precise facial structure, refined hair detail, clothed portrait framing, modern wardrobe styling, confident camera-ready expression, cinematic beauty lighting, premium magazine finish, category tag: Real Male/Musician","wrong identity, generic face, altered facial structure, inaccurate hairstyle, age regression, child, teen, underage, distorted eyes, asymmetrical features, plastic skin, bad anatomy, extra fingers, missing fingers, warped clothing, mixed celebrity identity, text, watermark, logo artifacts, low detail, blur",Real Male/Popular Under 40,1,False
0204 | Real Male/Popular Under 40/Louis Tomlinson,"Louis Tomlinson, adult musician, recognisable likeness from widely known public imagery, polished music-editorial portrait, recognisable contemporary fashion and confident stage-ready presence, clear facial reference, natural skin texture, precise facial structure, refined hair detail, clothed portrait framing, modern wardrobe styling, confident camera-ready expression, cinematic beauty lighting, premium magazine finish, category tag: Real Male/Musician","wrong identity, generic face, altered facial structure, inaccurate hairstyle, age regression, child, teen, underage, distorted eyes, asymmetrical features, plastic skin, bad anatomy, extra fingers, missing fingers, warped clothing, mixed celebrity identity, text, watermark, logo artifacts, low detail, blur",Real Male/Popular Under 40,1,False
0205 | Real Male/Popular Under 40/Joe Jonas,"Joe Jonas, adult musician, recognisable likeness from widely known public imagery, polished music-editorial portrait, recognisable contemporary fashion and confident stage-ready presence, clear facial reference, natural skin texture, precise facial structure, refined hair detail, clothed portrait framing, modern wardrobe styling, confident camera-ready expression, cinematic beauty lighting, premium magazine finish, category tag: Real Male/Musician","wrong identity, generic face, altered facial structure, inaccurate hairstyle, age regression, child, teen, underage, distorted eyes, asymmetrical features, plastic skin, bad anatomy, extra fingers, missing fingers, warped clothing, mixed celebrity identity, text, watermark, logo artifacts, low detail, blur",Real Male/Popular Under 40,1,False
0206 | Real Male/Popular Under 40/Nick Jonas,"Nick Jonas, adult musician, recognisable likeness from widely known public imagery, polished music-editorial portrait, recognisable contemporary fashion and confident stage-ready presence, clear facial reference, natural skin texture, precise facial structure, refined hair detail, clothed portrait framing, modern wardrobe styling, confident camera-ready expression, cinematic beauty lighting, premium magazine finish, category tag: Real Male/Musician","wrong identity, generic face, altered facial structure, inaccurate hairstyle, age regression, child, teen, underage, distorted eyes, asymmetrical features, plastic skin, bad anatomy, extra fingers, missing fingers, warped clothing, mixed celebrity identity, text, watermark, logo artifacts, low detail, blur",Real Male/Popular Under 40,1,False
0207 | Real Male/Popular Under 40/Kevin Jonas,"Kevin Jonas, adult musician, recognisable likeness from widely known public imagery, polished music-editorial portrait, recognisable contemporary fashion and confident stage-ready presence, clear facial reference, natural skin texture, precise facial structure, refined hair detail, clothed portrait framing, modern wardrobe styling, confident camera-ready expression, cinematic beauty lighting, premium magazine finish, category tag: Real Male/Musician","wrong identity, generic face, altered facial structure, inaccurate hairstyle, age regression, child, teen, underage, distorted eyes, asymmetrical features, plastic skin, bad anatomy, extra fingers, missing fingers, warped clothing, mixed celebrity identity, text, watermark, logo artifacts, low detail, blur",Real Male/Popular Under 40,1,False
0208 | Real Male/Popular Under 40/Sam Fender,"Sam Fender, adult musician, recognisable likeness from widely known public imagery, polished music-editorial portrait, recognisable contemporary fashion and confident stage-ready presence, clear facial reference, natural skin texture, precise facial structure, refined hair detail, clothed portrait framing, modern wardrobe styling, confident camera-ready expression, cinematic beauty lighting, premium magazine finish, category tag: Real Male/Musician","wrong identity, generic face, altered facial structure, inaccurate hairstyle, age regression, child, teen, underage, distorted eyes, asymmetrical features, plastic skin, bad anatomy, extra fingers, missing fingers, warped clothing, mixed celebrity identity, text, watermark, logo artifacts, low detail, blur",Real Male/Popular Under 40,1,False
0209 | Real Male/Popular Under 40/Lewis Capaldi,"Lewis Capaldi, adult musician, recognisable likeness from widely known public imagery, polished music-editorial portrait, recognisable contemporary fashion and confident stage-ready presence, clear facial reference, natural skin texture, precise facial structure, refined hair detail, clothed portrait framing, modern wardrobe styling, confident camera-ready expression, cinematic beauty lighting, premium magazine finish, category tag: Real Male/Musician","wrong identity, generic face, altered facial structure, inaccurate hairstyle, age regression, child, teen, underage, distorted eyes, asymmetrical features, plastic skin, bad anatomy, extra fingers, missing fingers, warped clothing, mixed celebrity identity, text, watermark, logo artifacts, low detail, blur",Real Male/Popular Under 40,1,False
0210 | Real Male/Popular Under 40/Damiano David,"Damiano David, adult musician, recognisable likeness from widely known public imagery, polished music-editorial portrait, recognisable contemporary fashion and confident stage-ready presence, clear facial reference, natural skin texture, precise facial structure, refined hair detail, clothed portrait framing, modern wardrobe styling, confident camera-ready expression, cinematic beauty lighting, premium magazine finish, category tag: Real Male/Musician","wrong identity, generic face, altered facial structure, inaccurate hairstyle, age regression, child, teen, underage, distorted eyes, asymmetrical features, plastic skin, bad anatomy, extra fingers, missing fingers, warped clothing, mixed celebrity identity, text, watermark, logo artifacts, low detail, blur",Real Male/Popular Under 40,1,False
0211 | Real Male/Popular Under 40/Calum Scott,"Calum Scott, adult musician, recognisable likeness from widely known public imagery, polished music-editorial portrait, recognisable contemporary fashion and confident stage-ready presence, clear facial reference, natural skin texture, precise facial structure, refined hair detail, clothed portrait framing, modern wardrobe styling, confident camera-ready expression, cinematic beauty lighting, premium magazine finish, category tag: Real Male/Musician","wrong identity, generic face, altered facial structure, inaccurate hairstyle, age regression, child, teen, underage, distorted eyes, asymmetrical features, plastic skin, bad anatomy, extra fingers, missing fingers, warped clothing, mixed celebrity identity, text, watermark, logo artifacts, low detail, blur",Real Male/Popular Under 40,1,False
0212 | Real Male/Popular Under 40/Dermot Kennedy,"Dermot Kennedy, adult musician, recognisable likeness from widely known public imagery, polished music-editorial portrait, recognisable contemporary fashion and confident stage-ready presence, clear facial reference, natural skin texture, precise facial structure, refined hair detail, clothed portrait framing, modern wardrobe styling, confident camera-ready expression, cinematic beauty lighting, premium magazine finish, category tag: Real Male/Musician","wrong identity, generic face, altered facial structure, inaccurate hairstyle, age regression, child, teen, underage, distorted eyes, asymmetrical features, plastic skin, bad anatomy, extra fingers, missing fingers, warped clothing, mixed celebrity identity, text, watermark, logo artifacts, low detail, blur",Real Male/Popular Under 40,1,False
0213 | Real Male/Popular Under 40/Paolo Nutini,"Paolo Nutini, adult musician, recognisable likeness from widely known public imagery, polished music-editorial portrait, recognisable contemporary fashion and confident stage-ready presence, clear facial reference, natural skin texture, precise facial structure, refined hair detail, clothed portrait framing, modern wardrobe styling, confident camera-ready expression, cinematic beauty lighting, premium magazine finish, category tag: Real Male/Musician","wrong identity, generic face, altered facial structure, inaccurate hairstyle, age regression, child, teen, underage, distorted eyes, asymmetrical features, plastic skin, bad anatomy, extra fingers, missing fingers, warped clothing, mixed celebrity identity, text, watermark, logo artifacts, low detail, blur",Real Male/Popular Under 40,1,False
0214 | Real Male/Popular Under 40/Bryson Tiller,"Bryson Tiller, adult musician, recognisable likeness from widely known public imagery, polished music-editorial portrait, recognisable contemporary fashion and confident stage-ready presence, clear facial reference, natural skin texture, precise facial structure, refined hair detail, clothed portrait framing, modern wardrobe styling, confident camera-ready expression, cinematic beauty lighting, premium magazine finish, category tag: Real Male/Musician","wrong identity, generic face, altered facial structure, inaccurate hairstyle, age regression, child, teen, underage, distorted eyes, asymmetrical features, plastic skin, bad anatomy, extra fingers, missing fingers, warped clothing, mixed celebrity identity, text, watermark, logo artifacts, low detail, blur",Real Male/Popular Under 40,1,False
0215 | Real Male/Popular Under 40/Daniel Caesar,"Daniel Caesar, adult musician, recognisable likeness from widely known public imagery, polished music-editorial portrait, recognisable contemporary fashion and confident stage-ready presence, clear facial reference, natural skin texture, precise facial structure, refined hair detail, clothed portrait framing, modern wardrobe styling, confident camera-ready expression, cinematic beauty lighting, premium magazine finish, category tag: Real Male/Musician","wrong identity, generic face, altered facial structure, inaccurate hairstyle, age regression, child, teen, underage, distorted eyes, asymmetrical features, plastic skin, bad anatomy, extra fingers, missing fingers, warped clothing, mixed celebrity identity, text, watermark, logo artifacts, low detail, blur",Real Male/Popular Under 40,1,False
0216 | Real Male/Popular Under 40/Joji,"Joji, adult musician, recognisable likeness from widely known public imagery, polished music-editorial portrait, recognisable contemporary fashion and confident stage-ready presence, clear facial reference, natural skin texture, precise facial structure, refined hair detail, clothed portrait framing, modern wardrobe styling, confident camera-ready expression, cinematic beauty lighting, premium magazine finish, category tag: Real Male/Musician","wrong identity, generic face, altered facial structure, inaccurate hairstyle, age regression, child, teen, underage, distorted eyes, asymmetrical features, plastic skin, bad anatomy, extra fingers, missing fingers, warped clothing, mixed celebrity identity, text, watermark, logo artifacts, low detail, blur",Real Male/Popular Under 40,1,False
0217 | Real Male/Popular Under 40/Keshi,"Keshi, adult musician, recognisable likeness from widely known public imagery, polished music-editorial portrait, recognisable contemporary fashion and confident stage-ready presence, clear facial reference, natural skin texture, precise facial structure, refined hair detail, clothed portrait framing, modern wardrobe styling, confident camera-ready expression, cinematic beauty lighting, premium magazine finish, category tag: Real Male/Musician","wrong identity, generic face, altered facial structure, inaccurate hairstyle, age regression, child, teen, underage, distorted eyes, asymmetrical features, plastic skin, bad anatomy, extra fingers, missing fingers, warped clothing, mixed celebrity identity, text, watermark, logo artifacts, low detail, blur",Real Male/Popular Under 40,1,False
0218 | Real Male/Popular Under 40/Lauv,"Lauv, adult musician, recognisable likeness from widely known public imagery, polished music-editorial portrait, recognisable contemporary fashion and confident stage-ready presence, clear facial reference, natural skin texture, precise facial structure, refined hair detail, clothed portrait framing, modern wardrobe styling, confident camera-ready expression, cinematic beauty lighting, premium magazine finish, category tag: Real Male/Musician","wrong identity, generic face, altered facial structure, inaccurate hairstyle, age regression, child, teen, underage, distorted eyes, asymmetrical features, plastic skin, bad anatomy, extra fingers, missing fingers, warped clothing, mixed celebrity identity, text, watermark, logo artifacts, low detail, blur",Real Male/Popular Under 40,1,False
0219 | Real Male/Popular Under 40/Role Model,"Role Model, adult musician, recognisable likeness from widely known public imagery, polished music-editorial portrait, recognisable contemporary fashion and confident stage-ready presence, clear facial reference, natural skin texture, precise facial structure, refined hair detail, clothed portrait framing, modern wardrobe styling, confident camera-ready expression, cinematic beauty lighting, premium magazine finish, category tag: Real Male/Musician","wrong identity, generic face, altered facial structure, inaccurate hairstyle, age regression, child, teen, underage, distorted eyes, asymmetrical features, plastic skin, bad anatomy, extra fingers, missing fingers, warped clothing, mixed celebrity identity, text, watermark, logo artifacts, low detail, blur",Real Male/Popular Under 40,1,False
0220 | Real Male/Popular Under 40/MrBeast,"MrBeast, adult creator, recognisable likeness from widely known public imagery, high-end digital-creator portrait, recognisable public-facing style, modern studio or lifestyle presentation, clear facial reference, natural skin texture, precise facial structure, refined hair detail, clothed portrait framing, modern wardrobe styling, confident camera-ready expression, cinematic beauty lighting, premium magazine finish, category tag: Real Male/Creator","wrong identity, generic face, altered facial structure, inaccurate hairstyle, age regression, child, teen, underage, distorted eyes, asymmetrical features, plastic skin, bad anatomy, extra fingers, missing fingers, warped clothing, mixed celebrity identity, text, watermark, logo artifacts, low detail, blur",Real Male/Popular Under 40,1,False
0221 | Real Male/Popular Under 40/Jake Paul,"Jake Paul, adult creator, recognisable likeness from widely known public imagery, high-end digital-creator portrait, recognisable public-facing style, modern studio or lifestyle presentation, clear facial reference, natural skin texture, precise facial structure, refined hair detail, clothed portrait framing, modern wardrobe styling, confident camera-ready expression, cinematic beauty lighting, premium magazine finish, category tag: Real Male/Creator","wrong identity, generic face, altered facial structure, inaccurate hairstyle, age regression, child, teen, underage, distorted eyes, asymmetrical features, plastic skin, bad anatomy, extra fingers, missing fingers, warped clothing, mixed celebrity identity, text, watermark, logo artifacts, low detail, blur",Real Male/Popular Under 40,1,False
0222 | Real Male/Popular Under 40/Logan Paul,"Logan Paul, adult creator, recognisable likeness from widely known public imagery, high-end digital-creator portrait, recognisable public-facing style, modern studio or lifestyle presentation, clear facial reference, natural skin texture, precise facial structure, refined hair detail, clothed portrait framing, modern wardrobe styling, confident camera-ready expression, cinematic beauty lighting, premium magazine finish, category tag: Real Male/Creator","wrong identity, generic face, altered facial structure, inaccurate hairstyle, age regression, child, teen, underage, distorted eyes, asymmetrical features, plastic skin, bad anatomy, extra fingers, missing fingers, warped clothing, mixed celebrity identity, text, watermark, logo artifacts, low detail, blur",Real Male/Popular Under 40,1,False
0223 | Real Male/Popular Under 40/KSI,"KSI, adult creator, recognisable likeness from widely known public imagery, high-end digital-creator portrait, recognisable public-facing style, modern studio or lifestyle presentation, clear facial reference, natural skin texture, precise facial structure, refined hair detail, clothed portrait framing, modern wardrobe styling, confident camera-ready expression, cinematic beauty lighting, premium magazine finish, category tag: Real Male/Creator","wrong identity, generic face, altered facial structure, inaccurate hairstyle, age regression, child, teen, underage, distorted eyes, asymmetrical features, plastic skin, bad anatomy, extra fingers, missing fingers, warped clothing, mixed celebrity identity, text, watermark, logo artifacts, low detail, blur",Real Male/Popular Under 40,1,False
0224 | Real Male/Popular Under 40/IShowSpeed,"IShowSpeed, adult creator, recognisable likeness from widely known public imagery, high-end digital-creator portrait, recognisable public-facing style, modern studio or lifestyle presentation, clear facial reference, natural skin texture, precise facial structure, refined hair detail, clothed portrait framing, modern wardrobe styling, confident camera-ready expression, cinematic beauty lighting, premium magazine finish, category tag: Real Male/Creator","wrong identity, generic face, altered facial structure, inaccurate hairstyle, age regression, child, teen, underage, distorted eyes, asymmetrical features, plastic skin, bad anatomy, extra fingers, missing fingers, warped clothing, mixed celebrity identity, text, watermark, logo artifacts, low detail, blur",Real Male/Popular Under 40,1,False
0225 | Real Male/Popular Under 40/Kai Cenat,"Kai Cenat, adult creator, recognisable likeness from widely known public imagery, high-end digital-creator portrait, recognisable public-facing style, modern studio or lifestyle presentation, clear facial reference, natural skin texture, precise facial structure, refined hair detail, clothed portrait framing, modern wardrobe styling, confident camera-ready expression, cinematic beauty lighting, premium magazine finish, category tag: Real Male/Creator","wrong identity, generic face, altered facial structure, inaccurate hairstyle, age regression, child, teen, underage, distorted eyes, asymmetrical features, plastic skin, bad anatomy, extra fingers, missing fingers, warped clothing, mixed celebrity identity, text, watermark, logo artifacts, low detail, blur",Real Male/Popular Under 40,1,False
0226 | Real Male/Popular Under 40/Markiplier,"Markiplier, adult creator, recognisable likeness from widely known public imagery, high-end digital-creator portrait, recognisable public-facing style, modern studio or lifestyle presentation, clear facial reference, natural skin texture, precise facial structure, refined hair detail, clothed portrait framing, modern wardrobe styling, confident camera-ready expression, cinematic beauty lighting, premium magazine finish, category tag: Real Male/Creator","wrong identity, generic face, altered facial structure, inaccurate hairstyle, age regression, child, teen, underage, distorted eyes, asymmetrical features, plastic skin, bad anatomy, extra fingers, missing fingers, warped clothing, mixed celebrity identity, text, watermark, logo artifacts, low detail, blur",Real Male/Popular Under 40,1,False
0227 | Real Male/Popular Under 40/Jacksepticeye,"Jacksepticeye, adult creator, recognisable likeness from widely known public imagery, high-end digital-creator portrait, recognisable public-facing style, modern studio or lifestyle presentation, clear facial reference, natural skin texture, precise facial structure, refined hair detail, clothed portrait framing, modern wardrobe styling, confident camera-ready expression, cinematic beauty lighting, premium magazine finish, category tag: Real Male/Creator","wrong identity, generic face, altered facial structure, inaccurate hairstyle, age regression, child, teen, underage, distorted eyes, asymmetrical features, plastic skin, bad anatomy, extra fingers, missing fingers, warped clothing, mixed celebrity identity, text, watermark, logo artifacts, low detail, blur",Real Male/Popular Under 40,1,False
0228 | Real Male/Popular Under 40/PewDiePie,"PewDiePie, adult creator, recognisable likeness from widely known public imagery, high-end digital-creator portrait, recognisable public-facing style, modern studio or lifestyle presentation, clear facial reference, natural skin texture, precise facial structure, refined hair detail, clothed portrait framing, modern wardrobe styling, confident camera-ready expression, cinematic beauty lighting, premium magazine finish, category tag: Real Male/Creator","wrong identity, generic face, altered facial structure, inaccurate hairstyle, age regression, child, teen, underage, distorted eyes, asymmetrical features, plastic skin, bad anatomy, extra fingers, missing fingers, warped clothing, mixed celebrity identity, text, watermark, logo artifacts, low detail, blur",Real Male/Popular Under 40,1,False
0229 | Real Male/Popular Under 40/Ludwig Ahgren,"Ludwig Ahgren, adult creator, recognisable likeness from widely known public imagery, high-end digital-creator portrait, recognisable public-facing style, modern studio or lifestyle presentation, clear facial reference, natural skin texture, precise facial structure, refined hair detail, clothed portrait framing, modern wardrobe styling, confident camera-ready expression, cinematic beauty lighting, premium magazine finish, category tag: Real Male/Creator","wrong identity, generic face, altered facial structure, inaccurate hairstyle, age regression, child, teen, underage, distorted eyes, asymmetrical features, plastic skin, bad anatomy, extra fingers, missing fingers, warped clothing, mixed celebrity identity, text, watermark, logo artifacts, low detail, blur",Real Male/Popular Under 40,1,False
0230 | Real Male/Popular Under 40/Hasan Piker,"Hasan Piker, adult creator, recognisable likeness from widely known public imagery, high-end digital-creator portrait, recognisable public-facing style, modern studio or lifestyle presentation, clear facial reference, natural skin texture, precise facial structure, refined hair detail, clothed portrait framing, modern wardrobe styling, confident camera-ready expression, cinematic beauty lighting, premium magazine finish, category tag: Real Male/Creator","wrong identity, generic face, altered facial structure, inaccurate hairstyle, age regression, child, teen, underage, distorted eyes, asymmetrical features, plastic skin, bad anatomy, extra fingers, missing fingers, warped clothing, mixed celebrity identity, text, watermark, logo artifacts, low detail, blur",Real Male/Popular Under 40,1,False
0231 | Real Male/Popular Under 40/MoistCr1TiKaL,"MoistCr1TiKaL, adult creator, recognisable likeness from widely known public imagery, high-end digital-creator portrait, recognisable public-facing style, modern studio or lifestyle presentation, clear facial reference, natural skin texture, precise facial structure, refined hair detail, clothed portrait framing, modern wardrobe styling, confident camera-ready expression, cinematic beauty lighting, premium magazine finish, category tag: Real Male/Creator","wrong identity, generic face, altered facial structure, inaccurate hairstyle, age regression, child, teen, underage, distorted eyes, asymmetrical features, plastic skin, bad anatomy, extra fingers, missing fingers, warped clothing, mixed celebrity identity, text, watermark, logo artifacts, low detail, blur",Real Male/Popular Under 40,1,False
0232 | Real Male/Popular Under 40/Dream,"Dream, adult creator, recognisable likeness from widely known public imagery, high-end digital-creator portrait, recognisable public-facing style, modern studio or lifestyle presentation, clear facial reference, natural skin texture, precise facial structure, refined hair detail, clothed portrait framing, modern wardrobe styling, confident camera-ready expression, cinematic beauty lighting, premium magazine finish, category tag: Real Male/Creator","wrong identity, generic face, altered facial structure, inaccurate hairstyle, age regression, child, teen, underage, distorted eyes, asymmetrical features, plastic skin, bad anatomy, extra fingers, missing fingers, warped clothing, mixed celebrity identity, text, watermark, logo artifacts, low detail, blur",Real Male/Popular Under 40,1,False
0233 | Real Male/Popular Under 40/GeorgeNotFound,"GeorgeNotFound, adult creator, recognisable likeness from widely known public imagery, high-end digital-creator portrait, recognisable public-facing style, modern studio or lifestyle presentation, clear facial reference, natural skin texture, precise facial structure, refined hair detail, clothed portrait framing, modern wardrobe styling, confident camera-ready expression, cinematic beauty lighting, premium magazine finish, category tag: Real Male/Creator","wrong identity, generic face, altered facial structure, inaccurate hairstyle, age regression, child, teen, underage, distorted eyes, asymmetrical features, plastic skin, bad anatomy, extra fingers, missing fingers, warped clothing, mixed celebrity identity, text, watermark, logo artifacts, low detail, blur",Real Male/Popular Under 40,1,False
0234 | Real Male/Popular Under 40/Sapnap,"Sapnap, adult creator, recognisable likeness from widely known public imagery, high-end digital-creator portrait, recognisable public-facing style, modern studio or lifestyle presentation, clear facial reference, natural skin texture, precise facial structure, refined hair detail, clothed portrait framing, modern wardrobe styling, confident camera-ready expression, cinematic beauty lighting, premium magazine finish, category tag: Real Male/Creator","wrong identity, generic face, altered facial structure, inaccurate hairstyle, age regression, child, teen, underage, distorted eyes, asymmetrical features, plastic skin, bad anatomy, extra fingers, missing fingers, warped clothing, mixed celebrity identity, text, watermark, logo artifacts, low detail, blur",Real Male/Popular Under 40,1,False
0235 | Real Male/Popular Under 40/TommyInnit,"TommyInnit, adult creator, recognisable likeness from widely known public imagery, high-end digital-creator portrait, recognisable public-facing style, modern studio or lifestyle presentation, clear facial reference, natural skin texture, precise facial structure, refined hair detail, clothed portrait framing, modern wardrobe styling, confident camera-ready expression, cinematic beauty lighting, premium magazine finish, category tag: Real Male/Creator","wrong identity, generic face, altered facial structure, inaccurate hairstyle, age regression, child, teen, underage, distorted eyes, asymmetrical features, plastic skin, bad anatomy, extra fingers, missing fingers, warped clothing, mixed celebrity identity, text, watermark, logo artifacts, low detail, blur",Real Male/Popular Under 40,1,False
0236 | Real Male/Popular Under 40/Tubbo,"Tubbo, adult creator, recognisable likeness from widely known public imagery, high-end digital-creator portrait, recognisable public-facing style, modern studio or lifestyle presentation, clear facial reference, natural skin texture, precise facial structure, refined hair detail, clothed portrait framing, modern wardrobe styling, confident camera-ready expression, cinematic beauty lighting, premium magazine finish, category tag: Real Male/Creator","wrong identity, generic face, altered facial structure, inaccurate hairstyle, age regression, child, teen, underage, distorted eyes, asymmetrical features, plastic skin, bad anatomy, extra fingers, missing fingers, warped clothing, mixed celebrity identity, text, watermark, logo artifacts, low detail, blur",Real Male/Popular Under 40,1,False
0237 | Real Male/Popular Under 40/Ranboo,"Ranboo, adult creator, recognisable likeness from widely known public imagery, high-end digital-creator portrait, recognisable public-facing style, modern studio or lifestyle presentation, clear facial reference, natural skin texture, precise facial structure, refined hair detail, clothed portrait framing, modern wardrobe styling, confident camera-ready expression, cinematic beauty lighting, premium magazine finish, category tag: Real Male/Creator","wrong identity, generic face, altered facial structure, inaccurate hairstyle, age regression, child, teen, underage, distorted eyes, asymmetrical features, plastic skin, bad anatomy, extra fingers, missing fingers, warped clothing, mixed celebrity identity, text, watermark, logo artifacts, low detail, blur",Real Male/Popular Under 40,1,False
0238 | Real Male/Popular Under 40/Ninja,"Ninja, adult creator, recognisable likeness from widely known public imagery, high-end digital-creator portrait, recognisable public-facing style, modern studio or lifestyle presentation, clear facial reference, natural skin texture, precise facial structure, refined hair detail, clothed portrait framing, modern wardrobe styling, confident camera-ready expression, cinematic beauty lighting, premium magazine finish, category tag: Real Male/Creator","wrong identity, generic face, altered facial structure, inaccurate hairstyle, age regression, child, teen, underage, distorted eyes, asymmetrical features, plastic skin, bad anatomy, extra fingers, missing fingers, warped clothing, mixed celebrity identity, text, watermark, logo artifacts, low detail, blur",Real Male/Popular Under 40,1,False
0239 | Real Male/Popular Under 40/Sykkuno,"Sykkuno, adult creator, recognisable likeness from widely known public imagery, high-end digital-creator portrait, recognisable public-facing style, modern studio or lifestyle presentation, clear facial reference, natural skin texture, precise facial structure, refined hair detail, clothed portrait framing, modern wardrobe styling, confident camera-ready expression, cinematic beauty lighting, premium magazine finish, category tag: Real Male/Creator","wrong identity, generic face, altered facial structure, inaccurate hairstyle, age regression, child, teen, underage, distorted eyes, asymmetrical features, plastic skin, bad anatomy, extra fingers, missing fingers, warped clothing, mixed celebrity identity, text, watermark, logo artifacts, low detail, blur",Real Male/Popular Under 40,1,False
0240 | Real Male/Popular Under 40/xQc,"xQc, adult creator, recognisable likeness from widely known public imagery, high-end digital-creator portrait, recognisable public-facing style, modern studio or lifestyle presentation, clear facial reference, natural skin texture, precise facial structure, refined hair detail, clothed portrait framing, modern wardrobe styling, confident camera-ready expression, cinematic beauty lighting, premium magazine finish, category tag: Real Male/Creator","wrong identity, generic face, altered facial structure, inaccurate hairstyle, age regression, child, teen, underage, distorted eyes, asymmetrical features, plastic skin, bad anatomy, extra fingers, missing fingers, warped clothing, mixed celebrity identity, text, watermark, logo artifacts, low detail, blur",Real Male/Popular Under 40,1,False
0241 | Real Male/Popular Under 40/Adin Ross,"Adin Ross, adult creator, recognisable likeness from widely known public imagery, high-end digital-creator portrait, recognisable public-facing style, modern studio or lifestyle presentation, clear facial reference, natural skin texture, precise facial structure, refined hair detail, clothed portrait framing, modern wardrobe styling, confident camera-ready expression, cinematic beauty lighting, premium magazine finish, category tag: Real Male/Creator","wrong identity, generic face, altered facial structure, inaccurate hairstyle, age regression, child, teen, underage, distorted eyes, asymmetrical features, plastic skin, bad anatomy, extra fingers, missing fingers, warped clothing, mixed celebrity identity, text, watermark, logo artifacts, low detail, blur",Real Male/Popular Under 40,1,False
0242 | Real Male/Popular Under 40/Jynxzi,"Jynxzi, adult creator, recognisable likeness from widely known public imagery, high-end digital-creator portrait, recognisable public-facing style, modern studio or lifestyle presentation, clear facial reference, natural skin texture, precise facial structure, refined hair detail, clothed portrait framing, modern wardrobe styling, confident camera-ready expression, cinematic beauty lighting, premium magazine finish, category tag: Real Male/Creator","wrong identity, generic face, altered facial structure, inaccurate hairstyle, age regression, child, teen, underage, distorted eyes, asymmetrical features, plastic skin, bad anatomy, extra fingers, missing fingers, warped clothing, mixed celebrity identity, text, watermark, logo artifacts, low detail, blur",Real Male/Popular Under 40,1,False
0243 | Real Male/Popular Under 40/CaseOh,"CaseOh, adult creator, recognisable likeness from widely known public imagery, high-end digital-creator portrait, recognisable public-facing style, modern studio or lifestyle presentation, clear facial reference, natural skin texture, precise facial structure, refined hair detail, clothed portrait framing, modern wardrobe styling, confident camera-ready expression, cinematic beauty lighting, premium magazine finish, category tag: Real Male/Creator","wrong identity, generic face, altered facial structure, inaccurate hairstyle, age regression, child, teen, underage, distorted eyes, asymmetrical features, plastic skin, bad anatomy, extra fingers, missing fingers, warped clothing, mixed celebrity identity, text, watermark, logo artifacts, low detail, blur",Real Male/Popular Under 40,1,False
0244 | Real Male/Popular Under 40/Sketch,"Sketch, adult creator, recognisable likeness from widely known public imagery, high-end digital-creator portrait, recognisable public-facing style, modern studio or lifestyle presentation, clear facial reference, natural skin texture, precise facial structure, refined hair detail, clothed portrait framing, modern wardrobe styling, confident camera-ready expression, cinematic beauty lighting, premium magazine finish, category tag: Real Male/Creator","wrong identity, generic face, altered facial structure, inaccurate hairstyle, age regression, child, teen, underage, distorted eyes, asymmetrical features, plastic skin, bad anatomy, extra fingers, missing fingers, warped clothing, mixed celebrity identity, text, watermark, logo artifacts, low detail, blur",Real Male/Popular Under 40,1,False
0245 | Real Male/Popular Under 40/FaZe Rug,"FaZe Rug, adult creator, recognisable likeness from widely known public imagery, high-end digital-creator portrait, recognisable public-facing style, modern studio or lifestyle presentation, clear facial reference, natural skin texture, precise facial structure, refined hair detail, clothed portrait framing, modern wardrobe styling, confident camera-ready expression, cinematic beauty lighting, premium magazine finish, category tag: Real Male/Creator","wrong identity, generic face, altered facial structure, inaccurate hairstyle, age regression, child, teen, underage, distorted eyes, asymmetrical features, plastic skin, bad anatomy, extra fingers, missing fingers, warped clothing, mixed celebrity identity, text, watermark, logo artifacts, low detail, blur",Real Male/Popular Under 40,1,False
0246 | Real Male/Popular Under 40/FaZe Banks,"FaZe Banks, adult creator, recognisable likeness from widely known public imagery, high-end digital-creator portrait, recognisable public-facing style, modern studio or lifestyle presentation, clear facial reference, natural skin texture, precise facial structure, refined hair detail, clothed portrait framing, modern wardrobe styling, confident camera-ready expression, cinematic beauty lighting, premium magazine finish, category tag: Real Male/Creator","wrong identity, generic face, altered facial structure, inaccurate hairstyle, age regression, child, teen, underage, distorted eyes, asymmetrical features, plastic skin, bad anatomy, extra fingers, missing fingers, warped clothing, mixed celebrity identity, text, watermark, logo artifacts, low detail, blur",Real Male/Popular Under 40,1,False
0247 | Real Male/Popular Under 40/FaZe Adapt,"FaZe Adapt, adult creator, recognisable likeness from widely known public imagery, high-end digital-creator portrait, recognisable public-facing style, modern studio or lifestyle presentation, clear facial reference, natural skin texture, precise facial structure, refined hair detail, clothed portrait framing, modern wardrobe styling, confident camera-ready expression, cinematic beauty lighting, premium magazine finish, category tag: Real Male/Creator","wrong identity, generic face, altered facial structure, inaccurate hairstyle, age regression, child, teen, underage, distorted eyes, asymmetrical features, plastic skin, bad anatomy, extra fingers, missing fingers, warped clothing, mixed celebrity identity, text, watermark, logo artifacts, low detail, blur",Real Male/Popular Under 40,1,False
0248 | Real Male/Popular Under 40/FaZe Apex,"FaZe Apex, adult creator, recognisable likeness from widely known public imagery, high-end digital-creator portrait, recognisable public-facing style, modern studio or lifestyle presentation, clear facial reference, natural skin texture, precise facial structure, refined hair detail, clothed portrait framing, modern wardrobe styling, confident camera-ready expression, cinematic beauty lighting, premium magazine finish, category tag: Real Male/Creator","wrong identity, generic face, altered facial structure, inaccurate hairstyle, age regression, child, teen, underage, distorted eyes, asymmetrical features, plastic skin, bad anatomy, extra fingers, missing fingers, warped clothing, mixed celebrity identity, text, watermark, logo artifacts, low detail, blur",Real Male/Popular Under 40,1,False
0249 | Real Male/Popular Under 40/FaZe Temperrr,"FaZe Temperrr, adult creator, recognisable likeness from widely known public imagery, high-end digital-creator portrait, recognisable public-facing style, modern studio or lifestyle presentation, clear facial reference, natural skin texture, precise facial structure, refined hair detail, clothed portrait framing, modern wardrobe styling, confident camera-ready expression, cinematic beauty lighting, premium magazine finish, category tag: Real Male/Creator","wrong identity, generic face, altered facial structure, inaccurate hairstyle, age regression, child, teen, underage, distorted eyes, asymmetrical features, plastic skin, bad anatomy, extra fingers, missing fingers, warped clothing, mixed celebrity identity, text, watermark, logo artifacts, low detail, blur",Real Male/Popular Under 40,1,False
0250 | Real Male/Popular Under 40/Miniminter,"Miniminter, adult creator, recognisable likeness from widely known public imagery, high-end digital-creator portrait, recognisable public-facing style, modern studio or lifestyle presentation, clear facial reference, natural skin texture, precise facial structure, refined hair detail, clothed portrait framing, modern wardrobe styling, confident camera-ready expression, cinematic beauty lighting, premium magazine finish, category tag: Real Male/Creator","wrong identity, generic face, altered facial structure, inaccurate hairstyle, age regression, child, teen, underage, distorted eyes, asymmetrical features, plastic skin, bad anatomy, extra fingers, missing fingers, warped clothing, mixed celebrity identity, text, watermark, logo artifacts, low detail, blur",Real Male/Popular Under 40,1,False
0251 | Real Male/Popular Under 40/Zerkaa,"Zerkaa, adult creator, recognisable likeness from widely known public imagery, high-end digital-creator portrait, recognisable public-facing style, modern studio or lifestyle presentation, clear facial reference, natural skin texture, precise facial structure, refined hair detail, clothed portrait framing, modern wardrobe styling, confident camera-ready expression, cinematic beauty lighting, premium magazine finish, category tag: Real Male/Creator","wrong identity, generic face, altered facial structure, inaccurate hairstyle, age regression, child, teen, underage, distorted eyes, asymmetrical features, plastic skin, bad anatomy, extra fingers, missing fingers, warped clothing, mixed celebrity identity, text, watermark, logo artifacts, low detail, blur",Real Male/Popular Under 40,1,False
0252 | Real Male/Popular Under 40/TBJZL,"TBJZL, adult creator, recognisable likeness from widely known public imagery, high-end digital-creator portrait, recognisable public-facing style, modern studio or lifestyle presentation, clear facial reference, natural skin texture, precise facial structure, refined hair detail, clothed portrait framing, modern wardrobe styling, confident camera-ready expression, cinematic beauty lighting, premium magazine finish, category tag: Real Male/Creator","wrong identity, generic face, altered facial structure, inaccurate hairstyle, age regression, child, teen, underage, distorted eyes, asymmetrical features, plastic skin, bad anatomy, extra fingers, missing fingers, warped clothing, mixed celebrity identity, text, watermark, logo artifacts, low detail, blur",Real Male/Popular Under 40,1,False
0253 | Real Male/Popular Under 40/Vikkstar123,"Vikkstar123, adult creator, recognisable likeness from widely known public imagery, high-end digital-creator portrait, recognisable public-facing style, modern studio or lifestyle presentation, clear facial reference, natural skin texture, precise facial structure, refined hair detail, clothed portrait framing, modern wardrobe styling, confident camera-ready expression, cinematic beauty lighting, premium magazine finish, category tag: Real Male/Creator","wrong identity, generic face, altered facial structure, inaccurate hairstyle, age regression, child, teen, underage, distorted eyes, asymmetrical features, plastic skin, bad anatomy, extra fingers, missing fingers, warped clothing, mixed celebrity identity, text, watermark, logo artifacts, low detail, blur",Real Male/Popular Under 40,1,False
0254 | Real Male/Popular Under 40/Behzinga,"Behzinga, adult creator, recognisable likeness from widely known public imagery, high-end digital-creator portrait, recognisable public-facing style, modern studio or lifestyle presentation, clear facial reference, natural skin texture, precise facial structure, refined hair detail, clothed portrait framing, modern wardrobe styling, confident camera-ready expression, cinematic beauty lighting, premium magazine finish, category tag: Real Male/Creator","wrong identity, generic face, altered facial structure, inaccurate hairstyle, age regression, child, teen, underage, distorted eyes, asymmetrical features, plastic skin, bad anatomy, extra fingers, missing fingers, warped clothing, mixed celebrity identity, text, watermark, logo artifacts, low detail, blur",Real Male/Popular Under 40,1,False
0255 | Real Male/Popular Under 40/W2S,"W2S, adult creator, recognisable likeness from widely known public imagery, high-end digital-creator portrait, recognisable public-facing style, modern studio or lifestyle presentation, clear facial reference, natural skin texture, precise facial structure, refined hair detail, clothed portrait framing, modern wardrobe styling, confident camera-ready expression, cinematic beauty lighting, premium magazine finish, category tag: Real Male/Creator","wrong identity, generic face, altered facial structure, inaccurate hairstyle, age regression, child, teen, underage, distorted eyes, asymmetrical features, plastic skin, bad anatomy, extra fingers, missing fingers, warped clothing, mixed celebrity identity, text, watermark, logo artifacts, low detail, blur",Real Male/Popular Under 40,1,False
0256 | Real Male/Popular Under 40/Chunkz,"Chunkz, adult creator, recognisable likeness from widely known public imagery, high-end digital-creator portrait, recognisable public-facing style, modern studio or lifestyle presentation, clear facial reference, natural skin texture, precise facial structure, refined hair detail, clothed portrait framing, modern wardrobe styling, confident camera-ready expression, cinematic beauty lighting, premium magazine finish, category tag: Real Male/Creator","wrong identity, generic face, altered facial structure, inaccurate hairstyle, age regression, child, teen, underage, distorted eyes, asymmetrical features, plastic skin, bad anatomy, extra fingers, missing fingers, warped clothing, mixed celebrity identity, text, watermark, logo artifacts, low detail, blur",Real Male/Popular Under 40,1,False
0257 | Real Male/Popular Under 40/Niko Omilana,"Niko Omilana, adult creator, recognisable likeness from widely known public imagery, high-end digital-creator portrait, recognisable public-facing style, modern studio or lifestyle presentation, clear facial reference, natural skin texture, precise facial structure, refined hair detail, clothed portrait framing, modern wardrobe styling, confident camera-ready expression, cinematic beauty lighting, premium magazine finish, category tag: Real Male/Creator","wrong identity, generic face, altered facial structure, inaccurate hairstyle, age regression, child, teen, underage, distorted eyes, asymmetrical features, plastic skin, bad anatomy, extra fingers, missing fingers, warped clothing, mixed celebrity identity, text, watermark, logo artifacts, low detail, blur",Real Male/Popular Under 40,1,False
0258 | Real Male/Popular Under 40/AJ Shabeel,"AJ Shabeel, adult creator, recognisable likeness from widely known public imagery, high-end digital-creator portrait, recognisable public-facing style, modern studio or lifestyle presentation, clear facial reference, natural skin texture, precise facial structure, refined hair detail, clothed portrait framing, modern wardrobe styling, confident camera-ready expression, cinematic beauty lighting, premium magazine finish, category tag: Real Male/Creator","wrong identity, generic face, altered facial structure, inaccurate hairstyle, age regression, child, teen, underage, distorted eyes, asymmetrical features, plastic skin, bad anatomy, extra fingers, missing fingers, warped clothing, mixed celebrity identity, text, watermark, logo artifacts, low detail, blur",Real Male/Popular Under 40,1,False
0259 | Real Male/Popular Under 40/Sharky,"Sharky, adult creator, recognisable likeness from widely known public imagery, high-end digital-creator portrait, recognisable public-facing style, modern studio or lifestyle presentation, clear facial reference, natural skin texture, precise facial structure, refined hair detail, clothed portrait framing, modern wardrobe styling, confident camera-ready expression, cinematic beauty lighting, premium magazine finish, category tag: Real Male/Creator","wrong identity, generic face, altered facial structure, inaccurate hairstyle, age regression, child, teen, underage, distorted eyes, asymmetrical features, plastic skin, bad anatomy, extra fingers, missing fingers, warped clothing, mixed celebrity identity, text, watermark, logo artifacts, low detail, blur",Real Male/Popular Under 40,1,False
0260 | Real Male/Popular Under 40/King Kenny,"King Kenny, adult creator, recognisable likeness from widely known public imagery, high-end digital-creator portrait, recognisable public-facing style, modern studio or lifestyle presentation, clear facial reference, natural skin texture, precise facial structure, refined hair detail, clothed portrait framing, modern wardrobe styling, confident camera-ready expression, cinematic beauty lighting, premium magazine finish, category tag: Real Male/Creator","wrong identity, generic face, altered facial structure, inaccurate hairstyle, age regression, child, teen, underage, distorted eyes, asymmetrical features, plastic skin, bad anatomy, extra fingers, missing fingers, warped clothing, mixed celebrity identity, text, watermark, logo artifacts, low detail, blur",Real Male/Popular Under 40,1,False
0261 | Real Male/Popular Under 40/Fanum,"Fanum, adult creator, recognisable likeness from widely known public imagery, high-end digital-creator portrait, recognisable public-facing style, modern studio or lifestyle presentation, clear facial reference, natural skin texture, precise facial structure, refined hair detail, clothed portrait framing, modern wardrobe styling, confident camera-ready expression, cinematic beauty lighting, premium magazine finish, category tag: Real Male/Creator","wrong identity, generic face, altered facial structure, inaccurate hairstyle, age regression, child, teen, underage, distorted eyes, asymmetrical features, plastic skin, bad anatomy, extra fingers, missing fingers, warped clothing, mixed celebrity identity, text, watermark, logo artifacts, low detail, blur",Real Male/Popular Under 40,1,False
0262 | Real Male/Popular Under 40/Duke Dennis,"Duke Dennis, adult creator, recognisable likeness from widely known public imagery, high-end digital-creator portrait, recognisable public-facing style, modern studio or lifestyle presentation, clear facial reference, natural skin texture, precise facial structure, refined hair detail, clothed portrait framing, modern wardrobe styling, confident camera-ready expression, cinematic beauty lighting, premium magazine finish, category tag: Real Male/Creator","wrong identity, generic face, altered facial structure, inaccurate hairstyle, age regression, child, teen, underage, distorted eyes, asymmetrical features, plastic skin, bad anatomy, extra fingers, missing fingers, warped clothing, mixed celebrity identity, text, watermark, logo artifacts, low detail, blur",Real Male/Popular Under 40,1,False
0263 | Real Male/Popular Under 40/Agent 00,"Agent 00, adult creator, recognisable likeness from widely known public imagery, high-end digital-creator portrait, recognisable public-facing style, modern studio or lifestyle presentation, clear facial reference, natural skin texture, precise facial structure, refined hair detail, clothed portrait framing, modern wardrobe styling, confident camera-ready expression, cinematic beauty lighting, premium magazine finish, category tag: Real Male/Creator","wrong identity, generic face, altered facial structure, inaccurate hairstyle, age regression, child, teen, underage, distorted eyes, asymmetrical features, plastic skin, bad anatomy, extra fingers, missing fingers, warped clothing, mixed celebrity identity, text, watermark, logo artifacts, low detail, blur",Real Male/Popular Under 40,1,False
0264 | Real Male/Popular Under 40/ChrisNxtDoor,"ChrisNxtDoor, adult creator, recognisable likeness from widely known public imagery, high-end digital-creator portrait, recognisable public-facing style, modern studio or lifestyle presentation, clear facial reference, natural skin texture, precise facial structure, refined hair detail, clothed portrait framing, modern wardrobe styling, confident camera-ready expression, cinematic beauty lighting, premium magazine finish, category tag: Real Male/Creator","wrong identity, generic face, altered facial structure, inaccurate hairstyle, age regression, child, teen, underage, distorted eyes, asymmetrical features, plastic skin, bad anatomy, extra fingers, missing fingers, warped clothing, mixed celebrity identity, text, watermark, logo artifacts, low detail, blur",Real Male/Popular Under 40,1,False
0265 | Real Male/Popular Under 40/ImDavisss,"ImDavisss, adult creator, recognisable likeness from widely known public imagery, high-end digital-creator portrait, recognisable public-facing style, modern studio or lifestyle presentation, clear facial reference, natural skin texture, precise facial structure, refined hair detail, clothed portrait framing, modern wardrobe styling, confident camera-ready expression, cinematic beauty lighting, premium magazine finish, category tag: Real Male/Creator","wrong identity, generic face, altered facial structure, inaccurate hairstyle, age regression, child, teen, underage, distorted eyes, asymmetrical features, plastic skin, bad anatomy, extra fingers, missing fingers, warped clothing, mixed celebrity identity, text, watermark, logo artifacts, low detail, blur",Real Male/Popular Under 40,1,False
0266 | Real Male/Popular Under 40/Ryan Trahan,"Ryan Trahan, adult creator, recognisable likeness from widely known public imagery, high-end digital-creator portrait, recognisable public-facing style, modern studio or lifestyle presentation, clear facial reference, natural skin texture, precise facial structure, refined hair detail, clothed portrait framing, modern wardrobe styling, confident camera-ready expression, cinematic beauty lighting, premium magazine finish, category tag: Real Male/Creator","wrong identity, generic face, altered facial structure, inaccurate hairstyle, age regression, child, teen, underage, distorted eyes, asymmetrical features, plastic skin, bad anatomy, extra fingers, missing fingers, warped clothing, mixed celebrity identity, text, watermark, logo artifacts, low detail, blur",Real Male/Popular Under 40,1,False
0267 | Real Male/Popular Under 40/Airrack,"Airrack, adult creator, recognisable likeness from widely known public imagery, high-end digital-creator portrait, recognisable public-facing style, modern studio or lifestyle presentation, clear facial reference, natural skin texture, precise facial structure, refined hair detail, clothed portrait framing, modern wardrobe styling, confident camera-ready expression, cinematic beauty lighting, premium magazine finish, category tag: Real Male/Creator","wrong identity, generic face, altered facial structure, inaccurate hairstyle, age regression, child, teen, underage, distorted eyes, asymmetrical features, plastic skin, bad anatomy, extra fingers, missing fingers, warped clothing, mixed celebrity identity, text, watermark, logo artifacts, low detail, blur",Real Male/Popular Under 40,1,False
0268 | Real Male/Popular Under 40/Brent Rivera,"Brent Rivera, adult creator, recognisable likeness from widely known public imagery, high-end digital-creator portrait, recognisable public-facing style, modern studio or lifestyle presentation, clear facial reference, natural skin texture, precise facial structure, refined hair detail, clothed portrait framing, modern wardrobe styling, confident camera-ready expression, cinematic beauty lighting, premium magazine finish, category tag: Real Male/Creator","wrong identity, generic face, altered facial structure, inaccurate hairstyle, age regression, child, teen, underage, distorted eyes, asymmetrical features, plastic skin, bad anatomy, extra fingers, missing fingers, warped clothing, mixed celebrity identity, text, watermark, logo artifacts, low detail, blur",Real Male/Popular Under 40,1,False
0269 | Real Male/Popular Under 40/Ben Azelart,"Ben Azelart, adult creator, recognisable likeness from widely known public imagery, high-end digital-creator portrait, recognisable public-facing style, modern studio or lifestyle presentation, clear facial reference, natural skin texture, precise facial structure, refined hair detail, clothed portrait framing, modern wardrobe styling, confident camera-ready expression, cinematic beauty lighting, premium magazine finish, category tag: Real Male/Creator","wrong identity, generic face, altered facial structure, inaccurate hairstyle, age regression, child, teen, underage, distorted eyes, asymmetrical features, plastic skin, bad anatomy, extra fingers, missing fingers, warped clothing, mixed celebrity identity, text, watermark, logo artifacts, low detail, blur",Real Male/Popular Under 40,1,False
0270 | Real Male/Popular Under 40/Zach King,"Zach King, adult creator, recognisable likeness from widely known public imagery, high-end digital-creator portrait, recognisable public-facing style, modern studio or lifestyle presentation, clear facial reference, natural skin texture, precise facial structure, refined hair detail, clothed portrait framing, modern wardrobe styling, confident camera-ready expression, cinematic beauty lighting, premium magazine finish, category tag: Real Male/Creator","wrong identity, generic face, altered facial structure, inaccurate hairstyle, age regression, child, teen, underage, distorted eyes, asymmetrical features, plastic skin, bad anatomy, extra fingers, missing fingers, warped clothing, mixed celebrity identity, text, watermark, logo artifacts, low detail, blur",Real Male/Popular Under 40,1,False
0271 | Real Male/Popular Under 40/Khaby Lame,"Khaby Lame, adult creator, recognisable likeness from widely known public imagery, high-end digital-creator portrait, recognisable public-facing style, modern studio or lifestyle presentation, clear facial reference, natural skin texture, precise facial structure, refined hair detail, clothed portrait framing, modern wardrobe styling, confident camera-ready expression, cinematic beauty lighting, premium magazine finish, category tag: Real Male/Creator","wrong identity, generic face, altered facial structure, inaccurate hairstyle, age regression, child, teen, underage, distorted eyes, asymmetrical features, plastic skin, bad anatomy, extra fingers, missing fingers, warped clothing, mixed celebrity identity, text, watermark, logo artifacts, low detail, blur",Real Male/Popular Under 40,1,False
0272 | Real Male/Popular Under 40/Adam Waheed,"Adam Waheed, adult creator, recognisable likeness from widely known public imagery, high-end digital-creator portrait, recognisable public-facing style, modern studio or lifestyle presentation, clear facial reference, natural skin texture, precise facial structure, refined hair detail, clothed portrait framing, modern wardrobe styling, confident camera-ready expression, cinematic beauty lighting, premium magazine finish, category tag: Real Male/Creator","wrong identity, generic face, altered facial structure, inaccurate hairstyle, age regression, child, teen, underage, distorted eyes, asymmetrical features, plastic skin, bad anatomy, extra fingers, missing fingers, warped clothing, mixed celebrity identity, text, watermark, logo artifacts, low detail, blur",Real Male/Popular Under 40,1,False
0273 | Real Male/Popular Under 40/Druski,"Druski, adult creator, recognisable likeness from widely known public imagery, high-end digital-creator portrait, recognisable public-facing style, modern studio or lifestyle presentation, clear facial reference, natural skin texture, precise facial structure, refined hair detail, clothed portrait framing, modern wardrobe styling, confident camera-ready expression, cinematic beauty lighting, premium magazine finish, category tag: Real Male/Creator","wrong identity, generic face, altered facial structure, inaccurate hairstyle, age regression, child, teen, underage, distorted eyes, asymmetrical features, plastic skin, bad anatomy, extra fingers, missing fingers, warped clothing, mixed celebrity identity, text, watermark, logo artifacts, low detail, blur",Real Male/Popular Under 40,1,False
0274 | Real Male/Popular Under 40/Jake Shane,"Jake Shane, adult creator, recognisable likeness from widely known public imagery, high-end digital-creator portrait, recognisable public-facing style, modern studio or lifestyle presentation, clear facial reference, natural skin texture, precise facial structure, refined hair detail, clothed portrait framing, modern wardrobe styling, confident camera-ready expression, cinematic beauty lighting, premium magazine finish, category tag: Real Male/Creator","wrong identity, generic face, altered facial structure, inaccurate hairstyle, age regression, child, teen, underage, distorted eyes, asymmetrical features, plastic skin, bad anatomy, extra fingers, missing fingers, warped clothing, mixed celebrity identity, text, watermark, logo artifacts, low detail, blur",Real Male/Popular Under 40,1,False
0275 | Real Male/Popular Under 40/Wisdom Kaye,"Wisdom Kaye, adult creator, recognisable likeness from widely known public imagery, high-end digital-creator portrait, recognisable public-facing style, modern studio or lifestyle presentation, clear facial reference, natural skin texture, precise facial structure, refined hair detail, clothed portrait framing, modern wardrobe styling, confident camera-ready expression, cinematic beauty lighting, premium magazine finish, category tag: Real Male/Creator","wrong identity, generic face, altered facial structure, inaccurate hairstyle, age regression, child, teen, underage, distorted eyes, asymmetrical features, plastic skin, bad anatomy, extra fingers, missing fingers, warped clothing, mixed celebrity identity, text, watermark, logo artifacts, low detail, blur",Real Male/Popular Under 40,1,False
0276 | Real Male/Popular Under 40/Marques Brownlee,"Marques Brownlee, adult creator, recognisable likeness from widely known public imagery, high-end digital-creator portrait, recognisable public-facing style, modern studio or lifestyle presentation, clear facial reference, natural skin texture, precise facial structure, refined hair detail, clothed portrait framing, modern wardrobe styling, confident camera-ready expression, cinematic beauty lighting, premium magazine finish, category tag: Real Male/Creator","wrong identity, generic face, altered facial structure, inaccurate hairstyle, age regression, child, teen, underage, distorted eyes, asymmetrical features, plastic skin, bad anatomy, extra fingers, missing fingers, warped clothing, mixed celebrity identity, text, watermark, logo artifacts, low detail, blur",Real Male/Popular Under 40,1,False
0277 | Real Male/Popular Under 40/Mrwhosetheboss,"Mrwhosetheboss, adult creator, recognisable likeness from widely known public imagery, high-end digital-creator portrait, recognisable public-facing style, modern studio or lifestyle presentation, clear facial reference, natural skin texture, precise facial structure, refined hair detail, clothed portrait framing, modern wardrobe styling, confident camera-ready expression, cinematic beauty lighting, premium magazine finish, category tag: Real Male/Creator","wrong identity, generic face, altered facial structure, inaccurate hairstyle, age regression, child, teen, underage, distorted eyes, asymmetrical features, plastic skin, bad anatomy, extra fingers, missing fingers, warped clothing, mixed celebrity identity, text, watermark, logo artifacts, low detail, blur",Real Male/Popular Under 40,1,False
0278 | Real Male/Popular Under 40/Linus Sebastian,"Linus Sebastian, adult creator, recognisable likeness from widely known public imagery, high-end digital-creator portrait, recognisable public-facing style, modern studio or lifestyle presentation, clear facial reference, natural skin texture, precise facial structure, refined hair detail, clothed portrait framing, modern wardrobe styling, confident camera-ready expression, cinematic beauty lighting, premium magazine finish, category tag: Real Male/Creator","wrong identity, generic face, altered facial structure, inaccurate hairstyle, age regression, child, teen, underage, distorted eyes, asymmetrical features, plastic skin, bad anatomy, extra fingers, missing fingers, warped clothing, mixed celebrity identity, text, watermark, logo artifacts, low detail, blur",Real Male/Popular Under 40,1,False
0279 | Real Male/Popular Under 40/JerryRigEverything,"JerryRigEverything, adult creator, recognisable likeness from widely known public imagery, high-end digital-creator portrait, recognisable public-facing style, modern studio or lifestyle presentation, clear facial reference, natural skin texture, precise facial structure, refined hair detail, clothed portrait framing, modern wardrobe styling, confident camera-ready expression, cinematic beauty lighting, premium magazine finish, category tag: Real Male/Creator","wrong identity, generic face, altered facial structure, inaccurate hairstyle, age regression, child, teen, underage, distorted eyes, asymmetrical features, plastic skin, bad anatomy, extra fingers, missing fingers, warped clothing, mixed celebrity identity, text, watermark, logo artifacts, low detail, blur",Real Male/Popular Under 40,1,False
0280 | Real Male/Popular Under 40/Austin Evans,"Austin Evans, adult creator, recognisable likeness from widely known public imagery, high-end digital-creator portrait, recognisable public-facing style, modern studio or lifestyle presentation, clear facial reference, natural skin texture, precise facial structure, refined hair detail, clothed portrait framing, modern wardrobe styling, confident camera-ready expression, cinematic beauty lighting, premium magazine finish, category tag: Real Male/Creator","wrong identity, generic face, altered facial structure, inaccurate hairstyle, age regression, child, teen, underage, distorted eyes, asymmetrical features, plastic skin, bad anatomy, extra fingers, missing fingers, warped clothing, mixed celebrity identity, text, watermark, logo artifacts, low detail, blur",Real Male/Popular Under 40,1,False
0281 | Real Male/Popular Under 40/Cory Cotton,"Cory Cotton, adult creator, recognisable likeness from widely known public imagery, high-end digital-creator portrait, recognisable public-facing style, modern studio or lifestyle presentation, clear facial reference, natural skin texture, precise facial structure, refined hair detail, clothed portrait framing, modern wardrobe styling, confident camera-ready expression, cinematic beauty lighting, premium magazine finish, category tag: Real Male/Creator","wrong identity, generic face, altered facial structure, inaccurate hairstyle, age regression, child, teen, underage, distorted eyes, asymmetrical features, plastic skin, bad anatomy, extra fingers, missing fingers, warped clothing, mixed celebrity identity, text, watermark, logo artifacts, low detail, blur",Real Male/Popular Under 40,1,False
0282 | Real Male/Popular Under 40/Coby Cotton,"Coby Cotton, adult creator, recognisable likeness from widely known public imagery, high-end digital-creator portrait, recognisable public-facing style, modern studio or lifestyle presentation, clear facial reference, natural skin texture, precise facial structure, refined hair detail, clothed portrait framing, modern wardrobe styling, confident camera-ready expression, cinematic beauty lighting, premium magazine finish, category tag: Real Male/Creator","wrong identity, generic face, altered facial structure, inaccurate hairstyle, age regression, child, teen, underage, distorted eyes, asymmetrical features, plastic skin, bad anatomy, extra fingers, missing fingers, warped clothing, mixed celebrity identity, text, watermark, logo artifacts, low detail, blur",Real Male/Popular Under 40,1,False
0283 | Real Male/Popular Under 40/Tyler Toney,"Tyler Toney, adult creator, recognisable likeness from widely known public imagery, high-end digital-creator portrait, recognisable public-facing style, modern studio or lifestyle presentation, clear facial reference, natural skin texture, precise facial structure, refined hair detail, clothed portrait framing, modern wardrobe styling, confident camera-ready expression, cinematic beauty lighting, premium magazine finish, category tag: Real Male/Creator","wrong identity, generic face, altered facial structure, inaccurate hairstyle, age regression, child, teen, underage, distorted eyes, asymmetrical features, plastic skin, bad anatomy, extra fingers, missing fingers, warped clothing, mixed celebrity identity, text, watermark, logo artifacts, low detail, blur",Real Male/Popular Under 40,1,False
0284 | Real Male/Popular Under 40/Garrett Hilbert,"Garrett Hilbert, adult creator, recognisable likeness from widely known public imagery, high-end digital-creator portrait, recognisable public-facing style, modern studio or lifestyle presentation, clear facial reference, natural skin texture, precise facial structure, refined hair detail, clothed portrait framing, modern wardrobe styling, confident camera-ready expression, cinematic beauty lighting, premium magazine finish, category tag: Real Male/Creator","wrong identity, generic face, altered facial structure, inaccurate hairstyle, age regression, child, teen, underage, distorted eyes, asymmetrical features, plastic skin, bad anatomy, extra fingers, missing fingers, warped clothing, mixed celebrity identity, text, watermark, logo artifacts, low detail, blur",Real Male/Popular Under 40,1,False
0285 | Real Male/Popular Under 40/Cody Jones,"Cody Jones, adult creator, recognisable likeness from widely known public imagery, high-end digital-creator portrait, recognisable public-facing style, modern studio or lifestyle presentation, clear facial reference, natural skin texture, precise facial structure, refined hair detail, clothed portrait framing, modern wardrobe styling, confident camera-ready expression, cinematic beauty lighting, premium magazine finish, category tag: Real Male/Creator","wrong identity, generic face, altered facial structure, inaccurate hairstyle, age regression, child, teen, underage, distorted eyes, asymmetrical features, plastic skin, bad anatomy, extra fingers, missing fingers, warped clothing, mixed celebrity identity, text, watermark, logo artifacts, low detail, blur",Real Male/Popular Under 40,1,False
0286 | Real Male/Popular Under 40/Colin Rosenblum,"Colin Rosenblum, adult creator, recognisable likeness from widely known public imagery, high-end digital-creator portrait, recognisable public-facing style, modern studio or lifestyle presentation, clear facial reference, natural skin texture, precise facial structure, refined hair detail, clothed portrait framing, modern wardrobe styling, confident camera-ready expression, cinematic beauty lighting, premium magazine finish, category tag: Real Male/Creator","wrong identity, generic face, altered facial structure, inaccurate hairstyle, age regression, child, teen, underage, distorted eyes, asymmetrical features, plastic skin, bad anatomy, extra fingers, missing fingers, warped clothing, mixed celebrity identity, text, watermark, logo artifacts, low detail, blur",Real Male/Popular Under 40,1,False
0287 | Real Male/Popular Under 40/Samir Chaudry,"Samir Chaudry, adult creator, recognisable likeness from widely known public imagery, high-end digital-creator portrait, recognisable public-facing style, modern studio or lifestyle presentation, clear facial reference, natural skin texture, precise facial structure, refined hair detail, clothed portrait framing, modern wardrobe styling, confident camera-ready expression, cinematic beauty lighting, premium magazine finish, category tag: Real Male/Creator","wrong identity, generic face, altered facial structure, inaccurate hairstyle, age regression, child, teen, underage, distorted eyes, asymmetrical features, plastic skin, bad anatomy, extra fingers, missing fingers, warped clothing, mixed celebrity identity, text, watermark, logo artifacts, low detail, blur",Real Male/Popular Under 40,1,False
0288 | Real Male/Popular Under 40/David Dobrik,"David Dobrik, adult creator, recognisable likeness from widely known public imagery, high-end digital-creator portrait, recognisable public-facing style, modern studio or lifestyle presentation, clear facial reference, natural skin texture, precise facial structure, refined hair detail, clothed portrait framing, modern wardrobe styling, confident camera-ready expression, cinematic beauty lighting, premium magazine finish, category tag: Real Male/Creator","wrong identity, generic face, altered facial structure, inaccurate hairstyle, age regression, child, teen, underage, distorted eyes, asymmetrical features, plastic skin, bad anatomy, extra fingers, missing fingers, warped clothing, mixed celebrity identity, text, watermark, logo artifacts, low detail, blur",Real Male/Popular Under 40,1,False
0289 | Real Male/Popular Under 40/Larray,"Larray, adult creator, recognisable likeness from widely known public imagery, high-end digital-creator portrait, recognisable public-facing style, modern studio or lifestyle presentation, clear facial reference, natural skin texture, precise facial structure, refined hair detail, clothed portrait framing, modern wardrobe styling, confident camera-ready expression, cinematic beauty lighting, premium magazine finish, category tag: Real Male/Creator","wrong identity, generic face, altered facial structure, inaccurate hairstyle, age regression, child, teen, underage, distorted eyes, asymmetrical features, plastic skin, bad anatomy, extra fingers, missing fingers, warped clothing, mixed celebrity identity, text, watermark, logo artifacts, low detail, blur",Real Male/Popular Under 40,1,False
0290 | Real Male/Popular Under 40/Bretman Rock,"Bretman Rock, adult creator, recognisable likeness from widely known public imagery, high-end digital-creator portrait, recognisable public-facing style, modern studio or lifestyle presentation, clear facial reference, natural skin texture, precise facial structure, refined hair detail, clothed portrait framing, modern wardrobe styling, confident camera-ready expression, cinematic beauty lighting, premium magazine finish, category tag: Real Male/Creator","wrong identity, generic face, altered facial structure, inaccurate hairstyle, age regression, child, teen, underage, distorted eyes, asymmetrical features, plastic skin, bad anatomy, extra fingers, missing fingers, warped clothing, mixed celebrity identity, text, watermark, logo artifacts, low detail, blur",Real Male/Popular Under 40,1,False
0291 | Real Male/Popular Under 40/James Charles,"James Charles, adult creator, recognisable likeness from widely known public imagery, high-end digital-creator portrait, recognisable public-facing style, modern studio or lifestyle presentation, clear facial reference, natural skin texture, precise facial structure, refined hair detail, clothed portrait framing, modern wardrobe styling, confident camera-ready expression, cinematic beauty lighting, premium magazine finish, category tag: Real Male/Creator","wrong identity, generic face, altered facial structure, inaccurate hairstyle, age regression, child, teen, underage, distorted eyes, asymmetrical features, plastic skin, bad anatomy, extra fingers, missing fingers, warped clothing, mixed celebrity identity, text, watermark, logo artifacts, low detail, blur",Real Male/Popular Under 40,1,False
0292 | Real Male/Popular Under 40/Anthony Padilla,"Anthony Padilla, adult creator, recognisable likeness from widely known public imagery, high-end digital-creator portrait, recognisable public-facing style, modern studio or lifestyle presentation, clear facial reference, natural skin texture, precise facial structure, refined hair detail, clothed portrait framing, modern wardrobe styling, confident camera-ready expression, cinematic beauty lighting, premium magazine finish, category tag: Real Male/Creator","wrong identity, generic face, altered facial structure, inaccurate hairstyle, age regression, child, teen, underage, distorted eyes, asymmetrical features, plastic skin, bad anatomy, extra fingers, missing fingers, warped clothing, mixed celebrity identity, text, watermark, logo artifacts, low detail, blur",Real Male/Popular Under 40,1,False
0293 | Real Male/Popular Under 40/Ian Hecox,"Ian Hecox, adult creator, recognisable likeness from widely known public imagery, high-end digital-creator portrait, recognisable public-facing style, modern studio or lifestyle presentation, clear facial reference, natural skin texture, precise facial structure, refined hair detail, clothed portrait framing, modern wardrobe styling, confident camera-ready expression, cinematic beauty lighting, premium magazine finish, category tag: Real Male/Creator","wrong identity, generic face, altered facial structure, inaccurate hairstyle, age regression, child, teen, underage, distorted eyes, asymmetrical features, plastic skin, bad anatomy, extra fingers, missing fingers, warped clothing, mixed celebrity identity, text, watermark, logo artifacts, low detail, blur",Real Male/Popular Under 40,1,False
0294 | Real Male/Popular Under 40/MatPat,"MatPat, adult creator, recognisable likeness from widely known public imagery, high-end digital-creator portrait, recognisable public-facing style, modern studio or lifestyle presentation, clear facial reference, natural skin texture, precise facial structure, refined hair detail, clothed portrait framing, modern wardrobe styling, confident camera-ready expression, cinematic beauty lighting, premium magazine finish, category tag: Real Male/Creator","wrong identity, generic face, altered facial structure, inaccurate hairstyle, age regression, child, teen, underage, distorted eyes, asymmetrical features, plastic skin, bad anatomy, extra fingers, missing fingers, warped clothing, mixed celebrity identity, text, watermark, logo artifacts, low detail, blur",Real Male/Popular Under 40,1,False
0295 | Real Male/Popular Under 40/DanTDM,"DanTDM, adult creator, recognisable likeness from widely known public imagery, high-end digital-creator portrait, recognisable public-facing style, modern studio or lifestyle presentation, clear facial reference, natural skin texture, precise facial structure, refined hair detail, clothed portrait framing, modern wardrobe styling, confident camera-ready expression, cinematic beauty lighting, premium magazine finish, category tag: Real Male/Creator","wrong identity, generic face, altered facial structure, inaccurate hairstyle, age regression, child, teen, underage, distorted eyes, asymmetrical features, plastic skin, bad anatomy, extra fingers, missing fingers, warped clothing, mixed celebrity identity, text, watermark, logo artifacts, low detail, blur",Real Male/Popular Under 40,1,False
0296 | Real Male/Popular Under 40/Stampy,"Stampy, adult creator, recognisable likeness from widely known public imagery, high-end digital-creator portrait, recognisable public-facing style, modern studio or lifestyle presentation, clear facial reference, natural skin texture, precise facial structure, refined hair detail, clothed portrait framing, modern wardrobe styling, confident camera-ready expression, cinematic beauty lighting, premium magazine finish, category tag: Real Male/Creator","wrong identity, generic face, altered facial structure, inaccurate hairstyle, age regression, child, teen, underage, distorted eyes, asymmetrical features, plastic skin, bad anatomy, extra fingers, missing fingers, warped clothing, mixed celebrity identity, text, watermark, logo artifacts, low detail, blur",Real Male/Popular Under 40,1,False
0297 | Real Male/Popular Under 40/LazarBeam,"LazarBeam, adult creator, recognisable likeness from widely known public imagery, high-end digital-creator portrait, recognisable public-facing style, modern studio or lifestyle presentation, clear facial reference, natural skin texture, precise facial structure, refined hair detail, clothed portrait framing, modern wardrobe styling, confident camera-ready expression, cinematic beauty lighting, premium magazine finish, category tag: Real Male/Creator","wrong identity, generic face, altered facial structure, inaccurate hairstyle, age regression, child, teen, underage, distorted eyes, asymmetrical features, plastic skin, bad anatomy, extra fingers, missing fingers, warped clothing, mixed celebrity identity, text, watermark, logo artifacts, low detail, blur",Real Male/Popular Under 40,1,False
0298 | Real Male/Popular Under 40/Lachlan Power,"Lachlan Power, adult creator, recognisable likeness from widely known public imagery, high-end digital-creator portrait, recognisable public-facing style, modern studio or lifestyle presentation, clear facial reference, natural skin texture, precise facial structure, refined hair detail, clothed portrait framing, modern wardrobe styling, confident camera-ready expression, cinematic beauty lighting, premium magazine finish, category tag: Real Male/Creator","wrong identity, generic face, altered facial structure, inaccurate hairstyle, age regression, child, teen, underage, distorted eyes, asymmetrical features, plastic skin, bad anatomy, extra fingers, missing fingers, warped clothing, mixed celebrity identity, text, watermark, logo artifacts, low detail, blur",Real Male/Popular Under 40,1,False
0299 | Real Male/Popular Under 40/Muselk,"Muselk, adult creator, recognisable likeness from widely known public imagery, high-end digital-creator portrait, recognisable public-facing style, modern studio or lifestyle presentation, clear facial reference, natural skin texture, precise facial structure, refined hair detail, clothed portrait framing, modern wardrobe styling, confident camera-ready expression, cinematic beauty lighting, premium magazine finish, category tag: Real Male/Creator","wrong identity, generic face, altered facial structure, inaccurate hairstyle, age regression, child, teen, underage, distorted eyes, asymmetrical features, plastic skin, bad anatomy, extra fingers, missing fingers, warped clothing, mixed celebrity identity, text, watermark, logo artifacts, low detail, blur",Real Male/Popular Under 40,1,False
0300 | Real Male/Popular Under 40/Typical Gamer,"Typical Gamer, adult creator, recognisable likeness from widely known public imagery, high-end digital-creator portrait, recognisable public-facing style, modern studio or lifestyle presentation, clear facial reference, natural skin texture, precise facial structure, refined hair detail, clothed portrait framing, modern wardrobe styling, confident camera-ready expression, cinematic beauty lighting, premium magazine finish, category tag: Real Male/Creator","wrong identity, generic face, altered facial structure, inaccurate hairstyle, age regression, child, teen, underage, distorted eyes, asymmetrical features, plastic skin, bad anatomy, extra fingers, missing fingers, warped clothing, mixed celebrity identity, text, watermark, logo artifacts, low detail, blur",Real Male/Popular Under 40,1,False
