name,prompt,negative_prompt,category,weight,favorite
0001 | Horror Film & TV/Overlook Hotel — Cinematic Dusk,"Overlook Hotel, the isolated grand mountain hotel from The Shining, snowbound exterior, patterned corridors, vast empty lobby, warm practical lamps against icy windows, at cinematic dusk, fading natural light, practical lamps beginning to glow, wide establishing composition, deep but readable shadows, restrained colour grade, location remains the clear subject, no people present, environment-first composition, highly detailed architecture and surfaces, coherent spatial layout, cinematic depth, polished colour separation, subtle volumetric atmosphere, realistic materials, professional horror production design","people as main subject, visible monster as main subject, graphic gore, modern clutter that contradicts the setting, bright cheerful mood, flat lighting, malformed architecture, impossible perspective, duplicated doors, floating objects, warped signage, invented readable text, watermark, logo, low detail, blur",Horror Film & TV,1.0,False
0002 | Horror Film & TV/Overlook Hotel — After Midnight,"Overlook Hotel, the isolated grand mountain hotel from The Shining, snowbound exterior, patterned corridors, vast empty lobby, warm practical lamps against icy windows, after midnight, sparse practical lighting, wet or reflective surfaces where appropriate, long sightlines, atmospheric haze, tense empty-frame composition, polished horror cinematography, no people present, environment-first composition, highly detailed architecture and surfaces, coherent spatial layout, cinematic depth, polished colour separation, subtle volumetric atmosphere, realistic materials, professional horror production design","people as main subject, visible monster as main subject, graphic gore, modern clutter that contradicts the setting, bright cheerful mood, flat lighting, malformed architecture, impossible perspective, duplicated doors, floating objects, warped signage, invented readable text, watermark, logo, low detail, blur",Horror Film & TV,1.0,False
0003 | Horror Film & TV/Overlook Hedge Maze — Cinematic Dusk,"Overlook Hedge Maze, the towering snow-covered hedge maze beside the Overlook Hotel, narrow frozen passages and distant hotel lights, at cinematic dusk, fading natural light, practical lamps beginning to glow, wide establishing composition, deep but readable shadows, restrained colour grade, location remains the clear subject, no people present, environment-first composition, highly detailed architecture and surfaces, coherent spatial layout, cinematic depth, polished colour separation, subtle volumetric atmosphere, realistic materials, professional horror production design","people as main subject, visible monster as main subject, graphic gore, modern clutter that contradicts the setting, bright cheerful mood, flat lighting, malformed architecture, impossible perspective, duplicated doors, floating objects, warped signage, invented readable text, watermark, logo, low detail, blur",Horror Film & TV,1.0,False
0004 | Horror Film & TV/Overlook Hedge Maze — After Midnight,"Overlook Hedge Maze, the towering snow-covered hedge maze beside the Overlook Hotel, narrow frozen passages and distant hotel lights, after midnight, sparse practical lighting, wet or reflective surfaces where appropriate, long sightlines, atmospheric haze, tense empty-frame composition, polished horror cinematography, no people present, environment-first composition, highly detailed architecture and surfaces, coherent spatial layout, cinematic depth, polished colour separation, subtle volumetric atmosphere, realistic materials, professional horror production design","people as main subject, visible monster as main subject, graphic gore, modern clutter that contradicts the setting, bright cheerful mood, flat lighting, malformed architecture, impossible perspective, duplicated doors, floating objects, warped signage, invented readable text, watermark, logo, low detail, blur",Horror Film & TV,1.0,False
0005 | Horror Film & TV/Room 237 — Cinematic Dusk,"Room 237, the forbidden hotel room inside the Overlook, dated luxury decor, green bathroom tiles, heavy silence and unsettling symmetry, at cinematic dusk, fading natural light, practical lamps beginning to glow, wide establishing composition, deep but readable shadows, restrained colour grade, location remains the clear subject, no people present, environment-first composition, highly detailed architecture and surfaces, coherent spatial layout, cinematic depth, polished colour separation, subtle volumetric atmosphere, realistic materials, professional horror production design","people as main subject, visible monster as main subject, graphic gore, modern clutter that contradicts the setting, bright cheerful mood, flat lighting, malformed architecture, impossible perspective, duplicated doors, floating objects, warped signage, invented readable text, watermark, logo, low detail, blur",Horror Film & TV,1.0,False
0006 | Horror Film & TV/Room 237 — After Midnight,"Room 237, the forbidden hotel room inside the Overlook, dated luxury decor, green bathroom tiles, heavy silence and unsettling symmetry, after midnight, sparse practical lighting, wet or reflective surfaces where appropriate, long sightlines, atmospheric haze, tense empty-frame composition, polished horror cinematography, no people present, environment-first composition, highly detailed architecture and surfaces, coherent spatial layout, cinematic depth, polished colour separation, subtle volumetric atmosphere, realistic materials, professional horror production design","people as main subject, visible monster as main subject, graphic gore, modern clutter that contradicts the setting, bright cheerful mood, flat lighting, malformed architecture, impossible perspective, duplicated doors, floating objects, warped signage, invented readable text, watermark, logo, low detail, blur",Horror Film & TV,1.0,False
0007 | Horror Film & TV/Bates Motel — Cinematic Dusk,"Bates Motel, the lonely roadside motel from Psycho, flickering vacancy sign, rain-dark parking lot and the looming Victorian house on the hill, at cinematic dusk, fading natural light, practical lamps beginning to glow, wide establishing composition, deep but readable shadows, restrained colour grade, location remains the clear subject, no people present, environment-first composition, highly detailed architecture and surfaces, coherent spatial layout, cinematic depth, polished colour separation, subtle volumetric atmosphere, realistic materials, professional horror production design","people as main subject, visible monster as main subject, graphic gore, modern clutter that contradicts the setting, bright cheerful mood, flat lighting, malformed architecture, impossible perspective, duplicated doors, floating objects, warped signage, invented readable text, watermark, logo, low detail, blur",Horror Film & TV,1.0,False
0008 | Horror Film & TV/Bates Motel — After Midnight,"Bates Motel, the lonely roadside motel from Psycho, flickering vacancy sign, rain-dark parking lot and the looming Victorian house on the hill, after midnight, sparse practical lighting, wet or reflective surfaces where appropriate, long sightlines, atmospheric haze, tense empty-frame composition, polished horror cinematography, no people present, environment-first composition, highly detailed architecture and surfaces, coherent spatial layout, cinematic depth, polished colour separation, subtle volumetric atmosphere, realistic materials, professional horror production design","people as main subject, visible monster as main subject, graphic gore, modern clutter that contradicts the setting, bright cheerful mood, flat lighting, malformed architecture, impossible perspective, duplicated doors, floating objects, warped signage, invented readable text, watermark, logo, low detail, blur",Horror Film & TV,1.0,False
0009 | Horror Film & TV/Bates House — Cinematic Dusk,"Bates House, the severe Victorian mansion above Bates Motel, steep stairs, dark windows, decayed wallpaper and oppressive domestic stillness, at cinematic dusk, fading natural light, practical lamps beginning to glow, wide establishing composition, deep but readable shadows, restrained colour grade, location remains the clear subject, no people present, environment-first composition, highly detailed architecture and surfaces, coherent spatial layout, cinematic depth, polished colour separation, subtle volumetric atmosphere, realistic materials, professional horror production design","people as main subject, visible monster as main subject, graphic gore, modern clutter that contradicts the setting, bright cheerful mood, flat lighting, malformed architecture, impossible perspective, duplicated doors, floating objects, warped signage, invented readable text, watermark, logo, low detail, blur",Horror Film & TV,1.0,False
0010 | Horror Film & TV/Bates House — After Midnight,"Bates House, the severe Victorian mansion above Bates Motel, steep stairs, dark windows, decayed wallpaper and oppressive domestic stillness, after midnight, sparse practical lighting, wet or reflective surfaces where appropriate, long sightlines, atmospheric haze, tense empty-frame composition, polished horror cinematography, no people present, environment-first composition, highly detailed architecture and surfaces, coherent spatial layout, cinematic depth, polished colour separation, subtle volumetric atmosphere, realistic materials, professional horror production design","people as main subject, visible monster as main subject, graphic gore, modern clutter that contradicts the setting, bright cheerful mood, flat lighting, malformed architecture, impossible perspective, duplicated doors, floating objects, warped signage, invented readable text, watermark, logo, low detail, blur",Horror Film & TV,1.0,False
0011 | Horror Film & TV/Camp Crystal Lake — Cinematic Dusk,"Camp Crystal Lake, the abandoned lakeside summer camp from Friday the 13th, weathered cabins, black water, pine forest and neglected recreation grounds, at cinematic dusk, fading natural light, practical lamps beginning to glow, wide establishing composition, deep but readable shadows, restrained colour grade, location remains the clear subject, no people present, environment-first composition, highly detailed architecture and surfaces, coherent spatial layout, cinematic depth, polished colour separation, subtle volumetric atmosphere, realistic materials, professional horror production design","people as main subject, visible monster as main subject, graphic gore, modern clutter that contradicts the setting, bright cheerful mood, flat lighting, malformed architecture, impossible perspective, duplicated doors, floating objects, warped signage, invented readable text, watermark, logo, low detail, blur",Horror Film & TV,1.0,False
0012 | Horror Film & TV/Camp Crystal Lake — After Midnight,"Camp Crystal Lake, the abandoned lakeside summer camp from Friday the 13th, weathered cabins, black water, pine forest and neglected recreation grounds, after midnight, sparse practical lighting, wet or reflective surfaces where appropriate, long sightlines, atmospheric haze, tense empty-frame composition, polished horror cinematography, no people present, environment-first composition, highly detailed architecture and surfaces, coherent spatial layout, cinematic depth, polished colour separation, subtle volumetric atmosphere, realistic materials, professional horror production design","people as main subject, visible monster as main subject, graphic gore, modern clutter that contradicts the setting, bright cheerful mood, flat lighting, malformed architecture, impossible perspective, duplicated doors, floating objects, warped signage, invented readable text, watermark, logo, low detail, blur",Horror Film & TV,1.0,False
0013 | Horror Film & TV/Elm Street — Cinematic Dusk,"Elm Street, the quiet suburban street from A Nightmare on Elm Street, tidy detached homes, sodium streetlights, deep shadows and dreamlike emptiness, at cinematic dusk, fading natural light, practical lamps beginning to glow, wide establishing composition, deep but readable shadows, restrained colour grade, location remains the clear subject, no people present, environment-first composition, highly detailed architecture and surfaces, coherent spatial layout, cinematic depth, polished colour separation, subtle volumetric atmosphere, realistic materials, professional horror production design","people as main subject, visible monster as main subject, graphic gore, modern clutter that contradicts the setting, bright cheerful mood, flat lighting, malformed architecture, impossible perspective, duplicated doors, floating objects, warped signage, invented readable text, watermark, logo, low detail, blur",Horror Film & TV,1.0,False
0014 | Horror Film & TV/Elm Street — After Midnight,"Elm Street, the quiet suburban street from A Nightmare on Elm Street, tidy detached homes, sodium streetlights, deep shadows and dreamlike emptiness, after midnight, sparse practical lighting, wet or reflective surfaces where appropriate, long sightlines, atmospheric haze, tense empty-frame composition, polished horror cinematography, no people present, environment-first composition, highly detailed architecture and surfaces, coherent spatial layout, cinematic depth, polished colour separation, subtle volumetric atmosphere, realistic materials, professional horror production design","people as main subject, visible monster as main subject, graphic gore, modern clutter that contradicts the setting, bright cheerful mood, flat lighting, malformed architecture, impossible perspective, duplicated doors, floating objects, warped signage, invented readable text, watermark, logo, low detail, blur",Horror Film & TV,1.0,False
0015 | Horror Film & TV/Nancy Thompson House — Cinematic Dusk,"Nancy Thompson House, the familiar Elm Street house, porch steps, upstairs bedroom windows and a deceptively normal suburban facade, at cinematic dusk, fading natural light, practical lamps beginning to glow, wide establishing composition, deep but readable shadows, restrained colour grade, location remains the clear subject, no people present, environment-first composition, highly detailed architecture and surfaces, coherent spatial layout, cinematic depth, polished colour separation, subtle volumetric atmosphere, realistic materials, professional horror production design","people as main subject, visible monster as main subject, graphic gore, modern clutter that contradicts the setting, bright cheerful mood, flat lighting, malformed architecture, impossible perspective, duplicated doors, floating objects, warped signage, invented readable text, watermark, logo, low detail, blur",Horror Film & TV,1.0,False
0016 | Horror Film & TV/Nancy Thompson House — After Midnight,"Nancy Thompson House, the familiar Elm Street house, porch steps, upstairs bedroom windows and a deceptively normal suburban facade, after midnight, sparse practical lighting, wet or reflective surfaces where appropriate, long sightlines, atmospheric haze, tense empty-frame composition, polished horror cinematography, no people present, environment-first composition, highly detailed architecture and surfaces, coherent spatial layout, cinematic depth, polished colour separation, subtle volumetric atmosphere, realistic materials, professional horror production design","people as main subject, visible monster as main subject, graphic gore, modern clutter that contradicts the setting, bright cheerful mood, flat lighting, malformed architecture, impossible perspective, duplicated doors, floating objects, warped signage, invented readable text, watermark, logo, low detail, blur",Horror Film & TV,1.0,False
0017 | Horror Film & TV/Woodsboro High School — Cinematic Dusk,"Woodsboro High School, the small-town high school from Scream, red-brick campus, empty corridors, trophy cases and late-night security lighting, at cinematic dusk, fading natural light, practical lamps beginning to glow, wide establishing composition, deep but readable shadows, restrained colour grade, location remains the clear subject, no people present, environment-first composition, highly detailed architecture and surfaces, coherent spatial layout, cinematic depth, polished colour separation, subtle volumetric atmosphere, realistic materials, professional horror production design","people as main subject, visible monster as main subject, graphic gore, modern clutter that contradicts the setting, bright cheerful mood, flat lighting, malformed architecture, impossible perspective, duplicated doors, floating objects, warped signage, invented readable text, watermark, logo, low detail, blur",Horror Film & TV,1.0,False
0018 | Horror Film & TV/Woodsboro High School — After Midnight,"Woodsboro High School, the small-town high school from Scream, red-brick campus, empty corridors, trophy cases and late-night security lighting, after midnight, sparse practical lighting, wet or reflective surfaces where appropriate, long sightlines, atmospheric haze, tense empty-frame composition, polished horror cinematography, no people present, environment-first composition, highly detailed architecture and surfaces, coherent spatial layout, cinematic depth, polished colour separation, subtle volumetric atmosphere, realistic materials, professional horror production design","people as main subject, visible monster as main subject, graphic gore, modern clutter that contradicts the setting, bright cheerful mood, flat lighting, malformed architecture, impossible perspective, duplicated doors, floating objects, warped signage, invented readable text, watermark, logo, low detail, blur",Horror Film & TV,1.0,False
0019 | Horror Film & TV/Woodsboro Town Square — Cinematic Dusk,"Woodsboro Town Square, the polished small-town centre from Scream, cinema frontage, courthouse architecture, quiet storefronts and uneasy normality, at cinematic dusk, fading natural light, practical lamps beginning to glow, wide establishing composition, deep but readable shadows, restrained colour grade, location remains the clear subject, no people present, environment-first composition, highly detailed architecture and surfaces, coherent spatial layout, cinematic depth, polished colour separation, subtle volumetric atmosphere, realistic materials, professional horror production design","people as main subject, visible monster as main subject, graphic gore, modern clutter that contradicts the setting, bright cheerful mood, flat lighting, malformed architecture, impossible perspective, duplicated doors, floating objects, warped signage, invented readable text, watermark, logo, low detail, blur",Horror Film & TV,1.0,False
0020 | Horror Film & TV/Woodsboro Town Square — After Midnight,"Woodsboro Town Square, the polished small-town centre from Scream, cinema frontage, courthouse architecture, quiet storefronts and uneasy normality, after midnight, sparse practical lighting, wet or reflective surfaces where appropriate, long sightlines, atmospheric haze, tense empty-frame composition, polished horror cinematography, no people present, environment-first composition, highly detailed architecture and surfaces, coherent spatial layout, cinematic depth, polished colour separation, subtle volumetric atmosphere, realistic materials, professional horror production design","people as main subject, visible monster as main subject, graphic gore, modern clutter that contradicts the setting, bright cheerful mood, flat lighting, malformed architecture, impossible perspective, duplicated doors, floating objects, warped signage, invented readable text, watermark, logo, low detail, blur",Horror Film & TV,1.0,False
0021 | Horror Film & TV/Stu Macher House — Cinematic Dusk,"Stu Macher House, the isolated party house from Scream, broad kitchen, long hallways, rural darkness outside and abandoned party debris, at cinematic dusk, fading natural light, practical lamps beginning to glow, wide establishing composition, deep but readable shadows, restrained colour grade, location remains the clear subject, no people present, environment-first composition, highly detailed architecture and surfaces, coherent spatial layout, cinematic depth, polished colour separation, subtle volumetric atmosphere, realistic materials, professional horror production design","people as main subject, visible monster as main subject, graphic gore, modern clutter that contradicts the setting, bright cheerful mood, flat lighting, malformed architecture, impossible perspective, duplicated doors, floating objects, warped signage, invented readable text, watermark, logo, low detail, blur",Horror Film & TV,1.0,False
0022 | Horror Film & TV/Stu Macher House — After Midnight,"Stu Macher House, the isolated party house from Scream, broad kitchen, long hallways, rural darkness outside and abandoned party debris, after midnight, sparse practical lighting, wet or reflective surfaces where appropriate, long sightlines, atmospheric haze, tense empty-frame composition, polished horror cinematography, no people present, environment-first composition, highly detailed architecture and surfaces, coherent spatial layout, cinematic depth, polished colour separation, subtle volumetric atmosphere, realistic materials, professional horror production design","people as main subject, visible monster as main subject, graphic gore, modern clutter that contradicts the setting, bright cheerful mood, flat lighting, malformed architecture, impossible perspective, duplicated doors, floating objects, warped signage, invented readable text, watermark, logo, low detail, blur",Horror Film & TV,1.0,False
0023 | Horror Film & TV/Amityville House — Cinematic Dusk,"Amityville House, the Dutch Colonial house with distinctive quarter-round attic windows, dark lawn, waterfront mist and oppressive symmetry, at cinematic dusk, fading natural light, practical lamps beginning to glow, wide establishing composition, deep but readable shadows, restrained colour grade, location remains the clear subject, no people present, environment-first composition, highly detailed architecture and surfaces, coherent spatial layout, cinematic depth, polished colour separation, subtle volumetric atmosphere, realistic materials, professional horror production design","people as main subject, visible monster as main subject, graphic gore, modern clutter that contradicts the setting, bright cheerful mood, flat lighting, malformed architecture, impossible perspective, duplicated doors, floating objects, warped signage, invented readable text, watermark, logo, low detail, blur",Horror Film & TV,1.0,False
0024 | Horror Film & TV/Amityville House — After Midnight,"Amityville House, the Dutch Colonial house with distinctive quarter-round attic windows, dark lawn, waterfront mist and oppressive symmetry, after midnight, sparse practical lighting, wet or reflective surfaces where appropriate, long sightlines, atmospheric haze, tense empty-frame composition, polished horror cinematography, no people present, environment-first composition, highly detailed architecture and surfaces, coherent spatial layout, cinematic depth, polished colour separation, subtle volumetric atmosphere, realistic materials, professional horror production design","people as main subject, visible monster as main subject, graphic gore, modern clutter that contradicts the setting, bright cheerful mood, flat lighting, malformed architecture, impossible perspective, duplicated doors, floating objects, warped signage, invented readable text, watermark, logo, low detail, blur",Horror Film & TV,1.0,False
0025 | Horror Film & TV/Conjuring Farmhouse — Cinematic Dusk,"Conjuring Farmhouse, the remote New England farmhouse from The Conjuring, weathered timber, surrounding woodland, cellar door and sparse period furnishings, at cinematic dusk, fading natural light, practical lamps beginning to glow, wide establishing composition, deep but readable shadows, restrained colour grade, location remains the clear subject, no people present, environment-first composition, highly detailed architecture and surfaces, coherent spatial layout, cinematic depth, polished colour separation, subtle volumetric atmosphere, realistic materials, professional horror production design","people as main subject, visible monster as main subject, graphic gore, modern clutter that contradicts the setting, bright cheerful mood, flat lighting, malformed architecture, impossible perspective, duplicated doors, floating objects, warped signage, invented readable text, watermark, logo, low detail, blur",Horror Film & TV,1.0,False
0026 | Horror Film & TV/Conjuring Farmhouse — After Midnight,"Conjuring Farmhouse, the remote New England farmhouse from The Conjuring, weathered timber, surrounding woodland, cellar door and sparse period furnishings, after midnight, sparse practical lighting, wet or reflective surfaces where appropriate, long sightlines, atmospheric haze, tense empty-frame composition, polished horror cinematography, no people present, environment-first composition, highly detailed architecture and surfaces, coherent spatial layout, cinematic depth, polished colour separation, subtle volumetric atmosphere, realistic materials, professional horror production design","people as main subject, visible monster as main subject, graphic gore, modern clutter that contradicts the setting, bright cheerful mood, flat lighting, malformed architecture, impossible perspective, duplicated doors, floating objects, warped signage, invented readable text, watermark, logo, low detail, blur",Horror Film & TV,1.0,False
0027 | Horror Film & TV/Warren Occult Museum — Cinematic Dusk,"Warren Occult Museum, a cramped private occult collection inspired by The Conjuring universe, locked display cases, religious objects, antique toys and low amber lamps, at cinematic dusk, fading natural light, practical lamps beginning to glow, wide establishing composition, deep but readable shadows, restrained colour grade, location remains the clear subject, no people present, environment-first composition, highly detailed architecture and surfaces, coherent spatial layout, cinematic depth, polished colour separation, subtle volumetric atmosphere, realistic materials, professional horror production design","people as main subject, visible monster as main subject, graphic gore, modern clutter that contradicts the setting, bright cheerful mood, flat lighting, malformed architecture, impossible perspective, duplicated doors, floating objects, warped signage, invented readable text, watermark, logo, low detail, blur",Horror Film & TV,1.0,False
0028 | Horror Film & TV/Warren Occult Museum — After Midnight,"Warren Occult Museum, a cramped private occult collection inspired by The Conjuring universe, locked display cases, religious objects, antique toys and low amber lamps, after midnight, sparse practical lighting, wet or reflective surfaces where appropriate, long sightlines, atmospheric haze, tense empty-frame composition, polished horror cinematography, no people present, environment-first composition, highly detailed architecture and surfaces, coherent spatial layout, cinematic depth, polished colour separation, subtle volumetric atmosphere, realistic materials, professional horror production design","people as main subject, visible monster as main subject, graphic gore, modern clutter that contradicts the setting, bright cheerful mood, flat lighting, malformed architecture, impossible perspective, duplicated doors, floating objects, warped signage, invented readable text, watermark, logo, low detail, blur",Horror Film & TV,1.0,False
0029 | Horror Film & TV/Georgetown Exorcist Steps — Cinematic Dusk,"Georgetown Exorcist Steps, the steep stone staircase beside old Georgetown buildings from The Exorcist, wet masonry, narrow landing and cold city night, at cinematic dusk, fading natural light, practical lamps beginning to glow, wide establishing composition, deep but readable shadows, restrained colour grade, location remains the clear subject, no people present, environment-first composition, highly detailed architecture and surfaces, coherent spatial layout, cinematic depth, polished colour separation, subtle volumetric atmosphere, realistic materials, professional horror production design","people as main subject, visible monster as main subject, graphic gore, modern clutter that contradicts the setting, bright cheerful mood, flat lighting, malformed architecture, impossible perspective, duplicated doors, floating objects, warped signage, invented readable text, watermark, logo, low detail, blur",Horror Film & TV,1.0,False
0030 | Horror Film & TV/Georgetown Exorcist Steps — After Midnight,"Georgetown Exorcist Steps, the steep stone staircase beside old Georgetown buildings from The Exorcist, wet masonry, narrow landing and cold city night, after midnight, sparse practical lighting, wet or reflective surfaces where appropriate, long sightlines, atmospheric haze, tense empty-frame composition, polished horror cinematography, no people present, environment-first composition, highly detailed architecture and surfaces, coherent spatial layout, cinematic depth, polished colour separation, subtle volumetric atmosphere, realistic materials, professional horror production design","people as main subject, visible monster as main subject, graphic gore, modern clutter that contradicts the setting, bright cheerful mood, flat lighting, malformed architecture, impossible perspective, duplicated doors, floating objects, warped signage, invented readable text, watermark, logo, low detail, blur",Horror Film & TV,1.0,False
0031 | Horror Film & TV/MacNeil House — Cinematic Dusk,"MacNeil House, the Georgetown townhouse from The Exorcist, formal interior, shadowed staircase, closed bedroom door and restrained 1970s decor, at cinematic dusk, fading natural light, practical lamps beginning to glow, wide establishing composition, deep but readable shadows, restrained colour grade, location remains the clear subject, no people present, environment-first composition, highly detailed architecture and surfaces, coherent spatial layout, cinematic depth, polished colour separation, subtle volumetric atmosphere, realistic materials, professional horror production design","people as main subject, visible monster as main subject, graphic gore, modern clutter that contradicts the setting, bright cheerful mood, flat lighting, malformed architecture, impossible perspective, duplicated doors, floating objects, warped signage, invented readable text, watermark, logo, low detail, blur",Horror Film & TV,1.0,False
0032 | Horror Film & TV/MacNeil House — After Midnight,"MacNeil House, the Georgetown townhouse from The Exorcist, formal interior, shadowed staircase, closed bedroom door and restrained 1970s decor, after midnight, sparse practical lighting, wet or reflective surfaces where appropriate, long sightlines, atmospheric haze, tense empty-frame composition, polished horror cinematography, no people present, environment-first composition, highly detailed architecture and surfaces, coherent spatial layout, cinematic depth, polished colour separation, subtle volumetric atmosphere, realistic materials, professional horror production design","people as main subject, visible monster as main subject, graphic gore, modern clutter that contradicts the setting, bright cheerful mood, flat lighting, malformed architecture, impossible perspective, duplicated doors, floating objects, warped signage, invented readable text, watermark, logo, low detail, blur",Horror Film & TV,1.0,False
0033 | Horror Film & TV/Neibolt Street House — Cinematic Dusk,"Neibolt Street House, the decaying Victorian house from It, boarded windows, leaning porch, dead garden and a storm drain nearby, at cinematic dusk, fading natural light, practical lamps beginning to glow, wide establishing composition, deep but readable shadows, restrained colour grade, location remains the clear subject, no people present, environment-first composition, highly detailed architecture and surfaces, coherent spatial layout, cinematic depth, polished colour separation, subtle volumetric atmosphere, realistic materials, professional horror production design","people as main subject, visible monster as main subject, graphic gore, modern clutter that contradicts the setting, bright cheerful mood, flat lighting, malformed architecture, impossible perspective, duplicated doors, floating objects, warped signage, invented readable text, watermark, logo, low detail, blur",Horror Film & TV,1.0,False
0034 | Horror Film & TV/Neibolt Street House — After Midnight,"Neibolt Street House, the decaying Victorian house from It, boarded windows, leaning porch, dead garden and a storm drain nearby, after midnight, sparse practical lighting, wet or reflective surfaces where appropriate, long sightlines, atmospheric haze, tense empty-frame composition, polished horror cinematography, no people present, environment-first composition, highly detailed architecture and surfaces, coherent spatial layout, cinematic depth, polished colour separation, subtle volumetric atmosphere, realistic materials, professional horror production design","people as main subject, visible monster as main subject, graphic gore, modern clutter that contradicts the setting, bright cheerful mood, flat lighting, malformed architecture, impossible perspective, duplicated doors, floating objects, warped signage, invented readable text, watermark, logo, low detail, blur",Horror Film & TV,1.0,False
0035 | Horror Film & TV/Derry Sewers — Cinematic Dusk,"Derry Sewers, the vast brick sewer tunnels beneath Derry from It, circular chambers, rushing black water, rusted ladders and distant red reflections, at cinematic dusk, fading natural light, practical lamps beginning to glow, wide establishing composition, deep but readable shadows, restrained colour grade, location remains the clear subject, no people present, environment-first composition, highly detailed architecture and surfaces, coherent spatial layout, cinematic depth, polished colour separation, subtle volumetric atmosphere, realistic materials, professional horror production design","people as main subject, visible monster as main subject, graphic gore, modern clutter that contradicts the setting, bright cheerful mood, flat lighting, malformed architecture, impossible perspective, duplicated doors, floating objects, warped signage, invented readable text, watermark, logo, low detail, blur",Horror Film & TV,1.0,False
0036 | Horror Film & TV/Derry Sewers — After Midnight,"Derry Sewers, the vast brick sewer tunnels beneath Derry from It, circular chambers, rushing black water, rusted ladders and distant red reflections, after midnight, sparse practical lighting, wet or reflective surfaces where appropriate, long sightlines, atmospheric haze, tense empty-frame composition, polished horror cinematography, no people present, environment-first composition, highly detailed architecture and surfaces, coherent spatial layout, cinematic depth, polished colour separation, subtle volumetric atmosphere, realistic materials, professional horror production design","people as main subject, visible monster as main subject, graphic gore, modern clutter that contradicts the setting, bright cheerful mood, flat lighting, malformed architecture, impossible perspective, duplicated doors, floating objects, warped signage, invented readable text, watermark, logo, low detail, blur",Horror Film & TV,1.0,False
0037 | Horror Film & TV/Derry Carnival — Cinematic Dusk,"Derry Carnival, a small-town carnival in Derry, striped tents, stalled rides, wet midway lights and an unsettling absence of crowds, at cinematic dusk, fading natural light, practical lamps beginning to glow, wide establishing composition, deep but readable shadows, restrained colour grade, location remains the clear subject, no people present, environment-first composition, highly detailed architecture and surfaces, coherent spatial layout, cinematic depth, polished colour separation, subtle volumetric atmosphere, realistic materials, professional horror production design","people as main subject, visible monster as main subject, graphic gore, modern clutter that contradicts the setting, bright cheerful mood, flat lighting, malformed architecture, impossible perspective, duplicated doors, floating objects, warped signage, invented readable text, watermark, logo, low detail, blur",Horror Film & TV,1.0,False
0038 | Horror Film & TV/Derry Carnival — After Midnight,"Derry Carnival, a small-town carnival in Derry, striped tents, stalled rides, wet midway lights and an unsettling absence of crowds, after midnight, sparse practical lighting, wet or reflective surfaces where appropriate, long sightlines, atmospheric haze, tense empty-frame composition, polished horror cinematography, no people present, environment-first composition, highly detailed architecture and surfaces, coherent spatial layout, cinematic depth, polished colour separation, subtle volumetric atmosphere, realistic materials, professional horror production design","people as main subject, visible monster as main subject, graphic gore, modern clutter that contradicts the setting, bright cheerful mood, flat lighting, malformed architecture, impossible perspective, duplicated doors, floating objects, warped signage, invented readable text, watermark, logo, low detail, blur",Horror Film & TV,1.0,False
0039 | Horror Film & TV/Hill House — Cinematic Dusk,"Hill House, the sprawling gothic mansion from The Haunting of Hill House, impossible corridors, red room door, carved staircases and generations of decay, at cinematic dusk, fading natural light, practical lamps beginning to glow, wide establishing composition, deep but readable shadows, restrained colour grade, location remains the clear subject, no people present, environment-first composition, highly detailed architecture and surfaces, coherent spatial layout, cinematic depth, polished colour separation, subtle volumetric atmosphere, realistic materials, professional horror production design","people as main subject, visible monster as main subject, graphic gore, modern clutter that contradicts the setting, bright cheerful mood, flat lighting, malformed architecture, impossible perspective, duplicated doors, floating objects, warped signage, invented readable text, watermark, logo, low detail, blur",Horror Film & TV,1.0,False
0040 | Horror Film & TV/Hill House — After Midnight,"Hill House, the sprawling gothic mansion from The Haunting of Hill House, impossible corridors, red room door, carved staircases and generations of decay, after midnight, sparse practical lighting, wet or reflective surfaces where appropriate, long sightlines, atmospheric haze, tense empty-frame composition, polished horror cinematography, no people present, environment-first composition, highly detailed architecture and surfaces, coherent spatial layout, cinematic depth, polished colour separation, subtle volumetric atmosphere, realistic materials, professional horror production design","people as main subject, visible monster as main subject, graphic gore, modern clutter that contradicts the setting, bright cheerful mood, flat lighting, malformed architecture, impossible perspective, duplicated doors, floating objects, warped signage, invented readable text, watermark, logo, low detail, blur",Horror Film & TV,1.0,False
0041 | Horror Film & TV/Bly Manor — Cinematic Dusk,"Bly Manor, the secluded English country estate from The Haunting of Bly Manor, reflective lake, formal gardens, old nursery and misty grounds, at cinematic dusk, fading natural light, practical lamps beginning to glow, wide establishing composition, deep but readable shadows, restrained colour grade, location remains the clear subject, no people present, environment-first composition, highly detailed architecture and surfaces, coherent spatial layout, cinematic depth, polished colour separation, subtle volumetric atmosphere, realistic materials, professional horror production design","people as main subject, visible monster as main subject, graphic gore, modern clutter that contradicts the setting, bright cheerful mood, flat lighting, malformed architecture, impossible perspective, duplicated doors, floating objects, warped signage, invented readable text, watermark, logo, low detail, blur",Horror Film & TV,1.0,False
0042 | Horror Film & TV/Bly Manor — After Midnight,"Bly Manor, the secluded English country estate from The Haunting of Bly Manor, reflective lake, formal gardens, old nursery and misty grounds, after midnight, sparse practical lighting, wet or reflective surfaces where appropriate, long sightlines, atmospheric haze, tense empty-frame composition, polished horror cinematography, no people present, environment-first composition, highly detailed architecture and surfaces, coherent spatial layout, cinematic depth, polished colour separation, subtle volumetric atmosphere, realistic materials, professional horror production design","people as main subject, visible monster as main subject, graphic gore, modern clutter that contradicts the setting, bright cheerful mood, flat lighting, malformed architecture, impossible perspective, duplicated doors, floating objects, warped signage, invented readable text, watermark, logo, low detail, blur",Horror Film & TV,1.0,False
0043 | Horror Film & TV/Hårga Village — Cinematic Dusk,"Hårga Village, the isolated Scandinavian commune from Midsommar, bright painted halls, flowered fields, ritual structures and unnerving daylight serenity, at cinematic dusk, fading natural light, practical lamps beginning to glow, wide establishing composition, deep but readable shadows, restrained colour grade, location remains the clear subject, no people present, environment-first composition, highly detailed architecture and surfaces, coherent spatial layout, cinematic depth, polished colour separation, subtle volumetric atmosphere, realistic materials, professional horror production design","people as main subject, visible monster as main subject, graphic gore, modern clutter that contradicts the setting, bright cheerful mood, flat lighting, malformed architecture, impossible perspective, duplicated doors, floating objects, warped signage, invented readable text, watermark, logo, low detail, blur",Horror Film & TV,1.0,False
0044 | Horror Film & TV/Hårga Village — After Midnight,"Hårga Village, the isolated Scandinavian commune from Midsommar, bright painted halls, flowered fields, ritual structures and unnerving daylight serenity, after midnight, sparse practical lighting, wet or reflective surfaces where appropriate, long sightlines, atmospheric haze, tense empty-frame composition, polished horror cinematography, no people present, environment-first composition, highly detailed architecture and surfaces, coherent spatial layout, cinematic depth, polished colour separation, subtle volumetric atmosphere, realistic materials, professional horror production design","people as main subject, visible monster as main subject, graphic gore, modern clutter that contradicts the setting, bright cheerful mood, flat lighting, malformed architecture, impossible perspective, duplicated doors, floating objects, warped signage, invented readable text, watermark, logo, low detail, blur",Horror Film & TV,1.0,False
0045 | Horror Film & TV/Black Hills Forest — Cinematic Dusk,"Black Hills Forest, the disorienting Maryland woodland from The Blair Witch Project, stick figures, identical trails, damp leaves and no visible horizon, at cinematic dusk, fading natural light, practical lamps beginning to glow, wide establishing composition, deep but readable shadows, restrained colour grade, location remains the clear subject, no people present, environment-first composition, highly detailed architecture and surfaces, coherent spatial layout, cinematic depth, polished colour separation, subtle volumetric atmosphere, realistic materials, professional horror production design","people as main subject, visible monster as main subject, graphic gore, modern clutter that contradicts the setting, bright cheerful mood, flat lighting, malformed architecture, impossible perspective, duplicated doors, floating objects, warped signage, invented readable text, watermark, logo, low detail, blur",Horror Film & TV,1.0,False
0046 | Horror Film & TV/Black Hills Forest — After Midnight,"Black Hills Forest, the disorienting Maryland woodland from The Blair Witch Project, stick figures, identical trails, damp leaves and no visible horizon, after midnight, sparse practical lighting, wet or reflective surfaces where appropriate, long sightlines, atmospheric haze, tense empty-frame composition, polished horror cinematography, no people present, environment-first composition, highly detailed architecture and surfaces, coherent spatial layout, cinematic depth, polished colour separation, subtle volumetric atmosphere, realistic materials, professional horror production design","people as main subject, visible monster as main subject, graphic gore, modern clutter that contradicts the setting, bright cheerful mood, flat lighting, malformed architecture, impossible perspective, duplicated doors, floating objects, warped signage, invented readable text, watermark, logo, low detail, blur",Horror Film & TV,1.0,False
0047 | Horror Film & TV/Cabin in the Woods — Cinematic Dusk,"Cabin in the Woods, the remote lakeside cabin from The Cabin in the Woods, weathered porch, trophy-lined interior, cellar hatch and dense surrounding forest, at cinematic dusk, fading natural light, practical lamps beginning to glow, wide establishing composition, deep but readable shadows, restrained colour grade, location remains the clear subject, no people present, environment-first composition, highly detailed architecture and surfaces, coherent spatial layout, cinematic depth, polished colour separation, subtle volumetric atmosphere, realistic materials, professional horror production design","people as main subject, visible monster as main subject, graphic gore, modern clutter that contradicts the setting, bright cheerful mood, flat lighting, malformed architecture, impossible perspective, duplicated doors, floating objects, warped signage, invented readable text, watermark, logo, low detail, blur",Horror Film & TV,1.0,False
0048 | Horror Film & TV/Cabin in the Woods — After Midnight,"Cabin in the Woods, the remote lakeside cabin from The Cabin in the Woods, weathered porch, trophy-lined interior, cellar hatch and dense surrounding forest, after midnight, sparse practical lighting, wet or reflective surfaces where appropriate, long sightlines, atmospheric haze, tense empty-frame composition, polished horror cinematography, no people present, environment-first composition, highly detailed architecture and surfaces, coherent spatial layout, cinematic depth, polished colour separation, subtle volumetric atmosphere, realistic materials, professional horror production design","people as main subject, visible monster as main subject, graphic gore, modern clutter that contradicts the setting, bright cheerful mood, flat lighting, malformed architecture, impossible perspective, duplicated doors, floating objects, warped signage, invented readable text, watermark, logo, low detail, blur",Horror Film & TV,1.0,False
0049 | Horror Film & TV/Facility Beneath the Cabin — Cinematic Dusk,"Facility Beneath the Cabin, the underground control complex beneath The Cabin in the Woods, observation rooms, containment elevators and sterile industrial corridors, at cinematic dusk, fading natural light, practical lamps beginning to glow, wide establishing composition, deep but readable shadows, restrained colour grade, location remains the clear subject, no people present, environment-first composition, highly detailed architecture and surfaces, coherent spatial layout, cinematic depth, polished colour separation, subtle volumetric atmosphere, realistic materials, professional horror production design","people as main subject, visible monster as main subject, graphic gore, modern clutter that contradicts the setting, bright cheerful mood, flat lighting, malformed architecture, impossible perspective, duplicated doors, floating objects, warped signage, invented readable text, watermark, logo, low detail, blur",Horror Film & TV,1.0,False
0050 | Horror Film & TV/Facility Beneath the Cabin — After Midnight,"Facility Beneath the Cabin, the underground control complex beneath The Cabin in the Woods, observation rooms, containment elevators and sterile industrial corridors, after midnight, sparse practical lighting, wet or reflective surfaces where appropriate, long sightlines, atmospheric haze, tense empty-frame composition, polished horror cinematography, no people present, environment-first composition, highly detailed architecture and surfaces, coherent spatial layout, cinematic depth, polished colour separation, subtle volumetric atmosphere, realistic materials, professional horror production design","people as main subject, visible monster as main subject, graphic gore, modern clutter that contradicts the setting, bright cheerful mood, flat lighting, malformed architecture, impossible perspective, duplicated doors, floating objects, warped signage, invented readable text, watermark, logo, low detail, blur",Horror Film & TV,1.0,False
0051 | Horror Film & TV/Outpost 31 — Cinematic Dusk,"Outpost 31, the isolated Antarctic research station from The Thing, snow-buried buildings, generator sheds, narrow corridors and blizzard conditions, at cinematic dusk, fading natural light, practical lamps beginning to glow, wide establishing composition, deep but readable shadows, restrained colour grade, location remains the clear subject, no people present, environment-first composition, highly detailed architecture and surfaces, coherent spatial layout, cinematic depth, polished colour separation, subtle volumetric atmosphere, realistic materials, professional horror production design","people as main subject, visible monster as main subject, graphic gore, modern clutter that contradicts the setting, bright cheerful mood, flat lighting, malformed architecture, impossible perspective, duplicated doors, floating objects, warped signage, invented readable text, watermark, logo, low detail, blur",Horror Film & TV,1.0,False
0052 | Horror Film & TV/Outpost 31 — After Midnight,"Outpost 31, the isolated Antarctic research station from The Thing, snow-buried buildings, generator sheds, narrow corridors and blizzard conditions, after midnight, sparse practical lighting, wet or reflective surfaces where appropriate, long sightlines, atmospheric haze, tense empty-frame composition, polished horror cinematography, no people present, environment-first composition, highly detailed architecture and surfaces, coherent spatial layout, cinematic depth, polished colour separation, subtle volumetric atmosphere, realistic materials, professional horror production design","people as main subject, visible monster as main subject, graphic gore, modern clutter that contradicts the setting, bright cheerful mood, flat lighting, malformed architecture, impossible perspective, duplicated doors, floating objects, warped signage, invented readable text, watermark, logo, low detail, blur",Horror Film & TV,1.0,False
0053 | Horror Film & TV/USCSS Nostromo Corridors — Cinematic Dusk,"USCSS Nostromo Corridors, the industrial spaceship corridors from Alien, ribbed bulkheads, exposed pipes, warning lights, dripping condensation and claustrophobic junctions, at cinematic dusk, fading natural light, practical lamps beginning to glow, wide establishing composition, deep but readable shadows, restrained colour grade, location remains the clear subject, no people present, environment-first composition, highly detailed architecture and surfaces, coherent spatial layout, cinematic depth, polished colour separation, subtle volumetric atmosphere, realistic materials, professional horror production design","people as main subject, visible monster as main subject, graphic gore, modern clutter that contradicts the setting, bright cheerful mood, flat lighting, malformed architecture, impossible perspective, duplicated doors, floating objects, warped signage, invented readable text, watermark, logo, low detail, blur",Horror Film & TV,1.0,False
0054 | Horror Film & TV/USCSS Nostromo Corridors — After Midnight,"USCSS Nostromo Corridors, the industrial spaceship corridors from Alien, ribbed bulkheads, exposed pipes, warning lights, dripping condensation and claustrophobic junctions, after midnight, sparse practical lighting, wet or reflective surfaces where appropriate, long sightlines, atmospheric haze, tense empty-frame composition, polished horror cinematography, no people present, environment-first composition, highly detailed architecture and surfaces, coherent spatial layout, cinematic depth, polished colour separation, subtle volumetric atmosphere, realistic materials, professional horror production design","people as main subject, visible monster as main subject, graphic gore, modern clutter that contradicts the setting, bright cheerful mood, flat lighting, malformed architecture, impossible perspective, duplicated doors, floating objects, warped signage, invented readable text, watermark, logo, low detail, blur",Horror Film & TV,1.0,False
0055 | Horror Film & TV/Hadley’s Hope Colony — Cinematic Dusk,"Hadley’s Hope Colony, the abandoned terraforming colony from Aliens, rain-lashed landing pads, damaged operations rooms and emergency strobes, at cinematic dusk, fading natural light, practical lamps beginning to glow, wide establishing composition, deep but readable shadows, restrained colour grade, location remains the clear subject, no people present, environment-first composition, highly detailed architecture and surfaces, coherent spatial layout, cinematic depth, polished colour separation, subtle volumetric atmosphere, realistic materials, professional horror production design","people as main subject, visible monster as main subject, graphic gore, modern clutter that contradicts the setting, bright cheerful mood, flat lighting, malformed architecture, impossible perspective, duplicated doors, floating objects, warped signage, invented readable text, watermark, logo, low detail, blur",Horror Film & TV,1.0,False
0056 | Horror Film & TV/Hadley’s Hope Colony — After Midnight,"Hadley’s Hope Colony, the abandoned terraforming colony from Aliens, rain-lashed landing pads, damaged operations rooms and emergency strobes, after midnight, sparse practical lighting, wet or reflective surfaces where appropriate, long sightlines, atmospheric haze, tense empty-frame composition, polished horror cinematography, no people present, environment-first composition, highly detailed architecture and surfaces, coherent spatial layout, cinematic depth, polished colour separation, subtle volumetric atmosphere, realistic materials, professional horror production design","people as main subject, visible monster as main subject, graphic gore, modern clutter that contradicts the setting, bright cheerful mood, flat lighting, malformed architecture, impossible perspective, duplicated doors, floating objects, warped signage, invented readable text, watermark, logo, low detail, blur",Horror Film & TV,1.0,False
0057 | Horror Film & TV/Event Horizon Engine Room — Cinematic Dusk,"Event Horizon Engine Room, the cathedral-like gravity drive chamber from Event Horizon, rotating rings, black metal walkways and infernal geometric shadows, at cinematic dusk, fading natural light, practical lamps beginning to glow, wide establishing composition, deep but readable shadows, restrained colour grade, location remains the clear subject, no people present, environment-first composition, highly detailed architecture and surfaces, coherent spatial layout, cinematic depth, polished colour separation, subtle volumetric atmosphere, realistic materials, professional horror production design","people as main subject, visible monster as main subject, graphic gore, modern clutter that contradicts the setting, bright cheerful mood, flat lighting, malformed architecture, impossible perspective, duplicated doors, floating objects, warped signage, invented readable text, watermark, logo, low detail, blur",Horror Film & TV,1.0,False
0058 | Horror Film & TV/Event Horizon Engine Room — After Midnight,"Event Horizon Engine Room, the cathedral-like gravity drive chamber from Event Horizon, rotating rings, black metal walkways and infernal geometric shadows, after midnight, sparse practical lighting, wet or reflective surfaces where appropriate, long sightlines, atmospheric haze, tense empty-frame composition, polished horror cinematography, no people present, environment-first composition, highly detailed architecture and surfaces, coherent spatial layout, cinematic depth, polished colour separation, subtle volumetric atmosphere, realistic materials, professional horror production design","people as main subject, visible monster as main subject, graphic gore, modern clutter that contradicts the setting, bright cheerful mood, flat lighting, malformed architecture, impossible perspective, duplicated doors, floating objects, warped signage, invented readable text, watermark, logo, low detail, blur",Horror Film & TV,1.0,False
0059 | Horror Film & TV/Abbott Farmhouse — Cinematic Dusk,"Abbott Farmhouse, the rural family farm from A Quiet Place, grain silo, barn, sand paths, improvised warning lights and profound silence, at cinematic dusk, fading natural light, practical lamps beginning to glow, wide establishing composition, deep but readable shadows, restrained colour grade, location remains the clear subject, no people present, environment-first composition, highly detailed architecture and surfaces, coherent spatial layout, cinematic depth, polished colour separation, subtle volumetric atmosphere, realistic materials, professional horror production design","people as main subject, visible monster as main subject, graphic gore, modern clutter that contradicts the setting, bright cheerful mood, flat lighting, malformed architecture, impossible perspective, duplicated doors, floating objects, warped signage, invented readable text, watermark, logo, low detail, blur",Horror Film & TV,1.0,False
0060 | Horror Film & TV/Abbott Farmhouse — After Midnight,"Abbott Farmhouse, the rural family farm from A Quiet Place, grain silo, barn, sand paths, improvised warning lights and profound silence, after midnight, sparse practical lighting, wet or reflective surfaces where appropriate, long sightlines, atmospheric haze, tense empty-frame composition, polished horror cinematography, no people present, environment-first composition, highly detailed architecture and surfaces, coherent spatial layout, cinematic depth, polished colour separation, subtle volumetric atmosphere, realistic materials, professional horror production design","people as main subject, visible monster as main subject, graphic gore, modern clutter that contradicts the setting, bright cheerful mood, flat lighting, malformed architecture, impossible perspective, duplicated doors, floating objects, warped signage, invented readable text, watermark, logo, low detail, blur",Horror Film & TV,1.0,False
0061 | Horror Film & TV/Armitage Estate — Cinematic Dusk,"Armitage Estate, the affluent country estate from Get Out, manicured lawn, white-columned house, basement screening room and unsettling hospitality, at cinematic dusk, fading natural light, practical lamps beginning to glow, wide establishing composition, deep but readable shadows, restrained colour grade, location remains the clear subject, no people present, environment-first composition, highly detailed architecture and surfaces, coherent spatial layout, cinematic depth, polished colour separation, subtle volumetric atmosphere, realistic materials, professional horror production design","people as main subject, visible monster as main subject, graphic gore, modern clutter that contradicts the setting, bright cheerful mood, flat lighting, malformed architecture, impossible perspective, duplicated doors, floating objects, warped signage, invented readable text, watermark, logo, low detail, blur",Horror Film & TV,1.0,False
0062 | Horror Film & TV/Armitage Estate — After Midnight,"Armitage Estate, the affluent country estate from Get Out, manicured lawn, white-columned house, basement screening room and unsettling hospitality, after midnight, sparse practical lighting, wet or reflective surfaces where appropriate, long sightlines, atmospheric haze, tense empty-frame composition, polished horror cinematography, no people present, environment-first composition, highly detailed architecture and surfaces, coherent spatial layout, cinematic depth, polished colour separation, subtle volumetric atmosphere, realistic materials, professional horror production design","people as main subject, visible monster as main subject, graphic gore, modern clutter that contradicts the setting, bright cheerful mood, flat lighting, malformed architecture, impossible perspective, duplicated doors, floating objects, warped signage, invented readable text, watermark, logo, low detail, blur",Horror Film & TV,1.0,False
0063 | Horror Film & TV/Santa Cruz Boardwalk — Cinematic Dusk,"Santa Cruz Boardwalk, the coastal amusement boardwalk from Us, empty rides, hall of mirrors entrance, ocean fog and red emergency lighting, at cinematic dusk, fading natural light, practical lamps beginning to glow, wide establishing composition, deep but readable shadows, restrained colour grade, location remains the clear subject, no people present, environment-first composition, highly detailed architecture and surfaces, coherent spatial layout, cinematic depth, polished colour separation, subtle volumetric atmosphere, realistic materials, professional horror production design","people as main subject, visible monster as main subject, graphic gore, modern clutter that contradicts the setting, bright cheerful mood, flat lighting, malformed architecture, impossible perspective, duplicated doors, floating objects, warped signage, invented readable text, watermark, logo, low detail, blur",Horror Film & TV,1.0,False
0064 | Horror Film & TV/Santa Cruz Boardwalk — After Midnight,"Santa Cruz Boardwalk, the coastal amusement boardwalk from Us, empty rides, hall of mirrors entrance, ocean fog and red emergency lighting, after midnight, sparse practical lighting, wet or reflective surfaces where appropriate, long sightlines, atmospheric haze, tense empty-frame composition, polished horror cinematography, no people present, environment-first composition, highly detailed architecture and surfaces, coherent spatial layout, cinematic depth, polished colour separation, subtle volumetric atmosphere, realistic materials, professional horror production design","people as main subject, visible monster as main subject, graphic gore, modern clutter that contradicts the setting, bright cheerful mood, flat lighting, malformed architecture, impossible perspective, duplicated doors, floating objects, warped signage, invented readable text, watermark, logo, low detail, blur",Horror Film & TV,1.0,False
0065 | Horror Film & TV/Jupiter’s Claim — Cinematic Dusk,"Jupiter’s Claim, the Western theme park from Nope, dusty main street, colourful attractions, surrounding desert basin and unnaturally still sky, at cinematic dusk, fading natural light, practical lamps beginning to glow, wide establishing composition, deep but readable shadows, restrained colour grade, location remains the clear subject, no people present, environment-first composition, highly detailed architecture and surfaces, coherent spatial layout, cinematic depth, polished colour separation, subtle volumetric atmosphere, realistic materials, professional horror production design","people as main subject, visible monster as main subject, graphic gore, modern clutter that contradicts the setting, bright cheerful mood, flat lighting, malformed architecture, impossible perspective, duplicated doors, floating objects, warped signage, invented readable text, watermark, logo, low detail, blur",Horror Film & TV,1.0,False
0066 | Horror Film & TV/Jupiter’s Claim — After Midnight,"Jupiter’s Claim, the Western theme park from Nope, dusty main street, colourful attractions, surrounding desert basin and unnaturally still sky, after midnight, sparse practical lighting, wet or reflective surfaces where appropriate, long sightlines, atmospheric haze, tense empty-frame composition, polished horror cinematography, no people present, environment-first composition, highly detailed architecture and surfaces, coherent spatial layout, cinematic depth, polished colour separation, subtle volumetric atmosphere, realistic materials, professional horror production design","people as main subject, visible monster as main subject, graphic gore, modern clutter that contradicts the setting, bright cheerful mood, flat lighting, malformed architecture, impossible perspective, duplicated doors, floating objects, warped signage, invented readable text, watermark, logo, low detail, blur",Horror Film & TV,1.0,False
0067 | Horror Film & TV/Graham Family House — Cinematic Dusk,"Graham Family House, the secluded modern house from Hereditary, miniature-like rooms, attic access, dark forest outside and severe architectural composition, at cinematic dusk, fading natural light, practical lamps beginning to glow, wide establishing composition, deep but readable shadows, restrained colour grade, location remains the clear subject, no people present, environment-first composition, highly detailed architecture and surfaces, coherent spatial layout, cinematic depth, polished colour separation, subtle volumetric atmosphere, realistic materials, professional horror production design","people as main subject, visible monster as main subject, graphic gore, modern clutter that contradicts the setting, bright cheerful mood, flat lighting, malformed architecture, impossible perspective, duplicated doors, floating objects, warped signage, invented readable text, watermark, logo, low detail, blur",Horror Film & TV,1.0,False
0068 | Horror Film & TV/Graham Family House — After Midnight,"Graham Family House, the secluded modern house from Hereditary, miniature-like rooms, attic access, dark forest outside and severe architectural composition, after midnight, sparse practical lighting, wet or reflective surfaces where appropriate, long sightlines, atmospheric haze, tense empty-frame composition, polished horror cinematography, no people present, environment-first composition, highly detailed architecture and surfaces, coherent spatial layout, cinematic depth, polished colour separation, subtle volumetric atmosphere, realistic materials, professional horror production design","people as main subject, visible monster as main subject, graphic gore, modern clutter that contradicts the setting, bright cheerful mood, flat lighting, malformed architecture, impossible perspective, duplicated doors, floating objects, warped signage, invented readable text, watermark, logo, low detail, blur",Horror Film & TV,1.0,False
0069 | Horror Film & TV/New England Puritan Farm — Cinematic Dusk,"New England Puritan Farm, the isolated 17th-century farmstead from The Witch, rough timber house, goat enclosure, dead fields and a vast black forest, at cinematic dusk, fading natural light, practical lamps beginning to glow, wide establishing composition, deep but readable shadows, restrained colour grade, location remains the clear subject, no people present, environment-first composition, highly detailed architecture and surfaces, coherent spatial layout, cinematic depth, polished colour separation, subtle volumetric atmosphere, realistic materials, professional horror production design","people as main subject, visible monster as main subject, graphic gore, modern clutter that contradicts the setting, bright cheerful mood, flat lighting, malformed architecture, impossible perspective, duplicated doors, floating objects, warped signage, invented readable text, watermark, logo, low detail, blur",Horror Film & TV,1.0,False
0070 | Horror Film & TV/New England Puritan Farm — After Midnight,"New England Puritan Farm, the isolated 17th-century farmstead from The Witch, rough timber house, goat enclosure, dead fields and a vast black forest, after midnight, sparse practical lighting, wet or reflective surfaces where appropriate, long sightlines, atmospheric haze, tense empty-frame composition, polished horror cinematography, no people present, environment-first composition, highly detailed architecture and surfaces, coherent spatial layout, cinematic depth, polished colour separation, subtle volumetric atmosphere, realistic materials, professional horror production design","people as main subject, visible monster as main subject, graphic gore, modern clutter that contradicts the setting, bright cheerful mood, flat lighting, malformed architecture, impossible perspective, duplicated doors, floating objects, warped signage, invented readable text, watermark, logo, low detail, blur",Horror Film & TV,1.0,False
0071 | Horror Film & TV/The Lighthouse Island — Cinematic Dusk,"The Lighthouse Island, the remote rocky island from The Lighthouse, tall white lighthouse, keeper’s quarters, violent surf and heavy maritime fog, at cinematic dusk, fading natural light, practical lamps beginning to glow, wide establishing composition, deep but readable shadows, restrained colour grade, location remains the clear subject, no people present, environment-first composition, highly detailed architecture and surfaces, coherent spatial layout, cinematic depth, polished colour separation, subtle volumetric atmosphere, realistic materials, professional horror production design","people as main subject, visible monster as main subject, graphic gore, modern clutter that contradicts the setting, bright cheerful mood, flat lighting, malformed architecture, impossible perspective, duplicated doors, floating objects, warped signage, invented readable text, watermark, logo, low detail, blur",Horror Film & TV,1.0,False
0072 | Horror Film & TV/The Lighthouse Island — After Midnight,"The Lighthouse Island, the remote rocky island from The Lighthouse, tall white lighthouse, keeper’s quarters, violent surf and heavy maritime fog, after midnight, sparse practical lighting, wet or reflective surfaces where appropriate, long sightlines, atmospheric haze, tense empty-frame composition, polished horror cinematography, no people present, environment-first composition, highly detailed architecture and surfaces, coherent spatial layout, cinematic depth, polished colour separation, subtle volumetric atmosphere, realistic materials, professional horror production design","people as main subject, visible monster as main subject, graphic gore, modern clutter that contradicts the setting, bright cheerful mood, flat lighting, malformed architecture, impossible perspective, duplicated doors, floating objects, warped signage, invented readable text, watermark, logo, low detail, blur",Horror Film & TV,1.0,False
0073 | Horror Film & TV/Summerisle Village — Cinematic Dusk,"Summerisle Village, the remote island village from The Wicker Man, stone cottages, folk decorations, cliff paths and ritual gathering grounds, at cinematic dusk, fading natural light, practical lamps beginning to glow, wide establishing composition, deep but readable shadows, restrained colour grade, location remains the clear subject, no people present, environment-first composition, highly detailed architecture and surfaces, coherent spatial layout, cinematic depth, polished colour separation, subtle volumetric atmosphere, realistic materials, professional horror production design","people as main subject, visible monster as main subject, graphic gore, modern clutter that contradicts the setting, bright cheerful mood, flat lighting, malformed architecture, impossible perspective, duplicated doors, floating objects, warped signage, invented readable text, watermark, logo, low detail, blur",Horror Film & TV,1.0,False
0074 | Horror Film & TV/Summerisle Village — After Midnight,"Summerisle Village, the remote island village from The Wicker Man, stone cottages, folk decorations, cliff paths and ritual gathering grounds, after midnight, sparse practical lighting, wet or reflective surfaces where appropriate, long sightlines, atmospheric haze, tense empty-frame composition, polished horror cinematography, no people present, environment-first composition, highly detailed architecture and surfaces, coherent spatial layout, cinematic depth, polished colour separation, subtle volumetric atmosphere, realistic materials, professional horror production design","people as main subject, visible monster as main subject, graphic gore, modern clutter that contradicts the setting, bright cheerful mood, flat lighting, malformed architecture, impossible perspective, duplicated doors, floating objects, warped signage, invented readable text, watermark, logo, low detail, blur",Horror Film & TV,1.0,False
0075 | Horror Film & TV/Suspiria Dance Academy — Cinematic Dusk,"Suspiria Dance Academy, the ornate European dance academy from Suspiria, saturated red halls, geometric windows, mirrored studios and hidden passageways, at cinematic dusk, fading natural light, practical lamps beginning to glow, wide establishing composition, deep but readable shadows, restrained colour grade, location remains the clear subject, no people present, environment-first composition, highly detailed architecture and surfaces, coherent spatial layout, cinematic depth, polished colour separation, subtle volumetric atmosphere, realistic materials, professional horror production design","people as main subject, visible monster as main subject, graphic gore, modern clutter that contradicts the setting, bright cheerful mood, flat lighting, malformed architecture, impossible perspective, duplicated doors, floating objects, warped signage, invented readable text, watermark, logo, low detail, blur",Horror Film & TV,1.0,False
0076 | Horror Film & TV/Suspiria Dance Academy — After Midnight,"Suspiria Dance Academy, the ornate European dance academy from Suspiria, saturated red halls, geometric windows, mirrored studios and hidden passageways, after midnight, sparse practical lighting, wet or reflective surfaces where appropriate, long sightlines, atmospheric haze, tense empty-frame composition, polished horror cinematography, no people present, environment-first composition, highly detailed architecture and surfaces, coherent spatial layout, cinematic depth, polished colour separation, subtle volumetric atmosphere, realistic materials, professional horror production design","people as main subject, visible monster as main subject, graphic gore, modern clutter that contradicts the setting, bright cheerful mood, flat lighting, malformed architecture, impossible perspective, duplicated doors, floating objects, warped signage, invented readable text, watermark, logo, low detail, blur",Horror Film & TV,1.0,False
0077 | Horror Film & TV/Hellraiser Attic — Cinematic Dusk,"Hellraiser Attic, the neglected attic room from Hellraiser, bare floorboards, stained mattress, occult geometry and a single harsh overhead light, at cinematic dusk, fading natural light, practical lamps beginning to glow, wide establishing composition, deep but readable shadows, restrained colour grade, location remains the clear subject, no people present, environment-first composition, highly detailed architecture and surfaces, coherent spatial layout, cinematic depth, polished colour separation, subtle volumetric atmosphere, realistic materials, professional horror production design","people as main subject, visible monster as main subject, graphic gore, modern clutter that contradicts the setting, bright cheerful mood, flat lighting, malformed architecture, impossible perspective, duplicated doors, floating objects, warped signage, invented readable text, watermark, logo, low detail, blur",Horror Film & TV,1.0,False
0078 | Horror Film & TV/Hellraiser Attic — After Midnight,"Hellraiser Attic, the neglected attic room from Hellraiser, bare floorboards, stained mattress, occult geometry and a single harsh overhead light, after midnight, sparse practical lighting, wet or reflective surfaces where appropriate, long sightlines, atmospheric haze, tense empty-frame composition, polished horror cinematography, no people present, environment-first composition, highly detailed architecture and surfaces, coherent spatial layout, cinematic depth, polished colour separation, subtle volumetric atmosphere, realistic materials, professional horror production design","people as main subject, visible monster as main subject, graphic gore, modern clutter that contradicts the setting, bright cheerful mood, flat lighting, malformed architecture, impossible perspective, duplicated doors, floating objects, warped signage, invented readable text, watermark, logo, low detail, blur",Horror Film & TV,1.0,False
0079 | Horror Film & TV/Cabrini-Green Towers — Cinematic Dusk,"Cabrini-Green Towers, the concrete housing estate from Candyman, long galleries, abandoned apartments, graffiti murals and echoing stairwells, at cinematic dusk, fading natural light, practical lamps beginning to glow, wide establishing composition, deep but readable shadows, restrained colour grade, location remains the clear subject, no people present, environment-first composition, highly detailed architecture and surfaces, coherent spatial layout, cinematic depth, polished colour separation, subtle volumetric atmosphere, realistic materials, professional horror production design","people as main subject, visible monster as main subject, graphic gore, modern clutter that contradicts the setting, bright cheerful mood, flat lighting, malformed architecture, impossible perspective, duplicated doors, floating objects, warped signage, invented readable text, watermark, logo, low detail, blur",Horror Film & TV,1.0,False
0080 | Horror Film & TV/Cabrini-Green Towers — After Midnight,"Cabrini-Green Towers, the concrete housing estate from Candyman, long galleries, abandoned apartments, graffiti murals and echoing stairwells, after midnight, sparse practical lighting, wet or reflective surfaces where appropriate, long sightlines, atmospheric haze, tense empty-frame composition, polished horror cinematography, no people present, environment-first composition, highly detailed architecture and surfaces, coherent spatial layout, cinematic depth, polished colour separation, subtle volumetric atmosphere, realistic materials, professional horror production design","people as main subject, visible monster as main subject, graphic gore, modern clutter that contradicts the setting, bright cheerful mood, flat lighting, malformed architecture, impossible perspective, duplicated doors, floating objects, warped signage, invented readable text, watermark, logo, low detail, blur",Horror Film & TV,1.0,False
0081 | Horror Film & TV/Cuesta Verde House — Cinematic Dusk,"Cuesta Verde House, the suburban family home from Poltergeist, television-lit living room, child’s bedroom, unfinished swimming pool and ordinary 1980s comfort turned uncanny, at cinematic dusk, fading natural light, practical lamps beginning to glow, wide establishing composition, deep but readable shadows, restrained colour grade, location remains the clear subject, no people present, environment-first composition, highly detailed architecture and surfaces, coherent spatial layout, cinematic depth, polished colour separation, subtle volumetric atmosphere, realistic materials, professional horror production design","people as main subject, visible monster as main subject, graphic gore, modern clutter that contradicts the setting, bright cheerful mood, flat lighting, malformed architecture, impossible perspective, duplicated doors, floating objects, warped signage, invented readable text, watermark, logo, low detail, blur",Horror Film & TV,1.0,False
0082 | Horror Film & TV/Cuesta Verde House — After Midnight,"Cuesta Verde House, the suburban family home from Poltergeist, television-lit living room, child’s bedroom, unfinished swimming pool and ordinary 1980s comfort turned uncanny, after midnight, sparse practical lighting, wet or reflective surfaces where appropriate, long sightlines, atmospheric haze, tense empty-frame composition, polished horror cinematography, no people present, environment-first composition, highly detailed architecture and surfaces, coherent spatial layout, cinematic depth, polished colour separation, subtle volumetric atmosphere, realistic materials, professional horror production design","people as main subject, visible monster as main subject, graphic gore, modern clutter that contradicts the setting, bright cheerful mood, flat lighting, malformed architecture, impossible perspective, duplicated doors, floating objects, warped signage, invented readable text, watermark, logo, low detail, blur",Horror Film & TV,1.0,False
0083 | Horror Film & TV/The Ring Well — Cinematic Dusk,"The Ring Well, the isolated stone well from The Ring, wet forest clearing, moss-covered rim, black water and cold blue-grey light, at cinematic dusk, fading natural light, practical lamps beginning to glow, wide establishing composition, deep but readable shadows, restrained colour grade, location remains the clear subject, no people present, environment-first composition, highly detailed architecture and surfaces, coherent spatial layout, cinematic depth, polished colour separation, subtle volumetric atmosphere, realistic materials, professional horror production design","people as main subject, visible monster as main subject, graphic gore, modern clutter that contradicts the setting, bright cheerful mood, flat lighting, malformed architecture, impossible perspective, duplicated doors, floating objects, warped signage, invented readable text, watermark, logo, low detail, blur",Horror Film & TV,1.0,False
0084 | Horror Film & TV/The Ring Well — After Midnight,"The Ring Well, the isolated stone well from The Ring, wet forest clearing, moss-covered rim, black water and cold blue-grey light, after midnight, sparse practical lighting, wet or reflective surfaces where appropriate, long sightlines, atmospheric haze, tense empty-frame composition, polished horror cinematography, no people present, environment-first composition, highly detailed architecture and surfaces, coherent spatial layout, cinematic depth, polished colour separation, subtle volumetric atmosphere, realistic materials, professional horror production design","people as main subject, visible monster as main subject, graphic gore, modern clutter that contradicts the setting, bright cheerful mood, flat lighting, malformed architecture, impossible perspective, duplicated doors, floating objects, warped signage, invented readable text, watermark, logo, low detail, blur",Horror Film & TV,1.0,False
0085 | Horror Film & TV/Saeki House — Cinematic Dusk,"Saeki House, the compact Tokyo house from Ju-On, narrow wooden stairs, tatami rooms, sliding doors and oppressive domestic silence, at cinematic dusk, fading natural light, practical lamps beginning to glow, wide establishing composition, deep but readable shadows, restrained colour grade, location remains the clear subject, no people present, environment-first composition, highly detailed architecture and surfaces, coherent spatial layout, cinematic depth, polished colour separation, subtle volumetric atmosphere, realistic materials, professional horror production design","people as main subject, visible monster as main subject, graphic gore, modern clutter that contradicts the setting, bright cheerful mood, flat lighting, malformed architecture, impossible perspective, duplicated doors, floating objects, warped signage, invented readable text, watermark, logo, low detail, blur",Horror Film & TV,1.0,False
0086 | Horror Film & TV/Saeki House — After Midnight,"Saeki House, the compact Tokyo house from Ju-On, narrow wooden stairs, tatami rooms, sliding doors and oppressive domestic silence, after midnight, sparse practical lighting, wet or reflective surfaces where appropriate, long sightlines, atmospheric haze, tense empty-frame composition, polished horror cinematography, no people present, environment-first composition, highly detailed architecture and surfaces, coherent spatial layout, cinematic depth, polished colour separation, subtle volumetric atmosphere, realistic materials, professional horror production design","people as main subject, visible monster as main subject, graphic gore, modern clutter that contradicts the setting, bright cheerful mood, flat lighting, malformed architecture, impossible perspective, duplicated doors, floating objects, warped signage, invented readable text, watermark, logo, low detail, blur",Horror Film & TV,1.0,False
0087 | Horror Film & TV/Dark Water Apartment Block — Cinematic Dusk,"Dark Water Apartment Block, the ageing apartment building from Dark Water, stained corridors, leaking ceilings, rooftop water tank and dim fluorescent lights, at cinematic dusk, fading natural light, practical lamps beginning to glow, wide establishing composition, deep but readable shadows, restrained colour grade, location remains the clear subject, no people present, environment-first composition, highly detailed architecture and surfaces, coherent spatial layout, cinematic depth, polished colour separation, subtle volumetric atmosphere, realistic materials, professional horror production design","people as main subject, visible monster as main subject, graphic gore, modern clutter that contradicts the setting, bright cheerful mood, flat lighting, malformed architecture, impossible perspective, duplicated doors, floating objects, warped signage, invented readable text, watermark, logo, low detail, blur",Horror Film & TV,1.0,False
0088 | Horror Film & TV/Dark Water Apartment Block — After Midnight,"Dark Water Apartment Block, the ageing apartment building from Dark Water, stained corridors, leaking ceilings, rooftop water tank and dim fluorescent lights, after midnight, sparse practical lighting, wet or reflective surfaces where appropriate, long sightlines, atmospheric haze, tense empty-frame composition, polished horror cinematography, no people present, environment-first composition, highly detailed architecture and surfaces, coherent spatial layout, cinematic depth, polished colour separation, subtle volumetric atmosphere, realistic materials, professional horror production design","people as main subject, visible monster as main subject, graphic gore, modern clutter that contradicts the setting, bright cheerful mood, flat lighting, malformed architecture, impossible perspective, duplicated doors, floating objects, warped signage, invented readable text, watermark, logo, low detail, blur",Horror Film & TV,1.0,False
0089 | Horror Film & TV/The Descent Cave System — Cinematic Dusk,"The Descent Cave System, the uncharted cave network from The Descent, tight limestone passages, vertical drops, underground pools and headlamp-scale darkness, at cinematic dusk, fading natural light, practical lamps beginning to glow, wide establishing composition, deep but readable shadows, restrained colour grade, location remains the clear subject, no people present, environment-first composition, highly detailed architecture and surfaces, coherent spatial layout, cinematic depth, polished colour separation, subtle volumetric atmosphere, realistic materials, professional horror production design","people as main subject, visible monster as main subject, graphic gore, modern clutter that contradicts the setting, bright cheerful mood, flat lighting, malformed architecture, impossible perspective, duplicated doors, floating objects, warped signage, invented readable text, watermark, logo, low detail, blur",Horror Film & TV,1.0,False
0090 | Horror Film & TV/The Descent Cave System — After Midnight,"The Descent Cave System, the uncharted cave network from The Descent, tight limestone passages, vertical drops, underground pools and headlamp-scale darkness, after midnight, sparse practical lighting, wet or reflective surfaces where appropriate, long sightlines, atmospheric haze, tense empty-frame composition, polished horror cinematography, no people present, environment-first composition, highly detailed architecture and surfaces, coherent spatial layout, cinematic depth, polished colour separation, subtle volumetric atmosphere, realistic materials, professional horror production design","people as main subject, visible monster as main subject, graphic gore, modern clutter that contradicts the setting, bright cheerful mood, flat lighting, malformed architecture, impossible perspective, duplicated doors, floating objects, warped signage, invented readable text, watermark, logo, low detail, blur",Horror Film & TV,1.0,False
0091 | Horror Film & TV/The Ruins Temple — Cinematic Dusk,"The Ruins Temple, the overgrown Mesoamerican temple from The Ruins, stone steps, invasive vines, abandoned camp and dense jungle isolation, at cinematic dusk, fading natural light, practical lamps beginning to glow, wide establishing composition, deep but readable shadows, restrained colour grade, location remains the clear subject, no people present, environment-first composition, highly detailed architecture and surfaces, coherent spatial layout, cinematic depth, polished colour separation, subtle volumetric atmosphere, realistic materials, professional horror production design","people as main subject, visible monster as main subject, graphic gore, modern clutter that contradicts the setting, bright cheerful mood, flat lighting, malformed architecture, impossible perspective, duplicated doors, floating objects, warped signage, invented readable text, watermark, logo, low detail, blur",Horror Film & TV,1.0,False
0092 | Horror Film & TV/The Ruins Temple — After Midnight,"The Ruins Temple, the overgrown Mesoamerican temple from The Ruins, stone steps, invasive vines, abandoned camp and dense jungle isolation, after midnight, sparse practical lighting, wet or reflective surfaces where appropriate, long sightlines, atmospheric haze, tense empty-frame composition, polished horror cinematography, no people present, environment-first composition, highly detailed architecture and surfaces, coherent spatial layout, cinematic depth, polished colour separation, subtle volumetric atmosphere, realistic materials, professional horror production design","people as main subject, visible monster as main subject, graphic gore, modern clutter that contradicts the setting, bright cheerful mood, flat lighting, malformed architecture, impossible perspective, duplicated doors, floating objects, warped signage, invented readable text, watermark, logo, low detail, blur",Horror Film & TV,1.0,False
0093 | Horror Film & TV/The Ritual Forest — Cinematic Dusk,"The Ritual Forest, the ancient Nordic forest from The Ritual, towering pines, runic carvings, abandoned cabin and mist between black trunks, at cinematic dusk, fading natural light, practical lamps beginning to glow, wide establishing composition, deep but readable shadows, restrained colour grade, location remains the clear subject, no people present, environment-first composition, highly detailed architecture and surfaces, coherent spatial layout, cinematic depth, polished colour separation, subtle volumetric atmosphere, realistic materials, professional horror production design","people as main subject, visible monster as main subject, graphic gore, modern clutter that contradicts the setting, bright cheerful mood, flat lighting, malformed architecture, impossible perspective, duplicated doors, floating objects, warped signage, invented readable text, watermark, logo, low detail, blur",Horror Film & TV,1.0,False
0094 | Horror Film & TV/The Ritual Forest — After Midnight,"The Ritual Forest, the ancient Nordic forest from The Ritual, towering pines, runic carvings, abandoned cabin and mist between black trunks, after midnight, sparse practical lighting, wet or reflective surfaces where appropriate, long sightlines, atmospheric haze, tense empty-frame composition, polished horror cinematography, no people present, environment-first composition, highly detailed architecture and surfaces, coherent spatial layout, cinematic depth, polished colour separation, subtle volumetric atmosphere, realistic materials, professional horror production design","people as main subject, visible monster as main subject, graphic gore, modern clutter that contradicts the setting, bright cheerful mood, flat lighting, malformed architecture, impossible perspective, duplicated doors, floating objects, warped signage, invented readable text, watermark, logo, low detail, blur",Horror Film & TV,1.0,False
0095 | Horror Film & TV/Apostle Island Commune — Cinematic Dusk,"Apostle Island Commune, the remote period island settlement from Apostle, weathered chapel, muddy lanes, guarded manor and stormy sea cliffs, at cinematic dusk, fading natural light, practical lamps beginning to glow, wide establishing composition, deep but readable shadows, restrained colour grade, location remains the clear subject, no people present, environment-first composition, highly detailed architecture and surfaces, coherent spatial layout, cinematic depth, polished colour separation, subtle volumetric atmosphere, realistic materials, professional horror production design","people as main subject, visible monster as main subject, graphic gore, modern clutter that contradicts the setting, bright cheerful mood, flat lighting, malformed architecture, impossible perspective, duplicated doors, floating objects, warped signage, invented readable text, watermark, logo, low detail, blur",Horror Film & TV,1.0,False
0096 | Horror Film & TV/Apostle Island Commune — After Midnight,"Apostle Island Commune, the remote period island settlement from Apostle, weathered chapel, muddy lanes, guarded manor and stormy sea cliffs, after midnight, sparse practical lighting, wet or reflective surfaces where appropriate, long sightlines, atmospheric haze, tense empty-frame composition, polished horror cinematography, no people present, environment-first composition, highly detailed architecture and surfaces, coherent spatial layout, cinematic depth, polished colour separation, subtle volumetric atmosphere, realistic materials, professional horror production design","people as main subject, visible monster as main subject, graphic gore, modern clutter that contradicts the setting, bright cheerful mood, flat lighting, malformed architecture, impossible perspective, duplicated doors, floating objects, warped signage, invented readable text, watermark, logo, low detail, blur",Horror Film & TV,1.0,False
0097 | Horror Film & TV/The Mist Supermarket — Cinematic Dusk,"The Mist Supermarket, the small-town supermarket from The Mist, barricaded glass frontage, emergency lighting, stacked shelves and opaque white fog outside, at cinematic dusk, fading natural light, practical lamps beginning to glow, wide establishing composition, deep but readable shadows, restrained colour grade, location remains the clear subject, no people present, environment-first composition, highly detailed architecture and surfaces, coherent spatial layout, cinematic depth, polished colour separation, subtle volumetric atmosphere, realistic materials, professional horror production design","people as main subject, visible monster as main subject, graphic gore, modern clutter that contradicts the setting, bright cheerful mood, flat lighting, malformed architecture, impossible perspective, duplicated doors, floating objects, warped signage, invented readable text, watermark, logo, low detail, blur",Horror Film & TV,1.0,False
0098 | Horror Film & TV/The Mist Supermarket — After Midnight,"The Mist Supermarket, the small-town supermarket from The Mist, barricaded glass frontage, emergency lighting, stacked shelves and opaque white fog outside, after midnight, sparse practical lighting, wet or reflective surfaces where appropriate, long sightlines, atmospheric haze, tense empty-frame composition, polished horror cinematography, no people present, environment-first composition, highly detailed architecture and surfaces, coherent spatial layout, cinematic depth, polished colour separation, subtle volumetric atmosphere, realistic materials, professional horror production design","people as main subject, visible monster as main subject, graphic gore, modern clutter that contradicts the setting, bright cheerful mood, flat lighting, malformed architecture, impossible perspective, duplicated doors, floating objects, warped signage, invented readable text, watermark, logo, low detail, blur",Horror Film & TV,1.0,False
0099 | Horror Film & TV/Monroeville Shopping Mall — Cinematic Dusk,"Monroeville Shopping Mall, the empty multi-level shopping mall associated with Dawn of the Dead, silent escalators, shuttered stores and cold skylight, at cinematic dusk, fading natural light, practical lamps beginning to glow, wide establishing composition, deep but readable shadows, restrained colour grade, location remains the clear subject, no people present, environment-first composition, highly detailed architecture and surfaces, coherent spatial layout, cinematic depth, polished colour separation, subtle volumetric atmosphere, realistic materials, professional horror production design","people as main subject, visible monster as main subject, graphic gore, modern clutter that contradicts the setting, bright cheerful mood, flat lighting, malformed architecture, impossible perspective, duplicated doors, floating objects, warped signage, invented readable text, watermark, logo, low detail, blur",Horror Film & TV,1.0,False
0100 | Horror Film & TV/Monroeville Shopping Mall — After Midnight,"Monroeville Shopping Mall, the empty multi-level shopping mall associated with Dawn of the Dead, silent escalators, shuttered stores and cold skylight, after midnight, sparse practical lighting, wet or reflective surfaces where appropriate, long sightlines, atmospheric haze, tense empty-frame composition, polished horror cinematography, no people present, environment-first composition, highly detailed architecture and surfaces, coherent spatial layout, cinematic depth, polished colour separation, subtle volumetric atmosphere, realistic materials, professional horror production design","people as main subject, visible monster as main subject, graphic gore, modern clutter that contradicts the setting, bright cheerful mood, flat lighting, malformed architecture, impossible perspective, duplicated doors, floating objects, warped signage, invented readable text, watermark, logo, low detail, blur",Horror Film & TV,1.0,False
"0101 | Horror Film & TV/Abandoned London, 28 Days Later — Cinematic Dusk","Abandoned London, 28 Days Later, deserted central London from 28 Days Later, empty roads, scattered newspapers, silent landmarks and emergency barricades, at cinematic dusk, fading natural light, practical lamps beginning to glow, wide establishing composition, deep but readable shadows, restrained colour grade, location remains the clear subject, no people present, environment-first composition, highly detailed architecture and surfaces, coherent spatial layout, cinematic depth, polished colour separation, subtle volumetric atmosphere, realistic materials, professional horror production design","people as main subject, visible monster as main subject, graphic gore, modern clutter that contradicts the setting, bright cheerful mood, flat lighting, malformed architecture, impossible perspective, duplicated doors, floating objects, warped signage, invented readable text, watermark, logo, low detail, blur",Horror Film & TV,1.0,False
"0102 | Horror Film & TV/Abandoned London, 28 Days Later — After Midnight","Abandoned London, 28 Days Later, deserted central London from 28 Days Later, empty roads, scattered newspapers, silent landmarks and emergency barricades, after midnight, sparse practical lighting, wet or reflective surfaces where appropriate, long sightlines, atmospheric haze, tense empty-frame composition, polished horror cinematography, no people present, environment-first composition, highly detailed architecture and surfaces, coherent spatial layout, cinematic depth, polished colour separation, subtle volumetric atmosphere, realistic materials, professional horror production design","people as main subject, visible monster as main subject, graphic gore, modern clutter that contradicts the setting, bright cheerful mood, flat lighting, malformed architecture, impossible perspective, duplicated doors, floating objects, warped signage, invented readable text, watermark, logo, low detail, blur",Horror Film & TV,1.0,False
0103 | Horror Film & TV/The Winchester Pub — Cinematic Dusk,"The Winchester Pub, the familiar London neighbourhood pub from Shaun of the Dead, darkened windows, overturned furniture and quiet residential streets outside, at cinematic dusk, fading natural light, practical lamps beginning to glow, wide establishing composition, deep but readable shadows, restrained colour grade, location remains the clear subject, no people present, environment-first composition, highly detailed architecture and surfaces, coherent spatial layout, cinematic depth, polished colour separation, subtle volumetric atmosphere, realistic materials, professional horror production design","people as main subject, visible monster as main subject, graphic gore, modern clutter that contradicts the setting, bright cheerful mood, flat lighting, malformed architecture, impossible perspective, duplicated doors, floating objects, warped signage, invented readable text, watermark, logo, low detail, blur",Horror Film & TV,1.0,False
0104 | Horror Film & TV/The Winchester Pub — After Midnight,"The Winchester Pub, the familiar London neighbourhood pub from Shaun of the Dead, darkened windows, overturned furniture and quiet residential streets outside, after midnight, sparse practical lighting, wet or reflective surfaces where appropriate, long sightlines, atmospheric haze, tense empty-frame composition, polished horror cinematography, no people present, environment-first composition, highly detailed architecture and surfaces, coherent spatial layout, cinematic depth, polished colour separation, subtle volumetric atmosphere, realistic materials, professional horror production design","people as main subject, visible monster as main subject, graphic gore, modern clutter that contradicts the setting, bright cheerful mood, flat lighting, malformed architecture, impossible perspective, duplicated doors, floating objects, warped signage, invented readable text, watermark, logo, low detail, blur",Horror Film & TV,1.0,False
0105 | Horror Film & TV/Train to Busan Carriage — Cinematic Dusk,"Train to Busan Carriage, a modern Korean high-speed train carriage, abandoned luggage, flickering screens, sealed glass doors and rushing darkness outside, at cinematic dusk, fading natural light, practical lamps beginning to glow, wide establishing composition, deep but readable shadows, restrained colour grade, location remains the clear subject, no people present, environment-first composition, highly detailed architecture and surfaces, coherent spatial layout, cinematic depth, polished colour separation, subtle volumetric atmosphere, realistic materials, professional horror production design","people as main subject, visible monster as main subject, graphic gore, modern clutter that contradicts the setting, bright cheerful mood, flat lighting, malformed architecture, impossible perspective, duplicated doors, floating objects, warped signage, invented readable text, watermark, logo, low detail, blur",Horror Film & TV,1.0,False
0106 | Horror Film & TV/Train to Busan Carriage — After Midnight,"Train to Busan Carriage, a modern Korean high-speed train carriage, abandoned luggage, flickering screens, sealed glass doors and rushing darkness outside, after midnight, sparse practical lighting, wet or reflective surfaces where appropriate, long sightlines, atmospheric haze, tense empty-frame composition, polished horror cinematography, no people present, environment-first composition, highly detailed architecture and surfaces, coherent spatial layout, cinematic depth, polished colour separation, subtle volumetric atmosphere, realistic materials, professional horror production design","people as main subject, visible monster as main subject, graphic gore, modern clutter that contradicts the setting, bright cheerful mood, flat lighting, malformed architecture, impossible perspective, duplicated doors, floating objects, warped signage, invented readable text, watermark, logo, low detail, blur",Horror Film & TV,1.0,False
0107 | Horror Film & TV/REC Apartment Building — Cinematic Dusk,"REC Apartment Building, the quarantined Barcelona apartment building from REC, narrow central stairwell, wrought-iron landings, emergency tape and harsh camera light, at cinematic dusk, fading natural light, practical lamps beginning to glow, wide establishing composition, deep but readable shadows, restrained colour grade, location remains the clear subject, no people present, environment-first composition, highly detailed architecture and surfaces, coherent spatial layout, cinematic depth, polished colour separation, subtle volumetric atmosphere, realistic materials, professional horror production design","people as main subject, visible monster as main subject, graphic gore, modern clutter that contradicts the setting, bright cheerful mood, flat lighting, malformed architecture, impossible perspective, duplicated doors, floating objects, warped signage, invented readable text, watermark, logo, low detail, blur",Horror Film & TV,1.0,False
0108 | Horror Film & TV/REC Apartment Building — After Midnight,"REC Apartment Building, the quarantined Barcelona apartment building from REC, narrow central stairwell, wrought-iron landings, emergency tape and harsh camera light, after midnight, sparse practical lighting, wet or reflective surfaces where appropriate, long sightlines, atmospheric haze, tense empty-frame composition, polished horror cinematography, no people present, environment-first composition, highly detailed architecture and surfaces, coherent spatial layout, cinematic depth, polished colour separation, subtle volumetric atmosphere, realistic materials, professional horror production design","people as main subject, visible monster as main subject, graphic gore, modern clutter that contradicts the setting, bright cheerful mood, flat lighting, malformed architecture, impossible perspective, duplicated doors, floating objects, warped signage, invented readable text, watermark, logo, low detail, blur",Horror Film & TV,1.0,False
0109 | Horror Film & TV/The Orphanage Mansion — Cinematic Dusk,"The Orphanage Mansion, the isolated coastal orphanage from The Orphanage, grand old rooms, sea-facing windows, abandoned dormitory and windswept grounds, at cinematic dusk, fading natural light, practical lamps beginning to glow, wide establishing composition, deep but readable shadows, restrained colour grade, location remains the clear subject, no people present, environment-first composition, highly detailed architecture and surfaces, coherent spatial layout, cinematic depth, polished colour separation, subtle volumetric atmosphere, realistic materials, professional horror production design","people as main subject, visible monster as main subject, graphic gore, modern clutter that contradicts the setting, bright cheerful mood, flat lighting, malformed architecture, impossible perspective, duplicated doors, floating objects, warped signage, invented readable text, watermark, logo, low detail, blur",Horror Film & TV,1.0,False
0110 | Horror Film & TV/The Orphanage Mansion — After Midnight,"The Orphanage Mansion, the isolated coastal orphanage from The Orphanage, grand old rooms, sea-facing windows, abandoned dormitory and windswept grounds, after midnight, sparse practical lighting, wet or reflective surfaces where appropriate, long sightlines, atmospheric haze, tense empty-frame composition, polished horror cinematography, no people present, environment-first composition, highly detailed architecture and surfaces, coherent spatial layout, cinematic depth, polished colour separation, subtle volumetric atmosphere, realistic materials, professional horror production design","people as main subject, visible monster as main subject, graphic gore, modern clutter that contradicts the setting, bright cheerful mood, flat lighting, malformed architecture, impossible perspective, duplicated doors, floating objects, warped signage, invented readable text, watermark, logo, low detail, blur",Horror Film & TV,1.0,False
0111 | Horror Film & TV/Allerdale Hall — Cinematic Dusk,"Allerdale Hall, the decaying gothic mansion from Crimson Peak, red clay seeping through floors, broken roof, grand staircase and snow entering the house, at cinematic dusk, fading natural light, practical lamps beginning to glow, wide establishing composition, deep but readable shadows, restrained colour grade, location remains the clear subject, no people present, environment-first composition, highly detailed architecture and surfaces, coherent spatial layout, cinematic depth, polished colour separation, subtle volumetric atmosphere, realistic materials, professional horror production design","people as main subject, visible monster as main subject, graphic gore, modern clutter that contradicts the setting, bright cheerful mood, flat lighting, malformed architecture, impossible perspective, duplicated doors, floating objects, warped signage, invented readable text, watermark, logo, low detail, blur",Horror Film & TV,1.0,False
0112 | Horror Film & TV/Allerdale Hall — After Midnight,"Allerdale Hall, the decaying gothic mansion from Crimson Peak, red clay seeping through floors, broken roof, grand staircase and snow entering the house, after midnight, sparse practical lighting, wet or reflective surfaces where appropriate, long sightlines, atmospheric haze, tense empty-frame composition, polished horror cinematography, no people present, environment-first composition, highly detailed architecture and surfaces, coherent spatial layout, cinematic depth, polished colour separation, subtle volumetric atmosphere, realistic materials, professional horror production design","people as main subject, visible monster as main subject, graphic gore, modern clutter that contradicts the setting, bright cheerful mood, flat lighting, malformed architecture, impossible perspective, duplicated doors, floating objects, warped signage, invented readable text, watermark, logo, low detail, blur",Horror Film & TV,1.0,False
0113 | Horror Film & TV/Jersey Mansion — Cinematic Dusk,"Jersey Mansion, the dark country mansion from The Others, heavy curtains, locked rooms, candlelit corridors and fog-covered grounds, at cinematic dusk, fading natural light, practical lamps beginning to glow, wide establishing composition, deep but readable shadows, restrained colour grade, location remains the clear subject, no people present, environment-first composition, highly detailed architecture and surfaces, coherent spatial layout, cinematic depth, polished colour separation, subtle volumetric atmosphere, realistic materials, professional horror production design","people as main subject, visible monster as main subject, graphic gore, modern clutter that contradicts the setting, bright cheerful mood, flat lighting, malformed architecture, impossible perspective, duplicated doors, floating objects, warped signage, invented readable text, watermark, logo, low detail, blur",Horror Film & TV,1.0,False
0114 | Horror Film & TV/Jersey Mansion — After Midnight,"Jersey Mansion, the dark country mansion from The Others, heavy curtains, locked rooms, candlelit corridors and fog-covered grounds, after midnight, sparse practical lighting, wet or reflective surfaces where appropriate, long sightlines, atmospheric haze, tense empty-frame composition, polished horror cinematography, no people present, environment-first composition, highly detailed architecture and surfaces, coherent spatial layout, cinematic depth, polished colour separation, subtle volumetric atmosphere, realistic materials, professional horror production design","people as main subject, visible monster as main subject, graphic gore, modern clutter that contradicts the setting, bright cheerful mood, flat lighting, malformed architecture, impossible perspective, duplicated doors, floating objects, warped signage, invented readable text, watermark, logo, low detail, blur",Horror Film & TV,1.0,False
0115 | Horror Film & TV/Eel Marsh House — Cinematic Dusk,"Eel Marsh House, the isolated marshland mansion from The Woman in Black, tidal causeway, black water, neglected nursery and dense coastal fog, at cinematic dusk, fading natural light, practical lamps beginning to glow, wide establishing composition, deep but readable shadows, restrained colour grade, location remains the clear subject, no people present, environment-first composition, highly detailed architecture and surfaces, coherent spatial layout, cinematic depth, polished colour separation, subtle volumetric atmosphere, realistic materials, professional horror production design","people as main subject, visible monster as main subject, graphic gore, modern clutter that contradicts the setting, bright cheerful mood, flat lighting, malformed architecture, impossible perspective, duplicated doors, floating objects, warped signage, invented readable text, watermark, logo, low detail, blur",Horror Film & TV,1.0,False
0116 | Horror Film & TV/Eel Marsh House — After Midnight,"Eel Marsh House, the isolated marshland mansion from The Woman in Black, tidal causeway, black water, neglected nursery and dense coastal fog, after midnight, sparse practical lighting, wet or reflective surfaces where appropriate, long sightlines, atmospheric haze, tense empty-frame composition, polished horror cinematography, no people present, environment-first composition, highly detailed architecture and surfaces, coherent spatial layout, cinematic depth, polished colour separation, subtle volumetric atmosphere, realistic materials, professional horror production design","people as main subject, visible monster as main subject, graphic gore, modern clutter that contradicts the setting, bright cheerful mood, flat lighting, malformed architecture, impossible perspective, duplicated doors, floating objects, warped signage, invented readable text, watermark, logo, low detail, blur",Horror Film & TV,1.0,False
0117 | Horror Film & TV/Sleepy Hollow Village — Cinematic Dusk,"Sleepy Hollow Village, the stylised colonial village from Sleepy Hollow, crooked timber houses, covered bridge, bare trees and rolling ground fog, at cinematic dusk, fading natural light, practical lamps beginning to glow, wide establishing composition, deep but readable shadows, restrained colour grade, location remains the clear subject, no people present, environment-first composition, highly detailed architecture and surfaces, coherent spatial layout, cinematic depth, polished colour separation, subtle volumetric atmosphere, realistic materials, professional horror production design","people as main subject, visible monster as main subject, graphic gore, modern clutter that contradicts the setting, bright cheerful mood, flat lighting, malformed architecture, impossible perspective, duplicated doors, floating objects, warped signage, invented readable text, watermark, logo, low detail, blur",Horror Film & TV,1.0,False
0118 | Horror Film & TV/Sleepy Hollow Village — After Midnight,"Sleepy Hollow Village, the stylised colonial village from Sleepy Hollow, crooked timber houses, covered bridge, bare trees and rolling ground fog, after midnight, sparse practical lighting, wet or reflective surfaces where appropriate, long sightlines, atmospheric haze, tense empty-frame composition, polished horror cinematography, no people present, environment-first composition, highly detailed architecture and surfaces, coherent spatial layout, cinematic depth, polished colour separation, subtle volumetric atmosphere, realistic materials, professional horror production design","people as main subject, visible monster as main subject, graphic gore, modern clutter that contradicts the setting, bright cheerful mood, flat lighting, malformed architecture, impossible perspective, duplicated doors, floating objects, warped signage, invented readable text, watermark, logo, low detail, blur",Horror Film & TV,1.0,False
0119 | Gothic Screen Horror/Castle Dracula — Cinematic Dusk,"Castle Dracula, a vast Transylvanian castle associated with Dracula, cliff-edge towers, candlelit halls, crypt stairs and moonlit mountain fog, at cinematic dusk, fading natural light, practical lamps beginning to glow, wide establishing composition, deep but readable shadows, restrained colour grade, location remains the clear subject, no people present, environment-first composition, highly detailed architecture and surfaces, coherent spatial layout, cinematic depth, polished colour separation, subtle volumetric atmosphere, realistic materials, professional horror production design","people as main subject, visible monster as main subject, graphic gore, modern clutter that contradicts the setting, bright cheerful mood, flat lighting, malformed architecture, impossible perspective, duplicated doors, floating objects, warped signage, invented readable text, watermark, logo, low detail, blur",Gothic Screen Horror,1.0,False
0120 | Gothic Screen Horror/Castle Dracula — After Midnight,"Castle Dracula, a vast Transylvanian castle associated with Dracula, cliff-edge towers, candlelit halls, crypt stairs and moonlit mountain fog, after midnight, sparse practical lighting, wet or reflective surfaces where appropriate, long sightlines, atmospheric haze, tense empty-frame composition, polished horror cinematography, no people present, environment-first composition, highly detailed architecture and surfaces, coherent spatial layout, cinematic depth, polished colour separation, subtle volumetric atmosphere, realistic materials, professional horror production design","people as main subject, visible monster as main subject, graphic gore, modern clutter that contradicts the setting, bright cheerful mood, flat lighting, malformed architecture, impossible perspective, duplicated doors, floating objects, warped signage, invented readable text, watermark, logo, low detail, blur",Gothic Screen Horror,1.0,False
0121 | Gothic Screen Horror/Frankenstein Laboratory — Cinematic Dusk,"Frankenstein Laboratory, a storm-lit gothic laboratory associated with Frankenstein, elevated operating platform, coils, glass apparatus and arched stone walls, at cinematic dusk, fading natural light, practical lamps beginning to glow, wide establishing composition, deep but readable shadows, restrained colour grade, location remains the clear subject, no people present, environment-first composition, highly detailed architecture and surfaces, coherent spatial layout, cinematic depth, polished colour separation, subtle volumetric atmosphere, realistic materials, professional horror production design","people as main subject, visible monster as main subject, graphic gore, modern clutter that contradicts the setting, bright cheerful mood, flat lighting, malformed architecture, impossible perspective, duplicated doors, floating objects, warped signage, invented readable text, watermark, logo, low detail, blur",Gothic Screen Horror,1.0,False
0122 | Gothic Screen Horror/Frankenstein Laboratory — After Midnight,"Frankenstein Laboratory, a storm-lit gothic laboratory associated with Frankenstein, elevated operating platform, coils, glass apparatus and arched stone walls, after midnight, sparse practical lighting, wet or reflective surfaces where appropriate, long sightlines, atmospheric haze, tense empty-frame composition, polished horror cinematography, no people present, environment-first composition, highly detailed architecture and surfaces, coherent spatial layout, cinematic depth, polished colour separation, subtle volumetric atmosphere, realistic materials, professional horror production design","people as main subject, visible monster as main subject, graphic gore, modern clutter that contradicts the setting, bright cheerful mood, flat lighting, malformed architecture, impossible perspective, duplicated doors, floating objects, warped signage, invented readable text, watermark, logo, low detail, blur",Gothic Screen Horror,1.0,False
0123 | Gothic Screen Horror/House of Usher — Cinematic Dusk,"House of Usher, the decaying ancestral mansion from The Fall of the House of Usher, cracked facade, black tarn, collapsing corridors and blood-red sunset, at cinematic dusk, fading natural light, practical lamps beginning to glow, wide establishing composition, deep but readable shadows, restrained colour grade, location remains the clear subject, no people present, environment-first composition, highly detailed architecture and surfaces, coherent spatial layout, cinematic depth, polished colour separation, subtle volumetric atmosphere, realistic materials, professional horror production design","people as main subject, visible monster as main subject, graphic gore, modern clutter that contradicts the setting, bright cheerful mood, flat lighting, malformed architecture, impossible perspective, duplicated doors, floating objects, warped signage, invented readable text, watermark, logo, low detail, blur",Gothic Screen Horror,1.0,False
0124 | Gothic Screen Horror/House of Usher — After Midnight,"House of Usher, the decaying ancestral mansion from The Fall of the House of Usher, cracked facade, black tarn, collapsing corridors and blood-red sunset, after midnight, sparse practical lighting, wet or reflective surfaces where appropriate, long sightlines, atmospheric haze, tense empty-frame composition, polished horror cinematography, no people present, environment-first composition, highly detailed architecture and surfaces, coherent spatial layout, cinematic depth, polished colour separation, subtle volumetric atmosphere, realistic materials, professional horror production design","people as main subject, visible monster as main subject, graphic gore, modern clutter that contradicts the setting, bright cheerful mood, flat lighting, malformed architecture, impossible perspective, duplicated doors, floating objects, warped signage, invented readable text, watermark, logo, low detail, blur",Gothic Screen Horror,1.0,False
0125 | Horror Film & TV/Saw Bathroom — Cinematic Dusk,"Saw Bathroom, the derelict tiled industrial bathroom from Saw, rusted pipes, chained fixtures, harsh fluorescent light and stained concrete, at cinematic dusk, fading natural light, practical lamps beginning to glow, wide establishing composition, deep but readable shadows, restrained colour grade, location remains the clear subject, no people present, environment-first composition, highly detailed architecture and surfaces, coherent spatial layout, cinematic depth, polished colour separation, subtle volumetric atmosphere, realistic materials, professional horror production design","people as main subject, visible monster as main subject, graphic gore, modern clutter that contradicts the setting, bright cheerful mood, flat lighting, malformed architecture, impossible perspective, duplicated doors, floating objects, warped signage, invented readable text, watermark, logo, low detail, blur",Horror Film & TV,1.0,False
0126 | Horror Film & TV/Saw Bathroom — After Midnight,"Saw Bathroom, the derelict tiled industrial bathroom from Saw, rusted pipes, chained fixtures, harsh fluorescent light and stained concrete, after midnight, sparse practical lighting, wet or reflective surfaces where appropriate, long sightlines, atmospheric haze, tense empty-frame composition, polished horror cinematography, no people present, environment-first composition, highly detailed architecture and surfaces, coherent spatial layout, cinematic depth, polished colour separation, subtle volumetric atmosphere, realistic materials, professional horror production design","people as main subject, visible monster as main subject, graphic gore, modern clutter that contradicts the setting, bright cheerful mood, flat lighting, malformed architecture, impossible perspective, duplicated doors, floating objects, warped signage, invented readable text, watermark, logo, low detail, blur",Horror Film & TV,1.0,False
0127 | Horror Film & TV/Jigsaw Warehouse — Cinematic Dusk,"Jigsaw Warehouse, a maze-like abandoned industrial warehouse from the Saw universe, freight lifts, steel cages, numbered doors and mechanical shadows, at cinematic dusk, fading natural light, practical lamps beginning to glow, wide establishing composition, deep but readable shadows, restrained colour grade, location remains the clear subject, no people present, environment-first composition, highly detailed architecture and surfaces, coherent spatial layout, cinematic depth, polished colour separation, subtle volumetric atmosphere, realistic materials, professional horror production design","people as main subject, visible monster as main subject, graphic gore, modern clutter that contradicts the setting, bright cheerful mood, flat lighting, malformed architecture, impossible perspective, duplicated doors, floating objects, warped signage, invented readable text, watermark, logo, low detail, blur",Horror Film & TV,1.0,False
0128 | Horror Film & TV/Jigsaw Warehouse — After Midnight,"Jigsaw Warehouse, a maze-like abandoned industrial warehouse from the Saw universe, freight lifts, steel cages, numbered doors and mechanical shadows, after midnight, sparse practical lighting, wet or reflective surfaces where appropriate, long sightlines, atmospheric haze, tense empty-frame composition, polished horror cinematography, no people present, environment-first composition, highly detailed architecture and surfaces, coherent spatial layout, cinematic depth, polished colour separation, subtle volumetric atmosphere, realistic materials, professional horror production design","people as main subject, visible monster as main subject, graphic gore, modern clutter that contradicts the setting, bright cheerful mood, flat lighting, malformed architecture, impossible perspective, duplicated doors, floating objects, warped signage, invented readable text, watermark, logo, low detail, blur",Horror Film & TV,1.0,False
0129 | Horror Film & TV/Slovak Factory Hostel — Cinematic Dusk,"Slovak Factory Hostel, the remote decaying factory complex from Hostel, tiled corridors, service tunnels, locked rooms and old Eastern European industrial architecture, at cinematic dusk, fading natural light, practical lamps beginning to glow, wide establishing composition, deep but readable shadows, restrained colour grade, location remains the clear subject, no people present, environment-first composition, highly detailed architecture and surfaces, coherent spatial layout, cinematic depth, polished colour separation, subtle volumetric atmosphere, realistic materials, professional horror production design","people as main subject, visible monster as main subject, graphic gore, modern clutter that contradicts the setting, bright cheerful mood, flat lighting, malformed architecture, impossible perspective, duplicated doors, floating objects, warped signage, invented readable text, watermark, logo, low detail, blur",Horror Film & TV,1.0,False
0130 | Horror Film & TV/Slovak Factory Hostel — After Midnight,"Slovak Factory Hostel, the remote decaying factory complex from Hostel, tiled corridors, service tunnels, locked rooms and old Eastern European industrial architecture, after midnight, sparse practical lighting, wet or reflective surfaces where appropriate, long sightlines, atmospheric haze, tense empty-frame composition, polished horror cinematography, no people present, environment-first composition, highly detailed architecture and surfaces, coherent spatial layout, cinematic depth, polished colour separation, subtle volumetric atmosphere, realistic materials, professional horror production design","people as main subject, visible monster as main subject, graphic gore, modern clutter that contradicts the setting, bright cheerful mood, flat lighting, malformed architecture, impossible perspective, duplicated doors, floating objects, warped signage, invented readable text, watermark, logo, low detail, blur",Horror Film & TV,1.0,False
0131 | Horror Film & TV/Paranormal Activity Bedroom — Cinematic Dusk,"Paranormal Activity Bedroom, a quiet suburban bedroom viewed from a fixed night camera, open doorway, rumpled bedding, digital clock glow and deep hallway darkness, at cinematic dusk, fading natural light, practical lamps beginning to glow, wide establishing composition, deep but readable shadows, restrained colour grade, location remains the clear subject, no people present, environment-first composition, highly detailed architecture and surfaces, coherent spatial layout, cinematic depth, polished colour separation, subtle volumetric atmosphere, realistic materials, professional horror production design","people as main subject, visible monster as main subject, graphic gore, modern clutter that contradicts the setting, bright cheerful mood, flat lighting, malformed architecture, impossible perspective, duplicated doors, floating objects, warped signage, invented readable text, watermark, logo, low detail, blur",Horror Film & TV,1.0,False
0132 | Horror Film & TV/Paranormal Activity Bedroom — After Midnight,"Paranormal Activity Bedroom, a quiet suburban bedroom viewed from a fixed night camera, open doorway, rumpled bedding, digital clock glow and deep hallway darkness, after midnight, sparse practical lighting, wet or reflective surfaces where appropriate, long sightlines, atmospheric haze, tense empty-frame composition, polished horror cinematography, no people present, environment-first composition, highly detailed architecture and surfaces, coherent spatial layout, cinematic depth, polished colour separation, subtle volumetric atmosphere, realistic materials, professional horror production design","people as main subject, visible monster as main subject, graphic gore, modern clutter that contradicts the setting, bright cheerful mood, flat lighting, malformed architecture, impossible perspective, duplicated doors, floating objects, warped signage, invented readable text, watermark, logo, low detail, blur",Horror Film & TV,1.0,False
0133 | Horror Film & TV/Sinister House — Cinematic Dusk,"Sinister House, the suburban family house from Sinister, attic box of film reels, dark home office, empty backyard and low practical lighting, at cinematic dusk, fading natural light, practical lamps beginning to glow, wide establishing composition, deep but readable shadows, restrained colour grade, location remains the clear subject, no people present, environment-first composition, highly detailed architecture and surfaces, coherent spatial layout, cinematic depth, polished colour separation, subtle volumetric atmosphere, realistic materials, professional horror production design","people as main subject, visible monster as main subject, graphic gore, modern clutter that contradicts the setting, bright cheerful mood, flat lighting, malformed architecture, impossible perspective, duplicated doors, floating objects, warped signage, invented readable text, watermark, logo, low detail, blur",Horror Film & TV,1.0,False
0134 | Horror Film & TV/Sinister House — After Midnight,"Sinister House, the suburban family house from Sinister, attic box of film reels, dark home office, empty backyard and low practical lighting, after midnight, sparse practical lighting, wet or reflective surfaces where appropriate, long sightlines, atmospheric haze, tense empty-frame composition, polished horror cinematography, no people present, environment-first composition, highly detailed architecture and surfaces, coherent spatial layout, cinematic depth, polished colour separation, subtle volumetric atmosphere, realistic materials, professional horror production design","people as main subject, visible monster as main subject, graphic gore, modern clutter that contradicts the setting, bright cheerful mood, flat lighting, malformed architecture, impossible perspective, duplicated doors, floating objects, warped signage, invented readable text, watermark, logo, low detail, blur",Horror Film & TV,1.0,False
0135 | Horror Film & TV/The Further — Cinematic Dusk,"The Further, the red-and-black spirit realm from Insidious, endless dark rooms, drifting fog, isolated lamps and doors opening into impossible spaces, at cinematic dusk, fading natural light, practical lamps beginning to glow, wide establishing composition, deep but readable shadows, restrained colour grade, location remains the clear subject, no people present, environment-first composition, highly detailed architecture and surfaces, coherent spatial layout, cinematic depth, polished colour separation, subtle volumetric atmosphere, realistic materials, professional horror production design","people as main subject, visible monster as main subject, graphic gore, modern clutter that contradicts the setting, bright cheerful mood, flat lighting, malformed architecture, impossible perspective, duplicated doors, floating objects, warped signage, invented readable text, watermark, logo, low detail, blur",Horror Film & TV,1.0,False
0136 | Horror Film & TV/The Further — After Midnight,"The Further, the red-and-black spirit realm from Insidious, endless dark rooms, drifting fog, isolated lamps and doors opening into impossible spaces, after midnight, sparse practical lighting, wet or reflective surfaces where appropriate, long sightlines, atmospheric haze, tense empty-frame composition, polished horror cinematography, no people present, environment-first composition, highly detailed architecture and surfaces, coherent spatial layout, cinematic depth, polished colour separation, subtle volumetric atmosphere, realistic materials, professional horror production design","people as main subject, visible monster as main subject, graphic gore, modern clutter that contradicts the setting, bright cheerful mood, flat lighting, malformed architecture, impossible perspective, duplicated doors, floating objects, warped signage, invented readable text, watermark, logo, low detail, blur",Horror Film & TV,1.0,False
0137 | Horror Film & TV/Barbarian Rental House — Cinematic Dusk,"Barbarian Rental House, the weathered Detroit rental house from Barbarian, ordinary upstairs rooms, hidden basement door and a descending concrete tunnel system, at cinematic dusk, fading natural light, practical lamps beginning to glow, wide establishing composition, deep but readable shadows, restrained colour grade, location remains the clear subject, no people present, environment-first composition, highly detailed architecture and surfaces, coherent spatial layout, cinematic depth, polished colour separation, subtle volumetric atmosphere, realistic materials, professional horror production design","people as main subject, visible monster as main subject, graphic gore, modern clutter that contradicts the setting, bright cheerful mood, flat lighting, malformed architecture, impossible perspective, duplicated doors, floating objects, warped signage, invented readable text, watermark, logo, low detail, blur",Horror Film & TV,1.0,False
0138 | Horror Film & TV/Barbarian Rental House — After Midnight,"Barbarian Rental House, the weathered Detroit rental house from Barbarian, ordinary upstairs rooms, hidden basement door and a descending concrete tunnel system, after midnight, sparse practical lighting, wet or reflective surfaces where appropriate, long sightlines, atmospheric haze, tense empty-frame composition, polished horror cinematography, no people present, environment-first composition, highly detailed architecture and surfaces, coherent spatial layout, cinematic depth, polished colour separation, subtle volumetric atmosphere, realistic materials, professional horror production design","people as main subject, visible monster as main subject, graphic gore, modern clutter that contradicts the setting, bright cheerful mood, flat lighting, malformed architecture, impossible perspective, duplicated doors, floating objects, warped signage, invented readable text, watermark, logo, low detail, blur",Horror Film & TV,1.0,False
0139 | Horror Film & TV/X Farmhouse — Cinematic Dusk,"X Farmhouse, the isolated Texas farmhouse from X, weathered porch, barn, pond, guesthouse and hot rural night, at cinematic dusk, fading natural light, practical lamps beginning to glow, wide establishing composition, deep but readable shadows, restrained colour grade, location remains the clear subject, no people present, environment-first composition, highly detailed architecture and surfaces, coherent spatial layout, cinematic depth, polished colour separation, subtle volumetric atmosphere, realistic materials, professional horror production design","people as main subject, visible monster as main subject, graphic gore, modern clutter that contradicts the setting, bright cheerful mood, flat lighting, malformed architecture, impossible perspective, duplicated doors, floating objects, warped signage, invented readable text, watermark, logo, low detail, blur",Horror Film & TV,1.0,False
0140 | Horror Film & TV/X Farmhouse — After Midnight,"X Farmhouse, the isolated Texas farmhouse from X, weathered porch, barn, pond, guesthouse and hot rural night, after midnight, sparse practical lighting, wet or reflective surfaces where appropriate, long sightlines, atmospheric haze, tense empty-frame composition, polished horror cinematography, no people present, environment-first composition, highly detailed architecture and surfaces, coherent spatial layout, cinematic depth, polished colour separation, subtle volumetric atmosphere, realistic materials, professional horror production design","people as main subject, visible monster as main subject, graphic gore, modern clutter that contradicts the setting, bright cheerful mood, flat lighting, malformed architecture, impossible perspective, duplicated doors, floating objects, warped signage, invented readable text, watermark, logo, low detail, blur",Horror Film & TV,1.0,False
0141 | Horror Film & TV/Pearl Farm — Cinematic Dusk,"Pearl Farm, the bright but oppressive rural farm from Pearl, red barn, cornfields, old farmhouse and exaggerated storybook colour beneath looming clouds, at cinematic dusk, fading natural light, practical lamps beginning to glow, wide establishing composition, deep but readable shadows, restrained colour grade, location remains the clear subject, no people present, environment-first composition, highly detailed architecture and surfaces, coherent spatial layout, cinematic depth, polished colour separation, subtle volumetric atmosphere, realistic materials, professional horror production design","people as main subject, visible monster as main subject, graphic gore, modern clutter that contradicts the setting, bright cheerful mood, flat lighting, malformed architecture, impossible perspective, duplicated doors, floating objects, warped signage, invented readable text, watermark, logo, low detail, blur",Horror Film & TV,1.0,False
0142 | Horror Film & TV/Pearl Farm — After Midnight,"Pearl Farm, the bright but oppressive rural farm from Pearl, red barn, cornfields, old farmhouse and exaggerated storybook colour beneath looming clouds, after midnight, sparse practical lighting, wet or reflective surfaces where appropriate, long sightlines, atmospheric haze, tense empty-frame composition, polished horror cinematography, no people present, environment-first composition, highly detailed architecture and surfaces, coherent spatial layout, cinematic depth, polished colour separation, subtle volumetric atmosphere, realistic materials, professional horror production design","people as main subject, visible monster as main subject, graphic gore, modern clutter that contradicts the setting, bright cheerful mood, flat lighting, malformed architecture, impossible perspective, duplicated doors, floating objects, warped signage, invented readable text, watermark, logo, low detail, blur",Horror Film & TV,1.0,False
0143 | Horror Film & TV/Buffalo Bill Basement — Cinematic Dusk,"Buffalo Bill Basement, the labyrinthine basement from The Silence of the Lambs, unfinished walls, sewing room, stone well chamber and green night-vision darkness, at cinematic dusk, fading natural light, practical lamps beginning to glow, wide establishing composition, deep but readable shadows, restrained colour grade, location remains the clear subject, no people present, environment-first composition, highly detailed architecture and surfaces, coherent spatial layout, cinematic depth, polished colour separation, subtle volumetric atmosphere, realistic materials, professional horror production design","people as main subject, visible monster as main subject, graphic gore, modern clutter that contradicts the setting, bright cheerful mood, flat lighting, malformed architecture, impossible perspective, duplicated doors, floating objects, warped signage, invented readable text, watermark, logo, low detail, blur",Horror Film & TV,1.0,False
0144 | Horror Film & TV/Buffalo Bill Basement — After Midnight,"Buffalo Bill Basement, the labyrinthine basement from The Silence of the Lambs, unfinished walls, sewing room, stone well chamber and green night-vision darkness, after midnight, sparse practical lighting, wet or reflective surfaces where appropriate, long sightlines, atmospheric haze, tense empty-frame composition, polished horror cinematography, no people present, environment-first composition, highly detailed architecture and surfaces, coherent spatial layout, cinematic depth, polished colour separation, subtle volumetric atmosphere, realistic materials, professional horror production design","people as main subject, visible monster as main subject, graphic gore, modern clutter that contradicts the setting, bright cheerful mood, flat lighting, malformed architecture, impossible perspective, duplicated doors, floating objects, warped signage, invented readable text, watermark, logo, low detail, blur",Horror Film & TV,1.0,False
0145 | Horror Film & TV/Mountainside Sanatorium — Cinematic Dusk,"Mountainside Sanatorium, a grand remote sanatorium inspired by A Cure for Wellness, hydrotherapy rooms, tiled corridors, alpine lake and austere old-world architecture, at cinematic dusk, fading natural light, practical lamps beginning to glow, wide establishing composition, deep but readable shadows, restrained colour grade, location remains the clear subject, no people present, environment-first composition, highly detailed architecture and surfaces, coherent spatial layout, cinematic depth, polished colour separation, subtle volumetric atmosphere, realistic materials, professional horror production design","people as main subject, visible monster as main subject, graphic gore, modern clutter that contradicts the setting, bright cheerful mood, flat lighting, malformed architecture, impossible perspective, duplicated doors, floating objects, warped signage, invented readable text, watermark, logo, low detail, blur",Horror Film & TV,1.0,False
0146 | Horror Film & TV/Mountainside Sanatorium — After Midnight,"Mountainside Sanatorium, a grand remote sanatorium inspired by A Cure for Wellness, hydrotherapy rooms, tiled corridors, alpine lake and austere old-world architecture, after midnight, sparse practical lighting, wet or reflective surfaces where appropriate, long sightlines, atmospheric haze, tense empty-frame composition, polished horror cinematography, no people present, environment-first composition, highly detailed architecture and surfaces, coherent spatial layout, cinematic depth, polished colour separation, subtle volumetric atmosphere, realistic materials, professional horror production design","people as main subject, visible monster as main subject, graphic gore, modern clutter that contradicts the setting, bright cheerful mood, flat lighting, malformed architecture, impossible perspective, duplicated doors, floating objects, warped signage, invented readable text, watermark, logo, low detail, blur",Horror Film & TV,1.0,False
0147 | Horror Film & TV/Bramford Apartment Building — Cinematic Dusk,"Bramford Apartment Building, the imposing New York apartment building from Rosemary’s Baby, ornate lobby, old lift, shared walls and elegant corridors concealing private rituals, at cinematic dusk, fading natural light, practical lamps beginning to glow, wide establishing composition, deep but readable shadows, restrained colour grade, location remains the clear subject, no people present, environment-first composition, highly detailed architecture and surfaces, coherent spatial layout, cinematic depth, polished colour separation, subtle volumetric atmosphere, realistic materials, professional horror production design","people as main subject, visible monster as main subject, graphic gore, modern clutter that contradicts the setting, bright cheerful mood, flat lighting, malformed architecture, impossible perspective, duplicated doors, floating objects, warped signage, invented readable text, watermark, logo, low detail, blur",Horror Film & TV,1.0,False
0148 | Horror Film & TV/Bramford Apartment Building — After Midnight,"Bramford Apartment Building, the imposing New York apartment building from Rosemary’s Baby, ornate lobby, old lift, shared walls and elegant corridors concealing private rituals, after midnight, sparse practical lighting, wet or reflective surfaces where appropriate, long sightlines, atmospheric haze, tense empty-frame composition, polished horror cinematography, no people present, environment-first composition, highly detailed architecture and surfaces, coherent spatial layout, cinematic depth, polished colour separation, subtle volumetric atmosphere, realistic materials, professional horror production design","people as main subject, visible monster as main subject, graphic gore, modern clutter that contradicts the setting, bright cheerful mood, flat lighting, malformed architecture, impossible perspective, duplicated doors, floating objects, warped signage, invented readable text, watermark, logo, low detail, blur",Horror Film & TV,1.0,False
0149 | Horror Film & TV/Thorn Estate — Cinematic Dusk,"Thorn Estate, the grand English country estate from The Omen, formal drive, old chapel, shadowed nursery and severe aristocratic interiors, at cinematic dusk, fading natural light, practical lamps beginning to glow, wide establishing composition, deep but readable shadows, restrained colour grade, location remains the clear subject, no people present, environment-first composition, highly detailed architecture and surfaces, coherent spatial layout, cinematic depth, polished colour separation, subtle volumetric atmosphere, realistic materials, professional horror production design","people as main subject, visible monster as main subject, graphic gore, modern clutter that contradicts the setting, bright cheerful mood, flat lighting, malformed architecture, impossible perspective, duplicated doors, floating objects, warped signage, invented readable text, watermark, logo, low detail, blur",Horror Film & TV,1.0,False
0150 | Horror Film & TV/Thorn Estate — After Midnight,"Thorn Estate, the grand English country estate from The Omen, formal drive, old chapel, shadowed nursery and severe aristocratic interiors, after midnight, sparse practical lighting, wet or reflective surfaces where appropriate, long sightlines, atmospheric haze, tense empty-frame composition, polished horror cinematography, no people present, environment-first composition, highly detailed architecture and surfaces, coherent spatial layout, cinematic depth, polished colour separation, subtle volumetric atmosphere, realistic materials, professional horror production design","people as main subject, visible monster as main subject, graphic gore, modern clutter that contradicts the setting, bright cheerful mood, flat lighting, malformed architecture, impossible perspective, duplicated doors, floating objects, warped signage, invented readable text, watermark, logo, low detail, blur",Horror Film & TV,1.0,False
0151 | Horror Games/Silent Hill Main Street — Cinematic Dusk,"Silent Hill Main Street, the fog-choked main street of Silent Hill, abandoned storefronts, ash-like particles, damaged road surface and barely visible traffic lights, at cinematic dusk, fading natural light, practical lamps beginning to glow, wide establishing composition, deep but readable shadows, restrained colour grade, location remains the clear subject, no people present, environment-first composition, highly detailed architecture and surfaces, coherent spatial layout, cinematic depth, polished colour separation, subtle volumetric atmosphere, realistic materials, professional horror production design","people as main subject, visible monster as main subject, graphic gore, modern clutter that contradicts the setting, bright cheerful mood, flat lighting, malformed architecture, impossible perspective, duplicated doors, floating objects, warped signage, invented readable text, watermark, logo, low detail, blur",Horror Games,1.0,False
0152 | Horror Games/Silent Hill Main Street — After Midnight,"Silent Hill Main Street, the fog-choked main street of Silent Hill, abandoned storefronts, ash-like particles, damaged road surface and barely visible traffic lights, after midnight, sparse practical lighting, wet or reflective surfaces where appropriate, long sightlines, atmospheric haze, tense empty-frame composition, polished horror cinematography, no people present, environment-first composition, highly detailed architecture and surfaces, coherent spatial layout, cinematic depth, polished colour separation, subtle volumetric atmosphere, realistic materials, professional horror production design","people as main subject, visible monster as main subject, graphic gore, modern clutter that contradicts the setting, bright cheerful mood, flat lighting, malformed architecture, impossible perspective, duplicated doors, floating objects, warped signage, invented readable text, watermark, logo, low detail, blur",Horror Games,1.0,False
0153 | Horror Games/Brookhaven Hospital — Cinematic Dusk,"Brookhaven Hospital, Brookhaven Hospital from Silent Hill, institutional corridors, peeling paint, rusted gurneys and an oppressive alternate-world layer, at cinematic dusk, fading natural light, practical lamps beginning to glow, wide establishing composition, deep but readable shadows, restrained colour grade, location remains the clear subject, no people present, environment-first composition, highly detailed architecture and surfaces, coherent spatial layout, cinematic depth, polished colour separation, subtle volumetric atmosphere, realistic materials, professional horror production design","people as main subject, visible monster as main subject, graphic gore, modern clutter that contradicts the setting, bright cheerful mood, flat lighting, malformed architecture, impossible perspective, duplicated doors, floating objects, warped signage, invented readable text, watermark, logo, low detail, blur",Horror Games,1.0,False
0154 | Horror Games/Brookhaven Hospital — After Midnight,"Brookhaven Hospital, Brookhaven Hospital from Silent Hill, institutional corridors, peeling paint, rusted gurneys and an oppressive alternate-world layer, after midnight, sparse practical lighting, wet or reflective surfaces where appropriate, long sightlines, atmospheric haze, tense empty-frame composition, polished horror cinematography, no people present, environment-first composition, highly detailed architecture and surfaces, coherent spatial layout, cinematic depth, polished colour separation, subtle volumetric atmosphere, realistic materials, professional horror production design","people as main subject, visible monster as main subject, graphic gore, modern clutter that contradicts the setting, bright cheerful mood, flat lighting, malformed architecture, impossible perspective, duplicated doors, floating objects, warped signage, invented readable text, watermark, logo, low detail, blur",Horror Games,1.0,False
0155 | Horror Games/Midwich Elementary School — Cinematic Dusk,"Midwich Elementary School, the abandoned school from Silent Hill, child-sized desks, tiled hallways, chain-link barriers and failing fluorescent lights, at cinematic dusk, fading natural light, practical lamps beginning to glow, wide establishing composition, deep but readable shadows, restrained colour grade, location remains the clear subject, no people present, environment-first composition, highly detailed architecture and surfaces, coherent spatial layout, cinematic depth, polished colour separation, subtle volumetric atmosphere, realistic materials, professional horror production design","people as main subject, visible monster as main subject, graphic gore, modern clutter that contradicts the setting, bright cheerful mood, flat lighting, malformed architecture, impossible perspective, duplicated doors, floating objects, warped signage, invented readable text, watermark, logo, low detail, blur",Horror Games,1.0,False
0156 | Horror Games/Midwich Elementary School — After Midnight,"Midwich Elementary School, the abandoned school from Silent Hill, child-sized desks, tiled hallways, chain-link barriers and failing fluorescent lights, after midnight, sparse practical lighting, wet or reflective surfaces where appropriate, long sightlines, atmospheric haze, tense empty-frame composition, polished horror cinematography, no people present, environment-first composition, highly detailed architecture and surfaces, coherent spatial layout, cinematic depth, polished colour separation, subtle volumetric atmosphere, realistic materials, professional horror production design","people as main subject, visible monster as main subject, graphic gore, modern clutter that contradicts the setting, bright cheerful mood, flat lighting, malformed architecture, impossible perspective, duplicated doors, floating objects, warped signage, invented readable text, watermark, logo, low detail, blur",Horror Games,1.0,False
0157 | Horror Games/Lakeview Hotel — Cinematic Dusk,"Lakeview Hotel, the decaying lakeside hotel from Silent Hill 2, grand lobby, water-damaged corridors, old room keys and mist over Toluca Lake, at cinematic dusk, fading natural light, practical lamps beginning to glow, wide establishing composition, deep but readable shadows, restrained colour grade, location remains the clear subject, no people present, environment-first composition, highly detailed architecture and surfaces, coherent spatial layout, cinematic depth, polished colour separation, subtle volumetric atmosphere, realistic materials, professional horror production design","people as main subject, visible monster as main subject, graphic gore, modern clutter that contradicts the setting, bright cheerful mood, flat lighting, malformed architecture, impossible perspective, duplicated doors, floating objects, warped signage, invented readable text, watermark, logo, low detail, blur",Horror Games,1.0,False
0158 | Horror Games/Lakeview Hotel — After Midnight,"Lakeview Hotel, the decaying lakeside hotel from Silent Hill 2, grand lobby, water-damaged corridors, old room keys and mist over Toluca Lake, after midnight, sparse practical lighting, wet or reflective surfaces where appropriate, long sightlines, atmospheric haze, tense empty-frame composition, polished horror cinematography, no people present, environment-first composition, highly detailed architecture and surfaces, coherent spatial layout, cinematic depth, polished colour separation, subtle volumetric atmosphere, realistic materials, professional horror production design","people as main subject, visible monster as main subject, graphic gore, modern clutter that contradicts the setting, bright cheerful mood, flat lighting, malformed architecture, impossible perspective, duplicated doors, floating objects, warped signage, invented readable text, watermark, logo, low detail, blur",Horror Games,1.0,False
0159 | Horror Games/Toluca Prison — Cinematic Dusk,"Toluca Prison, the subterranean prison from Silent Hill 2, brick cells, steel catwalks, flooded darkness and impossible depth, at cinematic dusk, fading natural light, practical lamps beginning to glow, wide establishing composition, deep but readable shadows, restrained colour grade, location remains the clear subject, no people present, environment-first composition, highly detailed architecture and surfaces, coherent spatial layout, cinematic depth, polished colour separation, subtle volumetric atmosphere, realistic materials, professional horror production design","people as main subject, visible monster as main subject, graphic gore, modern clutter that contradicts the setting, bright cheerful mood, flat lighting, malformed architecture, impossible perspective, duplicated doors, floating objects, warped signage, invented readable text, watermark, logo, low detail, blur",Horror Games,1.0,False
0160 | Horror Games/Toluca Prison — After Midnight,"Toluca Prison, the subterranean prison from Silent Hill 2, brick cells, steel catwalks, flooded darkness and impossible depth, after midnight, sparse practical lighting, wet or reflective surfaces where appropriate, long sightlines, atmospheric haze, tense empty-frame composition, polished horror cinematography, no people present, environment-first composition, highly detailed architecture and surfaces, coherent spatial layout, cinematic depth, polished colour separation, subtle volumetric atmosphere, realistic materials, professional horror production design","people as main subject, visible monster as main subject, graphic gore, modern clutter that contradicts the setting, bright cheerful mood, flat lighting, malformed architecture, impossible perspective, duplicated doors, floating objects, warped signage, invented readable text, watermark, logo, low detail, blur",Horror Games,1.0,False
0161 | Horror Games/Raccoon Police Department — Cinematic Dusk,"Raccoon Police Department, the converted museum police headquarters from Resident Evil 2, marble main hall, goddess statue, barricaded corridors and emergency lighting, at cinematic dusk, fading natural light, practical lamps beginning to glow, wide establishing composition, deep but readable shadows, restrained colour grade, location remains the clear subject, no people present, environment-first composition, highly detailed architecture and surfaces, coherent spatial layout, cinematic depth, polished colour separation, subtle volumetric atmosphere, realistic materials, professional horror production design","people as main subject, visible monster as main subject, graphic gore, modern clutter that contradicts the setting, bright cheerful mood, flat lighting, malformed architecture, impossible perspective, duplicated doors, floating objects, warped signage, invented readable text, watermark, logo, low detail, blur",Horror Games,1.0,False
0162 | Horror Games/Raccoon Police Department — After Midnight,"Raccoon Police Department, the converted museum police headquarters from Resident Evil 2, marble main hall, goddess statue, barricaded corridors and emergency lighting, after midnight, sparse practical lighting, wet or reflective surfaces where appropriate, long sightlines, atmospheric haze, tense empty-frame composition, polished horror cinematography, no people present, environment-first composition, highly detailed architecture and surfaces, coherent spatial layout, cinematic depth, polished colour separation, subtle volumetric atmosphere, realistic materials, professional horror production design","people as main subject, visible monster as main subject, graphic gore, modern clutter that contradicts the setting, bright cheerful mood, flat lighting, malformed architecture, impossible perspective, duplicated doors, floating objects, warped signage, invented readable text, watermark, logo, low detail, blur",Horror Games,1.0,False
0163 | Horror Games/Spencer Mansion — Cinematic Dusk,"Spencer Mansion, the remote mansion from Resident Evil, grand dining room, puzzle doors, shadowed galleries and storm-dark forest outside, at cinematic dusk, fading natural light, practical lamps beginning to glow, wide establishing composition, deep but readable shadows, restrained colour grade, location remains the clear subject, no people present, environment-first composition, highly detailed architecture and surfaces, coherent spatial layout, cinematic depth, polished colour separation, subtle volumetric atmosphere, realistic materials, professional horror production design","people as main subject, visible monster as main subject, graphic gore, modern clutter that contradicts the setting, bright cheerful mood, flat lighting, malformed architecture, impossible perspective, duplicated doors, floating objects, warped signage, invented readable text, watermark, logo, low detail, blur",Horror Games,1.0,False
0164 | Horror Games/Spencer Mansion — After Midnight,"Spencer Mansion, the remote mansion from Resident Evil, grand dining room, puzzle doors, shadowed galleries and storm-dark forest outside, after midnight, sparse practical lighting, wet or reflective surfaces where appropriate, long sightlines, atmospheric haze, tense empty-frame composition, polished horror cinematography, no people present, environment-first composition, highly detailed architecture and surfaces, coherent spatial layout, cinematic depth, polished colour separation, subtle volumetric atmosphere, realistic materials, professional horror production design","people as main subject, visible monster as main subject, graphic gore, modern clutter that contradicts the setting, bright cheerful mood, flat lighting, malformed architecture, impossible perspective, duplicated doors, floating objects, warped signage, invented readable text, watermark, logo, low detail, blur",Horror Games,1.0,False
0165 | Horror Games/Raccoon City Streets — Cinematic Dusk,"Raccoon City Streets, the devastated urban streets from Resident Evil, abandoned emergency vehicles, burning intersections, shuttered shops and rain-slick asphalt, at cinematic dusk, fading natural light, practical lamps beginning to glow, wide establishing composition, deep but readable shadows, restrained colour grade, location remains the clear subject, no people present, environment-first composition, highly detailed architecture and surfaces, coherent spatial layout, cinematic depth, polished colour separation, subtle volumetric atmosphere, realistic materials, professional horror production design","people as main subject, visible monster as main subject, graphic gore, modern clutter that contradicts the setting, bright cheerful mood, flat lighting, malformed architecture, impossible perspective, duplicated doors, floating objects, warped signage, invented readable text, watermark, logo, low detail, blur",Horror Games,1.0,False
0166 | Horror Games/Raccoon City Streets — After Midnight,"Raccoon City Streets, the devastated urban streets from Resident Evil, abandoned emergency vehicles, burning intersections, shuttered shops and rain-slick asphalt, after midnight, sparse practical lighting, wet or reflective surfaces where appropriate, long sightlines, atmospheric haze, tense empty-frame composition, polished horror cinematography, no people present, environment-first composition, highly detailed architecture and surfaces, coherent spatial layout, cinematic depth, polished colour separation, subtle volumetric atmosphere, realistic materials, professional horror production design","people as main subject, visible monster as main subject, graphic gore, modern clutter that contradicts the setting, bright cheerful mood, flat lighting, malformed architecture, impossible perspective, duplicated doors, floating objects, warped signage, invented readable text, watermark, logo, low detail, blur",Horror Games,1.0,False
0167 | Horror Games/Baker Estate — Cinematic Dusk,"Baker Estate, the decaying Louisiana plantation from Resident Evil 7, moulded walls, cluttered kitchen, hidden passages and swampy grounds, at cinematic dusk, fading natural light, practical lamps beginning to glow, wide establishing composition, deep but readable shadows, restrained colour grade, location remains the clear subject, no people present, environment-first composition, highly detailed architecture and surfaces, coherent spatial layout, cinematic depth, polished colour separation, subtle volumetric atmosphere, realistic materials, professional horror production design","people as main subject, visible monster as main subject, graphic gore, modern clutter that contradicts the setting, bright cheerful mood, flat lighting, malformed architecture, impossible perspective, duplicated doors, floating objects, warped signage, invented readable text, watermark, logo, low detail, blur",Horror Games,1.0,False
0168 | Horror Games/Baker Estate — After Midnight,"Baker Estate, the decaying Louisiana plantation from Resident Evil 7, moulded walls, cluttered kitchen, hidden passages and swampy grounds, after midnight, sparse practical lighting, wet or reflective surfaces where appropriate, long sightlines, atmospheric haze, tense empty-frame composition, polished horror cinematography, no people present, environment-first composition, highly detailed architecture and surfaces, coherent spatial layout, cinematic depth, polished colour separation, subtle volumetric atmosphere, realistic materials, professional horror production design","people as main subject, visible monster as main subject, graphic gore, modern clutter that contradicts the setting, bright cheerful mood, flat lighting, malformed architecture, impossible perspective, duplicated doors, floating objects, warped signage, invented readable text, watermark, logo, low detail, blur",Horror Games,1.0,False
0169 | Horror Games/Castle Dimitrescu — Cinematic Dusk,"Castle Dimitrescu, the immense gothic castle from Resident Evil Village, ornate halls, wine cellars, snow-covered courtyards and towering arched windows, at cinematic dusk, fading natural light, practical lamps beginning to glow, wide establishing composition, deep but readable shadows, restrained colour grade, location remains the clear subject, no people present, environment-first composition, highly detailed architecture and surfaces, coherent spatial layout, cinematic depth, polished colour separation, subtle volumetric atmosphere, realistic materials, professional horror production design","people as main subject, visible monster as main subject, graphic gore, modern clutter that contradicts the setting, bright cheerful mood, flat lighting, malformed architecture, impossible perspective, duplicated doors, floating objects, warped signage, invented readable text, watermark, logo, low detail, blur",Horror Games,1.0,False
0170 | Horror Games/Castle Dimitrescu — After Midnight,"Castle Dimitrescu, the immense gothic castle from Resident Evil Village, ornate halls, wine cellars, snow-covered courtyards and towering arched windows, after midnight, sparse practical lighting, wet or reflective surfaces where appropriate, long sightlines, atmospheric haze, tense empty-frame composition, polished horror cinematography, no people present, environment-first composition, highly detailed architecture and surfaces, coherent spatial layout, cinematic depth, polished colour separation, subtle volumetric atmosphere, realistic materials, professional horror production design","people as main subject, visible monster as main subject, graphic gore, modern clutter that contradicts the setting, bright cheerful mood, flat lighting, malformed architecture, impossible perspective, duplicated doors, floating objects, warped signage, invented readable text, watermark, logo, low detail, blur",Horror Games,1.0,False
0171 | Horror Games/House Beneviento — Cinematic Dusk,"House Beneviento, the isolated dollmaker’s house from Resident Evil Village, misty waterfall approach, silent workshop, basement lift and doll-filled rooms, at cinematic dusk, fading natural light, practical lamps beginning to glow, wide establishing composition, deep but readable shadows, restrained colour grade, location remains the clear subject, no people present, environment-first composition, highly detailed architecture and surfaces, coherent spatial layout, cinematic depth, polished colour separation, subtle volumetric atmosphere, realistic materials, professional horror production design","people as main subject, visible monster as main subject, graphic gore, modern clutter that contradicts the setting, bright cheerful mood, flat lighting, malformed architecture, impossible perspective, duplicated doors, floating objects, warped signage, invented readable text, watermark, logo, low detail, blur",Horror Games,1.0,False
0172 | Horror Games/House Beneviento — After Midnight,"House Beneviento, the isolated dollmaker’s house from Resident Evil Village, misty waterfall approach, silent workshop, basement lift and doll-filled rooms, after midnight, sparse practical lighting, wet or reflective surfaces where appropriate, long sightlines, atmospheric haze, tense empty-frame composition, polished horror cinematography, no people present, environment-first composition, highly detailed architecture and surfaces, coherent spatial layout, cinematic depth, polished colour separation, subtle volumetric atmosphere, realistic materials, professional horror production design","people as main subject, visible monster as main subject, graphic gore, modern clutter that contradicts the setting, bright cheerful mood, flat lighting, malformed architecture, impossible perspective, duplicated doors, floating objects, warped signage, invented readable text, watermark, logo, low detail, blur",Horror Games,1.0,False
0173 | Horror Games/Heisenberg Factory — Cinematic Dusk,"Heisenberg Factory, the vast industrial factory from Resident Evil Village, suspended machinery, molten metal, conveyor systems and endless vertical shafts, at cinematic dusk, fading natural light, practical lamps beginning to glow, wide establishing composition, deep but readable shadows, restrained colour grade, location remains the clear subject, no people present, environment-first composition, highly detailed architecture and surfaces, coherent spatial layout, cinematic depth, polished colour separation, subtle volumetric atmosphere, realistic materials, professional horror production design","people as main subject, visible monster as main subject, graphic gore, modern clutter that contradicts the setting, bright cheerful mood, flat lighting, malformed architecture, impossible perspective, duplicated doors, floating objects, warped signage, invented readable text, watermark, logo, low detail, blur",Horror Games,1.0,False
0174 | Horror Games/Heisenberg Factory — After Midnight,"Heisenberg Factory, the vast industrial factory from Resident Evil Village, suspended machinery, molten metal, conveyor systems and endless vertical shafts, after midnight, sparse practical lighting, wet or reflective surfaces where appropriate, long sightlines, atmospheric haze, tense empty-frame composition, polished horror cinematography, no people present, environment-first composition, highly detailed architecture and surfaces, coherent spatial layout, cinematic depth, polished colour separation, subtle volumetric atmosphere, realistic materials, professional horror production design","people as main subject, visible monster as main subject, graphic gore, modern clutter that contradicts the setting, bright cheerful mood, flat lighting, malformed architecture, impossible perspective, duplicated doors, floating objects, warped signage, invented readable text, watermark, logo, low detail, blur",Horror Games,1.0,False
0175 | Horror Games/Resident Evil Village — Cinematic Dusk,"Resident Evil Village, the snowbound Eastern European village from Resident Evil Village, stone houses, ruined church, muddy lanes and mountain castle silhouette, at cinematic dusk, fading natural light, practical lamps beginning to glow, wide establishing composition, deep but readable shadows, restrained colour grade, location remains the clear subject, no people present, environment-first composition, highly detailed architecture and surfaces, coherent spatial layout, cinematic depth, polished colour separation, subtle volumetric atmosphere, realistic materials, professional horror production design","people as main subject, visible monster as main subject, graphic gore, modern clutter that contradicts the setting, bright cheerful mood, flat lighting, malformed architecture, impossible perspective, duplicated doors, floating objects, warped signage, invented readable text, watermark, logo, low detail, blur",Horror Games,1.0,False
0176 | Horror Games/Resident Evil Village — After Midnight,"Resident Evil Village, the snowbound Eastern European village from Resident Evil Village, stone houses, ruined church, muddy lanes and mountain castle silhouette, after midnight, sparse practical lighting, wet or reflective surfaces where appropriate, long sightlines, atmospheric haze, tense empty-frame composition, polished horror cinematography, no people present, environment-first composition, highly detailed architecture and surfaces, coherent spatial layout, cinematic depth, polished colour separation, subtle volumetric atmosphere, realistic materials, professional horror production design","people as main subject, visible monster as main subject, graphic gore, modern clutter that contradicts the setting, bright cheerful mood, flat lighting, malformed architecture, impossible perspective, duplicated doors, floating objects, warped signage, invented readable text, watermark, logo, low detail, blur",Horror Games,1.0,False
0177 | Horror Games/Mount Massive Asylum — Cinematic Dusk,"Mount Massive Asylum, the abandoned psychiatric hospital from Outlast, barred wards, security rooms, maintenance tunnels and flickering emergency lamps, at cinematic dusk, fading natural light, practical lamps beginning to glow, wide establishing composition, deep but readable shadows, restrained colour grade, location remains the clear subject, no people present, environment-first composition, highly detailed architecture and surfaces, coherent spatial layout, cinematic depth, polished colour separation, subtle volumetric atmosphere, realistic materials, professional horror production design","people as main subject, visible monster as main subject, graphic gore, modern clutter that contradicts the setting, bright cheerful mood, flat lighting, malformed architecture, impossible perspective, duplicated doors, floating objects, warped signage, invented readable text, watermark, logo, low detail, blur",Horror Games,1.0,False
0178 | Horror Games/Mount Massive Asylum — After Midnight,"Mount Massive Asylum, the abandoned psychiatric hospital from Outlast, barred wards, security rooms, maintenance tunnels and flickering emergency lamps, after midnight, sparse practical lighting, wet or reflective surfaces where appropriate, long sightlines, atmospheric haze, tense empty-frame composition, polished horror cinematography, no people present, environment-first composition, highly detailed architecture and surfaces, coherent spatial layout, cinematic depth, polished colour separation, subtle volumetric atmosphere, realistic materials, professional horror production design","people as main subject, visible monster as main subject, graphic gore, modern clutter that contradicts the setting, bright cheerful mood, flat lighting, malformed architecture, impossible perspective, duplicated doors, floating objects, warped signage, invented readable text, watermark, logo, low detail, blur",Horror Games,1.0,False
0179 | Horror Games/Temple Gate — Cinematic Dusk,"Temple Gate, the isolated desert cult settlement from Outlast 2, timber chapel, schoolhouse, cornfields and crude religious structures beneath a black sky, at cinematic dusk, fading natural light, practical lamps beginning to glow, wide establishing composition, deep but readable shadows, restrained colour grade, location remains the clear subject, no people present, environment-first composition, highly detailed architecture and surfaces, coherent spatial layout, cinematic depth, polished colour separation, subtle volumetric atmosphere, realistic materials, professional horror production design","people as main subject, visible monster as main subject, graphic gore, modern clutter that contradicts the setting, bright cheerful mood, flat lighting, malformed architecture, impossible perspective, duplicated doors, floating objects, warped signage, invented readable text, watermark, logo, low detail, blur",Horror Games,1.0,False
0180 | Horror Games/Temple Gate — After Midnight,"Temple Gate, the isolated desert cult settlement from Outlast 2, timber chapel, schoolhouse, cornfields and crude religious structures beneath a black sky, after midnight, sparse practical lighting, wet or reflective surfaces where appropriate, long sightlines, atmospheric haze, tense empty-frame composition, polished horror cinematography, no people present, environment-first composition, highly detailed architecture and surfaces, coherent spatial layout, cinematic depth, polished colour separation, subtle volumetric atmosphere, realistic materials, professional horror production design","people as main subject, visible monster as main subject, graphic gore, modern clutter that contradicts the setting, bright cheerful mood, flat lighting, malformed architecture, impossible perspective, duplicated doors, floating objects, warped signage, invented readable text, watermark, logo, low detail, blur",Horror Games,1.0,False
0181 | Horror Games/USG Ishimura — Cinematic Dusk,"USG Ishimura, the mining starship from Dead Space, industrial tram platforms, medical deck corridors, engineering machinery and red emergency strobes, at cinematic dusk, fading natural light, practical lamps beginning to glow, wide establishing composition, deep but readable shadows, restrained colour grade, location remains the clear subject, no people present, environment-first composition, highly detailed architecture and surfaces, coherent spatial layout, cinematic depth, polished colour separation, subtle volumetric atmosphere, realistic materials, professional horror production design","people as main subject, visible monster as main subject, graphic gore, modern clutter that contradicts the setting, bright cheerful mood, flat lighting, malformed architecture, impossible perspective, duplicated doors, floating objects, warped signage, invented readable text, watermark, logo, low detail, blur",Horror Games,1.0,False
0182 | Horror Games/USG Ishimura — After Midnight,"USG Ishimura, the mining starship from Dead Space, industrial tram platforms, medical deck corridors, engineering machinery and red emergency strobes, after midnight, sparse practical lighting, wet or reflective surfaces where appropriate, long sightlines, atmospheric haze, tense empty-frame composition, polished horror cinematography, no people present, environment-first composition, highly detailed architecture and surfaces, coherent spatial layout, cinematic depth, polished colour separation, subtle volumetric atmosphere, realistic materials, professional horror production design","people as main subject, visible monster as main subject, graphic gore, modern clutter that contradicts the setting, bright cheerful mood, flat lighting, malformed architecture, impossible perspective, duplicated doors, floating objects, warped signage, invented readable text, watermark, logo, low detail, blur",Horror Games,1.0,False
0183 | Horror Games/Sevastopol Station — Cinematic Dusk,"Sevastopol Station, the decaying space station from Alien: Isolation, retro-futurist terminals, transit corridors, shuttered shops and failing power, at cinematic dusk, fading natural light, practical lamps beginning to glow, wide establishing composition, deep but readable shadows, restrained colour grade, location remains the clear subject, no people present, environment-first composition, highly detailed architecture and surfaces, coherent spatial layout, cinematic depth, polished colour separation, subtle volumetric atmosphere, realistic materials, professional horror production design","people as main subject, visible monster as main subject, graphic gore, modern clutter that contradicts the setting, bright cheerful mood, flat lighting, malformed architecture, impossible perspective, duplicated doors, floating objects, warped signage, invented readable text, watermark, logo, low detail, blur",Horror Games,1.0,False
0184 | Horror Games/Sevastopol Station — After Midnight,"Sevastopol Station, the decaying space station from Alien: Isolation, retro-futurist terminals, transit corridors, shuttered shops and failing power, after midnight, sparse practical lighting, wet or reflective surfaces where appropriate, long sightlines, atmospheric haze, tense empty-frame composition, polished horror cinematography, no people present, environment-first composition, highly detailed architecture and surfaces, coherent spatial layout, cinematic depth, polished colour separation, subtle volumetric atmosphere, realistic materials, professional horror production design","people as main subject, visible monster as main subject, graphic gore, modern clutter that contradicts the setting, bright cheerful mood, flat lighting, malformed architecture, impossible perspective, duplicated doors, floating objects, warped signage, invented readable text, watermark, logo, low detail, blur",Horror Games,1.0,False
0185 | Horror Games/The Maw — Cinematic Dusk,"The Maw, the colossal underwater vessel from Little Nightmares, oversized kitchens, iron corridors, cargo lifts and cavernous dining halls, at cinematic dusk, fading natural light, practical lamps beginning to glow, wide establishing composition, deep but readable shadows, restrained colour grade, location remains the clear subject, no people present, environment-first composition, highly detailed architecture and surfaces, coherent spatial layout, cinematic depth, polished colour separation, subtle volumetric atmosphere, realistic materials, professional horror production design","people as main subject, visible monster as main subject, graphic gore, modern clutter that contradicts the setting, bright cheerful mood, flat lighting, malformed architecture, impossible perspective, duplicated doors, floating objects, warped signage, invented readable text, watermark, logo, low detail, blur",Horror Games,1.0,False
0186 | Horror Games/The Maw — After Midnight,"The Maw, the colossal underwater vessel from Little Nightmares, oversized kitchens, iron corridors, cargo lifts and cavernous dining halls, after midnight, sparse practical lighting, wet or reflective surfaces where appropriate, long sightlines, atmospheric haze, tense empty-frame composition, polished horror cinematography, no people present, environment-first composition, highly detailed architecture and surfaces, coherent spatial layout, cinematic depth, polished colour separation, subtle volumetric atmosphere, realistic materials, professional horror production design","people as main subject, visible monster as main subject, graphic gore, modern clutter that contradicts the setting, bright cheerful mood, flat lighting, malformed architecture, impossible perspective, duplicated doors, floating objects, warped signage, invented readable text, watermark, logo, low detail, blur",Horror Games,1.0,False
0187 | Horror Games/Pale City — Cinematic Dusk,"Pale City, the distorted rain-soaked city from Little Nightmares II, leaning buildings, television glow, empty streets and impossible perspective, at cinematic dusk, fading natural light, practical lamps beginning to glow, wide establishing composition, deep but readable shadows, restrained colour grade, location remains the clear subject, no people present, environment-first composition, highly detailed architecture and surfaces, coherent spatial layout, cinematic depth, polished colour separation, subtle volumetric atmosphere, realistic materials, professional horror production design","people as main subject, visible monster as main subject, graphic gore, modern clutter that contradicts the setting, bright cheerful mood, flat lighting, malformed architecture, impossible perspective, duplicated doors, floating objects, warped signage, invented readable text, watermark, logo, low detail, blur",Horror Games,1.0,False
0188 | Horror Games/Pale City — After Midnight,"Pale City, the distorted rain-soaked city from Little Nightmares II, leaning buildings, television glow, empty streets and impossible perspective, after midnight, sparse practical lighting, wet or reflective surfaces where appropriate, long sightlines, atmospheric haze, tense empty-frame composition, polished horror cinematography, no people present, environment-first composition, highly detailed architecture and surfaces, coherent spatial layout, cinematic depth, polished colour separation, subtle volumetric atmosphere, realistic materials, professional horror production design","people as main subject, visible monster as main subject, graphic gore, modern clutter that contradicts the setting, bright cheerful mood, flat lighting, malformed architecture, impossible perspective, duplicated doors, floating objects, warped signage, invented readable text, watermark, logo, low detail, blur",Horror Games,1.0,False
0189 | Horror Games/Himuro Mansion — Cinematic Dusk,"Himuro Mansion, the haunted Japanese mansion from Fatal Frame, tatami rooms, rope rituals, wooden corridors and dusty camera-lit darkness, at cinematic dusk, fading natural light, practical lamps beginning to glow, wide establishing composition, deep but readable shadows, restrained colour grade, location remains the clear subject, no people present, environment-first composition, highly detailed architecture and surfaces, coherent spatial layout, cinematic depth, polished colour separation, subtle volumetric atmosphere, realistic materials, professional horror production design","people as main subject, visible monster as main subject, graphic gore, modern clutter that contradicts the setting, bright cheerful mood, flat lighting, malformed architecture, impossible perspective, duplicated doors, floating objects, warped signage, invented readable text, watermark, logo, low detail, blur",Horror Games,1.0,False
0190 | Horror Games/Himuro Mansion — After Midnight,"Himuro Mansion, the haunted Japanese mansion from Fatal Frame, tatami rooms, rope rituals, wooden corridors and dusty camera-lit darkness, after midnight, sparse practical lighting, wet or reflective surfaces where appropriate, long sightlines, atmospheric haze, tense empty-frame composition, polished horror cinematography, no people present, environment-first composition, highly detailed architecture and surfaces, coherent spatial layout, cinematic depth, polished colour separation, subtle volumetric atmosphere, realistic materials, professional horror production design","people as main subject, visible monster as main subject, graphic gore, modern clutter that contradicts the setting, bright cheerful mood, flat lighting, malformed architecture, impossible perspective, duplicated doors, floating objects, warped signage, invented readable text, watermark, logo, low detail, blur",Horror Games,1.0,False
0191 | Horror Games/Kurosawa House — Cinematic Dusk,"Kurosawa House, the isolated ritual village manor from Fatal Frame II, dark timber rooms, crimson butterflies and snow-covered lanes outside, at cinematic dusk, fading natural light, practical lamps beginning to glow, wide establishing composition, deep but readable shadows, restrained colour grade, location remains the clear subject, no people present, environment-first composition, highly detailed architecture and surfaces, coherent spatial layout, cinematic depth, polished colour separation, subtle volumetric atmosphere, realistic materials, professional horror production design","people as main subject, visible monster as main subject, graphic gore, modern clutter that contradicts the setting, bright cheerful mood, flat lighting, malformed architecture, impossible perspective, duplicated doors, floating objects, warped signage, invented readable text, watermark, logo, low detail, blur",Horror Games,1.0,False
0192 | Horror Games/Kurosawa House — After Midnight,"Kurosawa House, the isolated ritual village manor from Fatal Frame II, dark timber rooms, crimson butterflies and snow-covered lanes outside, after midnight, sparse practical lighting, wet or reflective surfaces where appropriate, long sightlines, atmospheric haze, tense empty-frame composition, polished horror cinematography, no people present, environment-first composition, highly detailed architecture and surfaces, coherent spatial layout, cinematic depth, polished colour separation, subtle volumetric atmosphere, realistic materials, professional horror production design","people as main subject, visible monster as main subject, graphic gore, modern clutter that contradicts the setting, bright cheerful mood, flat lighting, malformed architecture, impossible perspective, duplicated doors, floating objects, warped signage, invented readable text, watermark, logo, low detail, blur",Horror Games,1.0,False
0193 | Horror Games/Cauldron Lake — Cinematic Dusk,"Cauldron Lake, the forest lake from Alan Wake, dark water, isolated cabin, pine-covered mountains and a distant lighthouse beam, at cinematic dusk, fading natural light, practical lamps beginning to glow, wide establishing composition, deep but readable shadows, restrained colour grade, location remains the clear subject, no people present, environment-first composition, highly detailed architecture and surfaces, coherent spatial layout, cinematic depth, polished colour separation, subtle volumetric atmosphere, realistic materials, professional horror production design","people as main subject, visible monster as main subject, graphic gore, modern clutter that contradicts the setting, bright cheerful mood, flat lighting, malformed architecture, impossible perspective, duplicated doors, floating objects, warped signage, invented readable text, watermark, logo, low detail, blur",Horror Games,1.0,False
0194 | Horror Games/Cauldron Lake — After Midnight,"Cauldron Lake, the forest lake from Alan Wake, dark water, isolated cabin, pine-covered mountains and a distant lighthouse beam, after midnight, sparse practical lighting, wet or reflective surfaces where appropriate, long sightlines, atmospheric haze, tense empty-frame composition, polished horror cinematography, no people present, environment-first composition, highly detailed architecture and surfaces, coherent spatial layout, cinematic depth, polished colour separation, subtle volumetric atmosphere, realistic materials, professional horror production design","people as main subject, visible monster as main subject, graphic gore, modern clutter that contradicts the setting, bright cheerful mood, flat lighting, malformed architecture, impossible perspective, duplicated doors, floating objects, warped signage, invented readable text, watermark, logo, low detail, blur",Horror Games,1.0,False
0195 | Horror Games/Bright Falls Diner — Cinematic Dusk,"Bright Falls Diner, the small-town diner from Alan Wake, red booths, coffee counter, jukebox glow and rain-dark windows, at cinematic dusk, fading natural light, practical lamps beginning to glow, wide establishing composition, deep but readable shadows, restrained colour grade, location remains the clear subject, no people present, environment-first composition, highly detailed architecture and surfaces, coherent spatial layout, cinematic depth, polished colour separation, subtle volumetric atmosphere, realistic materials, professional horror production design","people as main subject, visible monster as main subject, graphic gore, modern clutter that contradicts the setting, bright cheerful mood, flat lighting, malformed architecture, impossible perspective, duplicated doors, floating objects, warped signage, invented readable text, watermark, logo, low detail, blur",Horror Games,1.0,False
0196 | Horror Games/Bright Falls Diner — After Midnight,"Bright Falls Diner, the small-town diner from Alan Wake, red booths, coffee counter, jukebox glow and rain-dark windows, after midnight, sparse practical lighting, wet or reflective surfaces where appropriate, long sightlines, atmospheric haze, tense empty-frame composition, polished horror cinematography, no people present, environment-first composition, highly detailed architecture and surfaces, coherent spatial layout, cinematic depth, polished colour separation, subtle volumetric atmosphere, realistic materials, professional horror production design","people as main subject, visible monster as main subject, graphic gore, modern clutter that contradicts the setting, bright cheerful mood, flat lighting, malformed architecture, impossible perspective, duplicated doors, floating objects, warped signage, invented readable text, watermark, logo, low detail, blur",Horror Games,1.0,False
0197 | Horror Games/Blackwood Pines Lodge — Cinematic Dusk,"Blackwood Pines Lodge, the remote mountain lodge from Until Dawn, broad timber interior, snowy balconies, trophy room and power cuts, at cinematic dusk, fading natural light, practical lamps beginning to glow, wide establishing composition, deep but readable shadows, restrained colour grade, location remains the clear subject, no people present, environment-first composition, highly detailed architecture and surfaces, coherent spatial layout, cinematic depth, polished colour separation, subtle volumetric atmosphere, realistic materials, professional horror production design","people as main subject, visible monster as main subject, graphic gore, modern clutter that contradicts the setting, bright cheerful mood, flat lighting, malformed architecture, impossible perspective, duplicated doors, floating objects, warped signage, invented readable text, watermark, logo, low detail, blur",Horror Games,1.0,False
0198 | Horror Games/Blackwood Pines Lodge — After Midnight,"Blackwood Pines Lodge, the remote mountain lodge from Until Dawn, broad timber interior, snowy balconies, trophy room and power cuts, after midnight, sparse practical lighting, wet or reflective surfaces where appropriate, long sightlines, atmospheric haze, tense empty-frame composition, polished horror cinematography, no people present, environment-first composition, highly detailed architecture and surfaces, coherent spatial layout, cinematic depth, polished colour separation, subtle volumetric atmosphere, realistic materials, professional horror production design","people as main subject, visible monster as main subject, graphic gore, modern clutter that contradicts the setting, bright cheerful mood, flat lighting, malformed architecture, impossible perspective, duplicated doors, floating objects, warped signage, invented readable text, watermark, logo, low detail, blur",Horror Games,1.0,False
0199 | Horror Games/Blackwood Sanatorium — Cinematic Dusk,"Blackwood Sanatorium, the abandoned mountain sanatorium from Until Dawn, crumbling wards, mine tunnels, rusted cages and snow entering broken windows, at cinematic dusk, fading natural light, practical lamps beginning to glow, wide establishing composition, deep but readable shadows, restrained colour grade, location remains the clear subject, no people present, environment-first composition, highly detailed architecture and surfaces, coherent spatial layout, cinematic depth, polished colour separation, subtle volumetric atmosphere, realistic materials, professional horror production design","people as main subject, visible monster as main subject, graphic gore, modern clutter that contradicts the setting, bright cheerful mood, flat lighting, malformed architecture, impossible perspective, duplicated doors, floating objects, warped signage, invented readable text, watermark, logo, low detail, blur",Horror Games,1.0,False
0200 | Horror Games/Blackwood Sanatorium — After Midnight,"Blackwood Sanatorium, the abandoned mountain sanatorium from Until Dawn, crumbling wards, mine tunnels, rusted cages and snow entering broken windows, after midnight, sparse practical lighting, wet or reflective surfaces where appropriate, long sightlines, atmospheric haze, tense empty-frame composition, polished horror cinematography, no people present, environment-first composition, highly detailed architecture and surfaces, coherent spatial layout, cinematic depth, polished colour separation, subtle volumetric atmosphere, realistic materials, professional horror production design","people as main subject, visible monster as main subject, graphic gore, modern clutter that contradicts the setting, bright cheerful mood, flat lighting, malformed architecture, impossible perspective, duplicated doors, floating objects, warped signage, invented readable text, watermark, logo, low detail, blur",Horror Games,1.0,False
0201 | Horror Games/MacMillan Estate — Cinematic Dusk,"MacMillan Estate, the industrial woodland realm from Dead by Daylight, ruined foundry, coal piles, hooks, fog and red generator lights, at cinematic dusk, fading natural light, practical lamps beginning to glow, wide establishing composition, deep but readable shadows, restrained colour grade, location remains the clear subject, no people present, environment-first composition, highly detailed architecture and surfaces, coherent spatial layout, cinematic depth, polished colour separation, subtle volumetric atmosphere, realistic materials, professional horror production design","people as main subject, visible monster as main subject, graphic gore, modern clutter that contradicts the setting, bright cheerful mood, flat lighting, malformed architecture, impossible perspective, duplicated doors, floating objects, warped signage, invented readable text, watermark, logo, low detail, blur",Horror Games,1.0,False
0202 | Horror Games/MacMillan Estate — After Midnight,"MacMillan Estate, the industrial woodland realm from Dead by Daylight, ruined foundry, coal piles, hooks, fog and red generator lights, after midnight, sparse practical lighting, wet or reflective surfaces where appropriate, long sightlines, atmospheric haze, tense empty-frame composition, polished horror cinematography, no people present, environment-first composition, highly detailed architecture and surfaces, coherent spatial layout, cinematic depth, polished colour separation, subtle volumetric atmosphere, realistic materials, professional horror production design","people as main subject, visible monster as main subject, graphic gore, modern clutter that contradicts the setting, bright cheerful mood, flat lighting, malformed architecture, impossible perspective, duplicated doors, floating objects, warped signage, invented readable text, watermark, logo, low detail, blur",Horror Games,1.0,False
0203 | Horror Games/Hunt Bayou — Cinematic Dusk,"Hunt Bayou, a corrupted 19th-century Louisiana bayou inspired by Hunt: Showdown, flooded farms, rotting chapels, wooden walkways and dense humid mist, at cinematic dusk, fading natural light, practical lamps beginning to glow, wide establishing composition, deep but readable shadows, restrained colour grade, location remains the clear subject, no people present, environment-first composition, highly detailed architecture and surfaces, coherent spatial layout, cinematic depth, polished colour separation, subtle volumetric atmosphere, realistic materials, professional horror production design","people as main subject, visible monster as main subject, graphic gore, modern clutter that contradicts the setting, bright cheerful mood, flat lighting, malformed architecture, impossible perspective, duplicated doors, floating objects, warped signage, invented readable text, watermark, logo, low detail, blur",Horror Games,1.0,False
0204 | Horror Games/Hunt Bayou — After Midnight,"Hunt Bayou, a corrupted 19th-century Louisiana bayou inspired by Hunt: Showdown, flooded farms, rotting chapels, wooden walkways and dense humid mist, after midnight, sparse practical lighting, wet or reflective surfaces where appropriate, long sightlines, atmospheric haze, tense empty-frame composition, polished horror cinematography, no people present, environment-first composition, highly detailed architecture and surfaces, coherent spatial layout, cinematic depth, polished colour separation, subtle volumetric atmosphere, realistic materials, professional horror production design","people as main subject, visible monster as main subject, graphic gore, modern clutter that contradicts the setting, bright cheerful mood, flat lighting, malformed architecture, impossible perspective, duplicated doors, floating objects, warped signage, invented readable text, watermark, logo, low detail, blur",Horror Games,1.0,False
0205 | Horror Games/Brennenburg Castle — Cinematic Dusk,"Brennenburg Castle, the vast castle from Amnesia: The Dark Descent, stone corridors, laboratory rooms, wine cellar and weak lantern light, at cinematic dusk, fading natural light, practical lamps beginning to glow, wide establishing composition, deep but readable shadows, restrained colour grade, location remains the clear subject, no people present, environment-first composition, highly detailed architecture and surfaces, coherent spatial layout, cinematic depth, polished colour separation, subtle volumetric atmosphere, realistic materials, professional horror production design","people as main subject, visible monster as main subject, graphic gore, modern clutter that contradicts the setting, bright cheerful mood, flat lighting, malformed architecture, impossible perspective, duplicated doors, floating objects, warped signage, invented readable text, watermark, logo, low detail, blur",Horror Games,1.0,False
0206 | Horror Games/Brennenburg Castle — After Midnight,"Brennenburg Castle, the vast castle from Amnesia: The Dark Descent, stone corridors, laboratory rooms, wine cellar and weak lantern light, after midnight, sparse practical lighting, wet or reflective surfaces where appropriate, long sightlines, atmospheric haze, tense empty-frame composition, polished horror cinematography, no people present, environment-first composition, highly detailed architecture and surfaces, coherent spatial layout, cinematic depth, polished colour separation, subtle volumetric atmosphere, realistic materials, professional horror production design","people as main subject, visible monster as main subject, graphic gore, modern clutter that contradicts the setting, bright cheerful mood, flat lighting, malformed architecture, impossible perspective, duplicated doors, floating objects, warped signage, invented readable text, watermark, logo, low detail, blur",Horror Games,1.0,False
0207 | Horror Games/PATHOS-II — Cinematic Dusk,"PATHOS-II, the deep-sea research facility from SOMA, flooded pressure corridors, observation windows, cables and black ocean beyond, at cinematic dusk, fading natural light, practical lamps beginning to glow, wide establishing composition, deep but readable shadows, restrained colour grade, location remains the clear subject, no people present, environment-first composition, highly detailed architecture and surfaces, coherent spatial layout, cinematic depth, polished colour separation, subtle volumetric atmosphere, realistic materials, professional horror production design","people as main subject, visible monster as main subject, graphic gore, modern clutter that contradicts the setting, bright cheerful mood, flat lighting, malformed architecture, impossible perspective, duplicated doors, floating objects, warped signage, invented readable text, watermark, logo, low detail, blur",Horror Games,1.0,False
0208 | Horror Games/PATHOS-II — After Midnight,"PATHOS-II, the deep-sea research facility from SOMA, flooded pressure corridors, observation windows, cables and black ocean beyond, after midnight, sparse practical lighting, wet or reflective surfaces where appropriate, long sightlines, atmospheric haze, tense empty-frame composition, polished horror cinematography, no people present, environment-first composition, highly detailed architecture and surfaces, coherent spatial layout, cinematic depth, polished colour separation, subtle volumetric atmosphere, realistic materials, professional horror production design","people as main subject, visible monster as main subject, graphic gore, modern clutter that contradicts the setting, bright cheerful mood, flat lighting, malformed architecture, impossible perspective, duplicated doors, floating objects, warped signage, invented readable text, watermark, logo, low detail, blur",Horror Games,1.0,False
0209 | Horror Games/Artist’s Mansion — Cinematic Dusk,"Artist’s Mansion, the shifting Victorian mansion from Layers of Fear, painter’s studio, warped hallways, covered portraits and rooms changing behind closed doors, at cinematic dusk, fading natural light, practical lamps beginning to glow, wide establishing composition, deep but readable shadows, restrained colour grade, location remains the clear subject, no people present, environment-first composition, highly detailed architecture and surfaces, coherent spatial layout, cinematic depth, polished colour separation, subtle volumetric atmosphere, realistic materials, professional horror production design","people as main subject, visible monster as main subject, graphic gore, modern clutter that contradicts the setting, bright cheerful mood, flat lighting, malformed architecture, impossible perspective, duplicated doors, floating objects, warped signage, invented readable text, watermark, logo, low detail, blur",Horror Games,1.0,False
0210 | Horror Games/Artist’s Mansion — After Midnight,"Artist’s Mansion, the shifting Victorian mansion from Layers of Fear, painter’s studio, warped hallways, covered portraits and rooms changing behind closed doors, after midnight, sparse practical lighting, wet or reflective surfaces where appropriate, long sightlines, atmospheric haze, tense empty-frame composition, polished horror cinematography, no people present, environment-first composition, highly detailed architecture and surfaces, coherent spatial layout, cinematic depth, polished colour separation, subtle volumetric atmosphere, realistic materials, professional horror production design","people as main subject, visible monster as main subject, graphic gore, modern clutter that contradicts the setting, bright cheerful mood, flat lighting, malformed architecture, impossible perspective, duplicated doors, floating objects, warped signage, invented readable text, watermark, logo, low detail, blur",Horror Games,1.0,False
0211 | Horror Games/Darkwood Forest — Cinematic Dusk,"Darkwood Forest, the hostile Eastern European forest from Darkwood, dense twisted trees, improvised hideout, generator lamps and contaminated ground, at cinematic dusk, fading natural light, practical lamps beginning to glow, wide establishing composition, deep but readable shadows, restrained colour grade, location remains the clear subject, no people present, environment-first composition, highly detailed architecture and surfaces, coherent spatial layout, cinematic depth, polished colour separation, subtle volumetric atmosphere, realistic materials, professional horror production design","people as main subject, visible monster as main subject, graphic gore, modern clutter that contradicts the setting, bright cheerful mood, flat lighting, malformed architecture, impossible perspective, duplicated doors, floating objects, warped signage, invented readable text, watermark, logo, low detail, blur",Horror Games,1.0,False
0212 | Horror Games/Darkwood Forest — After Midnight,"Darkwood Forest, the hostile Eastern European forest from Darkwood, dense twisted trees, improvised hideout, generator lamps and contaminated ground, after midnight, sparse practical lighting, wet or reflective surfaces where appropriate, long sightlines, atmospheric haze, tense empty-frame composition, polished horror cinematography, no people present, environment-first composition, highly detailed architecture and surfaces, coherent spatial layout, cinematic depth, polished colour separation, subtle volumetric atmosphere, realistic materials, professional horror production design","people as main subject, visible monster as main subject, graphic gore, modern clutter that contradicts the setting, bright cheerful mood, flat lighting, malformed architecture, impossible perspective, duplicated doors, floating objects, warped signage, invented readable text, watermark, logo, low detail, blur",Horror Games,1.0,False
0213 | Horror Games/The Oldest House — Cinematic Dusk,"The Oldest House, the brutalist shifting headquarters from Control, endless concrete offices, suspended objects, red-lit thresholds and impossible geometry, at cinematic dusk, fading natural light, practical lamps beginning to glow, wide establishing composition, deep but readable shadows, restrained colour grade, location remains the clear subject, no people present, environment-first composition, highly detailed architecture and surfaces, coherent spatial layout, cinematic depth, polished colour separation, subtle volumetric atmosphere, realistic materials, professional horror production design","people as main subject, visible monster as main subject, graphic gore, modern clutter that contradicts the setting, bright cheerful mood, flat lighting, malformed architecture, impossible perspective, duplicated doors, floating objects, warped signage, invented readable text, watermark, logo, low detail, blur",Horror Games,1.0,False
0214 | Horror Games/The Oldest House — After Midnight,"The Oldest House, the brutalist shifting headquarters from Control, endless concrete offices, suspended objects, red-lit thresholds and impossible geometry, after midnight, sparse practical lighting, wet or reflective surfaces where appropriate, long sightlines, atmospheric haze, tense empty-frame composition, polished horror cinematography, no people present, environment-first composition, highly detailed architecture and surfaces, coherent spatial layout, cinematic depth, polished colour separation, subtle volumetric atmosphere, realistic materials, professional horror production design","people as main subject, visible monster as main subject, graphic gore, modern clutter that contradicts the setting, bright cheerful mood, flat lighting, malformed architecture, impossible perspective, duplicated doors, floating objects, warped signage, invented readable text, watermark, logo, low detail, blur",Horror Games,1.0,False
0215 | Horror Games/Tanglewood Farmhouse — Cinematic Dusk,"Tanglewood Farmhouse, a compact suburban ghost-investigation house inspired by Phasmophobia, dark basement, garage, scattered equipment and silent rooms, at cinematic dusk, fading natural light, practical lamps beginning to glow, wide establishing composition, deep but readable shadows, restrained colour grade, location remains the clear subject, no people present, environment-first composition, highly detailed architecture and surfaces, coherent spatial layout, cinematic depth, polished colour separation, subtle volumetric atmosphere, realistic materials, professional horror production design","people as main subject, visible monster as main subject, graphic gore, modern clutter that contradicts the setting, bright cheerful mood, flat lighting, malformed architecture, impossible perspective, duplicated doors, floating objects, warped signage, invented readable text, watermark, logo, low detail, blur",Horror Games,1.0,False
0216 | Horror Games/Tanglewood Farmhouse — After Midnight,"Tanglewood Farmhouse, a compact suburban ghost-investigation house inspired by Phasmophobia, dark basement, garage, scattered equipment and silent rooms, after midnight, sparse practical lighting, wet or reflective surfaces where appropriate, long sightlines, atmospheric haze, tense empty-frame composition, polished horror cinematography, no people present, environment-first composition, highly detailed architecture and surfaces, coherent spatial layout, cinematic depth, polished colour separation, subtle volumetric atmosphere, realistic materials, professional horror production design","people as main subject, visible monster as main subject, graphic gore, modern clutter that contradicts the setting, bright cheerful mood, flat lighting, malformed architecture, impossible perspective, duplicated doors, floating objects, warped signage, invented readable text, watermark, logo, low detail, blur",Horror Games,1.0,False
0217 | Horror Games/River Fields Mortuary — Cinematic Dusk,"River Fields Mortuary, the isolated night mortuary from The Mortuary Assistant, embalming room, cold storage, fluorescent corridors and rain outside, at cinematic dusk, fading natural light, practical lamps beginning to glow, wide establishing composition, deep but readable shadows, restrained colour grade, location remains the clear subject, no people present, environment-first composition, highly detailed architecture and surfaces, coherent spatial layout, cinematic depth, polished colour separation, subtle volumetric atmosphere, realistic materials, professional horror production design","people as main subject, visible monster as main subject, graphic gore, modern clutter that contradicts the setting, bright cheerful mood, flat lighting, malformed architecture, impossible perspective, duplicated doors, floating objects, warped signage, invented readable text, watermark, logo, low detail, blur",Horror Games,1.0,False
0218 | Horror Games/River Fields Mortuary — After Midnight,"River Fields Mortuary, the isolated night mortuary from The Mortuary Assistant, embalming room, cold storage, fluorescent corridors and rain outside, after midnight, sparse practical lighting, wet or reflective surfaces where appropriate, long sightlines, atmospheric haze, tense empty-frame composition, polished horror cinematography, no people present, environment-first composition, highly detailed architecture and surfaces, coherent spatial layout, cinematic depth, polished colour separation, subtle volumetric atmosphere, realistic materials, professional horror production design","people as main subject, visible monster as main subject, graphic gore, modern clutter that contradicts the setting, bright cheerful mood, flat lighting, malformed architecture, impossible perspective, duplicated doors, floating objects, warped signage, invented readable text, watermark, logo, low detail, blur",Horror Games,1.0,False
0219 | Horror Games/Freddy Fazbear’s Pizzeria — Cinematic Dusk,"Freddy Fazbear’s Pizzeria, the closed family pizzeria from Five Nights at Freddy’s, security office, party room, arcade carpet and dim stage curtains, at cinematic dusk, fading natural light, practical lamps beginning to glow, wide establishing composition, deep but readable shadows, restrained colour grade, location remains the clear subject, no people present, environment-first composition, highly detailed architecture and surfaces, coherent spatial layout, cinematic depth, polished colour separation, subtle volumetric atmosphere, realistic materials, professional horror production design","people as main subject, visible monster as main subject, graphic gore, modern clutter that contradicts the setting, bright cheerful mood, flat lighting, malformed architecture, impossible perspective, duplicated doors, floating objects, warped signage, invented readable text, watermark, logo, low detail, blur",Horror Games,1.0,False
0220 | Horror Games/Freddy Fazbear’s Pizzeria — After Midnight,"Freddy Fazbear’s Pizzeria, the closed family pizzeria from Five Nights at Freddy’s, security office, party room, arcade carpet and dim stage curtains, after midnight, sparse practical lighting, wet or reflective surfaces where appropriate, long sightlines, atmospheric haze, tense empty-frame composition, polished horror cinematography, no people present, environment-first composition, highly detailed architecture and surfaces, coherent spatial layout, cinematic depth, polished colour separation, subtle volumetric atmosphere, realistic materials, professional horror production design","people as main subject, visible monster as main subject, graphic gore, modern clutter that contradicts the setting, bright cheerful mood, flat lighting, malformed architecture, impossible perspective, duplicated doors, floating objects, warped signage, invented readable text, watermark, logo, low detail, blur",Horror Games,1.0,False
"0221 | Literary Horror/Arkham, Massachusetts — Cinematic Dusk","Arkham, Massachusetts, the fictional New England city of Arkham, old brick streets, Miskatonic riverfront, colonial roofs and academic gothic architecture, at cinematic dusk, fading natural light, practical lamps beginning to glow, wide establishing composition, deep but readable shadows, restrained colour grade, location remains the clear subject, no people present, environment-first composition, highly detailed architecture and surfaces, coherent spatial layout, cinematic depth, polished colour separation, subtle volumetric atmosphere, realistic materials, professional horror production design","people as main subject, visible monster as main subject, graphic gore, modern clutter that contradicts the setting, bright cheerful mood, flat lighting, malformed architecture, impossible perspective, duplicated doors, floating objects, warped signage, invented readable text, watermark, logo, low detail, blur",Literary Horror,1.0,False
"0222 | Literary Horror/Arkham, Massachusetts — After Midnight","Arkham, Massachusetts, the fictional New England city of Arkham, old brick streets, Miskatonic riverfront, colonial roofs and academic gothic architecture, after midnight, sparse practical lighting, wet or reflective surfaces where appropriate, long sightlines, atmospheric haze, tense empty-frame composition, polished horror cinematography, no people present, environment-first composition, highly detailed architecture and surfaces, coherent spatial layout, cinematic depth, polished colour separation, subtle volumetric atmosphere, realistic materials, professional horror production design","people as main subject, visible monster as main subject, graphic gore, modern clutter that contradicts the setting, bright cheerful mood, flat lighting, malformed architecture, impossible perspective, duplicated doors, floating objects, warped signage, invented readable text, watermark, logo, low detail, blur",Literary Horror,1.0,False
0223 | Literary Horror/Innsmouth Waterfront — Cinematic Dusk,"Innsmouth Waterfront, the decaying seaport of Innsmouth, leaning warehouses, fish-dark harbour, shuttered hotel and narrow salt-stained streets, at cinematic dusk, fading natural light, practical lamps beginning to glow, wide establishing composition, deep but readable shadows, restrained colour grade, location remains the clear subject, no people present, environment-first composition, highly detailed architecture and surfaces, coherent spatial layout, cinematic depth, polished colour separation, subtle volumetric atmosphere, realistic materials, professional horror production design","people as main subject, visible monster as main subject, graphic gore, modern clutter that contradicts the setting, bright cheerful mood, flat lighting, malformed architecture, impossible perspective, duplicated doors, floating objects, warped signage, invented readable text, watermark, logo, low detail, blur",Literary Horror,1.0,False
0224 | Literary Horror/Innsmouth Waterfront — After Midnight,"Innsmouth Waterfront, the decaying seaport of Innsmouth, leaning warehouses, fish-dark harbour, shuttered hotel and narrow salt-stained streets, after midnight, sparse practical lighting, wet or reflective surfaces where appropriate, long sightlines, atmospheric haze, tense empty-frame composition, polished horror cinematography, no people present, environment-first composition, highly detailed architecture and surfaces, coherent spatial layout, cinematic depth, polished colour separation, subtle volumetric atmosphere, realistic materials, professional horror production design","people as main subject, visible monster as main subject, graphic gore, modern clutter that contradicts the setting, bright cheerful mood, flat lighting, malformed architecture, impossible perspective, duplicated doors, floating objects, warped signage, invented readable text, watermark, logo, low detail, blur",Literary Horror,1.0,False
0225 | Literary Horror/Miskatonic University — Cinematic Dusk,"Miskatonic University, the old university in Arkham, gothic library, specimen rooms, dark quadrangles and forbidden archival stacks, at cinematic dusk, fading natural light, practical lamps beginning to glow, wide establishing composition, deep but readable shadows, restrained colour grade, location remains the clear subject, no people present, environment-first composition, highly detailed architecture and surfaces, coherent spatial layout, cinematic depth, polished colour separation, subtle volumetric atmosphere, realistic materials, professional horror production design","people as main subject, visible monster as main subject, graphic gore, modern clutter that contradicts the setting, bright cheerful mood, flat lighting, malformed architecture, impossible perspective, duplicated doors, floating objects, warped signage, invented readable text, watermark, logo, low detail, blur",Literary Horror,1.0,False
0226 | Literary Horror/Miskatonic University — After Midnight,"Miskatonic University, the old university in Arkham, gothic library, specimen rooms, dark quadrangles and forbidden archival stacks, after midnight, sparse practical lighting, wet or reflective surfaces where appropriate, long sightlines, atmospheric haze, tense empty-frame composition, polished horror cinematography, no people present, environment-first composition, highly detailed architecture and surfaces, coherent spatial layout, cinematic depth, polished colour separation, subtle volumetric atmosphere, realistic materials, professional horror production design","people as main subject, visible monster as main subject, graphic gore, modern clutter that contradicts the setting, bright cheerful mood, flat lighting, malformed architecture, impossible perspective, duplicated doors, floating objects, warped signage, invented readable text, watermark, logo, low detail, blur",Literary Horror,1.0,False
0227 | Literary Horror/Dunwich Valley — Cinematic Dusk,"Dunwich Valley, the isolated rural valley of Dunwich, ruined farmhouses, stone circles, overgrown lanes and steep wooded hills, at cinematic dusk, fading natural light, practical lamps beginning to glow, wide establishing composition, deep but readable shadows, restrained colour grade, location remains the clear subject, no people present, environment-first composition, highly detailed architecture and surfaces, coherent spatial layout, cinematic depth, polished colour separation, subtle volumetric atmosphere, realistic materials, professional horror production design","people as main subject, visible monster as main subject, graphic gore, modern clutter that contradicts the setting, bright cheerful mood, flat lighting, malformed architecture, impossible perspective, duplicated doors, floating objects, warped signage, invented readable text, watermark, logo, low detail, blur",Literary Horror,1.0,False
0228 | Literary Horror/Dunwich Valley — After Midnight,"Dunwich Valley, the isolated rural valley of Dunwich, ruined farmhouses, stone circles, overgrown lanes and steep wooded hills, after midnight, sparse practical lighting, wet or reflective surfaces where appropriate, long sightlines, atmospheric haze, tense empty-frame composition, polished horror cinematography, no people present, environment-first composition, highly detailed architecture and surfaces, coherent spatial layout, cinematic depth, polished colour separation, subtle volumetric atmosphere, realistic materials, professional horror production design","people as main subject, visible monster as main subject, graphic gore, modern clutter that contradicts the setting, bright cheerful mood, flat lighting, malformed architecture, impossible perspective, duplicated doors, floating objects, warped signage, invented readable text, watermark, logo, low detail, blur",Literary Horror,1.0,False
0229 | Literary Horror/Carcosa — Cinematic Dusk,"Carcosa, the dreamlike lost city of Carcosa, black stars, twin suns, pale towers and a dark lake beneath impossible constellations, at cinematic dusk, fading natural light, practical lamps beginning to glow, wide establishing composition, deep but readable shadows, restrained colour grade, location remains the clear subject, no people present, environment-first composition, highly detailed architecture and surfaces, coherent spatial layout, cinematic depth, polished colour separation, subtle volumetric atmosphere, realistic materials, professional horror production design","people as main subject, visible monster as main subject, graphic gore, modern clutter that contradicts the setting, bright cheerful mood, flat lighting, malformed architecture, impossible perspective, duplicated doors, floating objects, warped signage, invented readable text, watermark, logo, low detail, blur",Literary Horror,1.0,False
0230 | Literary Horror/Carcosa — After Midnight,"Carcosa, the dreamlike lost city of Carcosa, black stars, twin suns, pale towers and a dark lake beneath impossible constellations, after midnight, sparse practical lighting, wet or reflective surfaces where appropriate, long sightlines, atmospheric haze, tense empty-frame composition, polished horror cinematography, no people present, environment-first composition, highly detailed architecture and surfaces, coherent spatial layout, cinematic depth, polished colour separation, subtle volumetric atmosphere, realistic materials, professional horror production design","people as main subject, visible monster as main subject, graphic gore, modern clutter that contradicts the setting, bright cheerful mood, flat lighting, malformed architecture, impossible perspective, duplicated doors, floating objects, warped signage, invented readable text, watermark, logo, low detail, blur",Literary Horror,1.0,False
0231 | Literary Horror/The Shunned House — Cinematic Dusk,"The Shunned House, the cursed colonial house from Lovecraft, sunken basement, unhealthy garden, warped timbers and old Providence masonry, at cinematic dusk, fading natural light, practical lamps beginning to glow, wide establishing composition, deep but readable shadows, restrained colour grade, location remains the clear subject, no people present, environment-first composition, highly detailed architecture and surfaces, coherent spatial layout, cinematic depth, polished colour separation, subtle volumetric atmosphere, realistic materials, professional horror production design","people as main subject, visible monster as main subject, graphic gore, modern clutter that contradicts the setting, bright cheerful mood, flat lighting, malformed architecture, impossible perspective, duplicated doors, floating objects, warped signage, invented readable text, watermark, logo, low detail, blur",Literary Horror,1.0,False
0232 | Literary Horror/The Shunned House — After Midnight,"The Shunned House, the cursed colonial house from Lovecraft, sunken basement, unhealthy garden, warped timbers and old Providence masonry, after midnight, sparse practical lighting, wet or reflective surfaces where appropriate, long sightlines, atmospheric haze, tense empty-frame composition, polished horror cinematography, no people present, environment-first composition, highly detailed architecture and surfaces, coherent spatial layout, cinematic depth, polished colour separation, subtle volumetric atmosphere, realistic materials, professional horror production design","people as main subject, visible monster as main subject, graphic gore, modern clutter that contradicts the setting, bright cheerful mood, flat lighting, malformed architecture, impossible perspective, duplicated doors, floating objects, warped signage, invented readable text, watermark, logo, low detail, blur",Literary Horror,1.0,False
0233 | Literary Horror/Red Hook Cellars — Cinematic Dusk,"Red Hook Cellars, a labyrinth of old waterfront cellars beneath Red Hook, brick arches, black canals, rusted doors and occult chambers, at cinematic dusk, fading natural light, practical lamps beginning to glow, wide establishing composition, deep but readable shadows, restrained colour grade, location remains the clear subject, no people present, environment-first composition, highly detailed architecture and surfaces, coherent spatial layout, cinematic depth, polished colour separation, subtle volumetric atmosphere, realistic materials, professional horror production design","people as main subject, visible monster as main subject, graphic gore, modern clutter that contradicts the setting, bright cheerful mood, flat lighting, malformed architecture, impossible perspective, duplicated doors, floating objects, warped signage, invented readable text, watermark, logo, low detail, blur",Literary Horror,1.0,False
0234 | Literary Horror/Red Hook Cellars — After Midnight,"Red Hook Cellars, a labyrinth of old waterfront cellars beneath Red Hook, brick arches, black canals, rusted doors and occult chambers, after midnight, sparse practical lighting, wet or reflective surfaces where appropriate, long sightlines, atmospheric haze, tense empty-frame composition, polished horror cinematography, no people present, environment-first composition, highly detailed architecture and surfaces, coherent spatial layout, cinematic depth, polished colour separation, subtle volumetric atmosphere, realistic materials, professional horror production design","people as main subject, visible monster as main subject, graphic gore, modern clutter that contradicts the setting, bright cheerful mood, flat lighting, malformed architecture, impossible perspective, duplicated doors, floating objects, warped signage, invented readable text, watermark, logo, low detail, blur",Literary Horror,1.0,False
0235 | Literary Horror/Pet Sematary Burial Ground — Cinematic Dusk,"Pet Sematary Burial Ground, the remote burial ground beyond the deadfall from Pet Sematary, stacked stones, ancient forest and a narrow moonlit path, at cinematic dusk, fading natural light, practical lamps beginning to glow, wide establishing composition, deep but readable shadows, restrained colour grade, location remains the clear subject, no people present, environment-first composition, highly detailed architecture and surfaces, coherent spatial layout, cinematic depth, polished colour separation, subtle volumetric atmosphere, realistic materials, professional horror production design","people as main subject, visible monster as main subject, graphic gore, modern clutter that contradicts the setting, bright cheerful mood, flat lighting, malformed architecture, impossible perspective, duplicated doors, floating objects, warped signage, invented readable text, watermark, logo, low detail, blur",Literary Horror,1.0,False
0236 | Literary Horror/Pet Sematary Burial Ground — After Midnight,"Pet Sematary Burial Ground, the remote burial ground beyond the deadfall from Pet Sematary, stacked stones, ancient forest and a narrow moonlit path, after midnight, sparse practical lighting, wet or reflective surfaces where appropriate, long sightlines, atmospheric haze, tense empty-frame composition, polished horror cinematography, no people present, environment-first composition, highly detailed architecture and surfaces, coherent spatial layout, cinematic depth, polished colour separation, subtle volumetric atmosphere, realistic materials, professional horror production design","people as main subject, visible monster as main subject, graphic gore, modern clutter that contradicts the setting, bright cheerful mood, flat lighting, malformed architecture, impossible perspective, duplicated doors, floating objects, warped signage, invented readable text, watermark, logo, low detail, blur",Literary Horror,1.0,False
0237 | Literary Horror/Jerusalem’s Lot — Cinematic Dusk,"Jerusalem’s Lot, the small Maine town from Salem’s Lot, white church, old boarding house, quiet main street and the Marsten House above town, at cinematic dusk, fading natural light, practical lamps beginning to glow, wide establishing composition, deep but readable shadows, restrained colour grade, location remains the clear subject, no people present, environment-first composition, highly detailed architecture and surfaces, coherent spatial layout, cinematic depth, polished colour separation, subtle volumetric atmosphere, realistic materials, professional horror production design","people as main subject, visible monster as main subject, graphic gore, modern clutter that contradicts the setting, bright cheerful mood, flat lighting, malformed architecture, impossible perspective, duplicated doors, floating objects, warped signage, invented readable text, watermark, logo, low detail, blur",Literary Horror,1.0,False
0238 | Literary Horror/Jerusalem’s Lot — After Midnight,"Jerusalem’s Lot, the small Maine town from Salem’s Lot, white church, old boarding house, quiet main street and the Marsten House above town, after midnight, sparse practical lighting, wet or reflective surfaces where appropriate, long sightlines, atmospheric haze, tense empty-frame composition, polished horror cinematography, no people present, environment-first composition, highly detailed architecture and surfaces, coherent spatial layout, cinematic depth, polished colour separation, subtle volumetric atmosphere, realistic materials, professional horror production design","people as main subject, visible monster as main subject, graphic gore, modern clutter that contradicts the setting, bright cheerful mood, flat lighting, malformed architecture, impossible perspective, duplicated doors, floating objects, warped signage, invented readable text, watermark, logo, low detail, blur",Literary Horror,1.0,False
0239 | Literary Horror/Marsten House — Cinematic Dusk,"Marsten House, the abandoned hilltop mansion overlooking Jerusalem’s Lot, broken cupola, locked cellar and dead trees, at cinematic dusk, fading natural light, practical lamps beginning to glow, wide establishing composition, deep but readable shadows, restrained colour grade, location remains the clear subject, no people present, environment-first composition, highly detailed architecture and surfaces, coherent spatial layout, cinematic depth, polished colour separation, subtle volumetric atmosphere, realistic materials, professional horror production design","people as main subject, visible monster as main subject, graphic gore, modern clutter that contradicts the setting, bright cheerful mood, flat lighting, malformed architecture, impossible perspective, duplicated doors, floating objects, warped signage, invented readable text, watermark, logo, low detail, blur",Literary Horror,1.0,False
0240 | Literary Horror/Marsten House — After Midnight,"Marsten House, the abandoned hilltop mansion overlooking Jerusalem’s Lot, broken cupola, locked cellar and dead trees, after midnight, sparse practical lighting, wet or reflective surfaces where appropriate, long sightlines, atmospheric haze, tense empty-frame composition, polished horror cinematography, no people present, environment-first composition, highly detailed architecture and surfaces, coherent spatial layout, cinematic depth, polished colour separation, subtle volumetric atmosphere, realistic materials, professional horror production design","people as main subject, visible monster as main subject, graphic gore, modern clutter that contradicts the setting, bright cheerful mood, flat lighting, malformed architecture, impossible perspective, duplicated doors, floating objects, warped signage, invented readable text, watermark, logo, low detail, blur",Literary Horror,1.0,False
0241 | Literary Horror/Overlook Hotel Ballroom — Cinematic Dusk,"Overlook Hotel Ballroom, the grand empty ballroom associated with The Shining, polished floor, ghostly chandeliers, mirrored bar and 1920s elegance, at cinematic dusk, fading natural light, practical lamps beginning to glow, wide establishing composition, deep but readable shadows, restrained colour grade, location remains the clear subject, no people present, environment-first composition, highly detailed architecture and surfaces, coherent spatial layout, cinematic depth, polished colour separation, subtle volumetric atmosphere, realistic materials, professional horror production design","people as main subject, visible monster as main subject, graphic gore, modern clutter that contradicts the setting, bright cheerful mood, flat lighting, malformed architecture, impossible perspective, duplicated doors, floating objects, warped signage, invented readable text, watermark, logo, low detail, blur",Literary Horror,1.0,False
0242 | Literary Horror/Overlook Hotel Ballroom — After Midnight,"Overlook Hotel Ballroom, the grand empty ballroom associated with The Shining, polished floor, ghostly chandeliers, mirrored bar and 1920s elegance, after midnight, sparse practical lighting, wet or reflective surfaces where appropriate, long sightlines, atmospheric haze, tense empty-frame composition, polished horror cinematography, no people present, environment-first composition, highly detailed architecture and surfaces, coherent spatial layout, cinematic depth, polished colour separation, subtle volumetric atmosphere, realistic materials, professional horror production design","people as main subject, visible monster as main subject, graphic gore, modern clutter that contradicts the setting, bright cheerful mood, flat lighting, malformed architecture, impossible perspective, duplicated doors, floating objects, warped signage, invented readable text, watermark, logo, low detail, blur",Literary Horror,1.0,False
0243 | Literary Horror/Hill House Library — Cinematic Dusk,"Hill House Library, the dark library inside Hill House, leaning bookcases, carved balcony, cold fireplace and doors that refuse to remain open, at cinematic dusk, fading natural light, practical lamps beginning to glow, wide establishing composition, deep but readable shadows, restrained colour grade, location remains the clear subject, no people present, environment-first composition, highly detailed architecture and surfaces, coherent spatial layout, cinematic depth, polished colour separation, subtle volumetric atmosphere, realistic materials, professional horror production design","people as main subject, visible monster as main subject, graphic gore, modern clutter that contradicts the setting, bright cheerful mood, flat lighting, malformed architecture, impossible perspective, duplicated doors, floating objects, warped signage, invented readable text, watermark, logo, low detail, blur",Literary Horror,1.0,False
0244 | Literary Horror/Hill House Library — After Midnight,"Hill House Library, the dark library inside Hill House, leaning bookcases, carved balcony, cold fireplace and doors that refuse to remain open, after midnight, sparse practical lighting, wet or reflective surfaces where appropriate, long sightlines, atmospheric haze, tense empty-frame composition, polished horror cinematography, no people present, environment-first composition, highly detailed architecture and surfaces, coherent spatial layout, cinematic depth, polished colour separation, subtle volumetric atmosphere, realistic materials, professional horror production design","people as main subject, visible monster as main subject, graphic gore, modern clutter that contradicts the setting, bright cheerful mood, flat lighting, malformed architecture, impossible perspective, duplicated doors, floating objects, warped signage, invented readable text, watermark, logo, low detail, blur",Literary Horror,1.0,False
0245 | Literary Horror/Bly Estate Nursery — Cinematic Dusk,"Bly Estate Nursery, the isolated nursery from The Turn of the Screw, antique toys, curtained windows, lake-facing grounds and Victorian stillness, at cinematic dusk, fading natural light, practical lamps beginning to glow, wide establishing composition, deep but readable shadows, restrained colour grade, location remains the clear subject, no people present, environment-first composition, highly detailed architecture and surfaces, coherent spatial layout, cinematic depth, polished colour separation, subtle volumetric atmosphere, realistic materials, professional horror production design","people as main subject, visible monster as main subject, graphic gore, modern clutter that contradicts the setting, bright cheerful mood, flat lighting, malformed architecture, impossible perspective, duplicated doors, floating objects, warped signage, invented readable text, watermark, logo, low detail, blur",Literary Horror,1.0,False
0246 | Literary Horror/Bly Estate Nursery — After Midnight,"Bly Estate Nursery, the isolated nursery from The Turn of the Screw, antique toys, curtained windows, lake-facing grounds and Victorian stillness, after midnight, sparse practical lighting, wet or reflective surfaces where appropriate, long sightlines, atmospheric haze, tense empty-frame composition, polished horror cinematography, no people present, environment-first composition, highly detailed architecture and surfaces, coherent spatial layout, cinematic depth, polished colour separation, subtle volumetric atmosphere, realistic materials, professional horror production design","people as main subject, visible monster as main subject, graphic gore, modern clutter that contradicts the setting, bright cheerful mood, flat lighting, malformed architecture, impossible perspective, duplicated doors, floating objects, warped signage, invented readable text, watermark, logo, low detail, blur",Literary Horror,1.0,False
0247 | Literary Horror/Sleepy Hollow Covered Bridge — Cinematic Dusk,"Sleepy Hollow Covered Bridge, the old covered bridge from The Legend of Sleepy Hollow, black river, leafless trees, muddy road and autumn fog, at cinematic dusk, fading natural light, practical lamps beginning to glow, wide establishing composition, deep but readable shadows, restrained colour grade, location remains the clear subject, no people present, environment-first composition, highly detailed architecture and surfaces, coherent spatial layout, cinematic depth, polished colour separation, subtle volumetric atmosphere, realistic materials, professional horror production design","people as main subject, visible monster as main subject, graphic gore, modern clutter that contradicts the setting, bright cheerful mood, flat lighting, malformed architecture, impossible perspective, duplicated doors, floating objects, warped signage, invented readable text, watermark, logo, low detail, blur",Literary Horror,1.0,False
0248 | Literary Horror/Sleepy Hollow Covered Bridge — After Midnight,"Sleepy Hollow Covered Bridge, the old covered bridge from The Legend of Sleepy Hollow, black river, leafless trees, muddy road and autumn fog, after midnight, sparse practical lighting, wet or reflective surfaces where appropriate, long sightlines, atmospheric haze, tense empty-frame composition, polished horror cinematography, no people present, environment-first composition, highly detailed architecture and surfaces, coherent spatial layout, cinematic depth, polished colour separation, subtle volumetric atmosphere, realistic materials, professional horror production design","people as main subject, visible monster as main subject, graphic gore, modern clutter that contradicts the setting, bright cheerful mood, flat lighting, malformed architecture, impossible perspective, duplicated doors, floating objects, warped signage, invented readable text, watermark, logo, low detail, blur",Literary Horror,1.0,False
0249 | Literary Horror/Masque of the Red Death Abbey — Cinematic Dusk,"Masque of the Red Death Abbey, the sealed castellated abbey from Poe, seven colour-coded chambers, ebony clock and lavish empty masquerade hall, at cinematic dusk, fading natural light, practical lamps beginning to glow, wide establishing composition, deep but readable shadows, restrained colour grade, location remains the clear subject, no people present, environment-first composition, highly detailed architecture and surfaces, coherent spatial layout, cinematic depth, polished colour separation, subtle volumetric atmosphere, realistic materials, professional horror production design","people as main subject, visible monster as main subject, graphic gore, modern clutter that contradicts the setting, bright cheerful mood, flat lighting, malformed architecture, impossible perspective, duplicated doors, floating objects, warped signage, invented readable text, watermark, logo, low detail, blur",Literary Horror,1.0,False
0250 | Literary Horror/Masque of the Red Death Abbey — After Midnight,"Masque of the Red Death Abbey, the sealed castellated abbey from Poe, seven colour-coded chambers, ebony clock and lavish empty masquerade hall, after midnight, sparse practical lighting, wet or reflective surfaces where appropriate, long sightlines, atmospheric haze, tense empty-frame composition, polished horror cinematography, no people present, environment-first composition, highly detailed architecture and surfaces, coherent spatial layout, cinematic depth, polished colour separation, subtle volumetric atmosphere, realistic materials, professional horror production design","people as main subject, visible monster as main subject, graphic gore, modern clutter that contradicts the setting, bright cheerful mood, flat lighting, malformed architecture, impossible perspective, duplicated doors, floating objects, warped signage, invented readable text, watermark, logo, low detail, blur",Literary Horror,1.0,False
0251 | Literary Horror/The Yellow Wallpaper Room — Cinematic Dusk,"The Yellow Wallpaper Room, the barred upstairs nursery from The Yellow Wallpaper, disturbing yellow pattern, scratched floor, fixed bed and hot summer light, at cinematic dusk, fading natural light, practical lamps beginning to glow, wide establishing composition, deep but readable shadows, restrained colour grade, location remains the clear subject, no people present, environment-first composition, highly detailed architecture and surfaces, coherent spatial layout, cinematic depth, polished colour separation, subtle volumetric atmosphere, realistic materials, professional horror production design","people as main subject, visible monster as main subject, graphic gore, modern clutter that contradicts the setting, bright cheerful mood, flat lighting, malformed architecture, impossible perspective, duplicated doors, floating objects, warped signage, invented readable text, watermark, logo, low detail, blur",Literary Horror,1.0,False
0252 | Literary Horror/The Yellow Wallpaper Room — After Midnight,"The Yellow Wallpaper Room, the barred upstairs nursery from The Yellow Wallpaper, disturbing yellow pattern, scratched floor, fixed bed and hot summer light, after midnight, sparse practical lighting, wet or reflective surfaces where appropriate, long sightlines, atmospheric haze, tense empty-frame composition, polished horror cinematography, no people present, environment-first composition, highly detailed architecture and surfaces, coherent spatial layout, cinematic depth, polished colour separation, subtle volumetric atmosphere, realistic materials, professional horror production design","people as main subject, visible monster as main subject, graphic gore, modern clutter that contradicts the setting, bright cheerful mood, flat lighting, malformed architecture, impossible perspective, duplicated doors, floating objects, warped signage, invented readable text, watermark, logo, low detail, blur",Literary Horror,1.0,False
0253 | Literary Horror/The Monkey’s Paw Cottage — Cinematic Dusk,"The Monkey’s Paw Cottage, the modest English cottage from The Monkey’s Paw, parlour fire, rain-dark windows, narrow staircase and a bolted front door, at cinematic dusk, fading natural light, practical lamps beginning to glow, wide establishing composition, deep but readable shadows, restrained colour grade, location remains the clear subject, no people present, environment-first composition, highly detailed architecture and surfaces, coherent spatial layout, cinematic depth, polished colour separation, subtle volumetric atmosphere, realistic materials, professional horror production design","people as main subject, visible monster as main subject, graphic gore, modern clutter that contradicts the setting, bright cheerful mood, flat lighting, malformed architecture, impossible perspective, duplicated doors, floating objects, warped signage, invented readable text, watermark, logo, low detail, blur",Literary Horror,1.0,False
0254 | Literary Horror/The Monkey’s Paw Cottage — After Midnight,"The Monkey’s Paw Cottage, the modest English cottage from The Monkey’s Paw, parlour fire, rain-dark windows, narrow staircase and a bolted front door, after midnight, sparse practical lighting, wet or reflective surfaces where appropriate, long sightlines, atmospheric haze, tense empty-frame composition, polished horror cinematography, no people present, environment-first composition, highly detailed architecture and surfaces, coherent spatial layout, cinematic depth, polished colour separation, subtle volumetric atmosphere, realistic materials, professional horror production design","people as main subject, visible monster as main subject, graphic gore, modern clutter that contradicts the setting, bright cheerful mood, flat lighting, malformed architecture, impossible perspective, duplicated doors, floating objects, warped signage, invented readable text, watermark, logo, low detail, blur",Literary Horror,1.0,False
0255 | Literary Horror/The Willows Island — Cinematic Dusk,"The Willows Island, the remote river island from The Willows, wind-bent vegetation, shifting sandbanks, small tent and an immense empty sky, at cinematic dusk, fading natural light, practical lamps beginning to glow, wide establishing composition, deep but readable shadows, restrained colour grade, location remains the clear subject, no people present, environment-first composition, highly detailed architecture and surfaces, coherent spatial layout, cinematic depth, polished colour separation, subtle volumetric atmosphere, realistic materials, professional horror production design","people as main subject, visible monster as main subject, graphic gore, modern clutter that contradicts the setting, bright cheerful mood, flat lighting, malformed architecture, impossible perspective, duplicated doors, floating objects, warped signage, invented readable text, watermark, logo, low detail, blur",Literary Horror,1.0,False
0256 | Literary Horror/The Willows Island — After Midnight,"The Willows Island, the remote river island from The Willows, wind-bent vegetation, shifting sandbanks, small tent and an immense empty sky, after midnight, sparse practical lighting, wet or reflective surfaces where appropriate, long sightlines, atmospheric haze, tense empty-frame composition, polished horror cinematography, no people present, environment-first composition, highly detailed architecture and surfaces, coherent spatial layout, cinematic depth, polished colour separation, subtle volumetric atmosphere, realistic materials, professional horror production design","people as main subject, visible monster as main subject, graphic gore, modern clutter that contradicts the setting, bright cheerful mood, flat lighting, malformed architecture, impossible perspective, duplicated doors, floating objects, warped signage, invented readable text, watermark, logo, low detail, blur",Literary Horror,1.0,False
0257 | Literary Horror/The King in Yellow Theatre — Cinematic Dusk,"The King in Yellow Theatre, an abandoned fin-de-siècle theatre associated with The King in Yellow, decayed boxes, yellow curtains and a stage opening onto impossible darkness, at cinematic dusk, fading natural light, practical lamps beginning to glow, wide establishing composition, deep but readable shadows, restrained colour grade, location remains the clear subject, no people present, environment-first composition, highly detailed architecture and surfaces, coherent spatial layout, cinematic depth, polished colour separation, subtle volumetric atmosphere, realistic materials, professional horror production design","people as main subject, visible monster as main subject, graphic gore, modern clutter that contradicts the setting, bright cheerful mood, flat lighting, malformed architecture, impossible perspective, duplicated doors, floating objects, warped signage, invented readable text, watermark, logo, low detail, blur",Literary Horror,1.0,False
0258 | Literary Horror/The King in Yellow Theatre — After Midnight,"The King in Yellow Theatre, an abandoned fin-de-siècle theatre associated with The King in Yellow, decayed boxes, yellow curtains and a stage opening onto impossible darkness, after midnight, sparse practical lighting, wet or reflective surfaces where appropriate, long sightlines, atmospheric haze, tense empty-frame composition, polished horror cinematography, no people present, environment-first composition, highly detailed architecture and surfaces, coherent spatial layout, cinematic depth, polished colour separation, subtle volumetric atmosphere, realistic materials, professional horror production design","people as main subject, visible monster as main subject, graphic gore, modern clutter that contradicts the setting, bright cheerful mood, flat lighting, malformed architecture, impossible perspective, duplicated doors, floating objects, warped signage, invented readable text, watermark, logo, low detail, blur",Literary Horror,1.0,False
0259 | Literary Horror/Dr Jekyll’s Laboratory — Cinematic Dusk,"Dr Jekyll’s Laboratory, the private laboratory behind Dr Jekyll’s London house, chemical glassware, locked cabinet, courtyard door and Victorian gaslight, at cinematic dusk, fading natural light, practical lamps beginning to glow, wide establishing composition, deep but readable shadows, restrained colour grade, location remains the clear subject, no people present, environment-first composition, highly detailed architecture and surfaces, coherent spatial layout, cinematic depth, polished colour separation, subtle volumetric atmosphere, realistic materials, professional horror production design","people as main subject, visible monster as main subject, graphic gore, modern clutter that contradicts the setting, bright cheerful mood, flat lighting, malformed architecture, impossible perspective, duplicated doors, floating objects, warped signage, invented readable text, watermark, logo, low detail, blur",Literary Horror,1.0,False
0260 | Literary Horror/Dr Jekyll’s Laboratory — After Midnight,"Dr Jekyll’s Laboratory, the private laboratory behind Dr Jekyll’s London house, chemical glassware, locked cabinet, courtyard door and Victorian gaslight, after midnight, sparse practical lighting, wet or reflective surfaces where appropriate, long sightlines, atmospheric haze, tense empty-frame composition, polished horror cinematography, no people present, environment-first composition, highly detailed architecture and surfaces, coherent spatial layout, cinematic depth, polished colour separation, subtle volumetric atmosphere, realistic materials, professional horror production design","people as main subject, visible monster as main subject, graphic gore, modern clutter that contradicts the setting, bright cheerful mood, flat lighting, malformed architecture, impossible perspective, duplicated doors, floating objects, warped signage, invented readable text, watermark, logo, low detail, blur",Literary Horror,1.0,False
0261 | Real Haunted Places/United Kingdom/Tower of London — Blue Hour,"Tower of London, the medieval fortress beside the Thames, stone courtyards, Traitors’ Gate, narrow passages and centuries of severe history, during blue hour, cool ambient light, architectural detail retained, light ground mist, respectful documentary-horror atmosphere and a carefully composed wide view, no people present, environment-first composition, highly detailed architecture and surfaces, coherent spatial layout, cinematic depth, polished colour separation, subtle volumetric atmosphere, realistic materials, professional horror production design","people as main subject, visible monster as main subject, graphic gore, inaccurate landmark replacement, modern clutter, bright cheerful mood, malformed architecture, impossible perspective, duplicated structures, warped signage, invented text, watermark, logo, low detail, blur",Real Haunted Places/United Kingdom,1.0,False
0262 | Real Haunted Places/United Kingdom/Tower of London — Midnight Fog,"Tower of London, the medieval fortress beside the Thames, stone courtyards, Traitors’ Gate, narrow passages and centuries of severe history, after midnight, subtle fog, limited warm practical lights, deep readable shadows, historically coherent surfaces and an empty cinematic composition, no people present, environment-first composition, highly detailed architecture and surfaces, coherent spatial layout, cinematic depth, polished colour separation, subtle volumetric atmosphere, realistic materials, professional horror production design","people as main subject, visible monster as main subject, graphic gore, inaccurate landmark replacement, modern clutter, bright cheerful mood, malformed architecture, impossible perspective, duplicated structures, warped signage, invented text, watermark, logo, low detail, blur",Real Haunted Places/United Kingdom,1.0,False
0263 | Real Haunted Places/United Kingdom/Tower of London — Storm Aftermath,"Tower of London, the medieval fortress beside the Thames, stone courtyards, Traitors’ Gate, narrow passages and centuries of severe history, after a passing storm, wet stone and reflective ground, broken cloud, wind-tossed vegetation, dramatic but believable light and restrained supernatural unease, no people present, environment-first composition, highly detailed architecture and surfaces, coherent spatial layout, cinematic depth, polished colour separation, subtle volumetric atmosphere, realistic materials, professional horror production design","people as main subject, visible monster as main subject, graphic gore, inaccurate landmark replacement, modern clutter, bright cheerful mood, malformed architecture, impossible perspective, duplicated structures, warped signage, invented text, watermark, logo, low detail, blur",Real Haunted Places/United Kingdom,1.0,False
0264 | Real Haunted Places/United Kingdom/Edinburgh Vaults — Blue Hour,"Edinburgh Vaults, the underground stone chambers beneath Edinburgh’s South Bridge, damp arches, narrow passages and soot-dark masonry, during blue hour, cool ambient light, architectural detail retained, light ground mist, respectful documentary-horror atmosphere and a carefully composed wide view, no people present, environment-first composition, highly detailed architecture and surfaces, coherent spatial layout, cinematic depth, polished colour separation, subtle volumetric atmosphere, realistic materials, professional horror production design","people as main subject, visible monster as main subject, graphic gore, inaccurate landmark replacement, modern clutter, bright cheerful mood, malformed architecture, impossible perspective, duplicated structures, warped signage, invented text, watermark, logo, low detail, blur",Real Haunted Places/United Kingdom,1.0,False
0265 | Real Haunted Places/United Kingdom/Edinburgh Vaults — Midnight Fog,"Edinburgh Vaults, the underground stone chambers beneath Edinburgh’s South Bridge, damp arches, narrow passages and soot-dark masonry, after midnight, subtle fog, limited warm practical lights, deep readable shadows, historically coherent surfaces and an empty cinematic composition, no people present, environment-first composition, highly detailed architecture and surfaces, coherent spatial layout, cinematic depth, polished colour separation, subtle volumetric atmosphere, realistic materials, professional horror production design","people as main subject, visible monster as main subject, graphic gore, inaccurate landmark replacement, modern clutter, bright cheerful mood, malformed architecture, impossible perspective, duplicated structures, warped signage, invented text, watermark, logo, low detail, blur",Real Haunted Places/United Kingdom,1.0,False
0266 | Real Haunted Places/United Kingdom/Edinburgh Vaults — Storm Aftermath,"Edinburgh Vaults, the underground stone chambers beneath Edinburgh’s South Bridge, damp arches, narrow passages and soot-dark masonry, after a passing storm, wet stone and reflective ground, broken cloud, wind-tossed vegetation, dramatic but believable light and restrained supernatural unease, no people present, environment-first composition, highly detailed architecture and surfaces, coherent spatial layout, cinematic depth, polished colour separation, subtle volumetric atmosphere, realistic materials, professional horror production design","people as main subject, visible monster as main subject, graphic gore, inaccurate landmark replacement, modern clutter, bright cheerful mood, malformed architecture, impossible perspective, duplicated structures, warped signage, invented text, watermark, logo, low detail, blur",Real Haunted Places/United Kingdom,1.0,False
0267 | Real Haunted Places/United Kingdom/Greyfriars Kirkyard — Blue Hour,"Greyfriars Kirkyard, the historic Edinburgh graveyard, crowded old headstones, iron gates, bare trees and surrounding stone tenements, during blue hour, cool ambient light, architectural detail retained, light ground mist, respectful documentary-horror atmosphere and a carefully composed wide view, no people present, environment-first composition, highly detailed architecture and surfaces, coherent spatial layout, cinematic depth, polished colour separation, subtle volumetric atmosphere, realistic materials, professional horror production design","people as main subject, visible monster as main subject, graphic gore, inaccurate landmark replacement, modern clutter, bright cheerful mood, malformed architecture, impossible perspective, duplicated structures, warped signage, invented text, watermark, logo, low detail, blur",Real Haunted Places/United Kingdom,1.0,False
0268 | Real Haunted Places/United Kingdom/Greyfriars Kirkyard — Midnight Fog,"Greyfriars Kirkyard, the historic Edinburgh graveyard, crowded old headstones, iron gates, bare trees and surrounding stone tenements, after midnight, subtle fog, limited warm practical lights, deep readable shadows, historically coherent surfaces and an empty cinematic composition, no people present, environment-first composition, highly detailed architecture and surfaces, coherent spatial layout, cinematic depth, polished colour separation, subtle volumetric atmosphere, realistic materials, professional horror production design","people as main subject, visible monster as main subject, graphic gore, inaccurate landmark replacement, modern clutter, bright cheerful mood, malformed architecture, impossible perspective, duplicated structures, warped signage, invented text, watermark, logo, low detail, blur",Real Haunted Places/United Kingdom,1.0,False
0269 | Real Haunted Places/United Kingdom/Greyfriars Kirkyard — Storm Aftermath,"Greyfriars Kirkyard, the historic Edinburgh graveyard, crowded old headstones, iron gates, bare trees and surrounding stone tenements, after a passing storm, wet stone and reflective ground, broken cloud, wind-tossed vegetation, dramatic but believable light and restrained supernatural unease, no people present, environment-first composition, highly detailed architecture and surfaces, coherent spatial layout, cinematic depth, polished colour separation, subtle volumetric atmosphere, realistic materials, professional horror production design","people as main subject, visible monster as main subject, graphic gore, inaccurate landmark replacement, modern clutter, bright cheerful mood, malformed architecture, impossible perspective, duplicated structures, warped signage, invented text, watermark, logo, low detail, blur",Real Haunted Places/United Kingdom,1.0,False
0270 | Real Haunted Places/United Kingdom/Ancient Ram Inn — Blue Hour,"Ancient Ram Inn, the crooked medieval inn in Gloucestershire, heavy timber beams, uneven floors, small windows and cluttered historic rooms, during blue hour, cool ambient light, architectural detail retained, light ground mist, respectful documentary-horror atmosphere and a carefully composed wide view, no people present, environment-first composition, highly detailed architecture and surfaces, coherent spatial layout, cinematic depth, polished colour separation, subtle volumetric atmosphere, realistic materials, professional horror production design","people as main subject, visible monster as main subject, graphic gore, inaccurate landmark replacement, modern clutter, bright cheerful mood, malformed architecture, impossible perspective, duplicated structures, warped signage, invented text, watermark, logo, low detail, blur",Real Haunted Places/United Kingdom,1.0,False
0271 | Real Haunted Places/United Kingdom/Ancient Ram Inn — Midnight Fog,"Ancient Ram Inn, the crooked medieval inn in Gloucestershire, heavy timber beams, uneven floors, small windows and cluttered historic rooms, after midnight, subtle fog, limited warm practical lights, deep readable shadows, historically coherent surfaces and an empty cinematic composition, no people present, environment-first composition, highly detailed architecture and surfaces, coherent spatial layout, cinematic depth, polished colour separation, subtle volumetric atmosphere, realistic materials, professional horror production design","people as main subject, visible monster as main subject, graphic gore, inaccurate landmark replacement, modern clutter, bright cheerful mood, malformed architecture, impossible perspective, duplicated structures, warped signage, invented text, watermark, logo, low detail, blur",Real Haunted Places/United Kingdom,1.0,False
0272 | Real Haunted Places/United Kingdom/Ancient Ram Inn — Storm Aftermath,"Ancient Ram Inn, the crooked medieval inn in Gloucestershire, heavy timber beams, uneven floors, small windows and cluttered historic rooms, after a passing storm, wet stone and reflective ground, broken cloud, wind-tossed vegetation, dramatic but believable light and restrained supernatural unease, no people present, environment-first composition, highly detailed architecture and surfaces, coherent spatial layout, cinematic depth, polished colour separation, subtle volumetric atmosphere, realistic materials, professional horror production design","people as main subject, visible monster as main subject, graphic gore, inaccurate landmark replacement, modern clutter, bright cheerful mood, malformed architecture, impossible perspective, duplicated structures, warped signage, invented text, watermark, logo, low detail, blur",Real Haunted Places/United Kingdom,1.0,False
0273 | Real Haunted Places/United Kingdom/Pendle Hill — Blue Hour,"Pendle Hill, the isolated Lancashire hill associated with witch-trial folklore, stone walls, moorland farms and sweeping low cloud, during blue hour, cool ambient light, architectural detail retained, light ground mist, respectful documentary-horror atmosphere and a carefully composed wide view, no people present, environment-first composition, highly detailed architecture and surfaces, coherent spatial layout, cinematic depth, polished colour separation, subtle volumetric atmosphere, realistic materials, professional horror production design","people as main subject, visible monster as main subject, graphic gore, inaccurate landmark replacement, modern clutter, bright cheerful mood, malformed architecture, impossible perspective, duplicated structures, warped signage, invented text, watermark, logo, low detail, blur",Real Haunted Places/United Kingdom,1.0,False
0274 | Real Haunted Places/United Kingdom/Pendle Hill — Midnight Fog,"Pendle Hill, the isolated Lancashire hill associated with witch-trial folklore, stone walls, moorland farms and sweeping low cloud, after midnight, subtle fog, limited warm practical lights, deep readable shadows, historically coherent surfaces and an empty cinematic composition, no people present, environment-first composition, highly detailed architecture and surfaces, coherent spatial layout, cinematic depth, polished colour separation, subtle volumetric atmosphere, realistic materials, professional horror production design","people as main subject, visible monster as main subject, graphic gore, inaccurate landmark replacement, modern clutter, bright cheerful mood, malformed architecture, impossible perspective, duplicated structures, warped signage, invented text, watermark, logo, low detail, blur",Real Haunted Places/United Kingdom,1.0,False
0275 | Real Haunted Places/United Kingdom/Pendle Hill — Storm Aftermath,"Pendle Hill, the isolated Lancashire hill associated with witch-trial folklore, stone walls, moorland farms and sweeping low cloud, after a passing storm, wet stone and reflective ground, broken cloud, wind-tossed vegetation, dramatic but believable light and restrained supernatural unease, no people present, environment-first composition, highly detailed architecture and surfaces, coherent spatial layout, cinematic depth, polished colour separation, subtle volumetric atmosphere, realistic materials, professional horror production design","people as main subject, visible monster as main subject, graphic gore, inaccurate landmark replacement, modern clutter, bright cheerful mood, malformed architecture, impossible perspective, duplicated structures, warped signage, invented text, watermark, logo, low detail, blur",Real Haunted Places/United Kingdom,1.0,False
0276 | Real Haunted Places/United Kingdom/Whitby Abbey — Blue Hour,"Whitby Abbey, the ruined gothic abbey above Whitby, skeletal arches, cliff-edge graveyard and North Sea weather, during blue hour, cool ambient light, architectural detail retained, light ground mist, respectful documentary-horror atmosphere and a carefully composed wide view, no people present, environment-first composition, highly detailed architecture and surfaces, coherent spatial layout, cinematic depth, polished colour separation, subtle volumetric atmosphere, realistic materials, professional horror production design","people as main subject, visible monster as main subject, graphic gore, inaccurate landmark replacement, modern clutter, bright cheerful mood, malformed architecture, impossible perspective, duplicated structures, warped signage, invented text, watermark, logo, low detail, blur",Real Haunted Places/United Kingdom,1.0,False
0277 | Real Haunted Places/United Kingdom/Whitby Abbey — Midnight Fog,"Whitby Abbey, the ruined gothic abbey above Whitby, skeletal arches, cliff-edge graveyard and North Sea weather, after midnight, subtle fog, limited warm practical lights, deep readable shadows, historically coherent surfaces and an empty cinematic composition, no people present, environment-first composition, highly detailed architecture and surfaces, coherent spatial layout, cinematic depth, polished colour separation, subtle volumetric atmosphere, realistic materials, professional horror production design","people as main subject, visible monster as main subject, graphic gore, inaccurate landmark replacement, modern clutter, bright cheerful mood, malformed architecture, impossible perspective, duplicated structures, warped signage, invented text, watermark, logo, low detail, blur",Real Haunted Places/United Kingdom,1.0,False
0278 | Real Haunted Places/United Kingdom/Whitby Abbey — Storm Aftermath,"Whitby Abbey, the ruined gothic abbey above Whitby, skeletal arches, cliff-edge graveyard and North Sea weather, after a passing storm, wet stone and reflective ground, broken cloud, wind-tossed vegetation, dramatic but believable light and restrained supernatural unease, no people present, environment-first composition, highly detailed architecture and surfaces, coherent spatial layout, cinematic depth, polished colour separation, subtle volumetric atmosphere, realistic materials, professional horror production design","people as main subject, visible monster as main subject, graphic gore, inaccurate landmark replacement, modern clutter, bright cheerful mood, malformed architecture, impossible perspective, duplicated structures, warped signage, invented text, watermark, logo, low detail, blur",Real Haunted Places/United Kingdom,1.0,False
0279 | Real Haunted Places/United Kingdom/Pluckley Village — Blue Hour,"Pluckley Village, an old Kent village of lanes, timber cottages, churchyard and misty orchards associated with ghost folklore, during blue hour, cool ambient light, architectural detail retained, light ground mist, respectful documentary-horror atmosphere and a carefully composed wide view, no people present, environment-first composition, highly detailed architecture and surfaces, coherent spatial layout, cinematic depth, polished colour separation, subtle volumetric atmosphere, realistic materials, professional horror production design","people as main subject, visible monster as main subject, graphic gore, inaccurate landmark replacement, modern clutter, bright cheerful mood, malformed architecture, impossible perspective, duplicated structures, warped signage, invented text, watermark, logo, low detail, blur",Real Haunted Places/United Kingdom,1.0,False
0280 | Real Haunted Places/United Kingdom/Pluckley Village — Midnight Fog,"Pluckley Village, an old Kent village of lanes, timber cottages, churchyard and misty orchards associated with ghost folklore, after midnight, subtle fog, limited warm practical lights, deep readable shadows, historically coherent surfaces and an empty cinematic composition, no people present, environment-first composition, highly detailed architecture and surfaces, coherent spatial layout, cinematic depth, polished colour separation, subtle volumetric atmosphere, realistic materials, professional horror production design","people as main subject, visible monster as main subject, graphic gore, inaccurate landmark replacement, modern clutter, bright cheerful mood, malformed architecture, impossible perspective, duplicated structures, warped signage, invented text, watermark, logo, low detail, blur",Real Haunted Places/United Kingdom,1.0,False
0281 | Real Haunted Places/United Kingdom/Pluckley Village — Storm Aftermath,"Pluckley Village, an old Kent village of lanes, timber cottages, churchyard and misty orchards associated with ghost folklore, after a passing storm, wet stone and reflective ground, broken cloud, wind-tossed vegetation, dramatic but believable light and restrained supernatural unease, no people present, environment-first composition, highly detailed architecture and surfaces, coherent spatial layout, cinematic depth, polished colour separation, subtle volumetric atmosphere, realistic materials, professional horror production design","people as main subject, visible monster as main subject, graphic gore, inaccurate landmark replacement, modern clutter, bright cheerful mood, malformed architecture, impossible perspective, duplicated structures, warped signage, invented text, watermark, logo, low detail, blur",Real Haunted Places/United Kingdom,1.0,False
0282 | Real Haunted Places/United Kingdom/Borley Rectory Site — Blue Hour,"Borley Rectory Site, the rural Essex site associated with the lost Borley Rectory, church, hedgerows and foundations beneath wet grass, during blue hour, cool ambient light, architectural detail retained, light ground mist, respectful documentary-horror atmosphere and a carefully composed wide view, no people present, environment-first composition, highly detailed architecture and surfaces, coherent spatial layout, cinematic depth, polished colour separation, subtle volumetric atmosphere, realistic materials, professional horror production design","people as main subject, visible monster as main subject, graphic gore, inaccurate landmark replacement, modern clutter, bright cheerful mood, malformed architecture, impossible perspective, duplicated structures, warped signage, invented text, watermark, logo, low detail, blur",Real Haunted Places/United Kingdom,1.0,False
0283 | Real Haunted Places/United Kingdom/Borley Rectory Site — Midnight Fog,"Borley Rectory Site, the rural Essex site associated with the lost Borley Rectory, church, hedgerows and foundations beneath wet grass, after midnight, subtle fog, limited warm practical lights, deep readable shadows, historically coherent surfaces and an empty cinematic composition, no people present, environment-first composition, highly detailed architecture and surfaces, coherent spatial layout, cinematic depth, polished colour separation, subtle volumetric atmosphere, realistic materials, professional horror production design","people as main subject, visible monster as main subject, graphic gore, inaccurate landmark replacement, modern clutter, bright cheerful mood, malformed architecture, impossible perspective, duplicated structures, warped signage, invented text, watermark, logo, low detail, blur",Real Haunted Places/United Kingdom,1.0,False
0284 | Real Haunted Places/United Kingdom/Borley Rectory Site — Storm Aftermath,"Borley Rectory Site, the rural Essex site associated with the lost Borley Rectory, church, hedgerows and foundations beneath wet grass, after a passing storm, wet stone and reflective ground, broken cloud, wind-tossed vegetation, dramatic but believable light and restrained supernatural unease, no people present, environment-first composition, highly detailed architecture and surfaces, coherent spatial layout, cinematic depth, polished colour separation, subtle volumetric atmosphere, realistic materials, professional horror production design","people as main subject, visible monster as main subject, graphic gore, inaccurate landmark replacement, modern clutter, bright cheerful mood, malformed architecture, impossible perspective, duplicated structures, warped signage, invented text, watermark, logo, low detail, blur",Real Haunted Places/United Kingdom,1.0,False
0285 | Real Haunted Places/United Kingdom/Hampton Court Palace — Blue Hour,"Hampton Court Palace, the vast Tudor palace, cloisters, state apartments, fountain court and long night corridors, during blue hour, cool ambient light, architectural detail retained, light ground mist, respectful documentary-horror atmosphere and a carefully composed wide view, no people present, environment-first composition, highly detailed architecture and surfaces, coherent spatial layout, cinematic depth, polished colour separation, subtle volumetric atmosphere, realistic materials, professional horror production design","people as main subject, visible monster as main subject, graphic gore, inaccurate landmark replacement, modern clutter, bright cheerful mood, malformed architecture, impossible perspective, duplicated structures, warped signage, invented text, watermark, logo, low detail, blur",Real Haunted Places/United Kingdom,1.0,False
0286 | Real Haunted Places/United Kingdom/Hampton Court Palace — Midnight Fog,"Hampton Court Palace, the vast Tudor palace, cloisters, state apartments, fountain court and long night corridors, after midnight, subtle fog, limited warm practical lights, deep readable shadows, historically coherent surfaces and an empty cinematic composition, no people present, environment-first composition, highly detailed architecture and surfaces, coherent spatial layout, cinematic depth, polished colour separation, subtle volumetric atmosphere, realistic materials, professional horror production design","people as main subject, visible monster as main subject, graphic gore, inaccurate landmark replacement, modern clutter, bright cheerful mood, malformed architecture, impossible perspective, duplicated structures, warped signage, invented text, watermark, logo, low detail, blur",Real Haunted Places/United Kingdom,1.0,False
0287 | Real Haunted Places/United Kingdom/Hampton Court Palace — Storm Aftermath,"Hampton Court Palace, the vast Tudor palace, cloisters, state apartments, fountain court and long night corridors, after a passing storm, wet stone and reflective ground, broken cloud, wind-tossed vegetation, dramatic but believable light and restrained supernatural unease, no people present, environment-first composition, highly detailed architecture and surfaces, coherent spatial layout, cinematic depth, polished colour separation, subtle volumetric atmosphere, realistic materials, professional horror production design","people as main subject, visible monster as main subject, graphic gore, inaccurate landmark replacement, modern clutter, bright cheerful mood, malformed architecture, impossible perspective, duplicated structures, warped signage, invented text, watermark, logo, low detail, blur",Real Haunted Places/United Kingdom,1.0,False
"0288 | Real Haunted Places/United Kingdom/Treasurer’s House, York — Blue Hour","Treasurer’s House, York, the historic house beside York Minster, panelled rooms, cellar floor and narrow service passages, during blue hour, cool ambient light, architectural detail retained, light ground mist, respectful documentary-horror atmosphere and a carefully composed wide view, no people present, environment-first composition, highly detailed architecture and surfaces, coherent spatial layout, cinematic depth, polished colour separation, subtle volumetric atmosphere, realistic materials, professional horror production design","people as main subject, visible monster as main subject, graphic gore, inaccurate landmark replacement, modern clutter, bright cheerful mood, malformed architecture, impossible perspective, duplicated structures, warped signage, invented text, watermark, logo, low detail, blur",Real Haunted Places/United Kingdom,1.0,False
"0289 | Real Haunted Places/United Kingdom/Treasurer’s House, York — Midnight Fog","Treasurer’s House, York, the historic house beside York Minster, panelled rooms, cellar floor and narrow service passages, after midnight, subtle fog, limited warm practical lights, deep readable shadows, historically coherent surfaces and an empty cinematic composition, no people present, environment-first composition, highly detailed architecture and surfaces, coherent spatial layout, cinematic depth, polished colour separation, subtle volumetric atmosphere, realistic materials, professional horror production design","people as main subject, visible monster as main subject, graphic gore, inaccurate landmark replacement, modern clutter, bright cheerful mood, malformed architecture, impossible perspective, duplicated structures, warped signage, invented text, watermark, logo, low detail, blur",Real Haunted Places/United Kingdom,1.0,False
"0290 | Real Haunted Places/United Kingdom/Treasurer’s House, York — Storm Aftermath","Treasurer’s House, York, the historic house beside York Minster, panelled rooms, cellar floor and narrow service passages, after a passing storm, wet stone and reflective ground, broken cloud, wind-tossed vegetation, dramatic but believable light and restrained supernatural unease, no people present, environment-first composition, highly detailed architecture and surfaces, coherent spatial layout, cinematic depth, polished colour separation, subtle volumetric atmosphere, realistic materials, professional horror production design","people as main subject, visible monster as main subject, graphic gore, inaccurate landmark replacement, modern clutter, bright cheerful mood, malformed architecture, impossible perspective, duplicated structures, warped signage, invented text, watermark, logo, low detail, blur",Real Haunted Places/United Kingdom,1.0,False
0291 | Real Haunted Places/Ireland/Leap Castle — Blue Hour,"Leap Castle, the medieval Irish castle, rough stone tower, spiral stairs, chapel ruins and surrounding green countryside, during blue hour, cool ambient light, architectural detail retained, light ground mist, respectful documentary-horror atmosphere and a carefully composed wide view, no people present, environment-first composition, highly detailed architecture and surfaces, coherent spatial layout, cinematic depth, polished colour separation, subtle volumetric atmosphere, realistic materials, professional horror production design","people as main subject, visible monster as main subject, graphic gore, inaccurate landmark replacement, modern clutter, bright cheerful mood, malformed architecture, impossible perspective, duplicated structures, warped signage, invented text, watermark, logo, low detail, blur",Real Haunted Places/Ireland,1.0,False
0292 | Real Haunted Places/Ireland/Leap Castle — Midnight Fog,"Leap Castle, the medieval Irish castle, rough stone tower, spiral stairs, chapel ruins and surrounding green countryside, after midnight, subtle fog, limited warm practical lights, deep readable shadows, historically coherent surfaces and an empty cinematic composition, no people present, environment-first composition, highly detailed architecture and surfaces, coherent spatial layout, cinematic depth, polished colour separation, subtle volumetric atmosphere, realistic materials, professional horror production design","people as main subject, visible monster as main subject, graphic gore, inaccurate landmark replacement, modern clutter, bright cheerful mood, malformed architecture, impossible perspective, duplicated structures, warped signage, invented text, watermark, logo, low detail, blur",Real Haunted Places/Ireland,1.0,False
0293 | Real Haunted Places/Ireland/Leap Castle — Storm Aftermath,"Leap Castle, the medieval Irish castle, rough stone tower, spiral stairs, chapel ruins and surrounding green countryside, after a passing storm, wet stone and reflective ground, broken cloud, wind-tossed vegetation, dramatic but believable light and restrained supernatural unease, no people present, environment-first composition, highly detailed architecture and surfaces, coherent spatial layout, cinematic depth, polished colour separation, subtle volumetric atmosphere, realistic materials, professional horror production design","people as main subject, visible monster as main subject, graphic gore, inaccurate landmark replacement, modern clutter, bright cheerful mood, malformed architecture, impossible perspective, duplicated structures, warped signage, invented text, watermark, logo, low detail, blur",Real Haunted Places/Ireland,1.0,False
0294 | Real Haunted Places/Ireland/Kilmainham Gaol — Blue Hour,"Kilmainham Gaol, the historic Dublin prison, radial cell wings, iron catwalks, stone corridors and high barred windows, during blue hour, cool ambient light, architectural detail retained, light ground mist, respectful documentary-horror atmosphere and a carefully composed wide view, no people present, environment-first composition, highly detailed architecture and surfaces, coherent spatial layout, cinematic depth, polished colour separation, subtle volumetric atmosphere, realistic materials, professional horror production design","people as main subject, visible monster as main subject, graphic gore, inaccurate landmark replacement, modern clutter, bright cheerful mood, malformed architecture, impossible perspective, duplicated structures, warped signage, invented text, watermark, logo, low detail, blur",Real Haunted Places/Ireland,1.0,False
0295 | Real Haunted Places/Ireland/Kilmainham Gaol — Midnight Fog,"Kilmainham Gaol, the historic Dublin prison, radial cell wings, iron catwalks, stone corridors and high barred windows, after midnight, subtle fog, limited warm practical lights, deep readable shadows, historically coherent surfaces and an empty cinematic composition, no people present, environment-first composition, highly detailed architecture and surfaces, coherent spatial layout, cinematic depth, polished colour separation, subtle volumetric atmosphere, realistic materials, professional horror production design","people as main subject, visible monster as main subject, graphic gore, inaccurate landmark replacement, modern clutter, bright cheerful mood, malformed architecture, impossible perspective, duplicated structures, warped signage, invented text, watermark, logo, low detail, blur",Real Haunted Places/Ireland,1.0,False
0296 | Real Haunted Places/Ireland/Kilmainham Gaol — Storm Aftermath,"Kilmainham Gaol, the historic Dublin prison, radial cell wings, iron catwalks, stone corridors and high barred windows, after a passing storm, wet stone and reflective ground, broken cloud, wind-tossed vegetation, dramatic but believable light and restrained supernatural unease, no people present, environment-first composition, highly detailed architecture and surfaces, coherent spatial layout, cinematic depth, polished colour separation, subtle volumetric atmosphere, realistic materials, professional horror production design","people as main subject, visible monster as main subject, graphic gore, inaccurate landmark replacement, modern clutter, bright cheerful mood, malformed architecture, impossible perspective, duplicated structures, warped signage, invented text, watermark, logo, low detail, blur",Real Haunted Places/Ireland,1.0,False
"0297 | Real Haunted Places/Ireland/Hellfire Club, Dublin Mountains — Blue Hour","Hellfire Club, Dublin Mountains, the ruined stone hunting lodge on Montpelier Hill, exposed chambers, windswept moor and city lights far below, during blue hour, cool ambient light, architectural detail retained, light ground mist, respectful documentary-horror atmosphere and a carefully composed wide view, no people present, environment-first composition, highly detailed architecture and surfaces, coherent spatial layout, cinematic depth, polished colour separation, subtle volumetric atmosphere, realistic materials, professional horror production design","people as main subject, visible monster as main subject, graphic gore, inaccurate landmark replacement, modern clutter, bright cheerful mood, malformed architecture, impossible perspective, duplicated structures, warped signage, invented text, watermark, logo, low detail, blur",Real Haunted Places/Ireland,1.0,False
"0298 | Real Haunted Places/Ireland/Hellfire Club, Dublin Mountains — Midnight Fog","Hellfire Club, Dublin Mountains, the ruined stone hunting lodge on Montpelier Hill, exposed chambers, windswept moor and city lights far below, after midnight, subtle fog, limited warm practical lights, deep readable shadows, historically coherent surfaces and an empty cinematic composition, no people present, environment-first composition, highly detailed architecture and surfaces, coherent spatial layout, cinematic depth, polished colour separation, subtle volumetric atmosphere, realistic materials, professional horror production design","people as main subject, visible monster as main subject, graphic gore, inaccurate landmark replacement, modern clutter, bright cheerful mood, malformed architecture, impossible perspective, duplicated structures, warped signage, invented text, watermark, logo, low detail, blur",Real Haunted Places/Ireland,1.0,False
"0299 | Real Haunted Places/Ireland/Hellfire Club, Dublin Mountains — Storm Aftermath","Hellfire Club, Dublin Mountains, the ruined stone hunting lodge on Montpelier Hill, exposed chambers, windswept moor and city lights far below, after a passing storm, wet stone and reflective ground, broken cloud, wind-tossed vegetation, dramatic but believable light and restrained supernatural unease, no people present, environment-first composition, highly detailed architecture and surfaces, coherent spatial layout, cinematic depth, polished colour separation, subtle volumetric atmosphere, realistic materials, professional horror production design","people as main subject, visible monster as main subject, graphic gore, inaccurate landmark replacement, modern clutter, bright cheerful mood, malformed architecture, impossible perspective, duplicated structures, warped signage, invented text, watermark, logo, low detail, blur",Real Haunted Places/Ireland,1.0,False
0300 | Real Haunted Places/France/Château de Brissac — Blue Hour,"Château de Brissac, the tall Loire Valley château, ornate chambers, narrow staircases, old portraits and formal grounds, during blue hour, cool ambient light, architectural detail retained, light ground mist, respectful documentary-horror atmosphere and a carefully composed wide view, no people present, environment-first composition, highly detailed architecture and surfaces, coherent spatial layout, cinematic depth, polished colour separation, subtle volumetric atmosphere, realistic materials, professional horror production design","people as main subject, visible monster as main subject, graphic gore, inaccurate landmark replacement, modern clutter, bright cheerful mood, malformed architecture, impossible perspective, duplicated structures, warped signage, invented text, watermark, logo, low detail, blur",Real Haunted Places/France,1.0,False
0301 | Real Haunted Places/France/Château de Brissac — Midnight Fog,"Château de Brissac, the tall Loire Valley château, ornate chambers, narrow staircases, old portraits and formal grounds, after midnight, subtle fog, limited warm practical lights, deep readable shadows, historically coherent surfaces and an empty cinematic composition, no people present, environment-first composition, highly detailed architecture and surfaces, coherent spatial layout, cinematic depth, polished colour separation, subtle volumetric atmosphere, realistic materials, professional horror production design","people as main subject, visible monster as main subject, graphic gore, inaccurate landmark replacement, modern clutter, bright cheerful mood, malformed architecture, impossible perspective, duplicated structures, warped signage, invented text, watermark, logo, low detail, blur",Real Haunted Places/France,1.0,False
0302 | Real Haunted Places/France/Château de Brissac — Storm Aftermath,"Château de Brissac, the tall Loire Valley château, ornate chambers, narrow staircases, old portraits and formal grounds, after a passing storm, wet stone and reflective ground, broken cloud, wind-tossed vegetation, dramatic but believable light and restrained supernatural unease, no people present, environment-first composition, highly detailed architecture and surfaces, coherent spatial layout, cinematic depth, polished colour separation, subtle volumetric atmosphere, realistic materials, professional horror production design","people as main subject, visible monster as main subject, graphic gore, inaccurate landmark replacement, modern clutter, bright cheerful mood, malformed architecture, impossible perspective, duplicated structures, warped signage, invented text, watermark, logo, low detail, blur",Real Haunted Places/France,1.0,False
0303 | Real Haunted Places/France/Paris Catacombs — Blue Hour,"Paris Catacombs, the ossuary tunnels beneath Paris, low limestone corridors, carefully stacked bones and black side passages, during blue hour, cool ambient light, architectural detail retained, light ground mist, respectful documentary-horror atmosphere and a carefully composed wide view, no people present, environment-first composition, highly detailed architecture and surfaces, coherent spatial layout, cinematic depth, polished colour separation, subtle volumetric atmosphere, realistic materials, professional horror production design","people as main subject, visible monster as main subject, graphic gore, inaccurate landmark replacement, modern clutter, bright cheerful mood, malformed architecture, impossible perspective, duplicated structures, warped signage, invented text, watermark, logo, low detail, blur",Real Haunted Places/France,1.0,False
0304 | Real Haunted Places/France/Paris Catacombs — Midnight Fog,"Paris Catacombs, the ossuary tunnels beneath Paris, low limestone corridors, carefully stacked bones and black side passages, after midnight, subtle fog, limited warm practical lights, deep readable shadows, historically coherent surfaces and an empty cinematic composition, no people present, environment-first composition, highly detailed architecture and surfaces, coherent spatial layout, cinematic depth, polished colour separation, subtle volumetric atmosphere, realistic materials, professional horror production design","people as main subject, visible monster as main subject, graphic gore, inaccurate landmark replacement, modern clutter, bright cheerful mood, malformed architecture, impossible perspective, duplicated structures, warped signage, invented text, watermark, logo, low detail, blur",Real Haunted Places/France,1.0,False
0305 | Real Haunted Places/France/Paris Catacombs — Storm Aftermath,"Paris Catacombs, the ossuary tunnels beneath Paris, low limestone corridors, carefully stacked bones and black side passages, after a passing storm, wet stone and reflective ground, broken cloud, wind-tossed vegetation, dramatic but believable light and restrained supernatural unease, no people present, environment-first composition, highly detailed architecture and surfaces, coherent spatial layout, cinematic depth, polished colour separation, subtle volumetric atmosphere, realistic materials, professional horror production design","people as main subject, visible monster as main subject, graphic gore, inaccurate landmark replacement, modern clutter, bright cheerful mood, malformed architecture, impossible perspective, duplicated structures, warped signage, invented text, watermark, logo, low detail, blur",Real Haunted Places/France,1.0,False
0306 | Real Haunted Places/Italy/Poveglia Island — Blue Hour,"Poveglia Island, the abandoned island in the Venetian lagoon, ruined hospital buildings, bell tower, overgrown paths and grey water, during blue hour, cool ambient light, architectural detail retained, light ground mist, respectful documentary-horror atmosphere and a carefully composed wide view, no people present, environment-first composition, highly detailed architecture and surfaces, coherent spatial layout, cinematic depth, polished colour separation, subtle volumetric atmosphere, realistic materials, professional horror production design","people as main subject, visible monster as main subject, graphic gore, inaccurate landmark replacement, modern clutter, bright cheerful mood, malformed architecture, impossible perspective, duplicated structures, warped signage, invented text, watermark, logo, low detail, blur",Real Haunted Places/Italy,1.0,False
0307 | Real Haunted Places/Italy/Poveglia Island — Midnight Fog,"Poveglia Island, the abandoned island in the Venetian lagoon, ruined hospital buildings, bell tower, overgrown paths and grey water, after midnight, subtle fog, limited warm practical lights, deep readable shadows, historically coherent surfaces and an empty cinematic composition, no people present, environment-first composition, highly detailed architecture and surfaces, coherent spatial layout, cinematic depth, polished colour separation, subtle volumetric atmosphere, realistic materials, professional horror production design","people as main subject, visible monster as main subject, graphic gore, inaccurate landmark replacement, modern clutter, bright cheerful mood, malformed architecture, impossible perspective, duplicated structures, warped signage, invented text, watermark, logo, low detail, blur",Real Haunted Places/Italy,1.0,False
0308 | Real Haunted Places/Italy/Poveglia Island — Storm Aftermath,"Poveglia Island, the abandoned island in the Venetian lagoon, ruined hospital buildings, bell tower, overgrown paths and grey water, after a passing storm, wet stone and reflective ground, broken cloud, wind-tossed vegetation, dramatic but believable light and restrained supernatural unease, no people present, environment-first composition, highly detailed architecture and surfaces, coherent spatial layout, cinematic depth, polished colour separation, subtle volumetric atmosphere, realistic materials, professional horror production design","people as main subject, visible monster as main subject, graphic gore, inaccurate landmark replacement, modern clutter, bright cheerful mood, malformed architecture, impossible perspective, duplicated structures, warped signage, invented text, watermark, logo, low detail, blur",Real Haunted Places/Italy,1.0,False
0309 | Real Haunted Places/Romania/Hoia Baciu Forest — Blue Hour,"Hoia Baciu Forest, the unusual forest near Cluj, twisted trees, circular clearing, dense undergrowth and low Transylvanian mist, during blue hour, cool ambient light, architectural detail retained, light ground mist, respectful documentary-horror atmosphere and a carefully composed wide view, no people present, environment-first composition, highly detailed architecture and surfaces, coherent spatial layout, cinematic depth, polished colour separation, subtle volumetric atmosphere, realistic materials, professional horror production design","people as main subject, visible monster as main subject, graphic gore, inaccurate landmark replacement, modern clutter, bright cheerful mood, malformed architecture, impossible perspective, duplicated structures, warped signage, invented text, watermark, logo, low detail, blur",Real Haunted Places/Romania,1.0,False
0310 | Real Haunted Places/Romania/Hoia Baciu Forest — Midnight Fog,"Hoia Baciu Forest, the unusual forest near Cluj, twisted trees, circular clearing, dense undergrowth and low Transylvanian mist, after midnight, subtle fog, limited warm practical lights, deep readable shadows, historically coherent surfaces and an empty cinematic composition, no people present, environment-first composition, highly detailed architecture and surfaces, coherent spatial layout, cinematic depth, polished colour separation, subtle volumetric atmosphere, realistic materials, professional horror production design","people as main subject, visible monster as main subject, graphic gore, inaccurate landmark replacement, modern clutter, bright cheerful mood, malformed architecture, impossible perspective, duplicated structures, warped signage, invented text, watermark, logo, low detail, blur",Real Haunted Places/Romania,1.0,False
0311 | Real Haunted Places/Romania/Hoia Baciu Forest — Storm Aftermath,"Hoia Baciu Forest, the unusual forest near Cluj, twisted trees, circular clearing, dense undergrowth and low Transylvanian mist, after a passing storm, wet stone and reflective ground, broken cloud, wind-tossed vegetation, dramatic but believable light and restrained supernatural unease, no people present, environment-first composition, highly detailed architecture and surfaces, coherent spatial layout, cinematic depth, polished colour separation, subtle volumetric atmosphere, realistic materials, professional horror production design","people as main subject, visible monster as main subject, graphic gore, inaccurate landmark replacement, modern clutter, bright cheerful mood, malformed architecture, impossible perspective, duplicated structures, warped signage, invented text, watermark, logo, low detail, blur",Real Haunted Places/Romania,1.0,False
0312 | Real Haunted Places/Romania/Bran Castle — Blue Hour,"Bran Castle, the dramatic Romanian castle above a mountain pass, steep roofs, stone staircases, interior courtyard and surrounding forest, during blue hour, cool ambient light, architectural detail retained, light ground mist, respectful documentary-horror atmosphere and a carefully composed wide view, no people present, environment-first composition, highly detailed architecture and surfaces, coherent spatial layout, cinematic depth, polished colour separation, subtle volumetric atmosphere, realistic materials, professional horror production design","people as main subject, visible monster as main subject, graphic gore, inaccurate landmark replacement, modern clutter, bright cheerful mood, malformed architecture, impossible perspective, duplicated structures, warped signage, invented text, watermark, logo, low detail, blur",Real Haunted Places/Romania,1.0,False
0313 | Real Haunted Places/Romania/Bran Castle — Midnight Fog,"Bran Castle, the dramatic Romanian castle above a mountain pass, steep roofs, stone staircases, interior courtyard and surrounding forest, after midnight, subtle fog, limited warm practical lights, deep readable shadows, historically coherent surfaces and an empty cinematic composition, no people present, environment-first composition, highly detailed architecture and surfaces, coherent spatial layout, cinematic depth, polished colour separation, subtle volumetric atmosphere, realistic materials, professional horror production design","people as main subject, visible monster as main subject, graphic gore, inaccurate landmark replacement, modern clutter, bright cheerful mood, malformed architecture, impossible perspective, duplicated structures, warped signage, invented text, watermark, logo, low detail, blur",Real Haunted Places/Romania,1.0,False
0314 | Real Haunted Places/Romania/Bran Castle — Storm Aftermath,"Bran Castle, the dramatic Romanian castle above a mountain pass, steep roofs, stone staircases, interior courtyard and surrounding forest, after a passing storm, wet stone and reflective ground, broken cloud, wind-tossed vegetation, dramatic but believable light and restrained supernatural unease, no people present, environment-first composition, highly detailed architecture and surfaces, coherent spatial layout, cinematic depth, polished colour separation, subtle volumetric atmosphere, realistic materials, professional horror production design","people as main subject, visible monster as main subject, graphic gore, inaccurate landmark replacement, modern clutter, bright cheerful mood, malformed architecture, impossible perspective, duplicated structures, warped signage, invented text, watermark, logo, low detail, blur",Real Haunted Places/Romania,1.0,False
0315 | Real Haunted Places/Czech Republic/Houska Castle — Blue Hour,"Houska Castle, the remote medieval castle, heavy stone chapel, forested grounds and stark defensive architecture, during blue hour, cool ambient light, architectural detail retained, light ground mist, respectful documentary-horror atmosphere and a carefully composed wide view, no people present, environment-first composition, highly detailed architecture and surfaces, coherent spatial layout, cinematic depth, polished colour separation, subtle volumetric atmosphere, realistic materials, professional horror production design","people as main subject, visible monster as main subject, graphic gore, inaccurate landmark replacement, modern clutter, bright cheerful mood, malformed architecture, impossible perspective, duplicated structures, warped signage, invented text, watermark, logo, low detail, blur",Real Haunted Places/Czech Republic,1.0,False
0316 | Real Haunted Places/Czech Republic/Houska Castle — Midnight Fog,"Houska Castle, the remote medieval castle, heavy stone chapel, forested grounds and stark defensive architecture, after midnight, subtle fog, limited warm practical lights, deep readable shadows, historically coherent surfaces and an empty cinematic composition, no people present, environment-first composition, highly detailed architecture and surfaces, coherent spatial layout, cinematic depth, polished colour separation, subtle volumetric atmosphere, realistic materials, professional horror production design","people as main subject, visible monster as main subject, graphic gore, inaccurate landmark replacement, modern clutter, bright cheerful mood, malformed architecture, impossible perspective, duplicated structures, warped signage, invented text, watermark, logo, low detail, blur",Real Haunted Places/Czech Republic,1.0,False
0317 | Real Haunted Places/Czech Republic/Houska Castle — Storm Aftermath,"Houska Castle, the remote medieval castle, heavy stone chapel, forested grounds and stark defensive architecture, after a passing storm, wet stone and reflective ground, broken cloud, wind-tossed vegetation, dramatic but believable light and restrained supernatural unease, no people present, environment-first composition, highly detailed architecture and surfaces, coherent spatial layout, cinematic depth, polished colour separation, subtle volumetric atmosphere, realistic materials, professional horror production design","people as main subject, visible monster as main subject, graphic gore, inaccurate landmark replacement, modern clutter, bright cheerful mood, malformed architecture, impossible perspective, duplicated structures, warped signage, invented text, watermark, logo, low detail, blur",Real Haunted Places/Czech Republic,1.0,False
0318 | Real Haunted Places/Mexico/Island of the Dolls — Blue Hour,"Island of the Dolls, the canal island near Xochimilco, dense greenery, rustic sheds and weathered dolls hanging from trees, during blue hour, cool ambient light, architectural detail retained, light ground mist, respectful documentary-horror atmosphere and a carefully composed wide view, no people present, environment-first composition, highly detailed architecture and surfaces, coherent spatial layout, cinematic depth, polished colour separation, subtle volumetric atmosphere, realistic materials, professional horror production design","people as main subject, visible monster as main subject, graphic gore, inaccurate landmark replacement, modern clutter, bright cheerful mood, malformed architecture, impossible perspective, duplicated structures, warped signage, invented text, watermark, logo, low detail, blur",Real Haunted Places/Mexico,1.0,False
0319 | Real Haunted Places/Mexico/Island of the Dolls — Midnight Fog,"Island of the Dolls, the canal island near Xochimilco, dense greenery, rustic sheds and weathered dolls hanging from trees, after midnight, subtle fog, limited warm practical lights, deep readable shadows, historically coherent surfaces and an empty cinematic composition, no people present, environment-first composition, highly detailed architecture and surfaces, coherent spatial layout, cinematic depth, polished colour separation, subtle volumetric atmosphere, realistic materials, professional horror production design","people as main subject, visible monster as main subject, graphic gore, inaccurate landmark replacement, modern clutter, bright cheerful mood, malformed architecture, impossible perspective, duplicated structures, warped signage, invented text, watermark, logo, low detail, blur",Real Haunted Places/Mexico,1.0,False
0320 | Real Haunted Places/Mexico/Island of the Dolls — Storm Aftermath,"Island of the Dolls, the canal island near Xochimilco, dense greenery, rustic sheds and weathered dolls hanging from trees, after a passing storm, wet stone and reflective ground, broken cloud, wind-tossed vegetation, dramatic but believable light and restrained supernatural unease, no people present, environment-first composition, highly detailed architecture and surfaces, coherent spatial layout, cinematic depth, polished colour separation, subtle volumetric atmosphere, realistic materials, professional horror production design","people as main subject, visible monster as main subject, graphic gore, inaccurate landmark replacement, modern clutter, bright cheerful mood, malformed architecture, impossible perspective, duplicated structures, warped signage, invented text, watermark, logo, low detail, blur",Real Haunted Places/Mexico,1.0,False
0321 | Real Haunted Places/Japan/Aokigahara Forest — Blue Hour,"Aokigahara Forest, the dense volcanic forest near Mount Fuji, exposed roots, lava-rock ground and sound-absorbing foliage; respectful atmospheric landscape, during blue hour, cool ambient light, architectural detail retained, light ground mist, respectful documentary-horror atmosphere and a carefully composed wide view, no people present, environment-first composition, highly detailed architecture and surfaces, coherent spatial layout, cinematic depth, polished colour separation, subtle volumetric atmosphere, realistic materials, professional horror production design","people as main subject, visible monster as main subject, graphic gore, inaccurate landmark replacement, modern clutter, bright cheerful mood, malformed architecture, impossible perspective, duplicated structures, warped signage, invented text, watermark, logo, low detail, blur",Real Haunted Places/Japan,1.0,False
0322 | Real Haunted Places/Japan/Aokigahara Forest — Midnight Fog,"Aokigahara Forest, the dense volcanic forest near Mount Fuji, exposed roots, lava-rock ground and sound-absorbing foliage; respectful atmospheric landscape, after midnight, subtle fog, limited warm practical lights, deep readable shadows, historically coherent surfaces and an empty cinematic composition, no people present, environment-first composition, highly detailed architecture and surfaces, coherent spatial layout, cinematic depth, polished colour separation, subtle volumetric atmosphere, realistic materials, professional horror production design","people as main subject, visible monster as main subject, graphic gore, inaccurate landmark replacement, modern clutter, bright cheerful mood, malformed architecture, impossible perspective, duplicated structures, warped signage, invented text, watermark, logo, low detail, blur",Real Haunted Places/Japan,1.0,False
0323 | Real Haunted Places/Japan/Aokigahara Forest — Storm Aftermath,"Aokigahara Forest, the dense volcanic forest near Mount Fuji, exposed roots, lava-rock ground and sound-absorbing foliage; respectful atmospheric landscape, after a passing storm, wet stone and reflective ground, broken cloud, wind-tossed vegetation, dramatic but believable light and restrained supernatural unease, no people present, environment-first composition, highly detailed architecture and surfaces, coherent spatial layout, cinematic depth, polished colour separation, subtle volumetric atmosphere, realistic materials, professional horror production design","people as main subject, visible monster as main subject, graphic gore, inaccurate landmark replacement, modern clutter, bright cheerful mood, malformed architecture, impossible perspective, duplicated structures, warped signage, invented text, watermark, logo, low detail, blur",Real Haunted Places/Japan,1.0,False
0324 | Real Haunted Places/Japan/Hashima Island — Blue Hour,"Hashima Island, the abandoned concrete mining island, seawalls, ruined apartment blocks, stairwells and rough ocean, during blue hour, cool ambient light, architectural detail retained, light ground mist, respectful documentary-horror atmosphere and a carefully composed wide view, no people present, environment-first composition, highly detailed architecture and surfaces, coherent spatial layout, cinematic depth, polished colour separation, subtle volumetric atmosphere, realistic materials, professional horror production design","people as main subject, visible monster as main subject, graphic gore, inaccurate landmark replacement, modern clutter, bright cheerful mood, malformed architecture, impossible perspective, duplicated structures, warped signage, invented text, watermark, logo, low detail, blur",Real Haunted Places/Japan,1.0,False
0325 | Real Haunted Places/Japan/Hashima Island — Midnight Fog,"Hashima Island, the abandoned concrete mining island, seawalls, ruined apartment blocks, stairwells and rough ocean, after midnight, subtle fog, limited warm practical lights, deep readable shadows, historically coherent surfaces and an empty cinematic composition, no people present, environment-first composition, highly detailed architecture and surfaces, coherent spatial layout, cinematic depth, polished colour separation, subtle volumetric atmosphere, realistic materials, professional horror production design","people as main subject, visible monster as main subject, graphic gore, inaccurate landmark replacement, modern clutter, bright cheerful mood, malformed architecture, impossible perspective, duplicated structures, warped signage, invented text, watermark, logo, low detail, blur",Real Haunted Places/Japan,1.0,False
0326 | Real Haunted Places/Japan/Hashima Island — Storm Aftermath,"Hashima Island, the abandoned concrete mining island, seawalls, ruined apartment blocks, stairwells and rough ocean, after a passing storm, wet stone and reflective ground, broken cloud, wind-tossed vegetation, dramatic but believable light and restrained supernatural unease, no people present, environment-first composition, highly detailed architecture and surfaces, coherent spatial layout, cinematic depth, polished colour separation, subtle volumetric atmosphere, realistic materials, professional horror production design","people as main subject, visible monster as main subject, graphic gore, inaccurate landmark replacement, modern clutter, bright cheerful mood, malformed architecture, impossible perspective, duplicated structures, warped signage, invented text, watermark, logo, low detail, blur",Real Haunted Places/Japan,1.0,False
0327 | Real Haunted Places/Indonesia/Lawang Sewu — Blue Hour,"Lawang Sewu, the grand colonial building in Semarang, long arcades, stained glass, basement chambers and humid night air, during blue hour, cool ambient light, architectural detail retained, light ground mist, respectful documentary-horror atmosphere and a carefully composed wide view, no people present, environment-first composition, highly detailed architecture and surfaces, coherent spatial layout, cinematic depth, polished colour separation, subtle volumetric atmosphere, realistic materials, professional horror production design","people as main subject, visible monster as main subject, graphic gore, inaccurate landmark replacement, modern clutter, bright cheerful mood, malformed architecture, impossible perspective, duplicated structures, warped signage, invented text, watermark, logo, low detail, blur",Real Haunted Places/Indonesia,1.0,False
0328 | Real Haunted Places/Indonesia/Lawang Sewu — Midnight Fog,"Lawang Sewu, the grand colonial building in Semarang, long arcades, stained glass, basement chambers and humid night air, after midnight, subtle fog, limited warm practical lights, deep readable shadows, historically coherent surfaces and an empty cinematic composition, no people present, environment-first composition, highly detailed architecture and surfaces, coherent spatial layout, cinematic depth, polished colour separation, subtle volumetric atmosphere, realistic materials, professional horror production design","people as main subject, visible monster as main subject, graphic gore, inaccurate landmark replacement, modern clutter, bright cheerful mood, malformed architecture, impossible perspective, duplicated structures, warped signage, invented text, watermark, logo, low detail, blur",Real Haunted Places/Indonesia,1.0,False
0329 | Real Haunted Places/Indonesia/Lawang Sewu — Storm Aftermath,"Lawang Sewu, the grand colonial building in Semarang, long arcades, stained glass, basement chambers and humid night air, after a passing storm, wet stone and reflective ground, broken cloud, wind-tossed vegetation, dramatic but believable light and restrained supernatural unease, no people present, environment-first composition, highly detailed architecture and surfaces, coherent spatial layout, cinematic depth, polished colour separation, subtle volumetric atmosphere, realistic materials, professional horror production design","people as main subject, visible monster as main subject, graphic gore, inaccurate landmark replacement, modern clutter, bright cheerful mood, malformed architecture, impossible perspective, duplicated structures, warped signage, invented text, watermark, logo, low detail, blur",Real Haunted Places/Indonesia,1.0,False
0330 | Real Haunted Places/India/Bhangarh Fort — Blue Hour,"Bhangarh Fort, the ruined Rajasthan fort complex, stone temples, empty market street, hills and dry evening haze, during blue hour, cool ambient light, architectural detail retained, light ground mist, respectful documentary-horror atmosphere and a carefully composed wide view, no people present, environment-first composition, highly detailed architecture and surfaces, coherent spatial layout, cinematic depth, polished colour separation, subtle volumetric atmosphere, realistic materials, professional horror production design","people as main subject, visible monster as main subject, graphic gore, inaccurate landmark replacement, modern clutter, bright cheerful mood, malformed architecture, impossible perspective, duplicated structures, warped signage, invented text, watermark, logo, low detail, blur",Real Haunted Places/India,1.0,False
0331 | Real Haunted Places/India/Bhangarh Fort — Midnight Fog,"Bhangarh Fort, the ruined Rajasthan fort complex, stone temples, empty market street, hills and dry evening haze, after midnight, subtle fog, limited warm practical lights, deep readable shadows, historically coherent surfaces and an empty cinematic composition, no people present, environment-first composition, highly detailed architecture and surfaces, coherent spatial layout, cinematic depth, polished colour separation, subtle volumetric atmosphere, realistic materials, professional horror production design","people as main subject, visible monster as main subject, graphic gore, inaccurate landmark replacement, modern clutter, bright cheerful mood, malformed architecture, impossible perspective, duplicated structures, warped signage, invented text, watermark, logo, low detail, blur",Real Haunted Places/India,1.0,False
0332 | Real Haunted Places/India/Bhangarh Fort — Storm Aftermath,"Bhangarh Fort, the ruined Rajasthan fort complex, stone temples, empty market street, hills and dry evening haze, after a passing storm, wet stone and reflective ground, broken cloud, wind-tossed vegetation, dramatic but believable light and restrained supernatural unease, no people present, environment-first composition, highly detailed architecture and surfaces, coherent spatial layout, cinematic depth, polished colour separation, subtle volumetric atmosphere, realistic materials, professional horror production design","people as main subject, visible monster as main subject, graphic gore, inaccurate landmark replacement, modern clutter, bright cheerful mood, malformed architecture, impossible perspective, duplicated structures, warped signage, invented text, watermark, logo, low detail, blur",Real Haunted Places/India,1.0,False
0333 | Real Haunted Places/India/Dow Hill — Blue Hour,"Dow Hill, the misty forest road and old school area near Kurseong, tall pines, colonial buildings and Himalayan fog, during blue hour, cool ambient light, architectural detail retained, light ground mist, respectful documentary-horror atmosphere and a carefully composed wide view, no people present, environment-first composition, highly detailed architecture and surfaces, coherent spatial layout, cinematic depth, polished colour separation, subtle volumetric atmosphere, realistic materials, professional horror production design","people as main subject, visible monster as main subject, graphic gore, inaccurate landmark replacement, modern clutter, bright cheerful mood, malformed architecture, impossible perspective, duplicated structures, warped signage, invented text, watermark, logo, low detail, blur",Real Haunted Places/India,1.0,False
0334 | Real Haunted Places/India/Dow Hill — Midnight Fog,"Dow Hill, the misty forest road and old school area near Kurseong, tall pines, colonial buildings and Himalayan fog, after midnight, subtle fog, limited warm practical lights, deep readable shadows, historically coherent surfaces and an empty cinematic composition, no people present, environment-first composition, highly detailed architecture and surfaces, coherent spatial layout, cinematic depth, polished colour separation, subtle volumetric atmosphere, realistic materials, professional horror production design","people as main subject, visible monster as main subject, graphic gore, inaccurate landmark replacement, modern clutter, bright cheerful mood, malformed architecture, impossible perspective, duplicated structures, warped signage, invented text, watermark, logo, low detail, blur",Real Haunted Places/India,1.0,False
0335 | Real Haunted Places/India/Dow Hill — Storm Aftermath,"Dow Hill, the misty forest road and old school area near Kurseong, tall pines, colonial buildings and Himalayan fog, after a passing storm, wet stone and reflective ground, broken cloud, wind-tossed vegetation, dramatic but believable light and restrained supernatural unease, no people present, environment-first composition, highly detailed architecture and surfaces, coherent spatial layout, cinematic depth, polished colour separation, subtle volumetric atmosphere, realistic materials, professional horror production design","people as main subject, visible monster as main subject, graphic gore, inaccurate landmark replacement, modern clutter, bright cheerful mood, malformed architecture, impossible perspective, duplicated structures, warped signage, invented text, watermark, logo, low detail, blur",Real Haunted Places/India,1.0,False
0336 | Real Haunted Places/United States/Eastern State Penitentiary — Blue Hour,"Eastern State Penitentiary, the radial ruined prison in Philadelphia, vaulted cellblocks, peeling plaster and shafts of daylight, during blue hour, cool ambient light, architectural detail retained, light ground mist, respectful documentary-horror atmosphere and a carefully composed wide view, no people present, environment-first composition, highly detailed architecture and surfaces, coherent spatial layout, cinematic depth, polished colour separation, subtle volumetric atmosphere, realistic materials, professional horror production design","people as main subject, visible monster as main subject, graphic gore, inaccurate landmark replacement, modern clutter, bright cheerful mood, malformed architecture, impossible perspective, duplicated structures, warped signage, invented text, watermark, logo, low detail, blur",Real Haunted Places/United States,1.0,False
0337 | Real Haunted Places/United States/Eastern State Penitentiary — Midnight Fog,"Eastern State Penitentiary, the radial ruined prison in Philadelphia, vaulted cellblocks, peeling plaster and shafts of daylight, after midnight, subtle fog, limited warm practical lights, deep readable shadows, historically coherent surfaces and an empty cinematic composition, no people present, environment-first composition, highly detailed architecture and surfaces, coherent spatial layout, cinematic depth, polished colour separation, subtle volumetric atmosphere, realistic materials, professional horror production design","people as main subject, visible monster as main subject, graphic gore, inaccurate landmark replacement, modern clutter, bright cheerful mood, malformed architecture, impossible perspective, duplicated structures, warped signage, invented text, watermark, logo, low detail, blur",Real Haunted Places/United States,1.0,False
0338 | Real Haunted Places/United States/Eastern State Penitentiary — Storm Aftermath,"Eastern State Penitentiary, the radial ruined prison in Philadelphia, vaulted cellblocks, peeling plaster and shafts of daylight, after a passing storm, wet stone and reflective ground, broken cloud, wind-tossed vegetation, dramatic but believable light and restrained supernatural unease, no people present, environment-first composition, highly detailed architecture and surfaces, coherent spatial layout, cinematic depth, polished colour separation, subtle volumetric atmosphere, realistic materials, professional horror production design","people as main subject, visible monster as main subject, graphic gore, inaccurate landmark replacement, modern clutter, bright cheerful mood, malformed architecture, impossible perspective, duplicated structures, warped signage, invented text, watermark, logo, low detail, blur",Real Haunted Places/United States,1.0,False
0339 | Real Haunted Places/United States/Waverly Hills Sanatorium — Blue Hour,"Waverly Hills Sanatorium, the massive former sanatorium in Kentucky, long wards, tiled corridors, service tunnel and broken windows, during blue hour, cool ambient light, architectural detail retained, light ground mist, respectful documentary-horror atmosphere and a carefully composed wide view, no people present, environment-first composition, highly detailed architecture and surfaces, coherent spatial layout, cinematic depth, polished colour separation, subtle volumetric atmosphere, realistic materials, professional horror production design","people as main subject, visible monster as main subject, graphic gore, inaccurate landmark replacement, modern clutter, bright cheerful mood, malformed architecture, impossible perspective, duplicated structures, warped signage, invented text, watermark, logo, low detail, blur",Real Haunted Places/United States,1.0,False
0340 | Real Haunted Places/United States/Waverly Hills Sanatorium — Midnight Fog,"Waverly Hills Sanatorium, the massive former sanatorium in Kentucky, long wards, tiled corridors, service tunnel and broken windows, after midnight, subtle fog, limited warm practical lights, deep readable shadows, historically coherent surfaces and an empty cinematic composition, no people present, environment-first composition, highly detailed architecture and surfaces, coherent spatial layout, cinematic depth, polished colour separation, subtle volumetric atmosphere, realistic materials, professional horror production design","people as main subject, visible monster as main subject, graphic gore, inaccurate landmark replacement, modern clutter, bright cheerful mood, malformed architecture, impossible perspective, duplicated structures, warped signage, invented text, watermark, logo, low detail, blur",Real Haunted Places/United States,1.0,False
0341 | Real Haunted Places/United States/Waverly Hills Sanatorium — Storm Aftermath,"Waverly Hills Sanatorium, the massive former sanatorium in Kentucky, long wards, tiled corridors, service tunnel and broken windows, after a passing storm, wet stone and reflective ground, broken cloud, wind-tossed vegetation, dramatic but believable light and restrained supernatural unease, no people present, environment-first composition, highly detailed architecture and surfaces, coherent spatial layout, cinematic depth, polished colour separation, subtle volumetric atmosphere, realistic materials, professional horror production design","people as main subject, visible monster as main subject, graphic gore, inaccurate landmark replacement, modern clutter, bright cheerful mood, malformed architecture, impossible perspective, duplicated structures, warped signage, invented text, watermark, logo, low detail, blur",Real Haunted Places/United States,1.0,False
0342 | Real Haunted Places/United States/Trans-Allegheny Lunatic Asylum — Blue Hour,"Trans-Allegheny Lunatic Asylum, the monumental Kirkbride hospital in West Virginia, long wings, central clock tower and empty period wards, during blue hour, cool ambient light, architectural detail retained, light ground mist, respectful documentary-horror atmosphere and a carefully composed wide view, no people present, environment-first composition, highly detailed architecture and surfaces, coherent spatial layout, cinematic depth, polished colour separation, subtle volumetric atmosphere, realistic materials, professional horror production design","people as main subject, visible monster as main subject, graphic gore, inaccurate landmark replacement, modern clutter, bright cheerful mood, malformed architecture, impossible perspective, duplicated structures, warped signage, invented text, watermark, logo, low detail, blur",Real Haunted Places/United States,1.0,False
0343 | Real Haunted Places/United States/Trans-Allegheny Lunatic Asylum — Midnight Fog,"Trans-Allegheny Lunatic Asylum, the monumental Kirkbride hospital in West Virginia, long wings, central clock tower and empty period wards, after midnight, subtle fog, limited warm practical lights, deep readable shadows, historically coherent surfaces and an empty cinematic composition, no people present, environment-first composition, highly detailed architecture and surfaces, coherent spatial layout, cinematic depth, polished colour separation, subtle volumetric atmosphere, realistic materials, professional horror production design","people as main subject, visible monster as main subject, graphic gore, inaccurate landmark replacement, modern clutter, bright cheerful mood, malformed architecture, impossible perspective, duplicated structures, warped signage, invented text, watermark, logo, low detail, blur",Real Haunted Places/United States,1.0,False
0344 | Real Haunted Places/United States/Trans-Allegheny Lunatic Asylum — Storm Aftermath,"Trans-Allegheny Lunatic Asylum, the monumental Kirkbride hospital in West Virginia, long wings, central clock tower and empty period wards, after a passing storm, wet stone and reflective ground, broken cloud, wind-tossed vegetation, dramatic but believable light and restrained supernatural unease, no people present, environment-first composition, highly detailed architecture and surfaces, coherent spatial layout, cinematic depth, polished colour separation, subtle volumetric atmosphere, realistic materials, professional horror production design","people as main subject, visible monster as main subject, graphic gore, inaccurate landmark replacement, modern clutter, bright cheerful mood, malformed architecture, impossible perspective, duplicated structures, warped signage, invented text, watermark, logo, low detail, blur",Real Haunted Places/United States,1.0,False
0345 | Real Haunted Places/United States/Winchester Mystery House — Blue Hour,"Winchester Mystery House, the sprawling San Jose mansion, staircases to nowhere, elaborate woodwork, many doors and layered roofs, during blue hour, cool ambient light, architectural detail retained, light ground mist, respectful documentary-horror atmosphere and a carefully composed wide view, no people present, environment-first composition, highly detailed architecture and surfaces, coherent spatial layout, cinematic depth, polished colour separation, subtle volumetric atmosphere, realistic materials, professional horror production design","people as main subject, visible monster as main subject, graphic gore, inaccurate landmark replacement, modern clutter, bright cheerful mood, malformed architecture, impossible perspective, duplicated structures, warped signage, invented text, watermark, logo, low detail, blur",Real Haunted Places/United States,1.0,False
0346 | Real Haunted Places/United States/Winchester Mystery House — Midnight Fog,"Winchester Mystery House, the sprawling San Jose mansion, staircases to nowhere, elaborate woodwork, many doors and layered roofs, after midnight, subtle fog, limited warm practical lights, deep readable shadows, historically coherent surfaces and an empty cinematic composition, no people present, environment-first composition, highly detailed architecture and surfaces, coherent spatial layout, cinematic depth, polished colour separation, subtle volumetric atmosphere, realistic materials, professional horror production design","people as main subject, visible monster as main subject, graphic gore, inaccurate landmark replacement, modern clutter, bright cheerful mood, malformed architecture, impossible perspective, duplicated structures, warped signage, invented text, watermark, logo, low detail, blur",Real Haunted Places/United States,1.0,False
0347 | Real Haunted Places/United States/Winchester Mystery House — Storm Aftermath,"Winchester Mystery House, the sprawling San Jose mansion, staircases to nowhere, elaborate woodwork, many doors and layered roofs, after a passing storm, wet stone and reflective ground, broken cloud, wind-tossed vegetation, dramatic but believable light and restrained supernatural unease, no people present, environment-first composition, highly detailed architecture and surfaces, coherent spatial layout, cinematic depth, polished colour separation, subtle volumetric atmosphere, realistic materials, professional horror production design","people as main subject, visible monster as main subject, graphic gore, inaccurate landmark replacement, modern clutter, bright cheerful mood, malformed architecture, impossible perspective, duplicated structures, warped signage, invented text, watermark, logo, low detail, blur",Real Haunted Places/United States,1.0,False
0348 | Real Haunted Places/United States/Stanley Hotel — Blue Hour,"Stanley Hotel, the grand white mountain hotel in Colorado, red roofs, long corridors, ballroom and snowy surroundings, during blue hour, cool ambient light, architectural detail retained, light ground mist, respectful documentary-horror atmosphere and a carefully composed wide view, no people present, environment-first composition, highly detailed architecture and surfaces, coherent spatial layout, cinematic depth, polished colour separation, subtle volumetric atmosphere, realistic materials, professional horror production design","people as main subject, visible monster as main subject, graphic gore, inaccurate landmark replacement, modern clutter, bright cheerful mood, malformed architecture, impossible perspective, duplicated structures, warped signage, invented text, watermark, logo, low detail, blur",Real Haunted Places/United States,1.0,False
0349 | Real Haunted Places/United States/Stanley Hotel — Midnight Fog,"Stanley Hotel, the grand white mountain hotel in Colorado, red roofs, long corridors, ballroom and snowy surroundings, after midnight, subtle fog, limited warm practical lights, deep readable shadows, historically coherent surfaces and an empty cinematic composition, no people present, environment-first composition, highly detailed architecture and surfaces, coherent spatial layout, cinematic depth, polished colour separation, subtle volumetric atmosphere, realistic materials, professional horror production design","people as main subject, visible monster as main subject, graphic gore, inaccurate landmark replacement, modern clutter, bright cheerful mood, malformed architecture, impossible perspective, duplicated structures, warped signage, invented text, watermark, logo, low detail, blur",Real Haunted Places/United States,1.0,False
0350 | Real Haunted Places/United States/Stanley Hotel — Storm Aftermath,"Stanley Hotel, the grand white mountain hotel in Colorado, red roofs, long corridors, ballroom and snowy surroundings, after a passing storm, wet stone and reflective ground, broken cloud, wind-tossed vegetation, dramatic but believable light and restrained supernatural unease, no people present, environment-first composition, highly detailed architecture and surfaces, coherent spatial layout, cinematic depth, polished colour separation, subtle volumetric atmosphere, realistic materials, professional horror production design","people as main subject, visible monster as main subject, graphic gore, inaccurate landmark replacement, modern clutter, bright cheerful mood, malformed architecture, impossible perspective, duplicated structures, warped signage, invented text, watermark, logo, low detail, blur",Real Haunted Places/United States,1.0,False
0351 | Real Haunted Places/United States/Lizzie Borden House — Blue Hour,"Lizzie Borden House, the preserved Victorian house in Fall River, narrow rooms, patterned wallpaper and period furnishings, during blue hour, cool ambient light, architectural detail retained, light ground mist, respectful documentary-horror atmosphere and a carefully composed wide view, no people present, environment-first composition, highly detailed architecture and surfaces, coherent spatial layout, cinematic depth, polished colour separation, subtle volumetric atmosphere, realistic materials, professional horror production design","people as main subject, visible monster as main subject, graphic gore, inaccurate landmark replacement, modern clutter, bright cheerful mood, malformed architecture, impossible perspective, duplicated structures, warped signage, invented text, watermark, logo, low detail, blur",Real Haunted Places/United States,1.0,False
0352 | Real Haunted Places/United States/Lizzie Borden House — Midnight Fog,"Lizzie Borden House, the preserved Victorian house in Fall River, narrow rooms, patterned wallpaper and period furnishings, after midnight, subtle fog, limited warm practical lights, deep readable shadows, historically coherent surfaces and an empty cinematic composition, no people present, environment-first composition, highly detailed architecture and surfaces, coherent spatial layout, cinematic depth, polished colour separation, subtle volumetric atmosphere, realistic materials, professional horror production design","people as main subject, visible monster as main subject, graphic gore, inaccurate landmark replacement, modern clutter, bright cheerful mood, malformed architecture, impossible perspective, duplicated structures, warped signage, invented text, watermark, logo, low detail, blur",Real Haunted Places/United States,1.0,False
0353 | Real Haunted Places/United States/Lizzie Borden House — Storm Aftermath,"Lizzie Borden House, the preserved Victorian house in Fall River, narrow rooms, patterned wallpaper and period furnishings, after a passing storm, wet stone and reflective ground, broken cloud, wind-tossed vegetation, dramatic but believable light and restrained supernatural unease, no people present, environment-first composition, highly detailed architecture and surfaces, coherent spatial layout, cinematic depth, polished colour separation, subtle volumetric atmosphere, realistic materials, professional horror production design","people as main subject, visible monster as main subject, graphic gore, inaccurate landmark replacement, modern clutter, bright cheerful mood, malformed architecture, impossible perspective, duplicated structures, warped signage, invented text, watermark, logo, low detail, blur",Real Haunted Places/United States,1.0,False
0354 | Real Haunted Places/United States/Villisca Axe Murder House — Blue Hour,"Villisca Axe Murder House, the small Iowa house, simple bedrooms, white clapboard exterior and quiet residential street, during blue hour, cool ambient light, architectural detail retained, light ground mist, respectful documentary-horror atmosphere and a carefully composed wide view, no people present, environment-first composition, highly detailed architecture and surfaces, coherent spatial layout, cinematic depth, polished colour separation, subtle volumetric atmosphere, realistic materials, professional horror production design","people as main subject, visible monster as main subject, graphic gore, inaccurate landmark replacement, modern clutter, bright cheerful mood, malformed architecture, impossible perspective, duplicated structures, warped signage, invented text, watermark, logo, low detail, blur",Real Haunted Places/United States,1.0,False
0355 | Real Haunted Places/United States/Villisca Axe Murder House — Midnight Fog,"Villisca Axe Murder House, the small Iowa house, simple bedrooms, white clapboard exterior and quiet residential street, after midnight, subtle fog, limited warm practical lights, deep readable shadows, historically coherent surfaces and an empty cinematic composition, no people present, environment-first composition, highly detailed architecture and surfaces, coherent spatial layout, cinematic depth, polished colour separation, subtle volumetric atmosphere, realistic materials, professional horror production design","people as main subject, visible monster as main subject, graphic gore, inaccurate landmark replacement, modern clutter, bright cheerful mood, malformed architecture, impossible perspective, duplicated structures, warped signage, invented text, watermark, logo, low detail, blur",Real Haunted Places/United States,1.0,False
0356 | Real Haunted Places/United States/Villisca Axe Murder House — Storm Aftermath,"Villisca Axe Murder House, the small Iowa house, simple bedrooms, white clapboard exterior and quiet residential street, after a passing storm, wet stone and reflective ground, broken cloud, wind-tossed vegetation, dramatic but believable light and restrained supernatural unease, no people present, environment-first composition, highly detailed architecture and surfaces, coherent spatial layout, cinematic depth, polished colour separation, subtle volumetric atmosphere, realistic materials, professional horror production design","people as main subject, visible monster as main subject, graphic gore, inaccurate landmark replacement, modern clutter, bright cheerful mood, malformed architecture, impossible perspective, duplicated structures, warped signage, invented text, watermark, logo, low detail, blur",Real Haunted Places/United States,1.0,False
0357 | Real Haunted Places/United States/St Augustine Lighthouse — Blue Hour,"St Augustine Lighthouse, the black-and-white striped Florida lighthouse, spiral stair, keeper’s house and stormy Atlantic coast, during blue hour, cool ambient light, architectural detail retained, light ground mist, respectful documentary-horror atmosphere and a carefully composed wide view, no people present, environment-first composition, highly detailed architecture and surfaces, coherent spatial layout, cinematic depth, polished colour separation, subtle volumetric atmosphere, realistic materials, professional horror production design","people as main subject, visible monster as main subject, graphic gore, inaccurate landmark replacement, modern clutter, bright cheerful mood, malformed architecture, impossible perspective, duplicated structures, warped signage, invented text, watermark, logo, low detail, blur",Real Haunted Places/United States,1.0,False
0358 | Real Haunted Places/United States/St Augustine Lighthouse — Midnight Fog,"St Augustine Lighthouse, the black-and-white striped Florida lighthouse, spiral stair, keeper’s house and stormy Atlantic coast, after midnight, subtle fog, limited warm practical lights, deep readable shadows, historically coherent surfaces and an empty cinematic composition, no people present, environment-first composition, highly detailed architecture and surfaces, coherent spatial layout, cinematic depth, polished colour separation, subtle volumetric atmosphere, realistic materials, professional horror production design","people as main subject, visible monster as main subject, graphic gore, inaccurate landmark replacement, modern clutter, bright cheerful mood, malformed architecture, impossible perspective, duplicated structures, warped signage, invented text, watermark, logo, low detail, blur",Real Haunted Places/United States,1.0,False
0359 | Real Haunted Places/United States/St Augustine Lighthouse — Storm Aftermath,"St Augustine Lighthouse, the black-and-white striped Florida lighthouse, spiral stair, keeper’s house and stormy Atlantic coast, after a passing storm, wet stone and reflective ground, broken cloud, wind-tossed vegetation, dramatic but believable light and restrained supernatural unease, no people present, environment-first composition, highly detailed architecture and surfaces, coherent spatial layout, cinematic depth, polished colour separation, subtle volumetric atmosphere, realistic materials, professional horror production design","people as main subject, visible monster as main subject, graphic gore, inaccurate landmark replacement, modern clutter, bright cheerful mood, malformed architecture, impossible perspective, duplicated structures, warped signage, invented text, watermark, logo, low detail, blur",Real Haunted Places/United States,1.0,False
0360 | Real Haunted Places/United States/St Louis Cemetery No. 1 — Blue Hour,"St Louis Cemetery No. 1, the historic New Orleans cemetery, above-ground tombs, narrow paths, ironwork and humid Gulf atmosphere, during blue hour, cool ambient light, architectural detail retained, light ground mist, respectful documentary-horror atmosphere and a carefully composed wide view, no people present, environment-first composition, highly detailed architecture and surfaces, coherent spatial layout, cinematic depth, polished colour separation, subtle volumetric atmosphere, realistic materials, professional horror production design","people as main subject, visible monster as main subject, graphic gore, inaccurate landmark replacement, modern clutter, bright cheerful mood, malformed architecture, impossible perspective, duplicated structures, warped signage, invented text, watermark, logo, low detail, blur",Real Haunted Places/United States,1.0,False
0361 | Real Haunted Places/United States/St Louis Cemetery No. 1 — Midnight Fog,"St Louis Cemetery No. 1, the historic New Orleans cemetery, above-ground tombs, narrow paths, ironwork and humid Gulf atmosphere, after midnight, subtle fog, limited warm practical lights, deep readable shadows, historically coherent surfaces and an empty cinematic composition, no people present, environment-first composition, highly detailed architecture and surfaces, coherent spatial layout, cinematic depth, polished colour separation, subtle volumetric atmosphere, realistic materials, professional horror production design","people as main subject, visible monster as main subject, graphic gore, inaccurate landmark replacement, modern clutter, bright cheerful mood, malformed architecture, impossible perspective, duplicated structures, warped signage, invented text, watermark, logo, low detail, blur",Real Haunted Places/United States,1.0,False
0362 | Real Haunted Places/United States/St Louis Cemetery No. 1 — Storm Aftermath,"St Louis Cemetery No. 1, the historic New Orleans cemetery, above-ground tombs, narrow paths, ironwork and humid Gulf atmosphere, after a passing storm, wet stone and reflective ground, broken cloud, wind-tossed vegetation, dramatic but believable light and restrained supernatural unease, no people present, environment-first composition, highly detailed architecture and surfaces, coherent spatial layout, cinematic depth, polished colour separation, subtle volumetric atmosphere, realistic materials, professional horror production design","people as main subject, visible monster as main subject, graphic gore, inaccurate landmark replacement, modern clutter, bright cheerful mood, malformed architecture, impossible perspective, duplicated structures, warped signage, invented text, watermark, logo, low detail, blur",Real Haunted Places/United States,1.0,False
0363 | Real Haunted Places/United States/LaLaurie Mansion — Blue Hour,"LaLaurie Mansion, the imposing French Quarter mansion, balconies, shuttered windows, inner courtyard and gaslit street, during blue hour, cool ambient light, architectural detail retained, light ground mist, respectful documentary-horror atmosphere and a carefully composed wide view, no people present, environment-first composition, highly detailed architecture and surfaces, coherent spatial layout, cinematic depth, polished colour separation, subtle volumetric atmosphere, realistic materials, professional horror production design","people as main subject, visible monster as main subject, graphic gore, inaccurate landmark replacement, modern clutter, bright cheerful mood, malformed architecture, impossible perspective, duplicated structures, warped signage, invented text, watermark, logo, low detail, blur",Real Haunted Places/United States,1.0,False
0364 | Real Haunted Places/United States/LaLaurie Mansion — Midnight Fog,"LaLaurie Mansion, the imposing French Quarter mansion, balconies, shuttered windows, inner courtyard and gaslit street, after midnight, subtle fog, limited warm practical lights, deep readable shadows, historically coherent surfaces and an empty cinematic composition, no people present, environment-first composition, highly detailed architecture and surfaces, coherent spatial layout, cinematic depth, polished colour separation, subtle volumetric atmosphere, realistic materials, professional horror production design","people as main subject, visible monster as main subject, graphic gore, inaccurate landmark replacement, modern clutter, bright cheerful mood, malformed architecture, impossible perspective, duplicated structures, warped signage, invented text, watermark, logo, low detail, blur",Real Haunted Places/United States,1.0,False
0365 | Real Haunted Places/United States/LaLaurie Mansion — Storm Aftermath,"LaLaurie Mansion, the imposing French Quarter mansion, balconies, shuttered windows, inner courtyard and gaslit street, after a passing storm, wet stone and reflective ground, broken cloud, wind-tossed vegetation, dramatic but believable light and restrained supernatural unease, no people present, environment-first composition, highly detailed architecture and surfaces, coherent spatial layout, cinematic depth, polished colour separation, subtle volumetric atmosphere, realistic materials, professional horror production design","people as main subject, visible monster as main subject, graphic gore, inaccurate landmark replacement, modern clutter, bright cheerful mood, malformed architecture, impossible perspective, duplicated structures, warped signage, invented text, watermark, logo, low detail, blur",Real Haunted Places/United States,1.0,False
"0366 | Real Haunted Places/United States/Old Burying Point, Salem — Blue Hour","Old Burying Point, Salem, the historic Salem graveyard, slate headstones, brick paths, old trees and surrounding colonial buildings, during blue hour, cool ambient light, architectural detail retained, light ground mist, respectful documentary-horror atmosphere and a carefully composed wide view, no people present, environment-first composition, highly detailed architecture and surfaces, coherent spatial layout, cinematic depth, polished colour separation, subtle volumetric atmosphere, realistic materials, professional horror production design","people as main subject, visible monster as main subject, graphic gore, inaccurate landmark replacement, modern clutter, bright cheerful mood, malformed architecture, impossible perspective, duplicated structures, warped signage, invented text, watermark, logo, low detail, blur",Real Haunted Places/United States,1.0,False
"0367 | Real Haunted Places/United States/Old Burying Point, Salem — Midnight Fog","Old Burying Point, Salem, the historic Salem graveyard, slate headstones, brick paths, old trees and surrounding colonial buildings, after midnight, subtle fog, limited warm practical lights, deep readable shadows, historically coherent surfaces and an empty cinematic composition, no people present, environment-first composition, highly detailed architecture and surfaces, coherent spatial layout, cinematic depth, polished colour separation, subtle volumetric atmosphere, realistic materials, professional horror production design","people as main subject, visible monster as main subject, graphic gore, inaccurate landmark replacement, modern clutter, bright cheerful mood, malformed architecture, impossible perspective, duplicated structures, warped signage, invented text, watermark, logo, low detail, blur",Real Haunted Places/United States,1.0,False
"0368 | Real Haunted Places/United States/Old Burying Point, Salem — Storm Aftermath","Old Burying Point, Salem, the historic Salem graveyard, slate headstones, brick paths, old trees and surrounding colonial buildings, after a passing storm, wet stone and reflective ground, broken cloud, wind-tossed vegetation, dramatic but believable light and restrained supernatural unease, no people present, environment-first composition, highly detailed architecture and surfaces, coherent spatial layout, cinematic depth, polished colour separation, subtle volumetric atmosphere, realistic materials, professional horror production design","people as main subject, visible monster as main subject, graphic gore, inaccurate landmark replacement, modern clutter, bright cheerful mood, malformed architecture, impossible perspective, duplicated structures, warped signage, invented text, watermark, logo, low detail, blur",Real Haunted Places/United States,1.0,False
0369 | Real Haunted Places/United States/The Myrtles Plantation — Blue Hour,"The Myrtles Plantation, the Louisiana plantation house, broad veranda, old mirrors, oak trees and misty grounds, during blue hour, cool ambient light, architectural detail retained, light ground mist, respectful documentary-horror atmosphere and a carefully composed wide view, no people present, environment-first composition, highly detailed architecture and surfaces, coherent spatial layout, cinematic depth, polished colour separation, subtle volumetric atmosphere, realistic materials, professional horror production design","people as main subject, visible monster as main subject, graphic gore, inaccurate landmark replacement, modern clutter, bright cheerful mood, malformed architecture, impossible perspective, duplicated structures, warped signage, invented text, watermark, logo, low detail, blur",Real Haunted Places/United States,1.0,False
0370 | Real Haunted Places/United States/The Myrtles Plantation — Midnight Fog,"The Myrtles Plantation, the Louisiana plantation house, broad veranda, old mirrors, oak trees and misty grounds, after midnight, subtle fog, limited warm practical lights, deep readable shadows, historically coherent surfaces and an empty cinematic composition, no people present, environment-first composition, highly detailed architecture and surfaces, coherent spatial layout, cinematic depth, polished colour separation, subtle volumetric atmosphere, realistic materials, professional horror production design","people as main subject, visible monster as main subject, graphic gore, inaccurate landmark replacement, modern clutter, bright cheerful mood, malformed architecture, impossible perspective, duplicated structures, warped signage, invented text, watermark, logo, low detail, blur",Real Haunted Places/United States,1.0,False
0371 | Real Haunted Places/United States/The Myrtles Plantation — Storm Aftermath,"The Myrtles Plantation, the Louisiana plantation house, broad veranda, old mirrors, oak trees and misty grounds, after a passing storm, wet stone and reflective ground, broken cloud, wind-tossed vegetation, dramatic but believable light and restrained supernatural unease, no people present, environment-first composition, highly detailed architecture and surfaces, coherent spatial layout, cinematic depth, polished colour separation, subtle volumetric atmosphere, realistic materials, professional horror production design","people as main subject, visible monster as main subject, graphic gore, inaccurate landmark replacement, modern clutter, bright cheerful mood, malformed architecture, impossible perspective, duplicated structures, warped signage, invented text, watermark, logo, low detail, blur",Real Haunted Places/United States,1.0,False
0372 | Real Haunted Places/United States/RMS Queen Mary — Blue Hour,"RMS Queen Mary, the preserved ocean liner at Long Beach, Art Deco corridors, engine spaces, empty pool and harbour lights, during blue hour, cool ambient light, architectural detail retained, light ground mist, respectful documentary-horror atmosphere and a carefully composed wide view, no people present, environment-first composition, highly detailed architecture and surfaces, coherent spatial layout, cinematic depth, polished colour separation, subtle volumetric atmosphere, realistic materials, professional horror production design","people as main subject, visible monster as main subject, graphic gore, inaccurate landmark replacement, modern clutter, bright cheerful mood, malformed architecture, impossible perspective, duplicated structures, warped signage, invented text, watermark, logo, low detail, blur",Real Haunted Places/United States,1.0,False
0373 | Real Haunted Places/United States/RMS Queen Mary — Midnight Fog,"RMS Queen Mary, the preserved ocean liner at Long Beach, Art Deco corridors, engine spaces, empty pool and harbour lights, after midnight, subtle fog, limited warm practical lights, deep readable shadows, historically coherent surfaces and an empty cinematic composition, no people present, environment-first composition, highly detailed architecture and surfaces, coherent spatial layout, cinematic depth, polished colour separation, subtle volumetric atmosphere, realistic materials, professional horror production design","people as main subject, visible monster as main subject, graphic gore, inaccurate landmark replacement, modern clutter, bright cheerful mood, malformed architecture, impossible perspective, duplicated structures, warped signage, invented text, watermark, logo, low detail, blur",Real Haunted Places/United States,1.0,False
0374 | Real Haunted Places/United States/RMS Queen Mary — Storm Aftermath,"RMS Queen Mary, the preserved ocean liner at Long Beach, Art Deco corridors, engine spaces, empty pool and harbour lights, after a passing storm, wet stone and reflective ground, broken cloud, wind-tossed vegetation, dramatic but believable light and restrained supernatural unease, no people present, environment-first composition, highly detailed architecture and surfaces, coherent spatial layout, cinematic depth, polished colour separation, subtle volumetric atmosphere, realistic materials, professional horror production design","people as main subject, visible monster as main subject, graphic gore, inaccurate landmark replacement, modern clutter, bright cheerful mood, malformed architecture, impossible perspective, duplicated structures, warped signage, invented text, watermark, logo, low detail, blur",Real Haunted Places/United States,1.0,False
0375 | Real Haunted Places/United States/Alcatraz Cellhouse — Blue Hour,"Alcatraz Cellhouse, the island prison cellhouse, steel galleries, narrow cells, gun gallery and fog over San Francisco Bay, during blue hour, cool ambient light, architectural detail retained, light ground mist, respectful documentary-horror atmosphere and a carefully composed wide view, no people present, environment-first composition, highly detailed architecture and surfaces, coherent spatial layout, cinematic depth, polished colour separation, subtle volumetric atmosphere, realistic materials, professional horror production design","people as main subject, visible monster as main subject, graphic gore, inaccurate landmark replacement, modern clutter, bright cheerful mood, malformed architecture, impossible perspective, duplicated structures, warped signage, invented text, watermark, logo, low detail, blur",Real Haunted Places/United States,1.0,False
0376 | Real Haunted Places/United States/Alcatraz Cellhouse — Midnight Fog,"Alcatraz Cellhouse, the island prison cellhouse, steel galleries, narrow cells, gun gallery and fog over San Francisco Bay, after midnight, subtle fog, limited warm practical lights, deep readable shadows, historically coherent surfaces and an empty cinematic composition, no people present, environment-first composition, highly detailed architecture and surfaces, coherent spatial layout, cinematic depth, polished colour separation, subtle volumetric atmosphere, realistic materials, professional horror production design","people as main subject, visible monster as main subject, graphic gore, inaccurate landmark replacement, modern clutter, bright cheerful mood, malformed architecture, impossible perspective, duplicated structures, warped signage, invented text, watermark, logo, low detail, blur",Real Haunted Places/United States,1.0,False
0377 | Real Haunted Places/United States/Alcatraz Cellhouse — Storm Aftermath,"Alcatraz Cellhouse, the island prison cellhouse, steel galleries, narrow cells, gun gallery and fog over San Francisco Bay, after a passing storm, wet stone and reflective ground, broken cloud, wind-tossed vegetation, dramatic but believable light and restrained supernatural unease, no people present, environment-first composition, highly detailed architecture and surfaces, coherent spatial layout, cinematic depth, polished colour separation, subtle volumetric atmosphere, realistic materials, professional horror production design","people as main subject, visible monster as main subject, graphic gore, inaccurate landmark replacement, modern clutter, bright cheerful mood, malformed architecture, impossible perspective, duplicated structures, warped signage, invented text, watermark, logo, low detail, blur",Real Haunted Places/United States,1.0,False
0378 | Real Haunted Places/United States/Gettysburg Battlefield — Blue Hour,"Gettysburg Battlefield, the preserved battlefield, stone walls, split-rail fences, distant monuments and dawn ground mist, during blue hour, cool ambient light, architectural detail retained, light ground mist, respectful documentary-horror atmosphere and a carefully composed wide view, no people present, environment-first composition, highly detailed architecture and surfaces, coherent spatial layout, cinematic depth, polished colour separation, subtle volumetric atmosphere, realistic materials, professional horror production design","people as main subject, visible monster as main subject, graphic gore, inaccurate landmark replacement, modern clutter, bright cheerful mood, malformed architecture, impossible perspective, duplicated structures, warped signage, invented text, watermark, logo, low detail, blur",Real Haunted Places/United States,1.0,False
0379 | Real Haunted Places/United States/Gettysburg Battlefield — Midnight Fog,"Gettysburg Battlefield, the preserved battlefield, stone walls, split-rail fences, distant monuments and dawn ground mist, after midnight, subtle fog, limited warm practical lights, deep readable shadows, historically coherent surfaces and an empty cinematic composition, no people present, environment-first composition, highly detailed architecture and surfaces, coherent spatial layout, cinematic depth, polished colour separation, subtle volumetric atmosphere, realistic materials, professional horror production design","people as main subject, visible monster as main subject, graphic gore, inaccurate landmark replacement, modern clutter, bright cheerful mood, malformed architecture, impossible perspective, duplicated structures, warped signage, invented text, watermark, logo, low detail, blur",Real Haunted Places/United States,1.0,False
0380 | Real Haunted Places/United States/Gettysburg Battlefield — Storm Aftermath,"Gettysburg Battlefield, the preserved battlefield, stone walls, split-rail fences, distant monuments and dawn ground mist, after a passing storm, wet stone and reflective ground, broken cloud, wind-tossed vegetation, dramatic but believable light and restrained supernatural unease, no people present, environment-first composition, highly detailed architecture and surfaces, coherent spatial layout, cinematic depth, polished colour separation, subtle volumetric atmosphere, realistic materials, professional horror production design","people as main subject, visible monster as main subject, graphic gore, inaccurate landmark replacement, modern clutter, bright cheerful mood, malformed architecture, impossible perspective, duplicated structures, warped signage, invented text, watermark, logo, low detail, blur",Real Haunted Places/United States,1.0,False
0381 | Real Haunted Places/Australia/Old Melbourne Gaol — Blue Hour,"Old Melbourne Gaol, the historic bluestone prison in central Melbourne, narrow cells, iron landings and severe Victorian masonry, during blue hour, cool ambient light, architectural detail retained, light ground mist, respectful documentary-horror atmosphere and a carefully composed wide view, no people present, environment-first composition, highly detailed architecture and surfaces, coherent spatial layout, cinematic depth, polished colour separation, subtle volumetric atmosphere, realistic materials, professional horror production design","people as main subject, visible monster as main subject, graphic gore, inaccurate landmark replacement, modern clutter, bright cheerful mood, malformed architecture, impossible perspective, duplicated structures, warped signage, invented text, watermark, logo, low detail, blur",Real Haunted Places/Australia,1.0,False
0382 | Real Haunted Places/Australia/Old Melbourne Gaol — Midnight Fog,"Old Melbourne Gaol, the historic bluestone prison in central Melbourne, narrow cells, iron landings and severe Victorian masonry, after midnight, subtle fog, limited warm practical lights, deep readable shadows, historically coherent surfaces and an empty cinematic composition, no people present, environment-first composition, highly detailed architecture and surfaces, coherent spatial layout, cinematic depth, polished colour separation, subtle volumetric atmosphere, realistic materials, professional horror production design","people as main subject, visible monster as main subject, graphic gore, inaccurate landmark replacement, modern clutter, bright cheerful mood, malformed architecture, impossible perspective, duplicated structures, warped signage, invented text, watermark, logo, low detail, blur",Real Haunted Places/Australia,1.0,False
0383 | Real Haunted Places/Australia/Old Melbourne Gaol — Storm Aftermath,"Old Melbourne Gaol, the historic bluestone prison in central Melbourne, narrow cells, iron landings and severe Victorian masonry, after a passing storm, wet stone and reflective ground, broken cloud, wind-tossed vegetation, dramatic but believable light and restrained supernatural unease, no people present, environment-first composition, highly detailed architecture and surfaces, coherent spatial layout, cinematic depth, polished colour separation, subtle volumetric atmosphere, realistic materials, professional horror production design","people as main subject, visible monster as main subject, graphic gore, inaccurate landmark replacement, modern clutter, bright cheerful mood, malformed architecture, impossible perspective, duplicated structures, warped signage, invented text, watermark, logo, low detail, blur",Real Haunted Places/Australia,1.0,False
0384 | Real Haunted Places/Australia/Port Arthur Penitentiary — Blue Hour,"Port Arthur Penitentiary, the ruined colonial penitentiary in Tasmania, roofless stone walls, harbour, lawns and cold coastal mist, during blue hour, cool ambient light, architectural detail retained, light ground mist, respectful documentary-horror atmosphere and a carefully composed wide view, no people present, environment-first composition, highly detailed architecture and surfaces, coherent spatial layout, cinematic depth, polished colour separation, subtle volumetric atmosphere, realistic materials, professional horror production design","people as main subject, visible monster as main subject, graphic gore, inaccurate landmark replacement, modern clutter, bright cheerful mood, malformed architecture, impossible perspective, duplicated structures, warped signage, invented text, watermark, logo, low detail, blur",Real Haunted Places/Australia,1.0,False
0385 | Real Haunted Places/Australia/Port Arthur Penitentiary — Midnight Fog,"Port Arthur Penitentiary, the ruined colonial penitentiary in Tasmania, roofless stone walls, harbour, lawns and cold coastal mist, after midnight, subtle fog, limited warm practical lights, deep readable shadows, historically coherent surfaces and an empty cinematic composition, no people present, environment-first composition, highly detailed architecture and surfaces, coherent spatial layout, cinematic depth, polished colour separation, subtle volumetric atmosphere, realistic materials, professional horror production design","people as main subject, visible monster as main subject, graphic gore, inaccurate landmark replacement, modern clutter, bright cheerful mood, malformed architecture, impossible perspective, duplicated structures, warped signage, invented text, watermark, logo, low detail, blur",Real Haunted Places/Australia,1.0,False
0386 | Real Haunted Places/Australia/Port Arthur Penitentiary — Storm Aftermath,"Port Arthur Penitentiary, the ruined colonial penitentiary in Tasmania, roofless stone walls, harbour, lawns and cold coastal mist, after a passing storm, wet stone and reflective ground, broken cloud, wind-tossed vegetation, dramatic but believable light and restrained supernatural unease, no people present, environment-first composition, highly detailed architecture and surfaces, coherent spatial layout, cinematic depth, polished colour separation, subtle volumetric atmosphere, realistic materials, professional horror production design","people as main subject, visible monster as main subject, graphic gore, inaccurate landmark replacement, modern clutter, bright cheerful mood, malformed architecture, impossible perspective, duplicated structures, warped signage, invented text, watermark, logo, low detail, blur",Real Haunted Places/Australia,1.0,False
0387 | Real Haunted Places/Australia/Monte Cristo Homestead — Blue Hour,"Monte Cristo Homestead, the historic homestead at Junee, ornate veranda, period rooms, old staircase and rural New South Wales grounds, during blue hour, cool ambient light, architectural detail retained, light ground mist, respectful documentary-horror atmosphere and a carefully composed wide view, no people present, environment-first composition, highly detailed architecture and surfaces, coherent spatial layout, cinematic depth, polished colour separation, subtle volumetric atmosphere, realistic materials, professional horror production design","people as main subject, visible monster as main subject, graphic gore, inaccurate landmark replacement, modern clutter, bright cheerful mood, malformed architecture, impossible perspective, duplicated structures, warped signage, invented text, watermark, logo, low detail, blur",Real Haunted Places/Australia,1.0,False
0388 | Real Haunted Places/Australia/Monte Cristo Homestead — Midnight Fog,"Monte Cristo Homestead, the historic homestead at Junee, ornate veranda, period rooms, old staircase and rural New South Wales grounds, after midnight, subtle fog, limited warm practical lights, deep readable shadows, historically coherent surfaces and an empty cinematic composition, no people present, environment-first composition, highly detailed architecture and surfaces, coherent spatial layout, cinematic depth, polished colour separation, subtle volumetric atmosphere, realistic materials, professional horror production design","people as main subject, visible monster as main subject, graphic gore, inaccurate landmark replacement, modern clutter, bright cheerful mood, malformed architecture, impossible perspective, duplicated structures, warped signage, invented text, watermark, logo, low detail, blur",Real Haunted Places/Australia,1.0,False
0389 | Real Haunted Places/Australia/Monte Cristo Homestead — Storm Aftermath,"Monte Cristo Homestead, the historic homestead at Junee, ornate veranda, period rooms, old staircase and rural New South Wales grounds, after a passing storm, wet stone and reflective ground, broken cloud, wind-tossed vegetation, dramatic but believable light and restrained supernatural unease, no people present, environment-first composition, highly detailed architecture and surfaces, coherent spatial layout, cinematic depth, polished colour separation, subtle volumetric atmosphere, realistic materials, professional horror production design","people as main subject, visible monster as main subject, graphic gore, inaccurate landmark replacement, modern clutter, bright cheerful mood, malformed architecture, impossible perspective, duplicated structures, warped signage, invented text, watermark, logo, low detail, blur",Real Haunted Places/Australia,1.0,False
0390 | Real Haunted Places/Australia/Aradale Asylum — Blue Hour,"Aradale Asylum, the large former psychiatric complex at Ararat, long brick wards, covered walkways and overgrown grounds, during blue hour, cool ambient light, architectural detail retained, light ground mist, respectful documentary-horror atmosphere and a carefully composed wide view, no people present, environment-first composition, highly detailed architecture and surfaces, coherent spatial layout, cinematic depth, polished colour separation, subtle volumetric atmosphere, realistic materials, professional horror production design","people as main subject, visible monster as main subject, graphic gore, inaccurate landmark replacement, modern clutter, bright cheerful mood, malformed architecture, impossible perspective, duplicated structures, warped signage, invented text, watermark, logo, low detail, blur",Real Haunted Places/Australia,1.0,False
0391 | Real Haunted Places/Australia/Aradale Asylum — Midnight Fog,"Aradale Asylum, the large former psychiatric complex at Ararat, long brick wards, covered walkways and overgrown grounds, after midnight, subtle fog, limited warm practical lights, deep readable shadows, historically coherent surfaces and an empty cinematic composition, no people present, environment-first composition, highly detailed architecture and surfaces, coherent spatial layout, cinematic depth, polished colour separation, subtle volumetric atmosphere, realistic materials, professional horror production design","people as main subject, visible monster as main subject, graphic gore, inaccurate landmark replacement, modern clutter, bright cheerful mood, malformed architecture, impossible perspective, duplicated structures, warped signage, invented text, watermark, logo, low detail, blur",Real Haunted Places/Australia,1.0,False
0392 | Real Haunted Places/Australia/Aradale Asylum — Storm Aftermath,"Aradale Asylum, the large former psychiatric complex at Ararat, long brick wards, covered walkways and overgrown grounds, after a passing storm, wet stone and reflective ground, broken cloud, wind-tossed vegetation, dramatic but believable light and restrained supernatural unease, no people present, environment-first composition, highly detailed architecture and surfaces, coherent spatial layout, cinematic depth, polished colour separation, subtle volumetric atmosphere, realistic materials, professional horror production design","people as main subject, visible monster as main subject, graphic gore, inaccurate landmark replacement, modern clutter, bright cheerful mood, malformed architecture, impossible perspective, duplicated structures, warped signage, invented text, watermark, logo, low detail, blur",Real Haunted Places/Australia,1.0,False
0393 | Real Haunted Places/Australia/Fremantle Prison — Blue Hour,"Fremantle Prison, the historic limestone prison in Western Australia, central cellblock, iron galleries, exercise yards and tunnel system, during blue hour, cool ambient light, architectural detail retained, light ground mist, respectful documentary-horror atmosphere and a carefully composed wide view, no people present, environment-first composition, highly detailed architecture and surfaces, coherent spatial layout, cinematic depth, polished colour separation, subtle volumetric atmosphere, realistic materials, professional horror production design","people as main subject, visible monster as main subject, graphic gore, inaccurate landmark replacement, modern clutter, bright cheerful mood, malformed architecture, impossible perspective, duplicated structures, warped signage, invented text, watermark, logo, low detail, blur",Real Haunted Places/Australia,1.0,False
0394 | Real Haunted Places/Australia/Fremantle Prison — Midnight Fog,"Fremantle Prison, the historic limestone prison in Western Australia, central cellblock, iron galleries, exercise yards and tunnel system, after midnight, subtle fog, limited warm practical lights, deep readable shadows, historically coherent surfaces and an empty cinematic composition, no people present, environment-first composition, highly detailed architecture and surfaces, coherent spatial layout, cinematic depth, polished colour separation, subtle volumetric atmosphere, realistic materials, professional horror production design","people as main subject, visible monster as main subject, graphic gore, inaccurate landmark replacement, modern clutter, bright cheerful mood, malformed architecture, impossible perspective, duplicated structures, warped signage, invented text, watermark, logo, low detail, blur",Real Haunted Places/Australia,1.0,False
0395 | Real Haunted Places/Australia/Fremantle Prison — Storm Aftermath,"Fremantle Prison, the historic limestone prison in Western Australia, central cellblock, iron galleries, exercise yards and tunnel system, after a passing storm, wet stone and reflective ground, broken cloud, wind-tossed vegetation, dramatic but believable light and restrained supernatural unease, no people present, environment-first composition, highly detailed architecture and surfaces, coherent spatial layout, cinematic depth, polished colour separation, subtle volumetric atmosphere, realistic materials, professional horror production design","people as main subject, visible monster as main subject, graphic gore, inaccurate landmark replacement, modern clutter, bright cheerful mood, malformed architecture, impossible perspective, duplicated structures, warped signage, invented text, watermark, logo, low detail, blur",Real Haunted Places/Australia,1.0,False
0396 | Original Cinematic Horror/Abandoned County Hospital — Blue Hour,"Abandoned County Hospital, a sprawling abandoned hospital with tiled wards, nurses’ station, empty operating rooms and rain on broken windows, at blue hour, cool exterior ambience, small warm practical lights, layered depth, precise production design and a polished widescreen horror establishing shot, no people present, environment-first composition, highly detailed architecture and surfaces, coherent spatial layout, cinematic depth, polished colour separation, subtle volumetric atmosphere, realistic materials, professional horror production design","people as main subject, visible monster as main subject, graphic gore, modern clutter that contradicts the setting, bright cheerful mood, flat lighting, malformed architecture, impossible perspective, duplicated doors, floating objects, warped signage, invented readable text, watermark, logo, low detail, blur",Original Cinematic Horror,1.0,False
0397 | Original Cinematic Horror/Abandoned County Hospital — Moonlit Fog,"Abandoned County Hospital, a sprawling abandoned hospital with tiled wards, nurses’ station, empty operating rooms and rain on broken windows, under moonlight and drifting fog, strong silhouettes, readable environmental detail, controlled contrast and a quiet supernatural atmosphere, no people present, environment-first composition, highly detailed architecture and surfaces, coherent spatial layout, cinematic depth, polished colour separation, subtle volumetric atmosphere, realistic materials, professional horror production design","people as main subject, visible monster as main subject, graphic gore, modern clutter that contradicts the setting, bright cheerful mood, flat lighting, malformed architecture, impossible perspective, duplicated doors, floating objects, warped signage, invented readable text, watermark, logo, low detail, blur",Original Cinematic Horror,1.0,False
0398 | Original Cinematic Horror/Abandoned County Hospital — Storm Night,"Abandoned County Hospital, a sprawling abandoned hospital with tiled wards, nurses’ station, empty operating rooms and rain on broken windows, during a stormy night, rain or wind appropriate to the setting, intermittent practical light, reflective surfaces and cinematic tension without visible characters, no people present, environment-first composition, highly detailed architecture and surfaces, coherent spatial layout, cinematic depth, polished colour separation, subtle volumetric atmosphere, realistic materials, professional horror production design","people as main subject, visible monster as main subject, graphic gore, modern clutter that contradicts the setting, bright cheerful mood, flat lighting, malformed architecture, impossible perspective, duplicated doors, floating objects, warped signage, invented readable text, watermark, logo, low detail, blur",Original Cinematic Horror,1.0,False
0399 | Original Cinematic Horror/Abandoned County Hospital — Abandoned Daylight,"Abandoned County Hospital, a sprawling abandoned hospital with tiled wards, nurses’ station, empty operating rooms and rain on broken windows, in pale overcast daylight, abandonment clearly visible, authentic wear and material detail, long empty sightlines and unsettling realism rather than darkness alone, no people present, environment-first composition, highly detailed architecture and surfaces, coherent spatial layout, cinematic depth, polished colour separation, subtle volumetric atmosphere, realistic materials, professional horror production design","people as main subject, visible monster as main subject, graphic gore, modern clutter that contradicts the setting, bright cheerful mood, flat lighting, malformed architecture, impossible perspective, duplicated doors, floating objects, warped signage, invented readable text, watermark, logo, low detail, blur",Original Cinematic Horror,1.0,False
0400 | Original Cinematic Horror/Derelict Psychiatric Asylum — Blue Hour,"Derelict Psychiatric Asylum, a decaying institutional asylum with radial corridors, barred rooms, hydrotherapy chamber and peeling green paint, at blue hour, cool exterior ambience, small warm practical lights, layered depth, precise production design and a polished widescreen horror establishing shot, no people present, environment-first composition, highly detailed architecture and surfaces, coherent spatial layout, cinematic depth, polished colour separation, subtle volumetric atmosphere, realistic materials, professional horror production design","people as main subject, visible monster as main subject, graphic gore, modern clutter that contradicts the setting, bright cheerful mood, flat lighting, malformed architecture, impossible perspective, duplicated doors, floating objects, warped signage, invented readable text, watermark, logo, low detail, blur",Original Cinematic Horror,1.0,False
0401 | Original Cinematic Horror/Derelict Psychiatric Asylum — Moonlit Fog,"Derelict Psychiatric Asylum, a decaying institutional asylum with radial corridors, barred rooms, hydrotherapy chamber and peeling green paint, under moonlight and drifting fog, strong silhouettes, readable environmental detail, controlled contrast and a quiet supernatural atmosphere, no people present, environment-first composition, highly detailed architecture and surfaces, coherent spatial layout, cinematic depth, polished colour separation, subtle volumetric atmosphere, realistic materials, professional horror production design","people as main subject, visible monster as main subject, graphic gore, modern clutter that contradicts the setting, bright cheerful mood, flat lighting, malformed architecture, impossible perspective, duplicated doors, floating objects, warped signage, invented readable text, watermark, logo, low detail, blur",Original Cinematic Horror,1.0,False
0402 | Original Cinematic Horror/Derelict Psychiatric Asylum — Storm Night,"Derelict Psychiatric Asylum, a decaying institutional asylum with radial corridors, barred rooms, hydrotherapy chamber and peeling green paint, during a stormy night, rain or wind appropriate to the setting, intermittent practical light, reflective surfaces and cinematic tension without visible characters, no people present, environment-first composition, highly detailed architecture and surfaces, coherent spatial layout, cinematic depth, polished colour separation, subtle volumetric atmosphere, realistic materials, professional horror production design","people as main subject, visible monster as main subject, graphic gore, modern clutter that contradicts the setting, bright cheerful mood, flat lighting, malformed architecture, impossible perspective, duplicated doors, floating objects, warped signage, invented readable text, watermark, logo, low detail, blur",Original Cinematic Horror,1.0,False
0403 | Original Cinematic Horror/Derelict Psychiatric Asylum — Abandoned Daylight,"Derelict Psychiatric Asylum, a decaying institutional asylum with radial corridors, barred rooms, hydrotherapy chamber and peeling green paint, in pale overcast daylight, abandonment clearly visible, authentic wear and material detail, long empty sightlines and unsettling realism rather than darkness alone, no people present, environment-first composition, highly detailed architecture and surfaces, coherent spatial layout, cinematic depth, polished colour separation, subtle volumetric atmosphere, realistic materials, professional horror production design","people as main subject, visible monster as main subject, graphic gore, modern clutter that contradicts the setting, bright cheerful mood, flat lighting, malformed architecture, impossible perspective, duplicated doors, floating objects, warped signage, invented readable text, watermark, logo, low detail, blur",Original Cinematic Horror,1.0,False
0404 | Original Cinematic Horror/Empty Shopping Mall — Blue Hour,"Empty Shopping Mall, a silent multi-level shopping mall after permanent closure, dead escalators, shuttered stores, dry fountain and skylight shadows, at blue hour, cool exterior ambience, small warm practical lights, layered depth, precise production design and a polished widescreen horror establishing shot, no people present, environment-first composition, highly detailed architecture and surfaces, coherent spatial layout, cinematic depth, polished colour separation, subtle volumetric atmosphere, realistic materials, professional horror production design","people as main subject, visible monster as main subject, graphic gore, modern clutter that contradicts the setting, bright cheerful mood, flat lighting, malformed architecture, impossible perspective, duplicated doors, floating objects, warped signage, invented readable text, watermark, logo, low detail, blur",Original Cinematic Horror,1.0,False
0405 | Original Cinematic Horror/Empty Shopping Mall — Moonlit Fog,"Empty Shopping Mall, a silent multi-level shopping mall after permanent closure, dead escalators, shuttered stores, dry fountain and skylight shadows, under moonlight and drifting fog, strong silhouettes, readable environmental detail, controlled contrast and a quiet supernatural atmosphere, no people present, environment-first composition, highly detailed architecture and surfaces, coherent spatial layout, cinematic depth, polished colour separation, subtle volumetric atmosphere, realistic materials, professional horror production design","people as main subject, visible monster as main subject, graphic gore, modern clutter that contradicts the setting, bright cheerful mood, flat lighting, malformed architecture, impossible perspective, duplicated doors, floating objects, warped signage, invented readable text, watermark, logo, low detail, blur",Original Cinematic Horror,1.0,False
0406 | Original Cinematic Horror/Empty Shopping Mall — Storm Night,"Empty Shopping Mall, a silent multi-level shopping mall after permanent closure, dead escalators, shuttered stores, dry fountain and skylight shadows, during a stormy night, rain or wind appropriate to the setting, intermittent practical light, reflective surfaces and cinematic tension without visible characters, no people present, environment-first composition, highly detailed architecture and surfaces, coherent spatial layout, cinematic depth, polished colour separation, subtle volumetric atmosphere, realistic materials, professional horror production design","people as main subject, visible monster as main subject, graphic gore, modern clutter that contradicts the setting, bright cheerful mood, flat lighting, malformed architecture, impossible perspective, duplicated doors, floating objects, warped signage, invented readable text, watermark, logo, low detail, blur",Original Cinematic Horror,1.0,False
0407 | Original Cinematic Horror/Empty Shopping Mall — Abandoned Daylight,"Empty Shopping Mall, a silent multi-level shopping mall after permanent closure, dead escalators, shuttered stores, dry fountain and skylight shadows, in pale overcast daylight, abandonment clearly visible, authentic wear and material detail, long empty sightlines and unsettling realism rather than darkness alone, no people present, environment-first composition, highly detailed architecture and surfaces, coherent spatial layout, cinematic depth, polished colour separation, subtle volumetric atmosphere, realistic materials, professional horror production design","people as main subject, visible monster as main subject, graphic gore, modern clutter that contradicts the setting, bright cheerful mood, flat lighting, malformed architecture, impossible perspective, duplicated doors, floating objects, warped signage, invented readable text, watermark, logo, low detail, blur",Original Cinematic Horror,1.0,False
0408 | Original Cinematic Horror/Condemned Secondary School — Blue Hour,"Condemned Secondary School, an abandoned school with long locker corridors, science lab, auditorium and handwritten notices left behind, at blue hour, cool exterior ambience, small warm practical lights, layered depth, precise production design and a polished widescreen horror establishing shot, no people present, environment-first composition, highly detailed architecture and surfaces, coherent spatial layout, cinematic depth, polished colour separation, subtle volumetric atmosphere, realistic materials, professional horror production design","people as main subject, visible monster as main subject, graphic gore, modern clutter that contradicts the setting, bright cheerful mood, flat lighting, malformed architecture, impossible perspective, duplicated doors, floating objects, warped signage, invented readable text, watermark, logo, low detail, blur",Original Cinematic Horror,1.0,False
0409 | Original Cinematic Horror/Condemned Secondary School — Moonlit Fog,"Condemned Secondary School, an abandoned school with long locker corridors, science lab, auditorium and handwritten notices left behind, under moonlight and drifting fog, strong silhouettes, readable environmental detail, controlled contrast and a quiet supernatural atmosphere, no people present, environment-first composition, highly detailed architecture and surfaces, coherent spatial layout, cinematic depth, polished colour separation, subtle volumetric atmosphere, realistic materials, professional horror production design","people as main subject, visible monster as main subject, graphic gore, modern clutter that contradicts the setting, bright cheerful mood, flat lighting, malformed architecture, impossible perspective, duplicated doors, floating objects, warped signage, invented readable text, watermark, logo, low detail, blur",Original Cinematic Horror,1.0,False
0410 | Original Cinematic Horror/Condemned Secondary School — Storm Night,"Condemned Secondary School, an abandoned school with long locker corridors, science lab, auditorium and handwritten notices left behind, during a stormy night, rain or wind appropriate to the setting, intermittent practical light, reflective surfaces and cinematic tension without visible characters, no people present, environment-first composition, highly detailed architecture and surfaces, coherent spatial layout, cinematic depth, polished colour separation, subtle volumetric atmosphere, realistic materials, professional horror production design","people as main subject, visible monster as main subject, graphic gore, modern clutter that contradicts the setting, bright cheerful mood, flat lighting, malformed architecture, impossible perspective, duplicated doors, floating objects, warped signage, invented readable text, watermark, logo, low detail, blur",Original Cinematic Horror,1.0,False
0411 | Original Cinematic Horror/Condemned Secondary School — Abandoned Daylight,"Condemned Secondary School, an abandoned school with long locker corridors, science lab, auditorium and handwritten notices left behind, in pale overcast daylight, abandonment clearly visible, authentic wear and material detail, long empty sightlines and unsettling realism rather than darkness alone, no people present, environment-first composition, highly detailed architecture and surfaces, coherent spatial layout, cinematic depth, polished colour separation, subtle volumetric atmosphere, realistic materials, professional horror production design","people as main subject, visible monster as main subject, graphic gore, modern clutter that contradicts the setting, bright cheerful mood, flat lighting, malformed architecture, impossible perspective, duplicated doors, floating objects, warped signage, invented readable text, watermark, logo, low detail, blur",Original Cinematic Horror,1.0,False
0412 | Original Cinematic Horror/Flooded Underground Station — Blue Hour,"Flooded Underground Station, a submerged subway platform, tiled tunnel, stalled train, floating debris and emergency lights reflected in black water, at blue hour, cool exterior ambience, small warm practical lights, layered depth, precise production design and a polished widescreen horror establishing shot, no people present, environment-first composition, highly detailed architecture and surfaces, coherent spatial layout, cinematic depth, polished colour separation, subtle volumetric atmosphere, realistic materials, professional horror production design","people as main subject, visible monster as main subject, graphic gore, modern clutter that contradicts the setting, bright cheerful mood, flat lighting, malformed architecture, impossible perspective, duplicated doors, floating objects, warped signage, invented readable text, watermark, logo, low detail, blur",Original Cinematic Horror,1.0,False
0413 | Original Cinematic Horror/Flooded Underground Station — Moonlit Fog,"Flooded Underground Station, a submerged subway platform, tiled tunnel, stalled train, floating debris and emergency lights reflected in black water, under moonlight and drifting fog, strong silhouettes, readable environmental detail, controlled contrast and a quiet supernatural atmosphere, no people present, environment-first composition, highly detailed architecture and surfaces, coherent spatial layout, cinematic depth, polished colour separation, subtle volumetric atmosphere, realistic materials, professional horror production design","people as main subject, visible monster as main subject, graphic gore, modern clutter that contradicts the setting, bright cheerful mood, flat lighting, malformed architecture, impossible perspective, duplicated doors, floating objects, warped signage, invented readable text, watermark, logo, low detail, blur",Original Cinematic Horror,1.0,False
0414 | Original Cinematic Horror/Flooded Underground Station — Storm Night,"Flooded Underground Station, a submerged subway platform, tiled tunnel, stalled train, floating debris and emergency lights reflected in black water, during a stormy night, rain or wind appropriate to the setting, intermittent practical light, reflective surfaces and cinematic tension without visible characters, no people present, environment-first composition, highly detailed architecture and surfaces, coherent spatial layout, cinematic depth, polished colour separation, subtle volumetric atmosphere, realistic materials, professional horror production design","people as main subject, visible monster as main subject, graphic gore, modern clutter that contradicts the setting, bright cheerful mood, flat lighting, malformed architecture, impossible perspective, duplicated doors, floating objects, warped signage, invented readable text, watermark, logo, low detail, blur",Original Cinematic Horror,1.0,False
0415 | Original Cinematic Horror/Flooded Underground Station — Abandoned Daylight,"Flooded Underground Station, a submerged subway platform, tiled tunnel, stalled train, floating debris and emergency lights reflected in black water, in pale overcast daylight, abandonment clearly visible, authentic wear and material detail, long empty sightlines and unsettling realism rather than darkness alone, no people present, environment-first composition, highly detailed architecture and surfaces, coherent spatial layout, cinematic depth, polished colour separation, subtle volumetric atmosphere, realistic materials, professional horror production design","people as main subject, visible monster as main subject, graphic gore, modern clutter that contradicts the setting, bright cheerful mood, flat lighting, malformed architecture, impossible perspective, duplicated doors, floating objects, warped signage, invented readable text, watermark, logo, low detail, blur",Original Cinematic Horror,1.0,False
0416 | Original Cinematic Horror/Fogbound Cemetery — Blue Hour,"Fogbound Cemetery, an old cemetery with crooked headstones, family crypts, iron fencing, bare trees and layered ground fog, at blue hour, cool exterior ambience, small warm practical lights, layered depth, precise production design and a polished widescreen horror establishing shot, no people present, environment-first composition, highly detailed architecture and surfaces, coherent spatial layout, cinematic depth, polished colour separation, subtle volumetric atmosphere, realistic materials, professional horror production design","people as main subject, visible monster as main subject, graphic gore, modern clutter that contradicts the setting, bright cheerful mood, flat lighting, malformed architecture, impossible perspective, duplicated doors, floating objects, warped signage, invented readable text, watermark, logo, low detail, blur",Original Cinematic Horror,1.0,False
0417 | Original Cinematic Horror/Fogbound Cemetery — Moonlit Fog,"Fogbound Cemetery, an old cemetery with crooked headstones, family crypts, iron fencing, bare trees and layered ground fog, under moonlight and drifting fog, strong silhouettes, readable environmental detail, controlled contrast and a quiet supernatural atmosphere, no people present, environment-first composition, highly detailed architecture and surfaces, coherent spatial layout, cinematic depth, polished colour separation, subtle volumetric atmosphere, realistic materials, professional horror production design","people as main subject, visible monster as main subject, graphic gore, modern clutter that contradicts the setting, bright cheerful mood, flat lighting, malformed architecture, impossible perspective, duplicated doors, floating objects, warped signage, invented readable text, watermark, logo, low detail, blur",Original Cinematic Horror,1.0,False
0418 | Original Cinematic Horror/Fogbound Cemetery — Storm Night,"Fogbound Cemetery, an old cemetery with crooked headstones, family crypts, iron fencing, bare trees and layered ground fog, during a stormy night, rain or wind appropriate to the setting, intermittent practical light, reflective surfaces and cinematic tension without visible characters, no people present, environment-first composition, highly detailed architecture and surfaces, coherent spatial layout, cinematic depth, polished colour separation, subtle volumetric atmosphere, realistic materials, professional horror production design","people as main subject, visible monster as main subject, graphic gore, modern clutter that contradicts the setting, bright cheerful mood, flat lighting, malformed architecture, impossible perspective, duplicated doors, floating objects, warped signage, invented readable text, watermark, logo, low detail, blur",Original Cinematic Horror,1.0,False
0419 | Original Cinematic Horror/Fogbound Cemetery — Abandoned Daylight,"Fogbound Cemetery, an old cemetery with crooked headstones, family crypts, iron fencing, bare trees and layered ground fog, in pale overcast daylight, abandonment clearly visible, authentic wear and material detail, long empty sightlines and unsettling realism rather than darkness alone, no people present, environment-first composition, highly detailed architecture and surfaces, coherent spatial layout, cinematic depth, polished colour separation, subtle volumetric atmosphere, realistic materials, professional horror production design","people as main subject, visible monster as main subject, graphic gore, modern clutter that contradicts the setting, bright cheerful mood, flat lighting, malformed architecture, impossible perspective, duplicated doors, floating objects, warped signage, invented readable text, watermark, logo, low detail, blur",Original Cinematic Horror,1.0,False
0420 | Original Cinematic Horror/Ruined Gothic Cathedral — Blue Hour,"Ruined Gothic Cathedral, a roofless gothic cathedral, broken rose window, flooded nave, fallen statues and moonlight through flying buttresses, at blue hour, cool exterior ambience, small warm practical lights, layered depth, precise production design and a polished widescreen horror establishing shot, no people present, environment-first composition, highly detailed architecture and surfaces, coherent spatial layout, cinematic depth, polished colour separation, subtle volumetric atmosphere, realistic materials, professional horror production design","people as main subject, visible monster as main subject, graphic gore, modern clutter that contradicts the setting, bright cheerful mood, flat lighting, malformed architecture, impossible perspective, duplicated doors, floating objects, warped signage, invented readable text, watermark, logo, low detail, blur",Original Cinematic Horror,1.0,False
0421 | Original Cinematic Horror/Ruined Gothic Cathedral — Moonlit Fog,"Ruined Gothic Cathedral, a roofless gothic cathedral, broken rose window, flooded nave, fallen statues and moonlight through flying buttresses, under moonlight and drifting fog, strong silhouettes, readable environmental detail, controlled contrast and a quiet supernatural atmosphere, no people present, environment-first composition, highly detailed architecture and surfaces, coherent spatial layout, cinematic depth, polished colour separation, subtle volumetric atmosphere, realistic materials, professional horror production design","people as main subject, visible monster as main subject, graphic gore, modern clutter that contradicts the setting, bright cheerful mood, flat lighting, malformed architecture, impossible perspective, duplicated doors, floating objects, warped signage, invented readable text, watermark, logo, low detail, blur",Original Cinematic Horror,1.0,False
0422 | Original Cinematic Horror/Ruined Gothic Cathedral — Storm Night,"Ruined Gothic Cathedral, a roofless gothic cathedral, broken rose window, flooded nave, fallen statues and moonlight through flying buttresses, during a stormy night, rain or wind appropriate to the setting, intermittent practical light, reflective surfaces and cinematic tension without visible characters, no people present, environment-first composition, highly detailed architecture and surfaces, coherent spatial layout, cinematic depth, polished colour separation, subtle volumetric atmosphere, realistic materials, professional horror production design","people as main subject, visible monster as main subject, graphic gore, modern clutter that contradicts the setting, bright cheerful mood, flat lighting, malformed architecture, impossible perspective, duplicated doors, floating objects, warped signage, invented readable text, watermark, logo, low detail, blur",Original Cinematic Horror,1.0,False
0423 | Original Cinematic Horror/Ruined Gothic Cathedral — Abandoned Daylight,"Ruined Gothic Cathedral, a roofless gothic cathedral, broken rose window, flooded nave, fallen statues and moonlight through flying buttresses, in pale overcast daylight, abandonment clearly visible, authentic wear and material detail, long empty sightlines and unsettling realism rather than darkness alone, no people present, environment-first composition, highly detailed architecture and surfaces, coherent spatial layout, cinematic depth, polished colour separation, subtle volumetric atmosphere, realistic materials, professional horror production design","people as main subject, visible monster as main subject, graphic gore, modern clutter that contradicts the setting, bright cheerful mood, flat lighting, malformed architecture, impossible perspective, duplicated doors, floating objects, warped signage, invented readable text, watermark, logo, low detail, blur",Original Cinematic Horror,1.0,False
0424 | Original Cinematic Horror/Occult Chapel — Blue Hour,"Occult Chapel, a remote stone chapel with blackened altar, candle circles, carved floor symbols and boarded stained glass, at blue hour, cool exterior ambience, small warm practical lights, layered depth, precise production design and a polished widescreen horror establishing shot, no people present, environment-first composition, highly detailed architecture and surfaces, coherent spatial layout, cinematic depth, polished colour separation, subtle volumetric atmosphere, realistic materials, professional horror production design","people as main subject, visible monster as main subject, graphic gore, modern clutter that contradicts the setting, bright cheerful mood, flat lighting, malformed architecture, impossible perspective, duplicated doors, floating objects, warped signage, invented readable text, watermark, logo, low detail, blur",Original Cinematic Horror,1.0,False
0425 | Original Cinematic Horror/Occult Chapel — Moonlit Fog,"Occult Chapel, a remote stone chapel with blackened altar, candle circles, carved floor symbols and boarded stained glass, under moonlight and drifting fog, strong silhouettes, readable environmental detail, controlled contrast and a quiet supernatural atmosphere, no people present, environment-first composition, highly detailed architecture and surfaces, coherent spatial layout, cinematic depth, polished colour separation, subtle volumetric atmosphere, realistic materials, professional horror production design","people as main subject, visible monster as main subject, graphic gore, modern clutter that contradicts the setting, bright cheerful mood, flat lighting, malformed architecture, impossible perspective, duplicated doors, floating objects, warped signage, invented readable text, watermark, logo, low detail, blur",Original Cinematic Horror,1.0,False
0426 | Original Cinematic Horror/Occult Chapel — Storm Night,"Occult Chapel, a remote stone chapel with blackened altar, candle circles, carved floor symbols and boarded stained glass, during a stormy night, rain or wind appropriate to the setting, intermittent practical light, reflective surfaces and cinematic tension without visible characters, no people present, environment-first composition, highly detailed architecture and surfaces, coherent spatial layout, cinematic depth, polished colour separation, subtle volumetric atmosphere, realistic materials, professional horror production design","people as main subject, visible monster as main subject, graphic gore, modern clutter that contradicts the setting, bright cheerful mood, flat lighting, malformed architecture, impossible perspective, duplicated doors, floating objects, warped signage, invented readable text, watermark, logo, low detail, blur",Original Cinematic Horror,1.0,False
0427 | Original Cinematic Horror/Occult Chapel — Abandoned Daylight,"Occult Chapel, a remote stone chapel with blackened altar, candle circles, carved floor symbols and boarded stained glass, in pale overcast daylight, abandonment clearly visible, authentic wear and material detail, long empty sightlines and unsettling realism rather than darkness alone, no people present, environment-first composition, highly detailed architecture and surfaces, coherent spatial layout, cinematic depth, polished colour separation, subtle volumetric atmosphere, realistic materials, professional horror production design","people as main subject, visible monster as main subject, graphic gore, modern clutter that contradicts the setting, bright cheerful mood, flat lighting, malformed architecture, impossible perspective, duplicated doors, floating objects, warped signage, invented readable text, watermark, logo, low detail, blur",Original Cinematic Horror,1.0,False
0428 | Original Cinematic Horror/Haunted Victorian Manor — Blue Hour,"Haunted Victorian Manor, a grand but decaying Victorian mansion with carved staircase, dark conservatory, portrait gallery and sealed nursery, at blue hour, cool exterior ambience, small warm practical lights, layered depth, precise production design and a polished widescreen horror establishing shot, no people present, environment-first composition, highly detailed architecture and surfaces, coherent spatial layout, cinematic depth, polished colour separation, subtle volumetric atmosphere, realistic materials, professional horror production design","people as main subject, visible monster as main subject, graphic gore, modern clutter that contradicts the setting, bright cheerful mood, flat lighting, malformed architecture, impossible perspective, duplicated doors, floating objects, warped signage, invented readable text, watermark, logo, low detail, blur",Original Cinematic Horror,1.0,False
0429 | Original Cinematic Horror/Haunted Victorian Manor — Moonlit Fog,"Haunted Victorian Manor, a grand but decaying Victorian mansion with carved staircase, dark conservatory, portrait gallery and sealed nursery, under moonlight and drifting fog, strong silhouettes, readable environmental detail, controlled contrast and a quiet supernatural atmosphere, no people present, environment-first composition, highly detailed architecture and surfaces, coherent spatial layout, cinematic depth, polished colour separation, subtle volumetric atmosphere, realistic materials, professional horror production design","people as main subject, visible monster as main subject, graphic gore, modern clutter that contradicts the setting, bright cheerful mood, flat lighting, malformed architecture, impossible perspective, duplicated doors, floating objects, warped signage, invented readable text, watermark, logo, low detail, blur",Original Cinematic Horror,1.0,False
0430 | Original Cinematic Horror/Haunted Victorian Manor — Storm Night,"Haunted Victorian Manor, a grand but decaying Victorian mansion with carved staircase, dark conservatory, portrait gallery and sealed nursery, during a stormy night, rain or wind appropriate to the setting, intermittent practical light, reflective surfaces and cinematic tension without visible characters, no people present, environment-first composition, highly detailed architecture and surfaces, coherent spatial layout, cinematic depth, polished colour separation, subtle volumetric atmosphere, realistic materials, professional horror production design","people as main subject, visible monster as main subject, graphic gore, modern clutter that contradicts the setting, bright cheerful mood, flat lighting, malformed architecture, impossible perspective, duplicated doors, floating objects, warped signage, invented readable text, watermark, logo, low detail, blur",Original Cinematic Horror,1.0,False
0431 | Original Cinematic Horror/Haunted Victorian Manor — Abandoned Daylight,"Haunted Victorian Manor, a grand but decaying Victorian mansion with carved staircase, dark conservatory, portrait gallery and sealed nursery, in pale overcast daylight, abandonment clearly visible, authentic wear and material detail, long empty sightlines and unsettling realism rather than darkness alone, no people present, environment-first composition, highly detailed architecture and surfaces, coherent spatial layout, cinematic depth, polished colour separation, subtle volumetric atmosphere, realistic materials, professional horror production design","people as main subject, visible monster as main subject, graphic gore, modern clutter that contradicts the setting, bright cheerful mood, flat lighting, malformed architecture, impossible perspective, duplicated doors, floating objects, warped signage, invented readable text, watermark, logo, low detail, blur",Original Cinematic Horror,1.0,False
0432 | Original Cinematic Horror/Boarded Rural Farmhouse — Blue Hour,"Boarded Rural Farmhouse, a weather-beaten farmhouse with sagging porch, root cellar, empty barn and cornfield pressing close to the house, at blue hour, cool exterior ambience, small warm practical lights, layered depth, precise production design and a polished widescreen horror establishing shot, no people present, environment-first composition, highly detailed architecture and surfaces, coherent spatial layout, cinematic depth, polished colour separation, subtle volumetric atmosphere, realistic materials, professional horror production design","people as main subject, visible monster as main subject, graphic gore, modern clutter that contradicts the setting, bright cheerful mood, flat lighting, malformed architecture, impossible perspective, duplicated doors, floating objects, warped signage, invented readable text, watermark, logo, low detail, blur",Original Cinematic Horror,1.0,False
0433 | Original Cinematic Horror/Boarded Rural Farmhouse — Moonlit Fog,"Boarded Rural Farmhouse, a weather-beaten farmhouse with sagging porch, root cellar, empty barn and cornfield pressing close to the house, under moonlight and drifting fog, strong silhouettes, readable environmental detail, controlled contrast and a quiet supernatural atmosphere, no people present, environment-first composition, highly detailed architecture and surfaces, coherent spatial layout, cinematic depth, polished colour separation, subtle volumetric atmosphere, realistic materials, professional horror production design","people as main subject, visible monster as main subject, graphic gore, modern clutter that contradicts the setting, bright cheerful mood, flat lighting, malformed architecture, impossible perspective, duplicated doors, floating objects, warped signage, invented readable text, watermark, logo, low detail, blur",Original Cinematic Horror,1.0,False
0434 | Original Cinematic Horror/Boarded Rural Farmhouse — Storm Night,"Boarded Rural Farmhouse, a weather-beaten farmhouse with sagging porch, root cellar, empty barn and cornfield pressing close to the house, during a stormy night, rain or wind appropriate to the setting, intermittent practical light, reflective surfaces and cinematic tension without visible characters, no people present, environment-first composition, highly detailed architecture and surfaces, coherent spatial layout, cinematic depth, polished colour separation, subtle volumetric atmosphere, realistic materials, professional horror production design","people as main subject, visible monster as main subject, graphic gore, modern clutter that contradicts the setting, bright cheerful mood, flat lighting, malformed architecture, impossible perspective, duplicated doors, floating objects, warped signage, invented readable text, watermark, logo, low detail, blur",Original Cinematic Horror,1.0,False
0435 | Original Cinematic Horror/Boarded Rural Farmhouse — Abandoned Daylight,"Boarded Rural Farmhouse, a weather-beaten farmhouse with sagging porch, root cellar, empty barn and cornfield pressing close to the house, in pale overcast daylight, abandonment clearly visible, authentic wear and material detail, long empty sightlines and unsettling realism rather than darkness alone, no people present, environment-first composition, highly detailed architecture and surfaces, coherent spatial layout, cinematic depth, polished colour separation, subtle volumetric atmosphere, realistic materials, professional horror production design","people as main subject, visible monster as main subject, graphic gore, modern clutter that contradicts the setting, bright cheerful mood, flat lighting, malformed architecture, impossible perspective, duplicated doors, floating objects, warped signage, invented readable text, watermark, logo, low detail, blur",Original Cinematic Horror,1.0,False
0436 | Original Cinematic Horror/Decaying Seaside Hotel — Blue Hour,"Decaying Seaside Hotel, an abandoned coastal hotel with salt-stained ballroom, long carpeted corridors, broken lifts and waves below the windows, at blue hour, cool exterior ambience, small warm practical lights, layered depth, precise production design and a polished widescreen horror establishing shot, no people present, environment-first composition, highly detailed architecture and surfaces, coherent spatial layout, cinematic depth, polished colour separation, subtle volumetric atmosphere, realistic materials, professional horror production design","people as main subject, visible monster as main subject, graphic gore, modern clutter that contradicts the setting, bright cheerful mood, flat lighting, malformed architecture, impossible perspective, duplicated doors, floating objects, warped signage, invented readable text, watermark, logo, low detail, blur",Original Cinematic Horror,1.0,False
0437 | Original Cinematic Horror/Decaying Seaside Hotel — Moonlit Fog,"Decaying Seaside Hotel, an abandoned coastal hotel with salt-stained ballroom, long carpeted corridors, broken lifts and waves below the windows, under moonlight and drifting fog, strong silhouettes, readable environmental detail, controlled contrast and a quiet supernatural atmosphere, no people present, environment-first composition, highly detailed architecture and surfaces, coherent spatial layout, cinematic depth, polished colour separation, subtle volumetric atmosphere, realistic materials, professional horror production design","people as main subject, visible monster as main subject, graphic gore, modern clutter that contradicts the setting, bright cheerful mood, flat lighting, malformed architecture, impossible perspective, duplicated doors, floating objects, warped signage, invented readable text, watermark, logo, low detail, blur",Original Cinematic Horror,1.0,False
0438 | Original Cinematic Horror/Decaying Seaside Hotel — Storm Night,"Decaying Seaside Hotel, an abandoned coastal hotel with salt-stained ballroom, long carpeted corridors, broken lifts and waves below the windows, during a stormy night, rain or wind appropriate to the setting, intermittent practical light, reflective surfaces and cinematic tension without visible characters, no people present, environment-first composition, highly detailed architecture and surfaces, coherent spatial layout, cinematic depth, polished colour separation, subtle volumetric atmosphere, realistic materials, professional horror production design","people as main subject, visible monster as main subject, graphic gore, modern clutter that contradicts the setting, bright cheerful mood, flat lighting, malformed architecture, impossible perspective, duplicated doors, floating objects, warped signage, invented readable text, watermark, logo, low detail, blur",Original Cinematic Horror,1.0,False
0439 | Original Cinematic Horror/Decaying Seaside Hotel — Abandoned Daylight,"Decaying Seaside Hotel, an abandoned coastal hotel with salt-stained ballroom, long carpeted corridors, broken lifts and waves below the windows, in pale overcast daylight, abandonment clearly visible, authentic wear and material detail, long empty sightlines and unsettling realism rather than darkness alone, no people present, environment-first composition, highly detailed architecture and surfaces, coherent spatial layout, cinematic depth, polished colour separation, subtle volumetric atmosphere, realistic materials, professional horror production design","people as main subject, visible monster as main subject, graphic gore, modern clutter that contradicts the setting, bright cheerful mood, flat lighting, malformed architecture, impossible perspective, duplicated doors, floating objects, warped signage, invented readable text, watermark, logo, low detail, blur",Original Cinematic Horror,1.0,False
0440 | Original Cinematic Horror/Abandoned Carnival Midway — Blue Hour,"Abandoned Carnival Midway, a neglected travelling carnival with stalled rides, striped booths, wet midway, torn banners and dead bulbs, at blue hour, cool exterior ambience, small warm practical lights, layered depth, precise production design and a polished widescreen horror establishing shot, no people present, environment-first composition, highly detailed architecture and surfaces, coherent spatial layout, cinematic depth, polished colour separation, subtle volumetric atmosphere, realistic materials, professional horror production design","people as main subject, visible monster as main subject, graphic gore, modern clutter that contradicts the setting, bright cheerful mood, flat lighting, malformed architecture, impossible perspective, duplicated doors, floating objects, warped signage, invented readable text, watermark, logo, low detail, blur",Original Cinematic Horror,1.0,False
0441 | Original Cinematic Horror/Abandoned Carnival Midway — Moonlit Fog,"Abandoned Carnival Midway, a neglected travelling carnival with stalled rides, striped booths, wet midway, torn banners and dead bulbs, under moonlight and drifting fog, strong silhouettes, readable environmental detail, controlled contrast and a quiet supernatural atmosphere, no people present, environment-first composition, highly detailed architecture and surfaces, coherent spatial layout, cinematic depth, polished colour separation, subtle volumetric atmosphere, realistic materials, professional horror production design","people as main subject, visible monster as main subject, graphic gore, modern clutter that contradicts the setting, bright cheerful mood, flat lighting, malformed architecture, impossible perspective, duplicated doors, floating objects, warped signage, invented readable text, watermark, logo, low detail, blur",Original Cinematic Horror,1.0,False
0442 | Original Cinematic Horror/Abandoned Carnival Midway — Storm Night,"Abandoned Carnival Midway, a neglected travelling carnival with stalled rides, striped booths, wet midway, torn banners and dead bulbs, during a stormy night, rain or wind appropriate to the setting, intermittent practical light, reflective surfaces and cinematic tension without visible characters, no people present, environment-first composition, highly detailed architecture and surfaces, coherent spatial layout, cinematic depth, polished colour separation, subtle volumetric atmosphere, realistic materials, professional horror production design","people as main subject, visible monster as main subject, graphic gore, modern clutter that contradicts the setting, bright cheerful mood, flat lighting, malformed architecture, impossible perspective, duplicated doors, floating objects, warped signage, invented readable text, watermark, logo, low detail, blur",Original Cinematic Horror,1.0,False
0443 | Original Cinematic Horror/Abandoned Carnival Midway — Abandoned Daylight,"Abandoned Carnival Midway, a neglected travelling carnival with stalled rides, striped booths, wet midway, torn banners and dead bulbs, in pale overcast daylight, abandonment clearly visible, authentic wear and material detail, long empty sightlines and unsettling realism rather than darkness alone, no people present, environment-first composition, highly detailed architecture and surfaces, coherent spatial layout, cinematic depth, polished colour separation, subtle volumetric atmosphere, realistic materials, professional horror production design","people as main subject, visible monster as main subject, graphic gore, modern clutter that contradicts the setting, bright cheerful mood, flat lighting, malformed architecture, impossible perspective, duplicated doors, floating objects, warped signage, invented readable text, watermark, logo, low detail, blur",Original Cinematic Horror,1.0,False
0444 | Original Cinematic Horror/Dark Funhouse — Blue Hour,"Dark Funhouse, a carnival funhouse interior with warped mirrors, rotating tunnel, painted faces and narrow service passages, at blue hour, cool exterior ambience, small warm practical lights, layered depth, precise production design and a polished widescreen horror establishing shot, no people present, environment-first composition, highly detailed architecture and surfaces, coherent spatial layout, cinematic depth, polished colour separation, subtle volumetric atmosphere, realistic materials, professional horror production design","people as main subject, visible monster as main subject, graphic gore, modern clutter that contradicts the setting, bright cheerful mood, flat lighting, malformed architecture, impossible perspective, duplicated doors, floating objects, warped signage, invented readable text, watermark, logo, low detail, blur",Original Cinematic Horror,1.0,False
0445 | Original Cinematic Horror/Dark Funhouse — Moonlit Fog,"Dark Funhouse, a carnival funhouse interior with warped mirrors, rotating tunnel, painted faces and narrow service passages, under moonlight and drifting fog, strong silhouettes, readable environmental detail, controlled contrast and a quiet supernatural atmosphere, no people present, environment-first composition, highly detailed architecture and surfaces, coherent spatial layout, cinematic depth, polished colour separation, subtle volumetric atmosphere, realistic materials, professional horror production design","people as main subject, visible monster as main subject, graphic gore, modern clutter that contradicts the setting, bright cheerful mood, flat lighting, malformed architecture, impossible perspective, duplicated doors, floating objects, warped signage, invented readable text, watermark, logo, low detail, blur",Original Cinematic Horror,1.0,False
0446 | Original Cinematic Horror/Dark Funhouse — Storm Night,"Dark Funhouse, a carnival funhouse interior with warped mirrors, rotating tunnel, painted faces and narrow service passages, during a stormy night, rain or wind appropriate to the setting, intermittent practical light, reflective surfaces and cinematic tension without visible characters, no people present, environment-first composition, highly detailed architecture and surfaces, coherent spatial layout, cinematic depth, polished colour separation, subtle volumetric atmosphere, realistic materials, professional horror production design","people as main subject, visible monster as main subject, graphic gore, modern clutter that contradicts the setting, bright cheerful mood, flat lighting, malformed architecture, impossible perspective, duplicated doors, floating objects, warped signage, invented readable text, watermark, logo, low detail, blur",Original Cinematic Horror,1.0,False
0447 | Original Cinematic Horror/Dark Funhouse — Abandoned Daylight,"Dark Funhouse, a carnival funhouse interior with warped mirrors, rotating tunnel, painted faces and narrow service passages, in pale overcast daylight, abandonment clearly visible, authentic wear and material detail, long empty sightlines and unsettling realism rather than darkness alone, no people present, environment-first composition, highly detailed architecture and surfaces, coherent spatial layout, cinematic depth, polished colour separation, subtle volumetric atmosphere, realistic materials, professional horror production design","people as main subject, visible monster as main subject, graphic gore, modern clutter that contradicts the setting, bright cheerful mood, flat lighting, malformed architecture, impossible perspective, duplicated doors, floating objects, warped signage, invented readable text, watermark, logo, low detail, blur",Original Cinematic Horror,1.0,False
0448 | Original Cinematic Horror/Silent Theme Park — Blue Hour,"Silent Theme Park, a deserted amusement park with motionless roller coaster, empty carousel, shuttered arcades and weeds through concrete, at blue hour, cool exterior ambience, small warm practical lights, layered depth, precise production design and a polished widescreen horror establishing shot, no people present, environment-first composition, highly detailed architecture and surfaces, coherent spatial layout, cinematic depth, polished colour separation, subtle volumetric atmosphere, realistic materials, professional horror production design","people as main subject, visible monster as main subject, graphic gore, modern clutter that contradicts the setting, bright cheerful mood, flat lighting, malformed architecture, impossible perspective, duplicated doors, floating objects, warped signage, invented readable text, watermark, logo, low detail, blur",Original Cinematic Horror,1.0,False
0449 | Original Cinematic Horror/Silent Theme Park — Moonlit Fog,"Silent Theme Park, a deserted amusement park with motionless roller coaster, empty carousel, shuttered arcades and weeds through concrete, under moonlight and drifting fog, strong silhouettes, readable environmental detail, controlled contrast and a quiet supernatural atmosphere, no people present, environment-first composition, highly detailed architecture and surfaces, coherent spatial layout, cinematic depth, polished colour separation, subtle volumetric atmosphere, realistic materials, professional horror production design","people as main subject, visible monster as main subject, graphic gore, modern clutter that contradicts the setting, bright cheerful mood, flat lighting, malformed architecture, impossible perspective, duplicated doors, floating objects, warped signage, invented readable text, watermark, logo, low detail, blur",Original Cinematic Horror,1.0,False
0450 | Original Cinematic Horror/Silent Theme Park — Storm Night,"Silent Theme Park, a deserted amusement park with motionless roller coaster, empty carousel, shuttered arcades and weeds through concrete, during a stormy night, rain or wind appropriate to the setting, intermittent practical light, reflective surfaces and cinematic tension without visible characters, no people present, environment-first composition, highly detailed architecture and surfaces, coherent spatial layout, cinematic depth, polished colour separation, subtle volumetric atmosphere, realistic materials, professional horror production design","people as main subject, visible monster as main subject, graphic gore, modern clutter that contradicts the setting, bright cheerful mood, flat lighting, malformed architecture, impossible perspective, duplicated doors, floating objects, warped signage, invented readable text, watermark, logo, low detail, blur",Original Cinematic Horror,1.0,False
0451 | Original Cinematic Horror/Silent Theme Park — Abandoned Daylight,"Silent Theme Park, a deserted amusement park with motionless roller coaster, empty carousel, shuttered arcades and weeds through concrete, in pale overcast daylight, abandonment clearly visible, authentic wear and material detail, long empty sightlines and unsettling realism rather than darkness alone, no people present, environment-first composition, highly detailed architecture and surfaces, coherent spatial layout, cinematic depth, polished colour separation, subtle volumetric atmosphere, realistic materials, professional horror production design","people as main subject, visible monster as main subject, graphic gore, modern clutter that contradicts the setting, bright cheerful mood, flat lighting, malformed architecture, impossible perspective, duplicated doors, floating objects, warped signage, invented readable text, watermark, logo, low detail, blur",Original Cinematic Horror,1.0,False
0452 | Seasonal Spooky/Pumpkin Farm After Closing — Blue Hour,"Pumpkin Farm After Closing, a New England pumpkin farm with empty wagons, barn shop, carved lanterns, muddy paths and fields under autumn trees, at blue hour, cool exterior ambience, small warm practical lights, layered depth, precise production design and a polished widescreen horror establishing shot, no people present, environment-first composition, highly detailed architecture and surfaces, coherent spatial layout, cinematic depth, polished colour separation, subtle volumetric atmosphere, realistic materials, professional horror production design","people as main subject, visible monster as main subject, graphic gore, modern clutter that contradicts the setting, bright cheerful mood, flat lighting, malformed architecture, impossible perspective, duplicated doors, floating objects, warped signage, invented readable text, watermark, logo, low detail, blur",Seasonal Spooky,1.0,False
0453 | Seasonal Spooky/Pumpkin Farm After Closing — Moonlit Fog,"Pumpkin Farm After Closing, a New England pumpkin farm with empty wagons, barn shop, carved lanterns, muddy paths and fields under autumn trees, under moonlight and drifting fog, strong silhouettes, readable environmental detail, controlled contrast and a quiet supernatural atmosphere, no people present, environment-first composition, highly detailed architecture and surfaces, coherent spatial layout, cinematic depth, polished colour separation, subtle volumetric atmosphere, realistic materials, professional horror production design","people as main subject, visible monster as main subject, graphic gore, modern clutter that contradicts the setting, bright cheerful mood, flat lighting, malformed architecture, impossible perspective, duplicated doors, floating objects, warped signage, invented readable text, watermark, logo, low detail, blur",Seasonal Spooky,1.0,False
0454 | Seasonal Spooky/Pumpkin Farm After Closing — Storm Night,"Pumpkin Farm After Closing, a New England pumpkin farm with empty wagons, barn shop, carved lanterns, muddy paths and fields under autumn trees, during a stormy night, rain or wind appropriate to the setting, intermittent practical light, reflective surfaces and cinematic tension without visible characters, no people present, environment-first composition, highly detailed architecture and surfaces, coherent spatial layout, cinematic depth, polished colour separation, subtle volumetric atmosphere, realistic materials, professional horror production design","people as main subject, visible monster as main subject, graphic gore, modern clutter that contradicts the setting, bright cheerful mood, flat lighting, malformed architecture, impossible perspective, duplicated doors, floating objects, warped signage, invented readable text, watermark, logo, low detail, blur",Seasonal Spooky,1.0,False
0455 | Seasonal Spooky/Pumpkin Farm After Closing — Abandoned Daylight,"Pumpkin Farm After Closing, a New England pumpkin farm with empty wagons, barn shop, carved lanterns, muddy paths and fields under autumn trees, in pale overcast daylight, abandonment clearly visible, authentic wear and material detail, long empty sightlines and unsettling realism rather than darkness alone, no people present, environment-first composition, highly detailed architecture and surfaces, coherent spatial layout, cinematic depth, polished colour separation, subtle volumetric atmosphere, realistic materials, professional horror production design","people as main subject, visible monster as main subject, graphic gore, modern clutter that contradicts the setting, bright cheerful mood, flat lighting, malformed architecture, impossible perspective, duplicated doors, floating objects, warped signage, invented readable text, watermark, logo, low detail, blur",Seasonal Spooky,1.0,False
0456 | Seasonal Spooky/Night Corn Maze — Blue Hour,"Night Corn Maze, a dense corn maze at night, narrow paths, distant floodlight, torn directional signs and wind moving the stalks, at blue hour, cool exterior ambience, small warm practical lights, layered depth, precise production design and a polished widescreen horror establishing shot, no people present, environment-first composition, highly detailed architecture and surfaces, coherent spatial layout, cinematic depth, polished colour separation, subtle volumetric atmosphere, realistic materials, professional horror production design","people as main subject, visible monster as main subject, graphic gore, modern clutter that contradicts the setting, bright cheerful mood, flat lighting, malformed architecture, impossible perspective, duplicated doors, floating objects, warped signage, invented readable text, watermark, logo, low detail, blur",Seasonal Spooky,1.0,False
0457 | Seasonal Spooky/Night Corn Maze — Moonlit Fog,"Night Corn Maze, a dense corn maze at night, narrow paths, distant floodlight, torn directional signs and wind moving the stalks, under moonlight and drifting fog, strong silhouettes, readable environmental detail, controlled contrast and a quiet supernatural atmosphere, no people present, environment-first composition, highly detailed architecture and surfaces, coherent spatial layout, cinematic depth, polished colour separation, subtle volumetric atmosphere, realistic materials, professional horror production design","people as main subject, visible monster as main subject, graphic gore, modern clutter that contradicts the setting, bright cheerful mood, flat lighting, malformed architecture, impossible perspective, duplicated doors, floating objects, warped signage, invented readable text, watermark, logo, low detail, blur",Seasonal Spooky,1.0,False
0458 | Seasonal Spooky/Night Corn Maze — Storm Night,"Night Corn Maze, a dense corn maze at night, narrow paths, distant floodlight, torn directional signs and wind moving the stalks, during a stormy night, rain or wind appropriate to the setting, intermittent practical light, reflective surfaces and cinematic tension without visible characters, no people present, environment-first composition, highly detailed architecture and surfaces, coherent spatial layout, cinematic depth, polished colour separation, subtle volumetric atmosphere, realistic materials, professional horror production design","people as main subject, visible monster as main subject, graphic gore, modern clutter that contradicts the setting, bright cheerful mood, flat lighting, malformed architecture, impossible perspective, duplicated doors, floating objects, warped signage, invented readable text, watermark, logo, low detail, blur",Seasonal Spooky,1.0,False
0459 | Seasonal Spooky/Night Corn Maze — Abandoned Daylight,"Night Corn Maze, a dense corn maze at night, narrow paths, distant floodlight, torn directional signs and wind moving the stalks, in pale overcast daylight, abandonment clearly visible, authentic wear and material detail, long empty sightlines and unsettling realism rather than darkness alone, no people present, environment-first composition, highly detailed architecture and surfaces, coherent spatial layout, cinematic depth, polished colour separation, subtle volumetric atmosphere, realistic materials, professional horror production design","people as main subject, visible monster as main subject, graphic gore, modern clutter that contradicts the setting, bright cheerful mood, flat lighting, malformed architecture, impossible perspective, duplicated doors, floating objects, warped signage, invented readable text, watermark, logo, low detail, blur",Seasonal Spooky,1.0,False
0460 | Seasonal Spooky/Haunted Hayride Trail — Blue Hour,"Haunted Hayride Trail, a forest hayride route after closing, abandoned wagon, theatrical props, smoke machines and dark bends between trees, at blue hour, cool exterior ambience, small warm practical lights, layered depth, precise production design and a polished widescreen horror establishing shot, no people present, environment-first composition, highly detailed architecture and surfaces, coherent spatial layout, cinematic depth, polished colour separation, subtle volumetric atmosphere, realistic materials, professional horror production design","people as main subject, visible monster as main subject, graphic gore, modern clutter that contradicts the setting, bright cheerful mood, flat lighting, malformed architecture, impossible perspective, duplicated doors, floating objects, warped signage, invented readable text, watermark, logo, low detail, blur",Seasonal Spooky,1.0,False
0461 | Seasonal Spooky/Haunted Hayride Trail — Moonlit Fog,"Haunted Hayride Trail, a forest hayride route after closing, abandoned wagon, theatrical props, smoke machines and dark bends between trees, under moonlight and drifting fog, strong silhouettes, readable environmental detail, controlled contrast and a quiet supernatural atmosphere, no people present, environment-first composition, highly detailed architecture and surfaces, coherent spatial layout, cinematic depth, polished colour separation, subtle volumetric atmosphere, realistic materials, professional horror production design","people as main subject, visible monster as main subject, graphic gore, modern clutter that contradicts the setting, bright cheerful mood, flat lighting, malformed architecture, impossible perspective, duplicated doors, floating objects, warped signage, invented readable text, watermark, logo, low detail, blur",Seasonal Spooky,1.0,False
0462 | Seasonal Spooky/Haunted Hayride Trail — Storm Night,"Haunted Hayride Trail, a forest hayride route after closing, abandoned wagon, theatrical props, smoke machines and dark bends between trees, during a stormy night, rain or wind appropriate to the setting, intermittent practical light, reflective surfaces and cinematic tension without visible characters, no people present, environment-first composition, highly detailed architecture and surfaces, coherent spatial layout, cinematic depth, polished colour separation, subtle volumetric atmosphere, realistic materials, professional horror production design","people as main subject, visible monster as main subject, graphic gore, modern clutter that contradicts the setting, bright cheerful mood, flat lighting, malformed architecture, impossible perspective, duplicated doors, floating objects, warped signage, invented readable text, watermark, logo, low detail, blur",Seasonal Spooky,1.0,False
0463 | Seasonal Spooky/Haunted Hayride Trail — Abandoned Daylight,"Haunted Hayride Trail, a forest hayride route after closing, abandoned wagon, theatrical props, smoke machines and dark bends between trees, in pale overcast daylight, abandonment clearly visible, authentic wear and material detail, long empty sightlines and unsettling realism rather than darkness alone, no people present, environment-first composition, highly detailed architecture and surfaces, coherent spatial layout, cinematic depth, polished colour separation, subtle volumetric atmosphere, realistic materials, professional horror production design","people as main subject, visible monster as main subject, graphic gore, modern clutter that contradicts the setting, bright cheerful mood, flat lighting, malformed architecture, impossible perspective, duplicated doors, floating objects, warped signage, invented readable text, watermark, logo, low detail, blur",Seasonal Spooky,1.0,False
0464 | Original Cinematic Horror/Empty Drive-In Cinema — Blue Hour,"Empty Drive-In Cinema, an abandoned drive-in theatre with giant blank screen, rows of speaker posts, empty concession stand and foggy field, at blue hour, cool exterior ambience, small warm practical lights, layered depth, precise production design and a polished widescreen horror establishing shot, no people present, environment-first composition, highly detailed architecture and surfaces, coherent spatial layout, cinematic depth, polished colour separation, subtle volumetric atmosphere, realistic materials, professional horror production design","people as main subject, visible monster as main subject, graphic gore, modern clutter that contradicts the setting, bright cheerful mood, flat lighting, malformed architecture, impossible perspective, duplicated doors, floating objects, warped signage, invented readable text, watermark, logo, low detail, blur",Original Cinematic Horror,1.0,False
0465 | Original Cinematic Horror/Empty Drive-In Cinema — Moonlit Fog,"Empty Drive-In Cinema, an abandoned drive-in theatre with giant blank screen, rows of speaker posts, empty concession stand and foggy field, under moonlight and drifting fog, strong silhouettes, readable environmental detail, controlled contrast and a quiet supernatural atmosphere, no people present, environment-first composition, highly detailed architecture and surfaces, coherent spatial layout, cinematic depth, polished colour separation, subtle volumetric atmosphere, realistic materials, professional horror production design","people as main subject, visible monster as main subject, graphic gore, modern clutter that contradicts the setting, bright cheerful mood, flat lighting, malformed architecture, impossible perspective, duplicated doors, floating objects, warped signage, invented readable text, watermark, logo, low detail, blur",Original Cinematic Horror,1.0,False
0466 | Original Cinematic Horror/Empty Drive-In Cinema — Storm Night,"Empty Drive-In Cinema, an abandoned drive-in theatre with giant blank screen, rows of speaker posts, empty concession stand and foggy field, during a stormy night, rain or wind appropriate to the setting, intermittent practical light, reflective surfaces and cinematic tension without visible characters, no people present, environment-first composition, highly detailed architecture and surfaces, coherent spatial layout, cinematic depth, polished colour separation, subtle volumetric atmosphere, realistic materials, professional horror production design","people as main subject, visible monster as main subject, graphic gore, modern clutter that contradicts the setting, bright cheerful mood, flat lighting, malformed architecture, impossible perspective, duplicated doors, floating objects, warped signage, invented readable text, watermark, logo, low detail, blur",Original Cinematic Horror,1.0,False
0467 | Original Cinematic Horror/Empty Drive-In Cinema — Abandoned Daylight,"Empty Drive-In Cinema, an abandoned drive-in theatre with giant blank screen, rows of speaker posts, empty concession stand and foggy field, in pale overcast daylight, abandonment clearly visible, authentic wear and material detail, long empty sightlines and unsettling realism rather than darkness alone, no people present, environment-first composition, highly detailed architecture and surfaces, coherent spatial layout, cinematic depth, polished colour separation, subtle volumetric atmosphere, realistic materials, professional horror production design","people as main subject, visible monster as main subject, graphic gore, modern clutter that contradicts the setting, bright cheerful mood, flat lighting, malformed architecture, impossible perspective, duplicated doors, floating objects, warped signage, invented readable text, watermark, logo, low detail, blur",Original Cinematic Horror,1.0,False
0468 | Original Cinematic Horror/Rotting Roadside Motel — Blue Hour,"Rotting Roadside Motel, a neglected roadside motel with cracked neon sign, drained pool, exterior corridors and one room light still on, at blue hour, cool exterior ambience, small warm practical lights, layered depth, precise production design and a polished widescreen horror establishing shot, no people present, environment-first composition, highly detailed architecture and surfaces, coherent spatial layout, cinematic depth, polished colour separation, subtle volumetric atmosphere, realistic materials, professional horror production design","people as main subject, visible monster as main subject, graphic gore, modern clutter that contradicts the setting, bright cheerful mood, flat lighting, malformed architecture, impossible perspective, duplicated doors, floating objects, warped signage, invented readable text, watermark, logo, low detail, blur",Original Cinematic Horror,1.0,False
0469 | Original Cinematic Horror/Rotting Roadside Motel — Moonlit Fog,"Rotting Roadside Motel, a neglected roadside motel with cracked neon sign, drained pool, exterior corridors and one room light still on, under moonlight and drifting fog, strong silhouettes, readable environmental detail, controlled contrast and a quiet supernatural atmosphere, no people present, environment-first composition, highly detailed architecture and surfaces, coherent spatial layout, cinematic depth, polished colour separation, subtle volumetric atmosphere, realistic materials, professional horror production design","people as main subject, visible monster as main subject, graphic gore, modern clutter that contradicts the setting, bright cheerful mood, flat lighting, malformed architecture, impossible perspective, duplicated doors, floating objects, warped signage, invented readable text, watermark, logo, low detail, blur",Original Cinematic Horror,1.0,False
0470 | Original Cinematic Horror/Rotting Roadside Motel — Storm Night,"Rotting Roadside Motel, a neglected roadside motel with cracked neon sign, drained pool, exterior corridors and one room light still on, during a stormy night, rain or wind appropriate to the setting, intermittent practical light, reflective surfaces and cinematic tension without visible characters, no people present, environment-first composition, highly detailed architecture and surfaces, coherent spatial layout, cinematic depth, polished colour separation, subtle volumetric atmosphere, realistic materials, professional horror production design","people as main subject, visible monster as main subject, graphic gore, modern clutter that contradicts the setting, bright cheerful mood, flat lighting, malformed architecture, impossible perspective, duplicated doors, floating objects, warped signage, invented readable text, watermark, logo, low detail, blur",Original Cinematic Horror,1.0,False
0471 | Original Cinematic Horror/Rotting Roadside Motel — Abandoned Daylight,"Rotting Roadside Motel, a neglected roadside motel with cracked neon sign, drained pool, exterior corridors and one room light still on, in pale overcast daylight, abandonment clearly visible, authentic wear and material detail, long empty sightlines and unsettling realism rather than darkness alone, no people present, environment-first composition, highly detailed architecture and surfaces, coherent spatial layout, cinematic depth, polished colour separation, subtle volumetric atmosphere, realistic materials, professional horror production design","people as main subject, visible monster as main subject, graphic gore, modern clutter that contradicts the setting, bright cheerful mood, flat lighting, malformed architecture, impossible perspective, duplicated doors, floating objects, warped signage, invented readable text, watermark, logo, low detail, blur",Original Cinematic Horror,1.0,False
0472 | Original Cinematic Horror/Lonely Highway Gas Station — Blue Hour,"Lonely Highway Gas Station, an isolated gas station on a black highway, old pumps, buzzing canopy lights, empty shop and desert darkness, at blue hour, cool exterior ambience, small warm practical lights, layered depth, precise production design and a polished widescreen horror establishing shot, no people present, environment-first composition, highly detailed architecture and surfaces, coherent spatial layout, cinematic depth, polished colour separation, subtle volumetric atmosphere, realistic materials, professional horror production design","people as main subject, visible monster as main subject, graphic gore, modern clutter that contradicts the setting, bright cheerful mood, flat lighting, malformed architecture, impossible perspective, duplicated doors, floating objects, warped signage, invented readable text, watermark, logo, low detail, blur",Original Cinematic Horror,1.0,False
0473 | Original Cinematic Horror/Lonely Highway Gas Station — Moonlit Fog,"Lonely Highway Gas Station, an isolated gas station on a black highway, old pumps, buzzing canopy lights, empty shop and desert darkness, under moonlight and drifting fog, strong silhouettes, readable environmental detail, controlled contrast and a quiet supernatural atmosphere, no people present, environment-first composition, highly detailed architecture and surfaces, coherent spatial layout, cinematic depth, polished colour separation, subtle volumetric atmosphere, realistic materials, professional horror production design","people as main subject, visible monster as main subject, graphic gore, modern clutter that contradicts the setting, bright cheerful mood, flat lighting, malformed architecture, impossible perspective, duplicated doors, floating objects, warped signage, invented readable text, watermark, logo, low detail, blur",Original Cinematic Horror,1.0,False
0474 | Original Cinematic Horror/Lonely Highway Gas Station — Storm Night,"Lonely Highway Gas Station, an isolated gas station on a black highway, old pumps, buzzing canopy lights, empty shop and desert darkness, during a stormy night, rain or wind appropriate to the setting, intermittent practical light, reflective surfaces and cinematic tension without visible characters, no people present, environment-first composition, highly detailed architecture and surfaces, coherent spatial layout, cinematic depth, polished colour separation, subtle volumetric atmosphere, realistic materials, professional horror production design","people as main subject, visible monster as main subject, graphic gore, modern clutter that contradicts the setting, bright cheerful mood, flat lighting, malformed architecture, impossible perspective, duplicated doors, floating objects, warped signage, invented readable text, watermark, logo, low detail, blur",Original Cinematic Horror,1.0,False
0475 | Original Cinematic Horror/Lonely Highway Gas Station — Abandoned Daylight,"Lonely Highway Gas Station, an isolated gas station on a black highway, old pumps, buzzing canopy lights, empty shop and desert darkness, in pale overcast daylight, abandonment clearly visible, authentic wear and material detail, long empty sightlines and unsettling realism rather than darkness alone, no people present, environment-first composition, highly detailed architecture and surfaces, coherent spatial layout, cinematic depth, polished colour separation, subtle volumetric atmosphere, realistic materials, professional horror production design","people as main subject, visible monster as main subject, graphic gore, modern clutter that contradicts the setting, bright cheerful mood, flat lighting, malformed architecture, impossible perspective, duplicated doors, floating objects, warped signage, invented readable text, watermark, logo, low detail, blur",Original Cinematic Horror,1.0,False
0476 | Original Cinematic Horror/Closed All-Night Diner — Blue Hour,"Closed All-Night Diner, a chrome roadside diner after closing, red booths, coffee cups, kitchen pass and rain streaking the windows, at blue hour, cool exterior ambience, small warm practical lights, layered depth, precise production design and a polished widescreen horror establishing shot, no people present, environment-first composition, highly detailed architecture and surfaces, coherent spatial layout, cinematic depth, polished colour separation, subtle volumetric atmosphere, realistic materials, professional horror production design","people as main subject, visible monster as main subject, graphic gore, modern clutter that contradicts the setting, bright cheerful mood, flat lighting, malformed architecture, impossible perspective, duplicated doors, floating objects, warped signage, invented readable text, watermark, logo, low detail, blur",Original Cinematic Horror,1.0,False
0477 | Original Cinematic Horror/Closed All-Night Diner — Moonlit Fog,"Closed All-Night Diner, a chrome roadside diner after closing, red booths, coffee cups, kitchen pass and rain streaking the windows, under moonlight and drifting fog, strong silhouettes, readable environmental detail, controlled contrast and a quiet supernatural atmosphere, no people present, environment-first composition, highly detailed architecture and surfaces, coherent spatial layout, cinematic depth, polished colour separation, subtle volumetric atmosphere, realistic materials, professional horror production design","people as main subject, visible monster as main subject, graphic gore, modern clutter that contradicts the setting, bright cheerful mood, flat lighting, malformed architecture, impossible perspective, duplicated doors, floating objects, warped signage, invented readable text, watermark, logo, low detail, blur",Original Cinematic Horror,1.0,False
0478 | Original Cinematic Horror/Closed All-Night Diner — Storm Night,"Closed All-Night Diner, a chrome roadside diner after closing, red booths, coffee cups, kitchen pass and rain streaking the windows, during a stormy night, rain or wind appropriate to the setting, intermittent practical light, reflective surfaces and cinematic tension without visible characters, no people present, environment-first composition, highly detailed architecture and surfaces, coherent spatial layout, cinematic depth, polished colour separation, subtle volumetric atmosphere, realistic materials, professional horror production design","people as main subject, visible monster as main subject, graphic gore, modern clutter that contradicts the setting, bright cheerful mood, flat lighting, malformed architecture, impossible perspective, duplicated doors, floating objects, warped signage, invented readable text, watermark, logo, low detail, blur",Original Cinematic Horror,1.0,False
0479 | Original Cinematic Horror/Closed All-Night Diner — Abandoned Daylight,"Closed All-Night Diner, a chrome roadside diner after closing, red booths, coffee cups, kitchen pass and rain streaking the windows, in pale overcast daylight, abandonment clearly visible, authentic wear and material detail, long empty sightlines and unsettling realism rather than darkness alone, no people present, environment-first composition, highly detailed architecture and surfaces, coherent spatial layout, cinematic depth, polished colour separation, subtle volumetric atmosphere, realistic materials, professional horror production design","people as main subject, visible monster as main subject, graphic gore, modern clutter that contradicts the setting, bright cheerful mood, flat lighting, malformed architecture, impossible perspective, duplicated doors, floating objects, warped signage, invented readable text, watermark, logo, low detail, blur",Original Cinematic Horror,1.0,False
0480 | Original Cinematic Horror/Forest Fire Lookout — Blue Hour,"Forest Fire Lookout, a remote wooden lookout tower above endless forest, radio desk, narrow stairs and storm clouds below the ridge, at blue hour, cool exterior ambience, small warm practical lights, layered depth, precise production design and a polished widescreen horror establishing shot, no people present, environment-first composition, highly detailed architecture and surfaces, coherent spatial layout, cinematic depth, polished colour separation, subtle volumetric atmosphere, realistic materials, professional horror production design","people as main subject, visible monster as main subject, graphic gore, modern clutter that contradicts the setting, bright cheerful mood, flat lighting, malformed architecture, impossible perspective, duplicated doors, floating objects, warped signage, invented readable text, watermark, logo, low detail, blur",Original Cinematic Horror,1.0,False
0481 | Original Cinematic Horror/Forest Fire Lookout — Moonlit Fog,"Forest Fire Lookout, a remote wooden lookout tower above endless forest, radio desk, narrow stairs and storm clouds below the ridge, under moonlight and drifting fog, strong silhouettes, readable environmental detail, controlled contrast and a quiet supernatural atmosphere, no people present, environment-first composition, highly detailed architecture and surfaces, coherent spatial layout, cinematic depth, polished colour separation, subtle volumetric atmosphere, realistic materials, professional horror production design","people as main subject, visible monster as main subject, graphic gore, modern clutter that contradicts the setting, bright cheerful mood, flat lighting, malformed architecture, impossible perspective, duplicated doors, floating objects, warped signage, invented readable text, watermark, logo, low detail, blur",Original Cinematic Horror,1.0,False
0482 | Original Cinematic Horror/Forest Fire Lookout — Storm Night,"Forest Fire Lookout, a remote wooden lookout tower above endless forest, radio desk, narrow stairs and storm clouds below the ridge, during a stormy night, rain or wind appropriate to the setting, intermittent practical light, reflective surfaces and cinematic tension without visible characters, no people present, environment-first composition, highly detailed architecture and surfaces, coherent spatial layout, cinematic depth, polished colour separation, subtle volumetric atmosphere, realistic materials, professional horror production design","people as main subject, visible monster as main subject, graphic gore, modern clutter that contradicts the setting, bright cheerful mood, flat lighting, malformed architecture, impossible perspective, duplicated doors, floating objects, warped signage, invented readable text, watermark, logo, low detail, blur",Original Cinematic Horror,1.0,False
0483 | Original Cinematic Horror/Forest Fire Lookout — Abandoned Daylight,"Forest Fire Lookout, a remote wooden lookout tower above endless forest, radio desk, narrow stairs and storm clouds below the ridge, in pale overcast daylight, abandonment clearly visible, authentic wear and material detail, long empty sightlines and unsettling realism rather than darkness alone, no people present, environment-first composition, highly detailed architecture and surfaces, coherent spatial layout, cinematic depth, polished colour separation, subtle volumetric atmosphere, realistic materials, professional horror production design","people as main subject, visible monster as main subject, graphic gore, modern clutter that contradicts the setting, bright cheerful mood, flat lighting, malformed architecture, impossible perspective, duplicated doors, floating objects, warped signage, invented readable text, watermark, logo, low detail, blur",Original Cinematic Horror,1.0,False
0484 | Original Cinematic Horror/Snowbound Hunting Lodge — Blue Hour,"Snowbound Hunting Lodge, a large timber lodge buried in snow, trophy hall, stone fireplace, locked equipment room and no road access, at blue hour, cool exterior ambience, small warm practical lights, layered depth, precise production design and a polished widescreen horror establishing shot, no people present, environment-first composition, highly detailed architecture and surfaces, coherent spatial layout, cinematic depth, polished colour separation, subtle volumetric atmosphere, realistic materials, professional horror production design","people as main subject, visible monster as main subject, graphic gore, modern clutter that contradicts the setting, bright cheerful mood, flat lighting, malformed architecture, impossible perspective, duplicated doors, floating objects, warped signage, invented readable text, watermark, logo, low detail, blur",Original Cinematic Horror,1.0,False
0485 | Original Cinematic Horror/Snowbound Hunting Lodge — Moonlit Fog,"Snowbound Hunting Lodge, a large timber lodge buried in snow, trophy hall, stone fireplace, locked equipment room and no road access, under moonlight and drifting fog, strong silhouettes, readable environmental detail, controlled contrast and a quiet supernatural atmosphere, no people present, environment-first composition, highly detailed architecture and surfaces, coherent spatial layout, cinematic depth, polished colour separation, subtle volumetric atmosphere, realistic materials, professional horror production design","people as main subject, visible monster as main subject, graphic gore, modern clutter that contradicts the setting, bright cheerful mood, flat lighting, malformed architecture, impossible perspective, duplicated doors, floating objects, warped signage, invented readable text, watermark, logo, low detail, blur",Original Cinematic Horror,1.0,False
0486 | Original Cinematic Horror/Snowbound Hunting Lodge — Storm Night,"Snowbound Hunting Lodge, a large timber lodge buried in snow, trophy hall, stone fireplace, locked equipment room and no road access, during a stormy night, rain or wind appropriate to the setting, intermittent practical light, reflective surfaces and cinematic tension without visible characters, no people present, environment-first composition, highly detailed architecture and surfaces, coherent spatial layout, cinematic depth, polished colour separation, subtle volumetric atmosphere, realistic materials, professional horror production design","people as main subject, visible monster as main subject, graphic gore, modern clutter that contradicts the setting, bright cheerful mood, flat lighting, malformed architecture, impossible perspective, duplicated doors, floating objects, warped signage, invented readable text, watermark, logo, low detail, blur",Original Cinematic Horror,1.0,False
0487 | Original Cinematic Horror/Snowbound Hunting Lodge — Abandoned Daylight,"Snowbound Hunting Lodge, a large timber lodge buried in snow, trophy hall, stone fireplace, locked equipment room and no road access, in pale overcast daylight, abandonment clearly visible, authentic wear and material detail, long empty sightlines and unsettling realism rather than darkness alone, no people present, environment-first composition, highly detailed architecture and surfaces, coherent spatial layout, cinematic depth, polished colour separation, subtle volumetric atmosphere, realistic materials, professional horror production design","people as main subject, visible monster as main subject, graphic gore, modern clutter that contradicts the setting, bright cheerful mood, flat lighting, malformed architecture, impossible perspective, duplicated doors, floating objects, warped signage, invented readable text, watermark, logo, low detail, blur",Original Cinematic Horror,1.0,False
0488 | Original Cinematic Horror/Underground Cave Shrine — Blue Hour,"Underground Cave Shrine, a hidden cave shrine with weathered statues, candle shelves, subterranean pool and narrow stone approach, at blue hour, cool exterior ambience, small warm practical lights, layered depth, precise production design and a polished widescreen horror establishing shot, no people present, environment-first composition, highly detailed architecture and surfaces, coherent spatial layout, cinematic depth, polished colour separation, subtle volumetric atmosphere, realistic materials, professional horror production design","people as main subject, visible monster as main subject, graphic gore, modern clutter that contradicts the setting, bright cheerful mood, flat lighting, malformed architecture, impossible perspective, duplicated doors, floating objects, warped signage, invented readable text, watermark, logo, low detail, blur",Original Cinematic Horror,1.0,False
0489 | Original Cinematic Horror/Underground Cave Shrine — Moonlit Fog,"Underground Cave Shrine, a hidden cave shrine with weathered statues, candle shelves, subterranean pool and narrow stone approach, under moonlight and drifting fog, strong silhouettes, readable environmental detail, controlled contrast and a quiet supernatural atmosphere, no people present, environment-first composition, highly detailed architecture and surfaces, coherent spatial layout, cinematic depth, polished colour separation, subtle volumetric atmosphere, realistic materials, professional horror production design","people as main subject, visible monster as main subject, graphic gore, modern clutter that contradicts the setting, bright cheerful mood, flat lighting, malformed architecture, impossible perspective, duplicated doors, floating objects, warped signage, invented readable text, watermark, logo, low detail, blur",Original Cinematic Horror,1.0,False
0490 | Original Cinematic Horror/Underground Cave Shrine — Storm Night,"Underground Cave Shrine, a hidden cave shrine with weathered statues, candle shelves, subterranean pool and narrow stone approach, during a stormy night, rain or wind appropriate to the setting, intermittent practical light, reflective surfaces and cinematic tension without visible characters, no people present, environment-first composition, highly detailed architecture and surfaces, coherent spatial layout, cinematic depth, polished colour separation, subtle volumetric atmosphere, realistic materials, professional horror production design","people as main subject, visible monster as main subject, graphic gore, modern clutter that contradicts the setting, bright cheerful mood, flat lighting, malformed architecture, impossible perspective, duplicated doors, floating objects, warped signage, invented readable text, watermark, logo, low detail, blur",Original Cinematic Horror,1.0,False
0491 | Original Cinematic Horror/Underground Cave Shrine — Abandoned Daylight,"Underground Cave Shrine, a hidden cave shrine with weathered statues, candle shelves, subterranean pool and narrow stone approach, in pale overcast daylight, abandonment clearly visible, authentic wear and material detail, long empty sightlines and unsettling realism rather than darkness alone, no people present, environment-first composition, highly detailed architecture and surfaces, coherent spatial layout, cinematic depth, polished colour separation, subtle volumetric atmosphere, realistic materials, professional horror production design","people as main subject, visible monster as main subject, graphic gore, modern clutter that contradicts the setting, bright cheerful mood, flat lighting, malformed architecture, impossible perspective, duplicated doors, floating objects, warped signage, invented readable text, watermark, logo, low detail, blur",Original Cinematic Horror,1.0,False
0492 | Original Cinematic Horror/Abandoned Mine Shaft — Blue Hour,"Abandoned Mine Shaft, a deep disused mine with timber supports, rusted carts, side tunnels and a broken cage lift, at blue hour, cool exterior ambience, small warm practical lights, layered depth, precise production design and a polished widescreen horror establishing shot, no people present, environment-first composition, highly detailed architecture and surfaces, coherent spatial layout, cinematic depth, polished colour separation, subtle volumetric atmosphere, realistic materials, professional horror production design","people as main subject, visible monster as main subject, graphic gore, modern clutter that contradicts the setting, bright cheerful mood, flat lighting, malformed architecture, impossible perspective, duplicated doors, floating objects, warped signage, invented readable text, watermark, logo, low detail, blur",Original Cinematic Horror,1.0,False
0493 | Original Cinematic Horror/Abandoned Mine Shaft — Moonlit Fog,"Abandoned Mine Shaft, a deep disused mine with timber supports, rusted carts, side tunnels and a broken cage lift, under moonlight and drifting fog, strong silhouettes, readable environmental detail, controlled contrast and a quiet supernatural atmosphere, no people present, environment-first composition, highly detailed architecture and surfaces, coherent spatial layout, cinematic depth, polished colour separation, subtle volumetric atmosphere, realistic materials, professional horror production design","people as main subject, visible monster as main subject, graphic gore, modern clutter that contradicts the setting, bright cheerful mood, flat lighting, malformed architecture, impossible perspective, duplicated doors, floating objects, warped signage, invented readable text, watermark, logo, low detail, blur",Original Cinematic Horror,1.0,False
0494 | Original Cinematic Horror/Abandoned Mine Shaft — Storm Night,"Abandoned Mine Shaft, a deep disused mine with timber supports, rusted carts, side tunnels and a broken cage lift, during a stormy night, rain or wind appropriate to the setting, intermittent practical light, reflective surfaces and cinematic tension without visible characters, no people present, environment-first composition, highly detailed architecture and surfaces, coherent spatial layout, cinematic depth, polished colour separation, subtle volumetric atmosphere, realistic materials, professional horror production design","people as main subject, visible monster as main subject, graphic gore, modern clutter that contradicts the setting, bright cheerful mood, flat lighting, malformed architecture, impossible perspective, duplicated doors, floating objects, warped signage, invented readable text, watermark, logo, low detail, blur",Original Cinematic Horror,1.0,False
0495 | Original Cinematic Horror/Abandoned Mine Shaft — Abandoned Daylight,"Abandoned Mine Shaft, a deep disused mine with timber supports, rusted carts, side tunnels and a broken cage lift, in pale overcast daylight, abandonment clearly visible, authentic wear and material detail, long empty sightlines and unsettling realism rather than darkness alone, no people present, environment-first composition, highly detailed architecture and surfaces, coherent spatial layout, cinematic depth, polished colour separation, subtle volumetric atmosphere, realistic materials, professional horror production design","people as main subject, visible monster as main subject, graphic gore, modern clutter that contradicts the setting, bright cheerful mood, flat lighting, malformed architecture, impossible perspective, duplicated doors, floating objects, warped signage, invented readable text, watermark, logo, low detail, blur",Original Cinematic Horror,1.0,False
0496 | Original Cinematic Horror/Brick Sewer Junction — Blue Hour,"Brick Sewer Junction, a vast old sewer intersection with arched brick channels, maintenance platforms, rusted gates and distant flowing water, at blue hour, cool exterior ambience, small warm practical lights, layered depth, precise production design and a polished widescreen horror establishing shot, no people present, environment-first composition, highly detailed architecture and surfaces, coherent spatial layout, cinematic depth, polished colour separation, subtle volumetric atmosphere, realistic materials, professional horror production design","people as main subject, visible monster as main subject, graphic gore, modern clutter that contradicts the setting, bright cheerful mood, flat lighting, malformed architecture, impossible perspective, duplicated doors, floating objects, warped signage, invented readable text, watermark, logo, low detail, blur",Original Cinematic Horror,1.0,False
0497 | Original Cinematic Horror/Brick Sewer Junction — Moonlit Fog,"Brick Sewer Junction, a vast old sewer intersection with arched brick channels, maintenance platforms, rusted gates and distant flowing water, under moonlight and drifting fog, strong silhouettes, readable environmental detail, controlled contrast and a quiet supernatural atmosphere, no people present, environment-first composition, highly detailed architecture and surfaces, coherent spatial layout, cinematic depth, polished colour separation, subtle volumetric atmosphere, realistic materials, professional horror production design","people as main subject, visible monster as main subject, graphic gore, modern clutter that contradicts the setting, bright cheerful mood, flat lighting, malformed architecture, impossible perspective, duplicated doors, floating objects, warped signage, invented readable text, watermark, logo, low detail, blur",Original Cinematic Horror,1.0,False
0498 | Original Cinematic Horror/Brick Sewer Junction — Storm Night,"Brick Sewer Junction, a vast old sewer intersection with arched brick channels, maintenance platforms, rusted gates and distant flowing water, during a stormy night, rain or wind appropriate to the setting, intermittent practical light, reflective surfaces and cinematic tension without visible characters, no people present, environment-first composition, highly detailed architecture and surfaces, coherent spatial layout, cinematic depth, polished colour separation, subtle volumetric atmosphere, realistic materials, professional horror production design","people as main subject, visible monster as main subject, graphic gore, modern clutter that contradicts the setting, bright cheerful mood, flat lighting, malformed architecture, impossible perspective, duplicated doors, floating objects, warped signage, invented readable text, watermark, logo, low detail, blur",Original Cinematic Horror,1.0,False
0499 | Original Cinematic Horror/Brick Sewer Junction — Abandoned Daylight,"Brick Sewer Junction, a vast old sewer intersection with arched brick channels, maintenance platforms, rusted gates and distant flowing water, in pale overcast daylight, abandonment clearly visible, authentic wear and material detail, long empty sightlines and unsettling realism rather than darkness alone, no people present, environment-first composition, highly detailed architecture and surfaces, coherent spatial layout, cinematic depth, polished colour separation, subtle volumetric atmosphere, realistic materials, professional horror production design","people as main subject, visible monster as main subject, graphic gore, modern clutter that contradicts the setting, bright cheerful mood, flat lighting, malformed architecture, impossible perspective, duplicated doors, floating objects, warped signage, invented readable text, watermark, logo, low detail, blur",Original Cinematic Horror,1.0,False
0500 | Original Cinematic Horror/Concrete Storm Drain — Blue Hour,"Concrete Storm Drain, a large urban storm drain beneath the city, graffiti, shallow water, branching culverts and a single shaft of daylight, at blue hour, cool exterior ambience, small warm practical lights, layered depth, precise production design and a polished widescreen horror establishing shot, no people present, environment-first composition, highly detailed architecture and surfaces, coherent spatial layout, cinematic depth, polished colour separation, subtle volumetric atmosphere, realistic materials, professional horror production design","people as main subject, visible monster as main subject, graphic gore, modern clutter that contradicts the setting, bright cheerful mood, flat lighting, malformed architecture, impossible perspective, duplicated doors, floating objects, warped signage, invented readable text, watermark, logo, low detail, blur",Original Cinematic Horror,1.0,False
0501 | Original Cinematic Horror/Concrete Storm Drain — Moonlit Fog,"Concrete Storm Drain, a large urban storm drain beneath the city, graffiti, shallow water, branching culverts and a single shaft of daylight, under moonlight and drifting fog, strong silhouettes, readable environmental detail, controlled contrast and a quiet supernatural atmosphere, no people present, environment-first composition, highly detailed architecture and surfaces, coherent spatial layout, cinematic depth, polished colour separation, subtle volumetric atmosphere, realistic materials, professional horror production design","people as main subject, visible monster as main subject, graphic gore, modern clutter that contradicts the setting, bright cheerful mood, flat lighting, malformed architecture, impossible perspective, duplicated doors, floating objects, warped signage, invented readable text, watermark, logo, low detail, blur",Original Cinematic Horror,1.0,False
0502 | Original Cinematic Horror/Concrete Storm Drain — Storm Night,"Concrete Storm Drain, a large urban storm drain beneath the city, graffiti, shallow water, branching culverts and a single shaft of daylight, during a stormy night, rain or wind appropriate to the setting, intermittent practical light, reflective surfaces and cinematic tension without visible characters, no people present, environment-first composition, highly detailed architecture and surfaces, coherent spatial layout, cinematic depth, polished colour separation, subtle volumetric atmosphere, realistic materials, professional horror production design","people as main subject, visible monster as main subject, graphic gore, modern clutter that contradicts the setting, bright cheerful mood, flat lighting, malformed architecture, impossible perspective, duplicated doors, floating objects, warped signage, invented readable text, watermark, logo, low detail, blur",Original Cinematic Horror,1.0,False
0503 | Original Cinematic Horror/Concrete Storm Drain — Abandoned Daylight,"Concrete Storm Drain, a large urban storm drain beneath the city, graffiti, shallow water, branching culverts and a single shaft of daylight, in pale overcast daylight, abandonment clearly visible, authentic wear and material detail, long empty sightlines and unsettling realism rather than darkness alone, no people present, environment-first composition, highly detailed architecture and surfaces, coherent spatial layout, cinematic depth, polished colour separation, subtle volumetric atmosphere, realistic materials, professional horror production design","people as main subject, visible monster as main subject, graphic gore, modern clutter that contradicts the setting, bright cheerful mood, flat lighting, malformed architecture, impossible perspective, duplicated doors, floating objects, warped signage, invented readable text, watermark, logo, low detail, blur",Original Cinematic Horror,1.0,False
0504 | Original Cinematic Horror/Flooded Cellar — Blue Hour,"Flooded Cellar, a stone basement filled with ankle-deep water, old furnace, storage shelves, narrow window and a locked inner door, at blue hour, cool exterior ambience, small warm practical lights, layered depth, precise production design and a polished widescreen horror establishing shot, no people present, environment-first composition, highly detailed architecture and surfaces, coherent spatial layout, cinematic depth, polished colour separation, subtle volumetric atmosphere, realistic materials, professional horror production design","people as main subject, visible monster as main subject, graphic gore, modern clutter that contradicts the setting, bright cheerful mood, flat lighting, malformed architecture, impossible perspective, duplicated doors, floating objects, warped signage, invented readable text, watermark, logo, low detail, blur",Original Cinematic Horror,1.0,False
0505 | Original Cinematic Horror/Flooded Cellar — Moonlit Fog,"Flooded Cellar, a stone basement filled with ankle-deep water, old furnace, storage shelves, narrow window and a locked inner door, under moonlight and drifting fog, strong silhouettes, readable environmental detail, controlled contrast and a quiet supernatural atmosphere, no people present, environment-first composition, highly detailed architecture and surfaces, coherent spatial layout, cinematic depth, polished colour separation, subtle volumetric atmosphere, realistic materials, professional horror production design","people as main subject, visible monster as main subject, graphic gore, modern clutter that contradicts the setting, bright cheerful mood, flat lighting, malformed architecture, impossible perspective, duplicated doors, floating objects, warped signage, invented readable text, watermark, logo, low detail, blur",Original Cinematic Horror,1.0,False
0506 | Original Cinematic Horror/Flooded Cellar — Storm Night,"Flooded Cellar, a stone basement filled with ankle-deep water, old furnace, storage shelves, narrow window and a locked inner door, during a stormy night, rain or wind appropriate to the setting, intermittent practical light, reflective surfaces and cinematic tension without visible characters, no people present, environment-first composition, highly detailed architecture and surfaces, coherent spatial layout, cinematic depth, polished colour separation, subtle volumetric atmosphere, realistic materials, professional horror production design","people as main subject, visible monster as main subject, graphic gore, modern clutter that contradicts the setting, bright cheerful mood, flat lighting, malformed architecture, impossible perspective, duplicated doors, floating objects, warped signage, invented readable text, watermark, logo, low detail, blur",Original Cinematic Horror,1.0,False
0507 | Original Cinematic Horror/Flooded Cellar — Abandoned Daylight,"Flooded Cellar, a stone basement filled with ankle-deep water, old furnace, storage shelves, narrow window and a locked inner door, in pale overcast daylight, abandonment clearly visible, authentic wear and material detail, long empty sightlines and unsettling realism rather than darkness alone, no people present, environment-first composition, highly detailed architecture and surfaces, coherent spatial layout, cinematic depth, polished colour separation, subtle volumetric atmosphere, realistic materials, professional horror production design","people as main subject, visible monster as main subject, graphic gore, modern clutter that contradicts the setting, bright cheerful mood, flat lighting, malformed architecture, impossible perspective, duplicated doors, floating objects, warped signage, invented readable text, watermark, logo, low detail, blur",Original Cinematic Horror,1.0,False
0508 | Original Cinematic Horror/Attic Nursery — Blue Hour,"Attic Nursery, a forgotten attic nursery with covered crib, rocking horse, faded wallpaper, trunks and rain beneath the roof tiles, at blue hour, cool exterior ambience, small warm practical lights, layered depth, precise production design and a polished widescreen horror establishing shot, no people present, environment-first composition, highly detailed architecture and surfaces, coherent spatial layout, cinematic depth, polished colour separation, subtle volumetric atmosphere, realistic materials, professional horror production design","people as main subject, visible monster as main subject, graphic gore, modern clutter that contradicts the setting, bright cheerful mood, flat lighting, malformed architecture, impossible perspective, duplicated doors, floating objects, warped signage, invented readable text, watermark, logo, low detail, blur",Original Cinematic Horror,1.0,False
0509 | Original Cinematic Horror/Attic Nursery — Moonlit Fog,"Attic Nursery, a forgotten attic nursery with covered crib, rocking horse, faded wallpaper, trunks and rain beneath the roof tiles, under moonlight and drifting fog, strong silhouettes, readable environmental detail, controlled contrast and a quiet supernatural atmosphere, no people present, environment-first composition, highly detailed architecture and surfaces, coherent spatial layout, cinematic depth, polished colour separation, subtle volumetric atmosphere, realistic materials, professional horror production design","people as main subject, visible monster as main subject, graphic gore, modern clutter that contradicts the setting, bright cheerful mood, flat lighting, malformed architecture, impossible perspective, duplicated doors, floating objects, warped signage, invented readable text, watermark, logo, low detail, blur",Original Cinematic Horror,1.0,False
0510 | Original Cinematic Horror/Attic Nursery — Storm Night,"Attic Nursery, a forgotten attic nursery with covered crib, rocking horse, faded wallpaper, trunks and rain beneath the roof tiles, during a stormy night, rain or wind appropriate to the setting, intermittent practical light, reflective surfaces and cinematic tension without visible characters, no people present, environment-first composition, highly detailed architecture and surfaces, coherent spatial layout, cinematic depth, polished colour separation, subtle volumetric atmosphere, realistic materials, professional horror production design","people as main subject, visible monster as main subject, graphic gore, modern clutter that contradicts the setting, bright cheerful mood, flat lighting, malformed architecture, impossible perspective, duplicated doors, floating objects, warped signage, invented readable text, watermark, logo, low detail, blur",Original Cinematic Horror,1.0,False
0511 | Original Cinematic Horror/Attic Nursery — Abandoned Daylight,"Attic Nursery, a forgotten attic nursery with covered crib, rocking horse, faded wallpaper, trunks and rain beneath the roof tiles, in pale overcast daylight, abandonment clearly visible, authentic wear and material detail, long empty sightlines and unsettling realism rather than darkness alone, no people present, environment-first composition, highly detailed architecture and surfaces, coherent spatial layout, cinematic depth, polished colour separation, subtle volumetric atmosphere, realistic materials, professional horror production design","people as main subject, visible monster as main subject, graphic gore, modern clutter that contradicts the setting, bright cheerful mood, flat lighting, malformed architecture, impossible perspective, duplicated doors, floating objects, warped signage, invented readable text, watermark, logo, low detail, blur",Original Cinematic Horror,1.0,False
0512 | Original Cinematic Horror/Antique Doll Workshop — Blue Hour,"Antique Doll Workshop, an old dollmaker’s workshop with porcelain heads, unfinished bodies, fine tools, narrow shelves and dusty skylight, at blue hour, cool exterior ambience, small warm practical lights, layered depth, precise production design and a polished widescreen horror establishing shot, no people present, environment-first composition, highly detailed architecture and surfaces, coherent spatial layout, cinematic depth, polished colour separation, subtle volumetric atmosphere, realistic materials, professional horror production design","people as main subject, visible monster as main subject, graphic gore, modern clutter that contradicts the setting, bright cheerful mood, flat lighting, malformed architecture, impossible perspective, duplicated doors, floating objects, warped signage, invented readable text, watermark, logo, low detail, blur",Original Cinematic Horror,1.0,False
0513 | Original Cinematic Horror/Antique Doll Workshop — Moonlit Fog,"Antique Doll Workshop, an old dollmaker’s workshop with porcelain heads, unfinished bodies, fine tools, narrow shelves and dusty skylight, under moonlight and drifting fog, strong silhouettes, readable environmental detail, controlled contrast and a quiet supernatural atmosphere, no people present, environment-first composition, highly detailed architecture and surfaces, coherent spatial layout, cinematic depth, polished colour separation, subtle volumetric atmosphere, realistic materials, professional horror production design","people as main subject, visible monster as main subject, graphic gore, modern clutter that contradicts the setting, bright cheerful mood, flat lighting, malformed architecture, impossible perspective, duplicated doors, floating objects, warped signage, invented readable text, watermark, logo, low detail, blur",Original Cinematic Horror,1.0,False
0514 | Original Cinematic Horror/Antique Doll Workshop — Storm Night,"Antique Doll Workshop, an old dollmaker’s workshop with porcelain heads, unfinished bodies, fine tools, narrow shelves and dusty skylight, during a stormy night, rain or wind appropriate to the setting, intermittent practical light, reflective surfaces and cinematic tension without visible characters, no people present, environment-first composition, highly detailed architecture and surfaces, coherent spatial layout, cinematic depth, polished colour separation, subtle volumetric atmosphere, realistic materials, professional horror production design","people as main subject, visible monster as main subject, graphic gore, modern clutter that contradicts the setting, bright cheerful mood, flat lighting, malformed architecture, impossible perspective, duplicated doors, floating objects, warped signage, invented readable text, watermark, logo, low detail, blur",Original Cinematic Horror,1.0,False
0515 | Original Cinematic Horror/Antique Doll Workshop — Abandoned Daylight,"Antique Doll Workshop, an old dollmaker’s workshop with porcelain heads, unfinished bodies, fine tools, narrow shelves and dusty skylight, in pale overcast daylight, abandonment clearly visible, authentic wear and material detail, long empty sightlines and unsettling realism rather than darkness alone, no people present, environment-first composition, highly detailed architecture and surfaces, coherent spatial layout, cinematic depth, polished colour separation, subtle volumetric atmosphere, realistic materials, professional horror production design","people as main subject, visible monster as main subject, graphic gore, modern clutter that contradicts the setting, bright cheerful mood, flat lighting, malformed architecture, impossible perspective, duplicated doors, floating objects, warped signage, invented readable text, watermark, logo, low detail, blur",Original Cinematic Horror,1.0,False
0516 | Original Cinematic Horror/Taxidermy Museum — Blue Hour,"Taxidermy Museum, a closed private museum with glass cases, mounted animals, faded labels and narrow aisles under weak lamps, at blue hour, cool exterior ambience, small warm practical lights, layered depth, precise production design and a polished widescreen horror establishing shot, no people present, environment-first composition, highly detailed architecture and surfaces, coherent spatial layout, cinematic depth, polished colour separation, subtle volumetric atmosphere, realistic materials, professional horror production design","people as main subject, visible monster as main subject, graphic gore, modern clutter that contradicts the setting, bright cheerful mood, flat lighting, malformed architecture, impossible perspective, duplicated doors, floating objects, warped signage, invented readable text, watermark, logo, low detail, blur",Original Cinematic Horror,1.0,False
0517 | Original Cinematic Horror/Taxidermy Museum — Moonlit Fog,"Taxidermy Museum, a closed private museum with glass cases, mounted animals, faded labels and narrow aisles under weak lamps, under moonlight and drifting fog, strong silhouettes, readable environmental detail, controlled contrast and a quiet supernatural atmosphere, no people present, environment-first composition, highly detailed architecture and surfaces, coherent spatial layout, cinematic depth, polished colour separation, subtle volumetric atmosphere, realistic materials, professional horror production design","people as main subject, visible monster as main subject, graphic gore, modern clutter that contradicts the setting, bright cheerful mood, flat lighting, malformed architecture, impossible perspective, duplicated doors, floating objects, warped signage, invented readable text, watermark, logo, low detail, blur",Original Cinematic Horror,1.0,False
0518 | Original Cinematic Horror/Taxidermy Museum — Storm Night,"Taxidermy Museum, a closed private museum with glass cases, mounted animals, faded labels and narrow aisles under weak lamps, during a stormy night, rain or wind appropriate to the setting, intermittent practical light, reflective surfaces and cinematic tension without visible characters, no people present, environment-first composition, highly detailed architecture and surfaces, coherent spatial layout, cinematic depth, polished colour separation, subtle volumetric atmosphere, realistic materials, professional horror production design","people as main subject, visible monster as main subject, graphic gore, modern clutter that contradicts the setting, bright cheerful mood, flat lighting, malformed architecture, impossible perspective, duplicated doors, floating objects, warped signage, invented readable text, watermark, logo, low detail, blur",Original Cinematic Horror,1.0,False
0519 | Original Cinematic Horror/Taxidermy Museum — Abandoned Daylight,"Taxidermy Museum, a closed private museum with glass cases, mounted animals, faded labels and narrow aisles under weak lamps, in pale overcast daylight, abandonment clearly visible, authentic wear and material detail, long empty sightlines and unsettling realism rather than darkness alone, no people present, environment-first composition, highly detailed architecture and surfaces, coherent spatial layout, cinematic depth, polished colour separation, subtle volumetric atmosphere, realistic materials, professional horror production design","people as main subject, visible monster as main subject, graphic gore, modern clutter that contradicts the setting, bright cheerful mood, flat lighting, malformed architecture, impossible perspective, duplicated doors, floating objects, warped signage, invented readable text, watermark, logo, low detail, blur",Original Cinematic Horror,1.0,False
0520 | Original Cinematic Horror/Occult Bookshop — Blue Hour,"Occult Bookshop, a cramped antiquarian bookshop with floor-to-ceiling shelves, rolling ladder, locked cabinet and rain-dark front window, at blue hour, cool exterior ambience, small warm practical lights, layered depth, precise production design and a polished widescreen horror establishing shot, no people present, environment-first composition, highly detailed architecture and surfaces, coherent spatial layout, cinematic depth, polished colour separation, subtle volumetric atmosphere, realistic materials, professional horror production design","people as main subject, visible monster as main subject, graphic gore, modern clutter that contradicts the setting, bright cheerful mood, flat lighting, malformed architecture, impossible perspective, duplicated doors, floating objects, warped signage, invented readable text, watermark, logo, low detail, blur",Original Cinematic Horror,1.0,False
0521 | Original Cinematic Horror/Occult Bookshop — Moonlit Fog,"Occult Bookshop, a cramped antiquarian bookshop with floor-to-ceiling shelves, rolling ladder, locked cabinet and rain-dark front window, under moonlight and drifting fog, strong silhouettes, readable environmental detail, controlled contrast and a quiet supernatural atmosphere, no people present, environment-first composition, highly detailed architecture and surfaces, coherent spatial layout, cinematic depth, polished colour separation, subtle volumetric atmosphere, realistic materials, professional horror production design","people as main subject, visible monster as main subject, graphic gore, modern clutter that contradicts the setting, bright cheerful mood, flat lighting, malformed architecture, impossible perspective, duplicated doors, floating objects, warped signage, invented readable text, watermark, logo, low detail, blur",Original Cinematic Horror,1.0,False
0522 | Original Cinematic Horror/Occult Bookshop — Storm Night,"Occult Bookshop, a cramped antiquarian bookshop with floor-to-ceiling shelves, rolling ladder, locked cabinet and rain-dark front window, during a stormy night, rain or wind appropriate to the setting, intermittent practical light, reflective surfaces and cinematic tension without visible characters, no people present, environment-first composition, highly detailed architecture and surfaces, coherent spatial layout, cinematic depth, polished colour separation, subtle volumetric atmosphere, realistic materials, professional horror production design","people as main subject, visible monster as main subject, graphic gore, modern clutter that contradicts the setting, bright cheerful mood, flat lighting, malformed architecture, impossible perspective, duplicated doors, floating objects, warped signage, invented readable text, watermark, logo, low detail, blur",Original Cinematic Horror,1.0,False
0523 | Original Cinematic Horror/Occult Bookshop — Abandoned Daylight,"Occult Bookshop, a cramped antiquarian bookshop with floor-to-ceiling shelves, rolling ladder, locked cabinet and rain-dark front window, in pale overcast daylight, abandonment clearly visible, authentic wear and material detail, long empty sightlines and unsettling realism rather than darkness alone, no people present, environment-first composition, highly detailed architecture and surfaces, coherent spatial layout, cinematic depth, polished colour separation, subtle volumetric atmosphere, realistic materials, professional horror production design","people as main subject, visible monster as main subject, graphic gore, modern clutter that contradicts the setting, bright cheerful mood, flat lighting, malformed architecture, impossible perspective, duplicated doors, floating objects, warped signage, invented readable text, watermark, logo, low detail, blur",Original Cinematic Horror,1.0,False
0524 | Original Cinematic Horror/Victorian Funeral Home — Blue Hour,"Victorian Funeral Home, an old funeral home with viewing parlour, preparation corridor, flower room and dark polished wood, at blue hour, cool exterior ambience, small warm practical lights, layered depth, precise production design and a polished widescreen horror establishing shot, no people present, environment-first composition, highly detailed architecture and surfaces, coherent spatial layout, cinematic depth, polished colour separation, subtle volumetric atmosphere, realistic materials, professional horror production design","people as main subject, visible monster as main subject, graphic gore, modern clutter that contradicts the setting, bright cheerful mood, flat lighting, malformed architecture, impossible perspective, duplicated doors, floating objects, warped signage, invented readable text, watermark, logo, low detail, blur",Original Cinematic Horror,1.0,False
0525 | Original Cinematic Horror/Victorian Funeral Home — Moonlit Fog,"Victorian Funeral Home, an old funeral home with viewing parlour, preparation corridor, flower room and dark polished wood, under moonlight and drifting fog, strong silhouettes, readable environmental detail, controlled contrast and a quiet supernatural atmosphere, no people present, environment-first composition, highly detailed architecture and surfaces, coherent spatial layout, cinematic depth, polished colour separation, subtle volumetric atmosphere, realistic materials, professional horror production design","people as main subject, visible monster as main subject, graphic gore, modern clutter that contradicts the setting, bright cheerful mood, flat lighting, malformed architecture, impossible perspective, duplicated doors, floating objects, warped signage, invented readable text, watermark, logo, low detail, blur",Original Cinematic Horror,1.0,False
0526 | Original Cinematic Horror/Victorian Funeral Home — Storm Night,"Victorian Funeral Home, an old funeral home with viewing parlour, preparation corridor, flower room and dark polished wood, during a stormy night, rain or wind appropriate to the setting, intermittent practical light, reflective surfaces and cinematic tension without visible characters, no people present, environment-first composition, highly detailed architecture and surfaces, coherent spatial layout, cinematic depth, polished colour separation, subtle volumetric atmosphere, realistic materials, professional horror production design","people as main subject, visible monster as main subject, graphic gore, modern clutter that contradicts the setting, bright cheerful mood, flat lighting, malformed architecture, impossible perspective, duplicated doors, floating objects, warped signage, invented readable text, watermark, logo, low detail, blur",Original Cinematic Horror,1.0,False
0527 | Original Cinematic Horror/Victorian Funeral Home — Abandoned Daylight,"Victorian Funeral Home, an old funeral home with viewing parlour, preparation corridor, flower room and dark polished wood, in pale overcast daylight, abandonment clearly visible, authentic wear and material detail, long empty sightlines and unsettling realism rather than darkness alone, no people present, environment-first composition, highly detailed architecture and surfaces, coherent spatial layout, cinematic depth, polished colour separation, subtle volumetric atmosphere, realistic materials, professional horror production design","people as main subject, visible monster as main subject, graphic gore, modern clutter that contradicts the setting, bright cheerful mood, flat lighting, malformed architecture, impossible perspective, duplicated doors, floating objects, warped signage, invented readable text, watermark, logo, low detail, blur",Original Cinematic Horror,1.0,False
0528 | Original Cinematic Horror/Crematorium Service Corridor — Blue Hour,"Crematorium Service Corridor, a sterile back corridor of an old crematorium, metal doors, tiled walls, service lifts and subdued industrial lighting, at blue hour, cool exterior ambience, small warm practical lights, layered depth, precise production design and a polished widescreen horror establishing shot, no people present, environment-first composition, highly detailed architecture and surfaces, coherent spatial layout, cinematic depth, polished colour separation, subtle volumetric atmosphere, realistic materials, professional horror production design","people as main subject, visible monster as main subject, graphic gore, modern clutter that contradicts the setting, bright cheerful mood, flat lighting, malformed architecture, impossible perspective, duplicated doors, floating objects, warped signage, invented readable text, watermark, logo, low detail, blur",Original Cinematic Horror,1.0,False
0529 | Original Cinematic Horror/Crematorium Service Corridor — Moonlit Fog,"Crematorium Service Corridor, a sterile back corridor of an old crematorium, metal doors, tiled walls, service lifts and subdued industrial lighting, under moonlight and drifting fog, strong silhouettes, readable environmental detail, controlled contrast and a quiet supernatural atmosphere, no people present, environment-first composition, highly detailed architecture and surfaces, coherent spatial layout, cinematic depth, polished colour separation, subtle volumetric atmosphere, realistic materials, professional horror production design","people as main subject, visible monster as main subject, graphic gore, modern clutter that contradicts the setting, bright cheerful mood, flat lighting, malformed architecture, impossible perspective, duplicated doors, floating objects, warped signage, invented readable text, watermark, logo, low detail, blur",Original Cinematic Horror,1.0,False
0530 | Original Cinematic Horror/Crematorium Service Corridor — Storm Night,"Crematorium Service Corridor, a sterile back corridor of an old crematorium, metal doors, tiled walls, service lifts and subdued industrial lighting, during a stormy night, rain or wind appropriate to the setting, intermittent practical light, reflective surfaces and cinematic tension without visible characters, no people present, environment-first composition, highly detailed architecture and surfaces, coherent spatial layout, cinematic depth, polished colour separation, subtle volumetric atmosphere, realistic materials, professional horror production design","people as main subject, visible monster as main subject, graphic gore, modern clutter that contradicts the setting, bright cheerful mood, flat lighting, malformed architecture, impossible perspective, duplicated doors, floating objects, warped signage, invented readable text, watermark, logo, low detail, blur",Original Cinematic Horror,1.0,False
0531 | Original Cinematic Horror/Crematorium Service Corridor — Abandoned Daylight,"Crematorium Service Corridor, a sterile back corridor of an old crematorium, metal doors, tiled walls, service lifts and subdued industrial lighting, in pale overcast daylight, abandonment clearly visible, authentic wear and material detail, long empty sightlines and unsettling realism rather than darkness alone, no people present, environment-first composition, highly detailed architecture and surfaces, coherent spatial layout, cinematic depth, polished colour separation, subtle volumetric atmosphere, realistic materials, professional horror production design","people as main subject, visible monster as main subject, graphic gore, modern clutter that contradicts the setting, bright cheerful mood, flat lighting, malformed architecture, impossible perspective, duplicated doors, floating objects, warped signage, invented readable text, watermark, logo, low detail, blur",Original Cinematic Horror,1.0,False
0532 | Original Cinematic Horror/Hospital Morgue — Blue Hour,"Hospital Morgue, a cold hospital morgue with stainless tables, numbered drawers, observation window and humming fluorescent lights, at blue hour, cool exterior ambience, small warm practical lights, layered depth, precise production design and a polished widescreen horror establishing shot, no people present, environment-first composition, highly detailed architecture and surfaces, coherent spatial layout, cinematic depth, polished colour separation, subtle volumetric atmosphere, realistic materials, professional horror production design","people as main subject, visible monster as main subject, graphic gore, modern clutter that contradicts the setting, bright cheerful mood, flat lighting, malformed architecture, impossible perspective, duplicated doors, floating objects, warped signage, invented readable text, watermark, logo, low detail, blur",Original Cinematic Horror,1.0,False
0533 | Original Cinematic Horror/Hospital Morgue — Moonlit Fog,"Hospital Morgue, a cold hospital morgue with stainless tables, numbered drawers, observation window and humming fluorescent lights, under moonlight and drifting fog, strong silhouettes, readable environmental detail, controlled contrast and a quiet supernatural atmosphere, no people present, environment-first composition, highly detailed architecture and surfaces, coherent spatial layout, cinematic depth, polished colour separation, subtle volumetric atmosphere, realistic materials, professional horror production design","people as main subject, visible monster as main subject, graphic gore, modern clutter that contradicts the setting, bright cheerful mood, flat lighting, malformed architecture, impossible perspective, duplicated doors, floating objects, warped signage, invented readable text, watermark, logo, low detail, blur",Original Cinematic Horror,1.0,False
0534 | Original Cinematic Horror/Hospital Morgue — Storm Night,"Hospital Morgue, a cold hospital morgue with stainless tables, numbered drawers, observation window and humming fluorescent lights, during a stormy night, rain or wind appropriate to the setting, intermittent practical light, reflective surfaces and cinematic tension without visible characters, no people present, environment-first composition, highly detailed architecture and surfaces, coherent spatial layout, cinematic depth, polished colour separation, subtle volumetric atmosphere, realistic materials, professional horror production design","people as main subject, visible monster as main subject, graphic gore, modern clutter that contradicts the setting, bright cheerful mood, flat lighting, malformed architecture, impossible perspective, duplicated doors, floating objects, warped signage, invented readable text, watermark, logo, low detail, blur",Original Cinematic Horror,1.0,False
0535 | Original Cinematic Horror/Hospital Morgue — Abandoned Daylight,"Hospital Morgue, a cold hospital morgue with stainless tables, numbered drawers, observation window and humming fluorescent lights, in pale overcast daylight, abandonment clearly visible, authentic wear and material detail, long empty sightlines and unsettling realism rather than darkness alone, no people present, environment-first composition, highly detailed architecture and surfaces, coherent spatial layout, cinematic depth, polished colour separation, subtle volumetric atmosphere, realistic materials, professional horror production design","people as main subject, visible monster as main subject, graphic gore, modern clutter that contradicts the setting, bright cheerful mood, flat lighting, malformed architecture, impossible perspective, duplicated doors, floating objects, warped signage, invented readable text, watermark, logo, low detail, blur",Original Cinematic Horror,1.0,False
0536 | Original Cinematic Horror/Historic Anatomy Theatre — Blue Hour,"Historic Anatomy Theatre, a circular old anatomy theatre with steep timber seating, central table, glass cabinets and high skylight, at blue hour, cool exterior ambience, small warm practical lights, layered depth, precise production design and a polished widescreen horror establishing shot, no people present, environment-first composition, highly detailed architecture and surfaces, coherent spatial layout, cinematic depth, polished colour separation, subtle volumetric atmosphere, realistic materials, professional horror production design","people as main subject, visible monster as main subject, graphic gore, modern clutter that contradicts the setting, bright cheerful mood, flat lighting, malformed architecture, impossible perspective, duplicated doors, floating objects, warped signage, invented readable text, watermark, logo, low detail, blur",Original Cinematic Horror,1.0,False
0537 | Original Cinematic Horror/Historic Anatomy Theatre — Moonlit Fog,"Historic Anatomy Theatre, a circular old anatomy theatre with steep timber seating, central table, glass cabinets and high skylight, under moonlight and drifting fog, strong silhouettes, readable environmental detail, controlled contrast and a quiet supernatural atmosphere, no people present, environment-first composition, highly detailed architecture and surfaces, coherent spatial layout, cinematic depth, polished colour separation, subtle volumetric atmosphere, realistic materials, professional horror production design","people as main subject, visible monster as main subject, graphic gore, modern clutter that contradicts the setting, bright cheerful mood, flat lighting, malformed architecture, impossible perspective, duplicated doors, floating objects, warped signage, invented readable text, watermark, logo, low detail, blur",Original Cinematic Horror,1.0,False
0538 | Original Cinematic Horror/Historic Anatomy Theatre — Storm Night,"Historic Anatomy Theatre, a circular old anatomy theatre with steep timber seating, central table, glass cabinets and high skylight, during a stormy night, rain or wind appropriate to the setting, intermittent practical light, reflective surfaces and cinematic tension without visible characters, no people present, environment-first composition, highly detailed architecture and surfaces, coherent spatial layout, cinematic depth, polished colour separation, subtle volumetric atmosphere, realistic materials, professional horror production design","people as main subject, visible monster as main subject, graphic gore, modern clutter that contradicts the setting, bright cheerful mood, flat lighting, malformed architecture, impossible perspective, duplicated doors, floating objects, warped signage, invented readable text, watermark, logo, low detail, blur",Original Cinematic Horror,1.0,False
0539 | Original Cinematic Horror/Historic Anatomy Theatre — Abandoned Daylight,"Historic Anatomy Theatre, a circular old anatomy theatre with steep timber seating, central table, glass cabinets and high skylight, in pale overcast daylight, abandonment clearly visible, authentic wear and material detail, long empty sightlines and unsettling realism rather than darkness alone, no people present, environment-first composition, highly detailed architecture and surfaces, coherent spatial layout, cinematic depth, polished colour separation, subtle volumetric atmosphere, realistic materials, professional horror production design","people as main subject, visible monster as main subject, graphic gore, modern clutter that contradicts the setting, bright cheerful mood, flat lighting, malformed architecture, impossible perspective, duplicated doors, floating objects, warped signage, invented readable text, watermark, logo, low detail, blur",Original Cinematic Horror,1.0,False
0540 | Original Cinematic Horror/Abandoned Opera House — Blue Hour,"Abandoned Opera House, a ruined opera house with dusty red seats, collapsed boxes, vast stage, fly tower and decaying gold ornament, at blue hour, cool exterior ambience, small warm practical lights, layered depth, precise production design and a polished widescreen horror establishing shot, no people present, environment-first composition, highly detailed architecture and surfaces, coherent spatial layout, cinematic depth, polished colour separation, subtle volumetric atmosphere, realistic materials, professional horror production design","people as main subject, visible monster as main subject, graphic gore, modern clutter that contradicts the setting, bright cheerful mood, flat lighting, malformed architecture, impossible perspective, duplicated doors, floating objects, warped signage, invented readable text, watermark, logo, low detail, blur",Original Cinematic Horror,1.0,False
0541 | Original Cinematic Horror/Abandoned Opera House — Moonlit Fog,"Abandoned Opera House, a ruined opera house with dusty red seats, collapsed boxes, vast stage, fly tower and decaying gold ornament, under moonlight and drifting fog, strong silhouettes, readable environmental detail, controlled contrast and a quiet supernatural atmosphere, no people present, environment-first composition, highly detailed architecture and surfaces, coherent spatial layout, cinematic depth, polished colour separation, subtle volumetric atmosphere, realistic materials, professional horror production design","people as main subject, visible monster as main subject, graphic gore, modern clutter that contradicts the setting, bright cheerful mood, flat lighting, malformed architecture, impossible perspective, duplicated doors, floating objects, warped signage, invented readable text, watermark, logo, low detail, blur",Original Cinematic Horror,1.0,False
0542 | Original Cinematic Horror/Abandoned Opera House — Storm Night,"Abandoned Opera House, a ruined opera house with dusty red seats, collapsed boxes, vast stage, fly tower and decaying gold ornament, during a stormy night, rain or wind appropriate to the setting, intermittent practical light, reflective surfaces and cinematic tension without visible characters, no people present, environment-first composition, highly detailed architecture and surfaces, coherent spatial layout, cinematic depth, polished colour separation, subtle volumetric atmosphere, realistic materials, professional horror production design","people as main subject, visible monster as main subject, graphic gore, modern clutter that contradicts the setting, bright cheerful mood, flat lighting, malformed architecture, impossible perspective, duplicated doors, floating objects, warped signage, invented readable text, watermark, logo, low detail, blur",Original Cinematic Horror,1.0,False
0543 | Original Cinematic Horror/Abandoned Opera House — Abandoned Daylight,"Abandoned Opera House, a ruined opera house with dusty red seats, collapsed boxes, vast stage, fly tower and decaying gold ornament, in pale overcast daylight, abandonment clearly visible, authentic wear and material detail, long empty sightlines and unsettling realism rather than darkness alone, no people present, environment-first composition, highly detailed architecture and surfaces, coherent spatial layout, cinematic depth, polished colour separation, subtle volumetric atmosphere, realistic materials, professional horror production design","people as main subject, visible monster as main subject, graphic gore, modern clutter that contradicts the setting, bright cheerful mood, flat lighting, malformed architecture, impossible perspective, duplicated doors, floating objects, warped signage, invented readable text, watermark, logo, low detail, blur",Original Cinematic Horror,1.0,False
0544 | Original Cinematic Horror/Silent Picture Palace — Blue Hour,"Silent Picture Palace, an abandoned 1920s cinema with velvet curtains, ornate balcony, projection booth and a blank silver screen, at blue hour, cool exterior ambience, small warm practical lights, layered depth, precise production design and a polished widescreen horror establishing shot, no people present, environment-first composition, highly detailed architecture and surfaces, coherent spatial layout, cinematic depth, polished colour separation, subtle volumetric atmosphere, realistic materials, professional horror production design","people as main subject, visible monster as main subject, graphic gore, modern clutter that contradicts the setting, bright cheerful mood, flat lighting, malformed architecture, impossible perspective, duplicated doors, floating objects, warped signage, invented readable text, watermark, logo, low detail, blur",Original Cinematic Horror,1.0,False
0545 | Original Cinematic Horror/Silent Picture Palace — Moonlit Fog,"Silent Picture Palace, an abandoned 1920s cinema with velvet curtains, ornate balcony, projection booth and a blank silver screen, under moonlight and drifting fog, strong silhouettes, readable environmental detail, controlled contrast and a quiet supernatural atmosphere, no people present, environment-first composition, highly detailed architecture and surfaces, coherent spatial layout, cinematic depth, polished colour separation, subtle volumetric atmosphere, realistic materials, professional horror production design","people as main subject, visible monster as main subject, graphic gore, modern clutter that contradicts the setting, bright cheerful mood, flat lighting, malformed architecture, impossible perspective, duplicated doors, floating objects, warped signage, invented readable text, watermark, logo, low detail, blur",Original Cinematic Horror,1.0,False
0546 | Original Cinematic Horror/Silent Picture Palace — Storm Night,"Silent Picture Palace, an abandoned 1920s cinema with velvet curtains, ornate balcony, projection booth and a blank silver screen, during a stormy night, rain or wind appropriate to the setting, intermittent practical light, reflective surfaces and cinematic tension without visible characters, no people present, environment-first composition, highly detailed architecture and surfaces, coherent spatial layout, cinematic depth, polished colour separation, subtle volumetric atmosphere, realistic materials, professional horror production design","people as main subject, visible monster as main subject, graphic gore, modern clutter that contradicts the setting, bright cheerful mood, flat lighting, malformed architecture, impossible perspective, duplicated doors, floating objects, warped signage, invented readable text, watermark, logo, low detail, blur",Original Cinematic Horror,1.0,False
0547 | Original Cinematic Horror/Silent Picture Palace — Abandoned Daylight,"Silent Picture Palace, an abandoned 1920s cinema with velvet curtains, ornate balcony, projection booth and a blank silver screen, in pale overcast daylight, abandonment clearly visible, authentic wear and material detail, long empty sightlines and unsettling realism rather than darkness alone, no people present, environment-first composition, highly detailed architecture and surfaces, coherent spatial layout, cinematic depth, polished colour separation, subtle volumetric atmosphere, realistic materials, professional horror production design","people as main subject, visible monster as main subject, graphic gore, modern clutter that contradicts the setting, bright cheerful mood, flat lighting, malformed architecture, impossible perspective, duplicated doors, floating objects, warped signage, invented readable text, watermark, logo, low detail, blur",Original Cinematic Horror,1.0,False
0548 | Original Cinematic Horror/Backstage Dressing Rooms — Blue Hour,"Backstage Dressing Rooms, a labyrinth of theatre dressing rooms with cracked mirrors, costume racks, narrow corridors and work lights, at blue hour, cool exterior ambience, small warm practical lights, layered depth, precise production design and a polished widescreen horror establishing shot, no people present, environment-first composition, highly detailed architecture and surfaces, coherent spatial layout, cinematic depth, polished colour separation, subtle volumetric atmosphere, realistic materials, professional horror production design","people as main subject, visible monster as main subject, graphic gore, modern clutter that contradicts the setting, bright cheerful mood, flat lighting, malformed architecture, impossible perspective, duplicated doors, floating objects, warped signage, invented readable text, watermark, logo, low detail, blur",Original Cinematic Horror,1.0,False
0549 | Original Cinematic Horror/Backstage Dressing Rooms — Moonlit Fog,"Backstage Dressing Rooms, a labyrinth of theatre dressing rooms with cracked mirrors, costume racks, narrow corridors and work lights, under moonlight and drifting fog, strong silhouettes, readable environmental detail, controlled contrast and a quiet supernatural atmosphere, no people present, environment-first composition, highly detailed architecture and surfaces, coherent spatial layout, cinematic depth, polished colour separation, subtle volumetric atmosphere, realistic materials, professional horror production design","people as main subject, visible monster as main subject, graphic gore, modern clutter that contradicts the setting, bright cheerful mood, flat lighting, malformed architecture, impossible perspective, duplicated doors, floating objects, warped signage, invented readable text, watermark, logo, low detail, blur",Original Cinematic Horror,1.0,False
0550 | Original Cinematic Horror/Backstage Dressing Rooms — Storm Night,"Backstage Dressing Rooms, a labyrinth of theatre dressing rooms with cracked mirrors, costume racks, narrow corridors and work lights, during a stormy night, rain or wind appropriate to the setting, intermittent practical light, reflective surfaces and cinematic tension without visible characters, no people present, environment-first composition, highly detailed architecture and surfaces, coherent spatial layout, cinematic depth, polished colour separation, subtle volumetric atmosphere, realistic materials, professional horror production design","people as main subject, visible monster as main subject, graphic gore, modern clutter that contradicts the setting, bright cheerful mood, flat lighting, malformed architecture, impossible perspective, duplicated doors, floating objects, warped signage, invented readable text, watermark, logo, low detail, blur",Original Cinematic Horror,1.0,False
0551 | Original Cinematic Horror/Backstage Dressing Rooms — Abandoned Daylight,"Backstage Dressing Rooms, a labyrinth of theatre dressing rooms with cracked mirrors, costume racks, narrow corridors and work lights, in pale overcast daylight, abandonment clearly visible, authentic wear and material detail, long empty sightlines and unsettling realism rather than darkness alone, no people present, environment-first composition, highly detailed architecture and surfaces, coherent spatial layout, cinematic depth, polished colour separation, subtle volumetric atmosphere, realistic materials, professional horror production design","people as main subject, visible monster as main subject, graphic gore, modern clutter that contradicts the setting, bright cheerful mood, flat lighting, malformed architecture, impossible perspective, duplicated doors, floating objects, warped signage, invented readable text, watermark, logo, low detail, blur",Original Cinematic Horror,1.0,False
0552 | Original Cinematic Horror/Analogue Television Studio — Blue Hour,"Analogue Television Studio, a deserted late-night television studio with old cameras, empty audience seating, control booth and colour-bar monitors, at blue hour, cool exterior ambience, small warm practical lights, layered depth, precise production design and a polished widescreen horror establishing shot, no people present, environment-first composition, highly detailed architecture and surfaces, coherent spatial layout, cinematic depth, polished colour separation, subtle volumetric atmosphere, realistic materials, professional horror production design","people as main subject, visible monster as main subject, graphic gore, modern clutter that contradicts the setting, bright cheerful mood, flat lighting, malformed architecture, impossible perspective, duplicated doors, floating objects, warped signage, invented readable text, watermark, logo, low detail, blur",Original Cinematic Horror,1.0,False
0553 | Original Cinematic Horror/Analogue Television Studio — Moonlit Fog,"Analogue Television Studio, a deserted late-night television studio with old cameras, empty audience seating, control booth and colour-bar monitors, under moonlight and drifting fog, strong silhouettes, readable environmental detail, controlled contrast and a quiet supernatural atmosphere, no people present, environment-first composition, highly detailed architecture and surfaces, coherent spatial layout, cinematic depth, polished colour separation, subtle volumetric atmosphere, realistic materials, professional horror production design","people as main subject, visible monster as main subject, graphic gore, modern clutter that contradicts the setting, bright cheerful mood, flat lighting, malformed architecture, impossible perspective, duplicated doors, floating objects, warped signage, invented readable text, watermark, logo, low detail, blur",Original Cinematic Horror,1.0,False
0554 | Original Cinematic Horror/Analogue Television Studio — Storm Night,"Analogue Television Studio, a deserted late-night television studio with old cameras, empty audience seating, control booth and colour-bar monitors, during a stormy night, rain or wind appropriate to the setting, intermittent practical light, reflective surfaces and cinematic tension without visible characters, no people present, environment-first composition, highly detailed architecture and surfaces, coherent spatial layout, cinematic depth, polished colour separation, subtle volumetric atmosphere, realistic materials, professional horror production design","people as main subject, visible monster as main subject, graphic gore, modern clutter that contradicts the setting, bright cheerful mood, flat lighting, malformed architecture, impossible perspective, duplicated doors, floating objects, warped signage, invented readable text, watermark, logo, low detail, blur",Original Cinematic Horror,1.0,False
0555 | Original Cinematic Horror/Analogue Television Studio — Abandoned Daylight,"Analogue Television Studio, a deserted late-night television studio with old cameras, empty audience seating, control booth and colour-bar monitors, in pale overcast daylight, abandonment clearly visible, authentic wear and material detail, long empty sightlines and unsettling realism rather than darkness alone, no people present, environment-first composition, highly detailed architecture and surfaces, coherent spatial layout, cinematic depth, polished colour separation, subtle volumetric atmosphere, realistic materials, professional horror production design","people as main subject, visible monster as main subject, graphic gore, modern clutter that contradicts the setting, bright cheerful mood, flat lighting, malformed architecture, impossible perspective, duplicated doors, floating objects, warped signage, invented readable text, watermark, logo, low detail, blur",Original Cinematic Horror,1.0,False
0556 | Original Cinematic Horror/Local Radio Station at Night — Blue Hour,"Local Radio Station at Night, a small isolated radio station with soundproof booth, mixing desk, red on-air lamp and dark windows, at blue hour, cool exterior ambience, small warm practical lights, layered depth, precise production design and a polished widescreen horror establishing shot, no people present, environment-first composition, highly detailed architecture and surfaces, coherent spatial layout, cinematic depth, polished colour separation, subtle volumetric atmosphere, realistic materials, professional horror production design","people as main subject, visible monster as main subject, graphic gore, modern clutter that contradicts the setting, bright cheerful mood, flat lighting, malformed architecture, impossible perspective, duplicated doors, floating objects, warped signage, invented readable text, watermark, logo, low detail, blur",Original Cinematic Horror,1.0,False
0557 | Original Cinematic Horror/Local Radio Station at Night — Moonlit Fog,"Local Radio Station at Night, a small isolated radio station with soundproof booth, mixing desk, red on-air lamp and dark windows, under moonlight and drifting fog, strong silhouettes, readable environmental detail, controlled contrast and a quiet supernatural atmosphere, no people present, environment-first composition, highly detailed architecture and surfaces, coherent spatial layout, cinematic depth, polished colour separation, subtle volumetric atmosphere, realistic materials, professional horror production design","people as main subject, visible monster as main subject, graphic gore, modern clutter that contradicts the setting, bright cheerful mood, flat lighting, malformed architecture, impossible perspective, duplicated doors, floating objects, warped signage, invented readable text, watermark, logo, low detail, blur",Original Cinematic Horror,1.0,False
0558 | Original Cinematic Horror/Local Radio Station at Night — Storm Night,"Local Radio Station at Night, a small isolated radio station with soundproof booth, mixing desk, red on-air lamp and dark windows, during a stormy night, rain or wind appropriate to the setting, intermittent practical light, reflective surfaces and cinematic tension without visible characters, no people present, environment-first composition, highly detailed architecture and surfaces, coherent spatial layout, cinematic depth, polished colour separation, subtle volumetric atmosphere, realistic materials, professional horror production design","people as main subject, visible monster as main subject, graphic gore, modern clutter that contradicts the setting, bright cheerful mood, flat lighting, malformed architecture, impossible perspective, duplicated doors, floating objects, warped signage, invented readable text, watermark, logo, low detail, blur",Original Cinematic Horror,1.0,False
0559 | Original Cinematic Horror/Local Radio Station at Night — Abandoned Daylight,"Local Radio Station at Night, a small isolated radio station with soundproof booth, mixing desk, red on-air lamp and dark windows, in pale overcast daylight, abandonment clearly visible, authentic wear and material detail, long empty sightlines and unsettling realism rather than darkness alone, no people present, environment-first composition, highly detailed architecture and surfaces, coherent spatial layout, cinematic depth, polished colour separation, subtle volumetric atmosphere, realistic materials, professional horror production design","people as main subject, visible monster as main subject, graphic gore, modern clutter that contradicts the setting, bright cheerful mood, flat lighting, malformed architecture, impossible perspective, duplicated doors, floating objects, warped signage, invented readable text, watermark, logo, low detail, blur",Original Cinematic Horror,1.0,False
0560 | Original Cinematic Horror/Cold War Bunker — Blue Hour,"Cold War Bunker, an underground civil-defence bunker with map room, steel blast doors, dormitory bunks and stale emergency lighting, at blue hour, cool exterior ambience, small warm practical lights, layered depth, precise production design and a polished widescreen horror establishing shot, no people present, environment-first composition, highly detailed architecture and surfaces, coherent spatial layout, cinematic depth, polished colour separation, subtle volumetric atmosphere, realistic materials, professional horror production design","people as main subject, visible monster as main subject, graphic gore, modern clutter that contradicts the setting, bright cheerful mood, flat lighting, malformed architecture, impossible perspective, duplicated doors, floating objects, warped signage, invented readable text, watermark, logo, low detail, blur",Original Cinematic Horror,1.0,False
0561 | Original Cinematic Horror/Cold War Bunker — Moonlit Fog,"Cold War Bunker, an underground civil-defence bunker with map room, steel blast doors, dormitory bunks and stale emergency lighting, under moonlight and drifting fog, strong silhouettes, readable environmental detail, controlled contrast and a quiet supernatural atmosphere, no people present, environment-first composition, highly detailed architecture and surfaces, coherent spatial layout, cinematic depth, polished colour separation, subtle volumetric atmosphere, realistic materials, professional horror production design","people as main subject, visible monster as main subject, graphic gore, modern clutter that contradicts the setting, bright cheerful mood, flat lighting, malformed architecture, impossible perspective, duplicated doors, floating objects, warped signage, invented readable text, watermark, logo, low detail, blur",Original Cinematic Horror,1.0,False
0562 | Original Cinematic Horror/Cold War Bunker — Storm Night,"Cold War Bunker, an underground civil-defence bunker with map room, steel blast doors, dormitory bunks and stale emergency lighting, during a stormy night, rain or wind appropriate to the setting, intermittent practical light, reflective surfaces and cinematic tension without visible characters, no people present, environment-first composition, highly detailed architecture and surfaces, coherent spatial layout, cinematic depth, polished colour separation, subtle volumetric atmosphere, realistic materials, professional horror production design","people as main subject, visible monster as main subject, graphic gore, modern clutter that contradicts the setting, bright cheerful mood, flat lighting, malformed architecture, impossible perspective, duplicated doors, floating objects, warped signage, invented readable text, watermark, logo, low detail, blur",Original Cinematic Horror,1.0,False
0563 | Original Cinematic Horror/Cold War Bunker — Abandoned Daylight,"Cold War Bunker, an underground civil-defence bunker with map room, steel blast doors, dormitory bunks and stale emergency lighting, in pale overcast daylight, abandonment clearly visible, authentic wear and material detail, long empty sightlines and unsettling realism rather than darkness alone, no people present, environment-first composition, highly detailed architecture and surfaces, coherent spatial layout, cinematic depth, polished colour separation, subtle volumetric atmosphere, realistic materials, professional horror production design","people as main subject, visible monster as main subject, graphic gore, modern clutter that contradicts the setting, bright cheerful mood, flat lighting, malformed architecture, impossible perspective, duplicated doors, floating objects, warped signage, invented readable text, watermark, logo, low detail, blur",Original Cinematic Horror,1.0,False
0564 | Original Cinematic Horror/Abandoned Research Laboratory — Blue Hour,"Abandoned Research Laboratory, a sealed government laboratory with observation glass, containment rooms, specimen freezers and emergency decontamination corridor, at blue hour, cool exterior ambience, small warm practical lights, layered depth, precise production design and a polished widescreen horror establishing shot, no people present, environment-first composition, highly detailed architecture and surfaces, coherent spatial layout, cinematic depth, polished colour separation, subtle volumetric atmosphere, realistic materials, professional horror production design","people as main subject, visible monster as main subject, graphic gore, modern clutter that contradicts the setting, bright cheerful mood, flat lighting, malformed architecture, impossible perspective, duplicated doors, floating objects, warped signage, invented readable text, watermark, logo, low detail, blur",Original Cinematic Horror,1.0,False
0565 | Original Cinematic Horror/Abandoned Research Laboratory — Moonlit Fog,"Abandoned Research Laboratory, a sealed government laboratory with observation glass, containment rooms, specimen freezers and emergency decontamination corridor, under moonlight and drifting fog, strong silhouettes, readable environmental detail, controlled contrast and a quiet supernatural atmosphere, no people present, environment-first composition, highly detailed architecture and surfaces, coherent spatial layout, cinematic depth, polished colour separation, subtle volumetric atmosphere, realistic materials, professional horror production design","people as main subject, visible monster as main subject, graphic gore, modern clutter that contradicts the setting, bright cheerful mood, flat lighting, malformed architecture, impossible perspective, duplicated doors, floating objects, warped signage, invented readable text, watermark, logo, low detail, blur",Original Cinematic Horror,1.0,False
0566 | Original Cinematic Horror/Abandoned Research Laboratory — Storm Night,"Abandoned Research Laboratory, a sealed government laboratory with observation glass, containment rooms, specimen freezers and emergency decontamination corridor, during a stormy night, rain or wind appropriate to the setting, intermittent practical light, reflective surfaces and cinematic tension without visible characters, no people present, environment-first composition, highly detailed architecture and surfaces, coherent spatial layout, cinematic depth, polished colour separation, subtle volumetric atmosphere, realistic materials, professional horror production design","people as main subject, visible monster as main subject, graphic gore, modern clutter that contradicts the setting, bright cheerful mood, flat lighting, malformed architecture, impossible perspective, duplicated doors, floating objects, warped signage, invented readable text, watermark, logo, low detail, blur",Original Cinematic Horror,1.0,False
0567 | Original Cinematic Horror/Abandoned Research Laboratory — Abandoned Daylight,"Abandoned Research Laboratory, a sealed government laboratory with observation glass, containment rooms, specimen freezers and emergency decontamination corridor, in pale overcast daylight, abandonment clearly visible, authentic wear and material detail, long empty sightlines and unsettling realism rather than darkness alone, no people present, environment-first composition, highly detailed architecture and surfaces, coherent spatial layout, cinematic depth, polished colour separation, subtle volumetric atmosphere, realistic materials, professional horror production design","people as main subject, visible monster as main subject, graphic gore, modern clutter that contradicts the setting, bright cheerful mood, flat lighting, malformed architecture, impossible perspective, duplicated doors, floating objects, warped signage, invented readable text, watermark, logo, low detail, blur",Original Cinematic Horror,1.0,False
0568 | Science-Fiction Horror/Derelict Cargo Spaceship — Blue Hour,"Derelict Cargo Spaceship, an abandoned industrial cargo ship drifting in space, powerless bridge, frost-covered corridors and emergency beacons, at blue hour, cool exterior ambience, small warm practical lights, layered depth, precise production design and a polished widescreen horror establishing shot, no people present, environment-first composition, highly detailed architecture and surfaces, coherent spatial layout, cinematic depth, polished colour separation, subtle volumetric atmosphere, realistic materials, professional horror production design","people as main subject, visible monster as main subject, graphic gore, modern clutter that contradicts the setting, bright cheerful mood, flat lighting, malformed architecture, impossible perspective, duplicated doors, floating objects, warped signage, invented readable text, watermark, logo, low detail, blur",Science-Fiction Horror,1.0,False
0569 | Science-Fiction Horror/Derelict Cargo Spaceship — Moonlit Fog,"Derelict Cargo Spaceship, an abandoned industrial cargo ship drifting in space, powerless bridge, frost-covered corridors and emergency beacons, under moonlight and drifting fog, strong silhouettes, readable environmental detail, controlled contrast and a quiet supernatural atmosphere, no people present, environment-first composition, highly detailed architecture and surfaces, coherent spatial layout, cinematic depth, polished colour separation, subtle volumetric atmosphere, realistic materials, professional horror production design","people as main subject, visible monster as main subject, graphic gore, modern clutter that contradicts the setting, bright cheerful mood, flat lighting, malformed architecture, impossible perspective, duplicated doors, floating objects, warped signage, invented readable text, watermark, logo, low detail, blur",Science-Fiction Horror,1.0,False
0570 | Science-Fiction Horror/Derelict Cargo Spaceship — Storm Night,"Derelict Cargo Spaceship, an abandoned industrial cargo ship drifting in space, powerless bridge, frost-covered corridors and emergency beacons, during a stormy night, rain or wind appropriate to the setting, intermittent practical light, reflective surfaces and cinematic tension without visible characters, no people present, environment-first composition, highly detailed architecture and surfaces, coherent spatial layout, cinematic depth, polished colour separation, subtle volumetric atmosphere, realistic materials, professional horror production design","people as main subject, visible monster as main subject, graphic gore, modern clutter that contradicts the setting, bright cheerful mood, flat lighting, malformed architecture, impossible perspective, duplicated doors, floating objects, warped signage, invented readable text, watermark, logo, low detail, blur",Science-Fiction Horror,1.0,False
0571 | Science-Fiction Horror/Derelict Cargo Spaceship — Abandoned Daylight,"Derelict Cargo Spaceship, an abandoned industrial cargo ship drifting in space, powerless bridge, frost-covered corridors and emergency beacons, in pale overcast daylight, abandonment clearly visible, authentic wear and material detail, long empty sightlines and unsettling realism rather than darkness alone, no people present, environment-first composition, highly detailed architecture and surfaces, coherent spatial layout, cinematic depth, polished colour separation, subtle volumetric atmosphere, realistic materials, professional horror production design","people as main subject, visible monster as main subject, graphic gore, modern clutter that contradicts the setting, bright cheerful mood, flat lighting, malformed architecture, impossible perspective, duplicated doors, floating objects, warped signage, invented readable text, watermark, logo, low detail, blur",Science-Fiction Horror,1.0,False
0572 | Science-Fiction Horror/Dark Lunar Base — Blue Hour,"Dark Lunar Base, a damaged lunar research base, dust-covered airlocks, habitat modules, observation dome and Earth hanging beyond the glass, at blue hour, cool exterior ambience, small warm practical lights, layered depth, precise production design and a polished widescreen horror establishing shot, no people present, environment-first composition, highly detailed architecture and surfaces, coherent spatial layout, cinematic depth, polished colour separation, subtle volumetric atmosphere, realistic materials, professional horror production design","people as main subject, visible monster as main subject, graphic gore, modern clutter that contradicts the setting, bright cheerful mood, flat lighting, malformed architecture, impossible perspective, duplicated doors, floating objects, warped signage, invented readable text, watermark, logo, low detail, blur",Science-Fiction Horror,1.0,False
0573 | Science-Fiction Horror/Dark Lunar Base — Moonlit Fog,"Dark Lunar Base, a damaged lunar research base, dust-covered airlocks, habitat modules, observation dome and Earth hanging beyond the glass, under moonlight and drifting fog, strong silhouettes, readable environmental detail, controlled contrast and a quiet supernatural atmosphere, no people present, environment-first composition, highly detailed architecture and surfaces, coherent spatial layout, cinematic depth, polished colour separation, subtle volumetric atmosphere, realistic materials, professional horror production design","people as main subject, visible monster as main subject, graphic gore, modern clutter that contradicts the setting, bright cheerful mood, flat lighting, malformed architecture, impossible perspective, duplicated doors, floating objects, warped signage, invented readable text, watermark, logo, low detail, blur",Science-Fiction Horror,1.0,False
0574 | Science-Fiction Horror/Dark Lunar Base — Storm Night,"Dark Lunar Base, a damaged lunar research base, dust-covered airlocks, habitat modules, observation dome and Earth hanging beyond the glass, during a stormy night, rain or wind appropriate to the setting, intermittent practical light, reflective surfaces and cinematic tension without visible characters, no people present, environment-first composition, highly detailed architecture and surfaces, coherent spatial layout, cinematic depth, polished colour separation, subtle volumetric atmosphere, realistic materials, professional horror production design","people as main subject, visible monster as main subject, graphic gore, modern clutter that contradicts the setting, bright cheerful mood, flat lighting, malformed architecture, impossible perspective, duplicated doors, floating objects, warped signage, invented readable text, watermark, logo, low detail, blur",Science-Fiction Horror,1.0,False
0575 | Science-Fiction Horror/Dark Lunar Base — Abandoned Daylight,"Dark Lunar Base, a damaged lunar research base, dust-covered airlocks, habitat modules, observation dome and Earth hanging beyond the glass, in pale overcast daylight, abandonment clearly visible, authentic wear and material detail, long empty sightlines and unsettling realism rather than darkness alone, no people present, environment-first composition, highly detailed architecture and surfaces, coherent spatial layout, cinematic depth, polished colour separation, subtle volumetric atmosphere, realistic materials, professional horror production design","people as main subject, visible monster as main subject, graphic gore, modern clutter that contradicts the setting, bright cheerful mood, flat lighting, malformed architecture, impossible perspective, duplicated doors, floating objects, warped signage, invented readable text, watermark, logo, low detail, blur",Science-Fiction Horror,1.0,False
0576 | Science-Fiction Horror/Deep-Sea Research Station — Blue Hour,"Deep-Sea Research Station, a failing underwater station with pressure doors, wet corridors, sonar room and black ocean pressing against thick windows, at blue hour, cool exterior ambience, small warm practical lights, layered depth, precise production design and a polished widescreen horror establishing shot, no people present, environment-first composition, highly detailed architecture and surfaces, coherent spatial layout, cinematic depth, polished colour separation, subtle volumetric atmosphere, realistic materials, professional horror production design","people as main subject, visible monster as main subject, graphic gore, modern clutter that contradicts the setting, bright cheerful mood, flat lighting, malformed architecture, impossible perspective, duplicated doors, floating objects, warped signage, invented readable text, watermark, logo, low detail, blur",Science-Fiction Horror,1.0,False
0577 | Science-Fiction Horror/Deep-Sea Research Station — Moonlit Fog,"Deep-Sea Research Station, a failing underwater station with pressure doors, wet corridors, sonar room and black ocean pressing against thick windows, under moonlight and drifting fog, strong silhouettes, readable environmental detail, controlled contrast and a quiet supernatural atmosphere, no people present, environment-first composition, highly detailed architecture and surfaces, coherent spatial layout, cinematic depth, polished colour separation, subtle volumetric atmosphere, realistic materials, professional horror production design","people as main subject, visible monster as main subject, graphic gore, modern clutter that contradicts the setting, bright cheerful mood, flat lighting, malformed architecture, impossible perspective, duplicated doors, floating objects, warped signage, invented readable text, watermark, logo, low detail, blur",Science-Fiction Horror,1.0,False
0578 | Science-Fiction Horror/Deep-Sea Research Station — Storm Night,"Deep-Sea Research Station, a failing underwater station with pressure doors, wet corridors, sonar room and black ocean pressing against thick windows, during a stormy night, rain or wind appropriate to the setting, intermittent practical light, reflective surfaces and cinematic tension without visible characters, no people present, environment-first composition, highly detailed architecture and surfaces, coherent spatial layout, cinematic depth, polished colour separation, subtle volumetric atmosphere, realistic materials, professional horror production design","people as main subject, visible monster as main subject, graphic gore, modern clutter that contradicts the setting, bright cheerful mood, flat lighting, malformed architecture, impossible perspective, duplicated doors, floating objects, warped signage, invented readable text, watermark, logo, low detail, blur",Science-Fiction Horror,1.0,False
0579 | Science-Fiction Horror/Deep-Sea Research Station — Abandoned Daylight,"Deep-Sea Research Station, a failing underwater station with pressure doors, wet corridors, sonar room and black ocean pressing against thick windows, in pale overcast daylight, abandonment clearly visible, authentic wear and material detail, long empty sightlines and unsettling realism rather than darkness alone, no people present, environment-first composition, highly detailed architecture and surfaces, coherent spatial layout, cinematic depth, polished colour separation, subtle volumetric atmosphere, realistic materials, professional horror production design","people as main subject, visible monster as main subject, graphic gore, modern clutter that contradicts the setting, bright cheerful mood, flat lighting, malformed architecture, impossible perspective, duplicated doors, floating objects, warped signage, invented readable text, watermark, logo, low detail, blur",Science-Fiction Horror,1.0,False
0580 | Original Cinematic Horror/Storm Lighthouse — Blue Hour,"Storm Lighthouse, an isolated lighthouse on black rocks, spiral stair, keeper’s room, generator shed and violent sea spray, at blue hour, cool exterior ambience, small warm practical lights, layered depth, precise production design and a polished widescreen horror establishing shot, no people present, environment-first composition, highly detailed architecture and surfaces, coherent spatial layout, cinematic depth, polished colour separation, subtle volumetric atmosphere, realistic materials, professional horror production design","people as main subject, visible monster as main subject, graphic gore, modern clutter that contradicts the setting, bright cheerful mood, flat lighting, malformed architecture, impossible perspective, duplicated doors, floating objects, warped signage, invented readable text, watermark, logo, low detail, blur",Original Cinematic Horror,1.0,False
0581 | Original Cinematic Horror/Storm Lighthouse — Moonlit Fog,"Storm Lighthouse, an isolated lighthouse on black rocks, spiral stair, keeper’s room, generator shed and violent sea spray, under moonlight and drifting fog, strong silhouettes, readable environmental detail, controlled contrast and a quiet supernatural atmosphere, no people present, environment-first composition, highly detailed architecture and surfaces, coherent spatial layout, cinematic depth, polished colour separation, subtle volumetric atmosphere, realistic materials, professional horror production design","people as main subject, visible monster as main subject, graphic gore, modern clutter that contradicts the setting, bright cheerful mood, flat lighting, malformed architecture, impossible perspective, duplicated doors, floating objects, warped signage, invented readable text, watermark, logo, low detail, blur",Original Cinematic Horror,1.0,False
0582 | Original Cinematic Horror/Storm Lighthouse — Storm Night,"Storm Lighthouse, an isolated lighthouse on black rocks, spiral stair, keeper’s room, generator shed and violent sea spray, during a stormy night, rain or wind appropriate to the setting, intermittent practical light, reflective surfaces and cinematic tension without visible characters, no people present, environment-first composition, highly detailed architecture and surfaces, coherent spatial layout, cinematic depth, polished colour separation, subtle volumetric atmosphere, realistic materials, professional horror production design","people as main subject, visible monster as main subject, graphic gore, modern clutter that contradicts the setting, bright cheerful mood, flat lighting, malformed architecture, impossible perspective, duplicated doors, floating objects, warped signage, invented readable text, watermark, logo, low detail, blur",Original Cinematic Horror,1.0,False
0583 | Original Cinematic Horror/Storm Lighthouse — Abandoned Daylight,"Storm Lighthouse, an isolated lighthouse on black rocks, spiral stair, keeper’s room, generator shed and violent sea spray, in pale overcast daylight, abandonment clearly visible, authentic wear and material detail, long empty sightlines and unsettling realism rather than darkness alone, no people present, environment-first composition, highly detailed architecture and surfaces, coherent spatial layout, cinematic depth, polished colour separation, subtle volumetric atmosphere, realistic materials, professional horror production design","people as main subject, visible monster as main subject, graphic gore, modern clutter that contradicts the setting, bright cheerful mood, flat lighting, malformed architecture, impossible perspective, duplicated doors, floating objects, warped signage, invented readable text, watermark, logo, low detail, blur",Original Cinematic Horror,1.0,False
0584 | Original Cinematic Horror/Marsh Boardwalk — Blue Hour,"Marsh Boardwalk, a narrow timber boardwalk through dark marsh reeds, stagnant water, abandoned bird hide and heavy coastal mist, at blue hour, cool exterior ambience, small warm practical lights, layered depth, precise production design and a polished widescreen horror establishing shot, no people present, environment-first composition, highly detailed architecture and surfaces, coherent spatial layout, cinematic depth, polished colour separation, subtle volumetric atmosphere, realistic materials, professional horror production design","people as main subject, visible monster as main subject, graphic gore, modern clutter that contradicts the setting, bright cheerful mood, flat lighting, malformed architecture, impossible perspective, duplicated doors, floating objects, warped signage, invented readable text, watermark, logo, low detail, blur",Original Cinematic Horror,1.0,False
0585 | Original Cinematic Horror/Marsh Boardwalk — Moonlit Fog,"Marsh Boardwalk, a narrow timber boardwalk through dark marsh reeds, stagnant water, abandoned bird hide and heavy coastal mist, under moonlight and drifting fog, strong silhouettes, readable environmental detail, controlled contrast and a quiet supernatural atmosphere, no people present, environment-first composition, highly detailed architecture and surfaces, coherent spatial layout, cinematic depth, polished colour separation, subtle volumetric atmosphere, realistic materials, professional horror production design","people as main subject, visible monster as main subject, graphic gore, modern clutter that contradicts the setting, bright cheerful mood, flat lighting, malformed architecture, impossible perspective, duplicated doors, floating objects, warped signage, invented readable text, watermark, logo, low detail, blur",Original Cinematic Horror,1.0,False
0586 | Original Cinematic Horror/Marsh Boardwalk — Storm Night,"Marsh Boardwalk, a narrow timber boardwalk through dark marsh reeds, stagnant water, abandoned bird hide and heavy coastal mist, during a stormy night, rain or wind appropriate to the setting, intermittent practical light, reflective surfaces and cinematic tension without visible characters, no people present, environment-first composition, highly detailed architecture and surfaces, coherent spatial layout, cinematic depth, polished colour separation, subtle volumetric atmosphere, realistic materials, professional horror production design","people as main subject, visible monster as main subject, graphic gore, modern clutter that contradicts the setting, bright cheerful mood, flat lighting, malformed architecture, impossible perspective, duplicated doors, floating objects, warped signage, invented readable text, watermark, logo, low detail, blur",Original Cinematic Horror,1.0,False
0587 | Original Cinematic Horror/Marsh Boardwalk — Abandoned Daylight,"Marsh Boardwalk, a narrow timber boardwalk through dark marsh reeds, stagnant water, abandoned bird hide and heavy coastal mist, in pale overcast daylight, abandonment clearly visible, authentic wear and material detail, long empty sightlines and unsettling realism rather than darkness alone, no people present, environment-first composition, highly detailed architecture and surfaces, coherent spatial layout, cinematic depth, polished colour separation, subtle volumetric atmosphere, realistic materials, professional horror production design","people as main subject, visible monster as main subject, graphic gore, modern clutter that contradicts the setting, bright cheerful mood, flat lighting, malformed architecture, impossible perspective, duplicated doors, floating objects, warped signage, invented readable text, watermark, logo, low detail, blur",Original Cinematic Horror,1.0,False
0588 | Original Cinematic Horror/Swamp Cabin — Blue Hour,"Swamp Cabin, a raised wooden cabin deep in a southern swamp, boat dock, hanging moss, screened porch and muddy water beneath, at blue hour, cool exterior ambience, small warm practical lights, layered depth, precise production design and a polished widescreen horror establishing shot, no people present, environment-first composition, highly detailed architecture and surfaces, coherent spatial layout, cinematic depth, polished colour separation, subtle volumetric atmosphere, realistic materials, professional horror production design","people as main subject, visible monster as main subject, graphic gore, modern clutter that contradicts the setting, bright cheerful mood, flat lighting, malformed architecture, impossible perspective, duplicated doors, floating objects, warped signage, invented readable text, watermark, logo, low detail, blur",Original Cinematic Horror,1.0,False
0589 | Original Cinematic Horror/Swamp Cabin — Moonlit Fog,"Swamp Cabin, a raised wooden cabin deep in a southern swamp, boat dock, hanging moss, screened porch and muddy water beneath, under moonlight and drifting fog, strong silhouettes, readable environmental detail, controlled contrast and a quiet supernatural atmosphere, no people present, environment-first composition, highly detailed architecture and surfaces, coherent spatial layout, cinematic depth, polished colour separation, subtle volumetric atmosphere, realistic materials, professional horror production design","people as main subject, visible monster as main subject, graphic gore, modern clutter that contradicts the setting, bright cheerful mood, flat lighting, malformed architecture, impossible perspective, duplicated doors, floating objects, warped signage, invented readable text, watermark, logo, low detail, blur",Original Cinematic Horror,1.0,False
0590 | Original Cinematic Horror/Swamp Cabin — Storm Night,"Swamp Cabin, a raised wooden cabin deep in a southern swamp, boat dock, hanging moss, screened porch and muddy water beneath, during a stormy night, rain or wind appropriate to the setting, intermittent practical light, reflective surfaces and cinematic tension without visible characters, no people present, environment-first composition, highly detailed architecture and surfaces, coherent spatial layout, cinematic depth, polished colour separation, subtle volumetric atmosphere, realistic materials, professional horror production design","people as main subject, visible monster as main subject, graphic gore, modern clutter that contradicts the setting, bright cheerful mood, flat lighting, malformed architecture, impossible perspective, duplicated doors, floating objects, warped signage, invented readable text, watermark, logo, low detail, blur",Original Cinematic Horror,1.0,False
0591 | Original Cinematic Horror/Swamp Cabin — Abandoned Daylight,"Swamp Cabin, a raised wooden cabin deep in a southern swamp, boat dock, hanging moss, screened porch and muddy water beneath, in pale overcast daylight, abandonment clearly visible, authentic wear and material detail, long empty sightlines and unsettling realism rather than darkness alone, no people present, environment-first composition, highly detailed architecture and surfaces, coherent spatial layout, cinematic depth, polished colour separation, subtle volumetric atmosphere, realistic materials, professional horror production design","people as main subject, visible monster as main subject, graphic gore, modern clutter that contradicts the setting, bright cheerful mood, flat lighting, malformed architecture, impossible perspective, duplicated doors, floating objects, warped signage, invented readable text, watermark, logo, low detail, blur",Original Cinematic Horror,1.0,False
0592 | Gothic Horror/Ruined Abbey Crypt — Blue Hour,"Ruined Abbey Crypt, a collapsed medieval abbey with underground crypt, broken effigies, root-filled stairs and moonlit cloister, at blue hour, cool exterior ambience, small warm practical lights, layered depth, precise production design and a polished widescreen horror establishing shot, no people present, environment-first composition, highly detailed architecture and surfaces, coherent spatial layout, cinematic depth, polished colour separation, subtle volumetric atmosphere, realistic materials, professional horror production design","people as main subject, visible monster as main subject, graphic gore, modern clutter that contradicts the setting, bright cheerful mood, flat lighting, malformed architecture, impossible perspective, duplicated doors, floating objects, warped signage, invented readable text, watermark, logo, low detail, blur",Gothic Horror,1.0,False
0593 | Gothic Horror/Ruined Abbey Crypt — Moonlit Fog,"Ruined Abbey Crypt, a collapsed medieval abbey with underground crypt, broken effigies, root-filled stairs and moonlit cloister, under moonlight and drifting fog, strong silhouettes, readable environmental detail, controlled contrast and a quiet supernatural atmosphere, no people present, environment-first composition, highly detailed architecture and surfaces, coherent spatial layout, cinematic depth, polished colour separation, subtle volumetric atmosphere, realistic materials, professional horror production design","people as main subject, visible monster as main subject, graphic gore, modern clutter that contradicts the setting, bright cheerful mood, flat lighting, malformed architecture, impossible perspective, duplicated doors, floating objects, warped signage, invented readable text, watermark, logo, low detail, blur",Gothic Horror,1.0,False
0594 | Gothic Horror/Ruined Abbey Crypt — Storm Night,"Ruined Abbey Crypt, a collapsed medieval abbey with underground crypt, broken effigies, root-filled stairs and moonlit cloister, during a stormy night, rain or wind appropriate to the setting, intermittent practical light, reflective surfaces and cinematic tension without visible characters, no people present, environment-first composition, highly detailed architecture and surfaces, coherent spatial layout, cinematic depth, polished colour separation, subtle volumetric atmosphere, realistic materials, professional horror production design","people as main subject, visible monster as main subject, graphic gore, modern clutter that contradicts the setting, bright cheerful mood, flat lighting, malformed architecture, impossible perspective, duplicated doors, floating objects, warped signage, invented readable text, watermark, logo, low detail, blur",Gothic Horror,1.0,False
0595 | Gothic Horror/Ruined Abbey Crypt — Abandoned Daylight,"Ruined Abbey Crypt, a collapsed medieval abbey with underground crypt, broken effigies, root-filled stairs and moonlit cloister, in pale overcast daylight, abandonment clearly visible, authentic wear and material detail, long empty sightlines and unsettling realism rather than darkness alone, no people present, environment-first composition, highly detailed architecture and surfaces, coherent spatial layout, cinematic depth, polished colour separation, subtle volumetric atmosphere, realistic materials, professional horror production design","people as main subject, visible monster as main subject, graphic gore, modern clutter that contradicts the setting, bright cheerful mood, flat lighting, malformed architecture, impossible perspective, duplicated doors, floating objects, warped signage, invented readable text, watermark, logo, low detail, blur",Gothic Horror,1.0,False
0596 | Gothic Horror/Abandoned Plague Village — Blue Hour,"Abandoned Plague Village, a deserted stone village sealed after an old plague, empty chapel, dry well, barricaded houses and mountain fog, at blue hour, cool exterior ambience, small warm practical lights, layered depth, precise production design and a polished widescreen horror establishing shot, no people present, environment-first composition, highly detailed architecture and surfaces, coherent spatial layout, cinematic depth, polished colour separation, subtle volumetric atmosphere, realistic materials, professional horror production design","people as main subject, visible monster as main subject, graphic gore, modern clutter that contradicts the setting, bright cheerful mood, flat lighting, malformed architecture, impossible perspective, duplicated doors, floating objects, warped signage, invented readable text, watermark, logo, low detail, blur",Gothic Horror,1.0,False
0597 | Gothic Horror/Abandoned Plague Village — Moonlit Fog,"Abandoned Plague Village, a deserted stone village sealed after an old plague, empty chapel, dry well, barricaded houses and mountain fog, under moonlight and drifting fog, strong silhouettes, readable environmental detail, controlled contrast and a quiet supernatural atmosphere, no people present, environment-first composition, highly detailed architecture and surfaces, coherent spatial layout, cinematic depth, polished colour separation, subtle volumetric atmosphere, realistic materials, professional horror production design","people as main subject, visible monster as main subject, graphic gore, modern clutter that contradicts the setting, bright cheerful mood, flat lighting, malformed architecture, impossible perspective, duplicated doors, floating objects, warped signage, invented readable text, watermark, logo, low detail, blur",Gothic Horror,1.0,False
0598 | Gothic Horror/Abandoned Plague Village — Storm Night,"Abandoned Plague Village, a deserted stone village sealed after an old plague, empty chapel, dry well, barricaded houses and mountain fog, during a stormy night, rain or wind appropriate to the setting, intermittent practical light, reflective surfaces and cinematic tension without visible characters, no people present, environment-first composition, highly detailed architecture and surfaces, coherent spatial layout, cinematic depth, polished colour separation, subtle volumetric atmosphere, realistic materials, professional horror production design","people as main subject, visible monster as main subject, graphic gore, modern clutter that contradicts the setting, bright cheerful mood, flat lighting, malformed architecture, impossible perspective, duplicated doors, floating objects, warped signage, invented readable text, watermark, logo, low detail, blur",Gothic Horror,1.0,False
0599 | Gothic Horror/Abandoned Plague Village — Abandoned Daylight,"Abandoned Plague Village, a deserted stone village sealed after an old plague, empty chapel, dry well, barricaded houses and mountain fog, in pale overcast daylight, abandonment clearly visible, authentic wear and material detail, long empty sightlines and unsettling realism rather than darkness alone, no people present, environment-first composition, highly detailed architecture and surfaces, coherent spatial layout, cinematic depth, polished colour separation, subtle volumetric atmosphere, realistic materials, professional horror production design","people as main subject, visible monster as main subject, graphic gore, modern clutter that contradicts the setting, bright cheerful mood, flat lighting, malformed architecture, impossible perspective, duplicated doors, floating objects, warped signage, invented readable text, watermark, logo, low detail, blur",Gothic Horror,1.0,False
0600 | Gothic Horror/Medieval Dungeon — Blue Hour,"Medieval Dungeon, a castle dungeon with rough stone cells, iron gates, drainage channel, torch brackets and a spiral stair upward, at blue hour, cool exterior ambience, small warm practical lights, layered depth, precise production design and a polished widescreen horror establishing shot, no people present, environment-first composition, highly detailed architecture and surfaces, coherent spatial layout, cinematic depth, polished colour separation, subtle volumetric atmosphere, realistic materials, professional horror production design","people as main subject, visible monster as main subject, graphic gore, modern clutter that contradicts the setting, bright cheerful mood, flat lighting, malformed architecture, impossible perspective, duplicated doors, floating objects, warped signage, invented readable text, watermark, logo, low detail, blur",Gothic Horror,1.0,False
0601 | Gothic Horror/Medieval Dungeon — Moonlit Fog,"Medieval Dungeon, a castle dungeon with rough stone cells, iron gates, drainage channel, torch brackets and a spiral stair upward, under moonlight and drifting fog, strong silhouettes, readable environmental detail, controlled contrast and a quiet supernatural atmosphere, no people present, environment-first composition, highly detailed architecture and surfaces, coherent spatial layout, cinematic depth, polished colour separation, subtle volumetric atmosphere, realistic materials, professional horror production design","people as main subject, visible monster as main subject, graphic gore, modern clutter that contradicts the setting, bright cheerful mood, flat lighting, malformed architecture, impossible perspective, duplicated doors, floating objects, warped signage, invented readable text, watermark, logo, low detail, blur",Gothic Horror,1.0,False
0602 | Gothic Horror/Medieval Dungeon — Storm Night,"Medieval Dungeon, a castle dungeon with rough stone cells, iron gates, drainage channel, torch brackets and a spiral stair upward, during a stormy night, rain or wind appropriate to the setting, intermittent practical light, reflective surfaces and cinematic tension without visible characters, no people present, environment-first composition, highly detailed architecture and surfaces, coherent spatial layout, cinematic depth, polished colour separation, subtle volumetric atmosphere, realistic materials, professional horror production design","people as main subject, visible monster as main subject, graphic gore, modern clutter that contradicts the setting, bright cheerful mood, flat lighting, malformed architecture, impossible perspective, duplicated doors, floating objects, warped signage, invented readable text, watermark, logo, low detail, blur",Gothic Horror,1.0,False
0603 | Gothic Horror/Medieval Dungeon — Abandoned Daylight,"Medieval Dungeon, a castle dungeon with rough stone cells, iron gates, drainage channel, torch brackets and a spiral stair upward, in pale overcast daylight, abandonment clearly visible, authentic wear and material detail, long empty sightlines and unsettling realism rather than darkness alone, no people present, environment-first composition, highly detailed architecture and surfaces, coherent spatial layout, cinematic depth, polished colour separation, subtle volumetric atmosphere, realistic materials, professional horror production design","people as main subject, visible monster as main subject, graphic gore, modern clutter that contradicts the setting, bright cheerful mood, flat lighting, malformed architecture, impossible perspective, duplicated doors, floating objects, warped signage, invented readable text, watermark, logo, low detail, blur",Gothic Horror,1.0,False
0604 | Folklore Horror/Witch’s Forest Cottage — Blue Hour,"Witch’s Forest Cottage, a crooked cottage in an ancient forest, herb-drying rafters, black stove, root cellar and protective symbols at the door, at blue hour, cool exterior ambience, small warm practical lights, layered depth, precise production design and a polished widescreen horror establishing shot, no people present, environment-first composition, highly detailed architecture and surfaces, coherent spatial layout, cinematic depth, polished colour separation, subtle volumetric atmosphere, realistic materials, professional horror production design","people as main subject, visible monster as main subject, graphic gore, modern clutter that contradicts the setting, bright cheerful mood, flat lighting, malformed architecture, impossible perspective, duplicated doors, floating objects, warped signage, invented readable text, watermark, logo, low detail, blur",Folklore Horror,1.0,False
0605 | Folklore Horror/Witch’s Forest Cottage — Moonlit Fog,"Witch’s Forest Cottage, a crooked cottage in an ancient forest, herb-drying rafters, black stove, root cellar and protective symbols at the door, under moonlight and drifting fog, strong silhouettes, readable environmental detail, controlled contrast and a quiet supernatural atmosphere, no people present, environment-first composition, highly detailed architecture and surfaces, coherent spatial layout, cinematic depth, polished colour separation, subtle volumetric atmosphere, realistic materials, professional horror production design","people as main subject, visible monster as main subject, graphic gore, modern clutter that contradicts the setting, bright cheerful mood, flat lighting, malformed architecture, impossible perspective, duplicated doors, floating objects, warped signage, invented readable text, watermark, logo, low detail, blur",Folklore Horror,1.0,False
0606 | Folklore Horror/Witch’s Forest Cottage — Storm Night,"Witch’s Forest Cottage, a crooked cottage in an ancient forest, herb-drying rafters, black stove, root cellar and protective symbols at the door, during a stormy night, rain or wind appropriate to the setting, intermittent practical light, reflective surfaces and cinematic tension without visible characters, no people present, environment-first composition, highly detailed architecture and surfaces, coherent spatial layout, cinematic depth, polished colour separation, subtle volumetric atmosphere, realistic materials, professional horror production design","people as main subject, visible monster as main subject, graphic gore, modern clutter that contradicts the setting, bright cheerful mood, flat lighting, malformed architecture, impossible perspective, duplicated doors, floating objects, warped signage, invented readable text, watermark, logo, low detail, blur",Folklore Horror,1.0,False
0607 | Folklore Horror/Witch’s Forest Cottage — Abandoned Daylight,"Witch’s Forest Cottage, a crooked cottage in an ancient forest, herb-drying rafters, black stove, root cellar and protective symbols at the door, in pale overcast daylight, abandonment clearly visible, authentic wear and material detail, long empty sightlines and unsettling realism rather than darkness alone, no people present, environment-first composition, highly detailed architecture and surfaces, coherent spatial layout, cinematic depth, polished colour separation, subtle volumetric atmosphere, realistic materials, professional horror production design","people as main subject, visible monster as main subject, graphic gore, modern clutter that contradicts the setting, bright cheerful mood, flat lighting, malformed architecture, impossible perspective, duplicated doors, floating objects, warped signage, invented readable text, watermark, logo, low detail, blur",Folklore Horror,1.0,False
0608 | Gothic Horror/Vampire Family Crypt — Blue Hour,"Vampire Family Crypt, an ornate subterranean family crypt with marble sarcophagi, iron gate, candle niches and damp stone vaults, at blue hour, cool exterior ambience, small warm practical lights, layered depth, precise production design and a polished widescreen horror establishing shot, no people present, environment-first composition, highly detailed architecture and surfaces, coherent spatial layout, cinematic depth, polished colour separation, subtle volumetric atmosphere, realistic materials, professional horror production design","people as main subject, visible monster as main subject, graphic gore, modern clutter that contradicts the setting, bright cheerful mood, flat lighting, malformed architecture, impossible perspective, duplicated doors, floating objects, warped signage, invented readable text, watermark, logo, low detail, blur",Gothic Horror,1.0,False
0609 | Gothic Horror/Vampire Family Crypt — Moonlit Fog,"Vampire Family Crypt, an ornate subterranean family crypt with marble sarcophagi, iron gate, candle niches and damp stone vaults, under moonlight and drifting fog, strong silhouettes, readable environmental detail, controlled contrast and a quiet supernatural atmosphere, no people present, environment-first composition, highly detailed architecture and surfaces, coherent spatial layout, cinematic depth, polished colour separation, subtle volumetric atmosphere, realistic materials, professional horror production design","people as main subject, visible monster as main subject, graphic gore, modern clutter that contradicts the setting, bright cheerful mood, flat lighting, malformed architecture, impossible perspective, duplicated doors, floating objects, warped signage, invented readable text, watermark, logo, low detail, blur",Gothic Horror,1.0,False
0610 | Gothic Horror/Vampire Family Crypt — Storm Night,"Vampire Family Crypt, an ornate subterranean family crypt with marble sarcophagi, iron gate, candle niches and damp stone vaults, during a stormy night, rain or wind appropriate to the setting, intermittent practical light, reflective surfaces and cinematic tension without visible characters, no people present, environment-first composition, highly detailed architecture and surfaces, coherent spatial layout, cinematic depth, polished colour separation, subtle volumetric atmosphere, realistic materials, professional horror production design","people as main subject, visible monster as main subject, graphic gore, modern clutter that contradicts the setting, bright cheerful mood, flat lighting, malformed architecture, impossible perspective, duplicated doors, floating objects, warped signage, invented readable text, watermark, logo, low detail, blur",Gothic Horror,1.0,False
0611 | Gothic Horror/Vampire Family Crypt — Abandoned Daylight,"Vampire Family Crypt, an ornate subterranean family crypt with marble sarcophagi, iron gate, candle niches and damp stone vaults, in pale overcast daylight, abandonment clearly visible, authentic wear and material detail, long empty sightlines and unsettling realism rather than darkness alone, no people present, environment-first composition, highly detailed architecture and surfaces, coherent spatial layout, cinematic depth, polished colour separation, subtle volumetric atmosphere, realistic materials, professional horror production design","people as main subject, visible monster as main subject, graphic gore, modern clutter that contradicts the setting, bright cheerful mood, flat lighting, malformed architecture, impossible perspective, duplicated doors, floating objects, warped signage, invented readable text, watermark, logo, low detail, blur",Gothic Horror,1.0,False
0612 | Dark Fantasy Horror/Necromancer’s Tower — Blue Hour,"Necromancer’s Tower, a ruined black stone tower above a dead valley, spiral library, ritual observatory and storm-lit battlements, at blue hour, cool exterior ambience, small warm practical lights, layered depth, precise production design and a polished widescreen horror establishing shot, no people present, environment-first composition, highly detailed architecture and surfaces, coherent spatial layout, cinematic depth, polished colour separation, subtle volumetric atmosphere, realistic materials, professional horror production design","people as main subject, visible monster as main subject, graphic gore, modern clutter that contradicts the setting, bright cheerful mood, flat lighting, malformed architecture, impossible perspective, duplicated doors, floating objects, warped signage, invented readable text, watermark, logo, low detail, blur",Dark Fantasy Horror,1.0,False
0613 | Dark Fantasy Horror/Necromancer’s Tower — Moonlit Fog,"Necromancer’s Tower, a ruined black stone tower above a dead valley, spiral library, ritual observatory and storm-lit battlements, under moonlight and drifting fog, strong silhouettes, readable environmental detail, controlled contrast and a quiet supernatural atmosphere, no people present, environment-first composition, highly detailed architecture and surfaces, coherent spatial layout, cinematic depth, polished colour separation, subtle volumetric atmosphere, realistic materials, professional horror production design","people as main subject, visible monster as main subject, graphic gore, modern clutter that contradicts the setting, bright cheerful mood, flat lighting, malformed architecture, impossible perspective, duplicated doors, floating objects, warped signage, invented readable text, watermark, logo, low detail, blur",Dark Fantasy Horror,1.0,False
0614 | Dark Fantasy Horror/Necromancer’s Tower — Storm Night,"Necromancer’s Tower, a ruined black stone tower above a dead valley, spiral library, ritual observatory and storm-lit battlements, during a stormy night, rain or wind appropriate to the setting, intermittent practical light, reflective surfaces and cinematic tension without visible characters, no people present, environment-first composition, highly detailed architecture and surfaces, coherent spatial layout, cinematic depth, polished colour separation, subtle volumetric atmosphere, realistic materials, professional horror production design","people as main subject, visible monster as main subject, graphic gore, modern clutter that contradicts the setting, bright cheerful mood, flat lighting, malformed architecture, impossible perspective, duplicated doors, floating objects, warped signage, invented readable text, watermark, logo, low detail, blur",Dark Fantasy Horror,1.0,False
0615 | Dark Fantasy Horror/Necromancer’s Tower — Abandoned Daylight,"Necromancer’s Tower, a ruined black stone tower above a dead valley, spiral library, ritual observatory and storm-lit battlements, in pale overcast daylight, abandonment clearly visible, authentic wear and material detail, long empty sightlines and unsettling realism rather than darkness alone, no people present, environment-first composition, highly detailed architecture and surfaces, coherent spatial layout, cinematic depth, polished colour separation, subtle volumetric atmosphere, realistic materials, professional horror production design","people as main subject, visible monster as main subject, graphic gore, modern clutter that contradicts the setting, bright cheerful mood, flat lighting, malformed architecture, impossible perspective, duplicated doors, floating objects, warped signage, invented readable text, watermark, logo, low detail, blur",Dark Fantasy Horror,1.0,False
0616 | Urban Gothic Horror/Foggy London Back Alley — Blue Hour,"Foggy London Back Alley, a narrow Victorian London alley, wet cobbles, gas lamps, brick archways, carriage entrance and dense river fog, at blue hour, cool exterior ambience, small warm practical lights, layered depth, precise production design and a polished widescreen horror establishing shot, no people present, environment-first composition, highly detailed architecture and surfaces, coherent spatial layout, cinematic depth, polished colour separation, subtle volumetric atmosphere, realistic materials, professional horror production design","people as main subject, visible monster as main subject, graphic gore, modern clutter that contradicts the setting, bright cheerful mood, flat lighting, malformed architecture, impossible perspective, duplicated doors, floating objects, warped signage, invented readable text, watermark, logo, low detail, blur",Urban Gothic Horror,1.0,False
0617 | Urban Gothic Horror/Foggy London Back Alley — Moonlit Fog,"Foggy London Back Alley, a narrow Victorian London alley, wet cobbles, gas lamps, brick archways, carriage entrance and dense river fog, under moonlight and drifting fog, strong silhouettes, readable environmental detail, controlled contrast and a quiet supernatural atmosphere, no people present, environment-first composition, highly detailed architecture and surfaces, coherent spatial layout, cinematic depth, polished colour separation, subtle volumetric atmosphere, realistic materials, professional horror production design","people as main subject, visible monster as main subject, graphic gore, modern clutter that contradicts the setting, bright cheerful mood, flat lighting, malformed architecture, impossible perspective, duplicated doors, floating objects, warped signage, invented readable text, watermark, logo, low detail, blur",Urban Gothic Horror,1.0,False
0618 | Urban Gothic Horror/Foggy London Back Alley — Storm Night,"Foggy London Back Alley, a narrow Victorian London alley, wet cobbles, gas lamps, brick archways, carriage entrance and dense river fog, during a stormy night, rain or wind appropriate to the setting, intermittent practical light, reflective surfaces and cinematic tension without visible characters, no people present, environment-first composition, highly detailed architecture and surfaces, coherent spatial layout, cinematic depth, polished colour separation, subtle volumetric atmosphere, realistic materials, professional horror production design","people as main subject, visible monster as main subject, graphic gore, modern clutter that contradicts the setting, bright cheerful mood, flat lighting, malformed architecture, impossible perspective, duplicated doors, floating objects, warped signage, invented readable text, watermark, logo, low detail, blur",Urban Gothic Horror,1.0,False
0619 | Urban Gothic Horror/Foggy London Back Alley — Abandoned Daylight,"Foggy London Back Alley, a narrow Victorian London alley, wet cobbles, gas lamps, brick archways, carriage entrance and dense river fog, in pale overcast daylight, abandonment clearly visible, authentic wear and material detail, long empty sightlines and unsettling realism rather than darkness alone, no people present, environment-first composition, highly detailed architecture and surfaces, coherent spatial layout, cinematic depth, polished colour separation, subtle volumetric atmosphere, realistic materials, professional horror production design","people as main subject, visible monster as main subject, graphic gore, modern clutter that contradicts the setting, bright cheerful mood, flat lighting, malformed architecture, impossible perspective, duplicated doors, floating objects, warped signage, invented readable text, watermark, logo, low detail, blur",Urban Gothic Horror,1.0,False
0620 | Urban Gothic Horror/New England Coastal Town — Blue Hour,"New England Coastal Town, a weathered Atlantic fishing town, white church, old cannery, narrow harbour streets and foghorn glow, at blue hour, cool exterior ambience, small warm practical lights, layered depth, precise production design and a polished widescreen horror establishing shot, no people present, environment-first composition, highly detailed architecture and surfaces, coherent spatial layout, cinematic depth, polished colour separation, subtle volumetric atmosphere, realistic materials, professional horror production design","people as main subject, visible monster as main subject, graphic gore, modern clutter that contradicts the setting, bright cheerful mood, flat lighting, malformed architecture, impossible perspective, duplicated doors, floating objects, warped signage, invented readable text, watermark, logo, low detail, blur",Urban Gothic Horror,1.0,False
0621 | Urban Gothic Horror/New England Coastal Town — Moonlit Fog,"New England Coastal Town, a weathered Atlantic fishing town, white church, old cannery, narrow harbour streets and foghorn glow, under moonlight and drifting fog, strong silhouettes, readable environmental detail, controlled contrast and a quiet supernatural atmosphere, no people present, environment-first composition, highly detailed architecture and surfaces, coherent spatial layout, cinematic depth, polished colour separation, subtle volumetric atmosphere, realistic materials, professional horror production design","people as main subject, visible monster as main subject, graphic gore, modern clutter that contradicts the setting, bright cheerful mood, flat lighting, malformed architecture, impossible perspective, duplicated doors, floating objects, warped signage, invented readable text, watermark, logo, low detail, blur",Urban Gothic Horror,1.0,False
0622 | Urban Gothic Horror/New England Coastal Town — Storm Night,"New England Coastal Town, a weathered Atlantic fishing town, white church, old cannery, narrow harbour streets and foghorn glow, during a stormy night, rain or wind appropriate to the setting, intermittent practical light, reflective surfaces and cinematic tension without visible characters, no people present, environment-first composition, highly detailed architecture and surfaces, coherent spatial layout, cinematic depth, polished colour separation, subtle volumetric atmosphere, realistic materials, professional horror production design","people as main subject, visible monster as main subject, graphic gore, modern clutter that contradicts the setting, bright cheerful mood, flat lighting, malformed architecture, impossible perspective, duplicated doors, floating objects, warped signage, invented readable text, watermark, logo, low detail, blur",Urban Gothic Horror,1.0,False
0623 | Urban Gothic Horror/New England Coastal Town — Abandoned Daylight,"New England Coastal Town, a weathered Atlantic fishing town, white church, old cannery, narrow harbour streets and foghorn glow, in pale overcast daylight, abandonment clearly visible, authentic wear and material detail, long empty sightlines and unsettling realism rather than darkness alone, no people present, environment-first composition, highly detailed architecture and surfaces, coherent spatial layout, cinematic depth, polished colour separation, subtle volumetric atmosphere, realistic materials, professional horror production design","people as main subject, visible monster as main subject, graphic gore, modern clutter that contradicts the setting, bright cheerful mood, flat lighting, malformed architecture, impossible perspective, duplicated doors, floating objects, warped signage, invented readable text, watermark, logo, low detail, blur",Urban Gothic Horror,1.0,False
0624 | Original Cinematic Horror/Desert Ghost Town — Blue Hour,"Desert Ghost Town, an abandoned desert town with false-front saloon, empty jail, windblown street and rusted water tower, at blue hour, cool exterior ambience, small warm practical lights, layered depth, precise production design and a polished widescreen horror establishing shot, no people present, environment-first composition, highly detailed architecture and surfaces, coherent spatial layout, cinematic depth, polished colour separation, subtle volumetric atmosphere, realistic materials, professional horror production design","people as main subject, visible monster as main subject, graphic gore, modern clutter that contradicts the setting, bright cheerful mood, flat lighting, malformed architecture, impossible perspective, duplicated doors, floating objects, warped signage, invented readable text, watermark, logo, low detail, blur",Original Cinematic Horror,1.0,False
0625 | Original Cinematic Horror/Desert Ghost Town — Moonlit Fog,"Desert Ghost Town, an abandoned desert town with false-front saloon, empty jail, windblown street and rusted water tower, under moonlight and drifting fog, strong silhouettes, readable environmental detail, controlled contrast and a quiet supernatural atmosphere, no people present, environment-first composition, highly detailed architecture and surfaces, coherent spatial layout, cinematic depth, polished colour separation, subtle volumetric atmosphere, realistic materials, professional horror production design","people as main subject, visible monster as main subject, graphic gore, modern clutter that contradicts the setting, bright cheerful mood, flat lighting, malformed architecture, impossible perspective, duplicated doors, floating objects, warped signage, invented readable text, watermark, logo, low detail, blur",Original Cinematic Horror,1.0,False
0626 | Original Cinematic Horror/Desert Ghost Town — Storm Night,"Desert Ghost Town, an abandoned desert town with false-front saloon, empty jail, windblown street and rusted water tower, during a stormy night, rain or wind appropriate to the setting, intermittent practical light, reflective surfaces and cinematic tension without visible characters, no people present, environment-first composition, highly detailed architecture and surfaces, coherent spatial layout, cinematic depth, polished colour separation, subtle volumetric atmosphere, realistic materials, professional horror production design","people as main subject, visible monster as main subject, graphic gore, modern clutter that contradicts the setting, bright cheerful mood, flat lighting, malformed architecture, impossible perspective, duplicated doors, floating objects, warped signage, invented readable text, watermark, logo, low detail, blur",Original Cinematic Horror,1.0,False
0627 | Original Cinematic Horror/Desert Ghost Town — Abandoned Daylight,"Desert Ghost Town, an abandoned desert town with false-front saloon, empty jail, windblown street and rusted water tower, in pale overcast daylight, abandonment clearly visible, authentic wear and material detail, long empty sightlines and unsettling realism rather than darkness alone, no people present, environment-first composition, highly detailed architecture and surfaces, coherent spatial layout, cinematic depth, polished colour separation, subtle volumetric atmosphere, realistic materials, professional horror production design","people as main subject, visible monster as main subject, graphic gore, modern clutter that contradicts the setting, bright cheerful mood, flat lighting, malformed architecture, impossible perspective, duplicated doors, floating objects, warped signage, invented readable text, watermark, logo, low detail, blur",Original Cinematic Horror,1.0,False
0628 | Original Cinematic Horror/Mountain Mining Town — Blue Hour,"Mountain Mining Town, a deserted high-altitude mining settlement, timber houses, cable tram, collapsed shaft and early snow, at blue hour, cool exterior ambience, small warm practical lights, layered depth, precise production design and a polished widescreen horror establishing shot, no people present, environment-first composition, highly detailed architecture and surfaces, coherent spatial layout, cinematic depth, polished colour separation, subtle volumetric atmosphere, realistic materials, professional horror production design","people as main subject, visible monster as main subject, graphic gore, modern clutter that contradicts the setting, bright cheerful mood, flat lighting, malformed architecture, impossible perspective, duplicated doors, floating objects, warped signage, invented readable text, watermark, logo, low detail, blur",Original Cinematic Horror,1.0,False
0629 | Original Cinematic Horror/Mountain Mining Town — Moonlit Fog,"Mountain Mining Town, a deserted high-altitude mining settlement, timber houses, cable tram, collapsed shaft and early snow, under moonlight and drifting fog, strong silhouettes, readable environmental detail, controlled contrast and a quiet supernatural atmosphere, no people present, environment-first composition, highly detailed architecture and surfaces, coherent spatial layout, cinematic depth, polished colour separation, subtle volumetric atmosphere, realistic materials, professional horror production design","people as main subject, visible monster as main subject, graphic gore, modern clutter that contradicts the setting, bright cheerful mood, flat lighting, malformed architecture, impossible perspective, duplicated doors, floating objects, warped signage, invented readable text, watermark, logo, low detail, blur",Original Cinematic Horror,1.0,False
0630 | Original Cinematic Horror/Mountain Mining Town — Storm Night,"Mountain Mining Town, a deserted high-altitude mining settlement, timber houses, cable tram, collapsed shaft and early snow, during a stormy night, rain or wind appropriate to the setting, intermittent practical light, reflective surfaces and cinematic tension without visible characters, no people present, environment-first composition, highly detailed architecture and surfaces, coherent spatial layout, cinematic depth, polished colour separation, subtle volumetric atmosphere, realistic materials, professional horror production design","people as main subject, visible monster as main subject, graphic gore, modern clutter that contradicts the setting, bright cheerful mood, flat lighting, malformed architecture, impossible perspective, duplicated doors, floating objects, warped signage, invented readable text, watermark, logo, low detail, blur",Original Cinematic Horror,1.0,False
0631 | Original Cinematic Horror/Mountain Mining Town — Abandoned Daylight,"Mountain Mining Town, a deserted high-altitude mining settlement, timber houses, cable tram, collapsed shaft and early snow, in pale overcast daylight, abandonment clearly visible, authentic wear and material detail, long empty sightlines and unsettling realism rather than darkness alone, no people present, environment-first composition, highly detailed architecture and surfaces, coherent spatial layout, cinematic depth, polished colour separation, subtle volumetric atmosphere, realistic materials, professional horror production design","people as main subject, visible monster as main subject, graphic gore, modern clutter that contradicts the setting, bright cheerful mood, flat lighting, malformed architecture, impossible perspective, duplicated doors, floating objects, warped signage, invented readable text, watermark, logo, low detail, blur",Original Cinematic Horror,1.0,False
0632 | Original Cinematic Horror/Cursed Roadside Attraction — Blue Hour,"Cursed Roadside Attraction, a decaying roadside attraction with oversized statue, souvenir shop, fenced exhibit and empty car park, at blue hour, cool exterior ambience, small warm practical lights, layered depth, precise production design and a polished widescreen horror establishing shot, no people present, environment-first composition, highly detailed architecture and surfaces, coherent spatial layout, cinematic depth, polished colour separation, subtle volumetric atmosphere, realistic materials, professional horror production design","people as main subject, visible monster as main subject, graphic gore, modern clutter that contradicts the setting, bright cheerful mood, flat lighting, malformed architecture, impossible perspective, duplicated doors, floating objects, warped signage, invented readable text, watermark, logo, low detail, blur",Original Cinematic Horror,1.0,False
0633 | Original Cinematic Horror/Cursed Roadside Attraction — Moonlit Fog,"Cursed Roadside Attraction, a decaying roadside attraction with oversized statue, souvenir shop, fenced exhibit and empty car park, under moonlight and drifting fog, strong silhouettes, readable environmental detail, controlled contrast and a quiet supernatural atmosphere, no people present, environment-first composition, highly detailed architecture and surfaces, coherent spatial layout, cinematic depth, polished colour separation, subtle volumetric atmosphere, realistic materials, professional horror production design","people as main subject, visible monster as main subject, graphic gore, modern clutter that contradicts the setting, bright cheerful mood, flat lighting, malformed architecture, impossible perspective, duplicated doors, floating objects, warped signage, invented readable text, watermark, logo, low detail, blur",Original Cinematic Horror,1.0,False
0634 | Original Cinematic Horror/Cursed Roadside Attraction — Storm Night,"Cursed Roadside Attraction, a decaying roadside attraction with oversized statue, souvenir shop, fenced exhibit and empty car park, during a stormy night, rain or wind appropriate to the setting, intermittent practical light, reflective surfaces and cinematic tension without visible characters, no people present, environment-first composition, highly detailed architecture and surfaces, coherent spatial layout, cinematic depth, polished colour separation, subtle volumetric atmosphere, realistic materials, professional horror production design","people as main subject, visible monster as main subject, graphic gore, modern clutter that contradicts the setting, bright cheerful mood, flat lighting, malformed architecture, impossible perspective, duplicated doors, floating objects, warped signage, invented readable text, watermark, logo, low detail, blur",Original Cinematic Horror,1.0,False
0635 | Original Cinematic Horror/Cursed Roadside Attraction — Abandoned Daylight,"Cursed Roadside Attraction, a decaying roadside attraction with oversized statue, souvenir shop, fenced exhibit and empty car park, in pale overcast daylight, abandonment clearly visible, authentic wear and material detail, long empty sightlines and unsettling realism rather than darkness alone, no people present, environment-first composition, highly detailed architecture and surfaces, coherent spatial layout, cinematic depth, polished colour separation, subtle volumetric atmosphere, realistic materials, professional horror production design","people as main subject, visible monster as main subject, graphic gore, modern clutter that contradicts the setting, bright cheerful mood, flat lighting, malformed architecture, impossible perspective, duplicated doors, floating objects, warped signage, invented readable text, watermark, logo, low detail, blur",Original Cinematic Horror,1.0,False
0636 | Original Cinematic Horror/Drained Motel Pool — Blue Hour,"Drained Motel Pool, an empty kidney-shaped motel pool, cracked tiles, abandoned deck chairs, flickering sign and rows of dark rooms, at blue hour, cool exterior ambience, small warm practical lights, layered depth, precise production design and a polished widescreen horror establishing shot, no people present, environment-first composition, highly detailed architecture and surfaces, coherent spatial layout, cinematic depth, polished colour separation, subtle volumetric atmosphere, realistic materials, professional horror production design","people as main subject, visible monster as main subject, graphic gore, modern clutter that contradicts the setting, bright cheerful mood, flat lighting, malformed architecture, impossible perspective, duplicated doors, floating objects, warped signage, invented readable text, watermark, logo, low detail, blur",Original Cinematic Horror,1.0,False
0637 | Original Cinematic Horror/Drained Motel Pool — Moonlit Fog,"Drained Motel Pool, an empty kidney-shaped motel pool, cracked tiles, abandoned deck chairs, flickering sign and rows of dark rooms, under moonlight and drifting fog, strong silhouettes, readable environmental detail, controlled contrast and a quiet supernatural atmosphere, no people present, environment-first composition, highly detailed architecture and surfaces, coherent spatial layout, cinematic depth, polished colour separation, subtle volumetric atmosphere, realistic materials, professional horror production design","people as main subject, visible monster as main subject, graphic gore, modern clutter that contradicts the setting, bright cheerful mood, flat lighting, malformed architecture, impossible perspective, duplicated doors, floating objects, warped signage, invented readable text, watermark, logo, low detail, blur",Original Cinematic Horror,1.0,False
0638 | Original Cinematic Horror/Drained Motel Pool — Storm Night,"Drained Motel Pool, an empty kidney-shaped motel pool, cracked tiles, abandoned deck chairs, flickering sign and rows of dark rooms, during a stormy night, rain or wind appropriate to the setting, intermittent practical light, reflective surfaces and cinematic tension without visible characters, no people present, environment-first composition, highly detailed architecture and surfaces, coherent spatial layout, cinematic depth, polished colour separation, subtle volumetric atmosphere, realistic materials, professional horror production design","people as main subject, visible monster as main subject, graphic gore, modern clutter that contradicts the setting, bright cheerful mood, flat lighting, malformed architecture, impossible perspective, duplicated doors, floating objects, warped signage, invented readable text, watermark, logo, low detail, blur",Original Cinematic Horror,1.0,False
0639 | Original Cinematic Horror/Drained Motel Pool — Abandoned Daylight,"Drained Motel Pool, an empty kidney-shaped motel pool, cracked tiles, abandoned deck chairs, flickering sign and rows of dark rooms, in pale overcast daylight, abandonment clearly visible, authentic wear and material detail, long empty sightlines and unsettling realism rather than darkness alone, no people present, environment-first composition, highly detailed architecture and surfaces, coherent spatial layout, cinematic depth, polished colour separation, subtle volumetric atmosphere, realistic materials, professional horror production design","people as main subject, visible monster as main subject, graphic gore, modern clutter that contradicts the setting, bright cheerful mood, flat lighting, malformed architecture, impossible perspective, duplicated doors, floating objects, warped signage, invented readable text, watermark, logo, low detail, blur",Original Cinematic Horror,1.0,False
0640 | Seasonal Spooky/Halloween Suburban Cul-de-sac — Blue Hour,"Halloween Suburban Cul-de-sac, a quiet American cul-de-sac on Halloween night, carved pumpkins, decorated porches, fallen leaves and no people outside, at blue hour, cool exterior ambience, small warm practical lights, layered depth, precise production design and a polished widescreen horror establishing shot, no people present, environment-first composition, highly detailed architecture and surfaces, coherent spatial layout, cinematic depth, polished colour separation, subtle volumetric atmosphere, realistic materials, professional horror production design","people as main subject, visible monster as main subject, graphic gore, modern clutter that contradicts the setting, bright cheerful mood, flat lighting, malformed architecture, impossible perspective, duplicated doors, floating objects, warped signage, invented readable text, watermark, logo, low detail, blur",Seasonal Spooky,1.0,False
0641 | Seasonal Spooky/Halloween Suburban Cul-de-sac — Moonlit Fog,"Halloween Suburban Cul-de-sac, a quiet American cul-de-sac on Halloween night, carved pumpkins, decorated porches, fallen leaves and no people outside, under moonlight and drifting fog, strong silhouettes, readable environmental detail, controlled contrast and a quiet supernatural atmosphere, no people present, environment-first composition, highly detailed architecture and surfaces, coherent spatial layout, cinematic depth, polished colour separation, subtle volumetric atmosphere, realistic materials, professional horror production design","people as main subject, visible monster as main subject, graphic gore, modern clutter that contradicts the setting, bright cheerful mood, flat lighting, malformed architecture, impossible perspective, duplicated doors, floating objects, warped signage, invented readable text, watermark, logo, low detail, blur",Seasonal Spooky,1.0,False
0642 | Seasonal Spooky/Halloween Suburban Cul-de-sac — Storm Night,"Halloween Suburban Cul-de-sac, a quiet American cul-de-sac on Halloween night, carved pumpkins, decorated porches, fallen leaves and no people outside, during a stormy night, rain or wind appropriate to the setting, intermittent practical light, reflective surfaces and cinematic tension without visible characters, no people present, environment-first composition, highly detailed architecture and surfaces, coherent spatial layout, cinematic depth, polished colour separation, subtle volumetric atmosphere, realistic materials, professional horror production design","people as main subject, visible monster as main subject, graphic gore, modern clutter that contradicts the setting, bright cheerful mood, flat lighting, malformed architecture, impossible perspective, duplicated doors, floating objects, warped signage, invented readable text, watermark, logo, low detail, blur",Seasonal Spooky,1.0,False
0643 | Seasonal Spooky/Halloween Suburban Cul-de-sac — Abandoned Daylight,"Halloween Suburban Cul-de-sac, a quiet American cul-de-sac on Halloween night, carved pumpkins, decorated porches, fallen leaves and no people outside, in pale overcast daylight, abandonment clearly visible, authentic wear and material detail, long empty sightlines and unsettling realism rather than darkness alone, no people present, environment-first composition, highly detailed architecture and surfaces, coherent spatial layout, cinematic depth, polished colour separation, subtle volumetric atmosphere, realistic materials, professional horror production design","people as main subject, visible monster as main subject, graphic gore, modern clutter that contradicts the setting, bright cheerful mood, flat lighting, malformed architecture, impossible perspective, duplicated doors, floating objects, warped signage, invented readable text, watermark, logo, low detail, blur",Seasonal Spooky,1.0,False
0644 | Psychological Horror/Endless Apartment Hallway — Blue Hour,"Endless Apartment Hallway, a repeating apartment corridor with identical doors, patterned carpet, humming lights and no visible exit, at blue hour, cool exterior ambience, small warm practical lights, layered depth, precise production design and a polished widescreen horror establishing shot, no people present, environment-first composition, highly detailed architecture and surfaces, coherent spatial layout, cinematic depth, polished colour separation, subtle volumetric atmosphere, realistic materials, professional horror production design","people as main subject, visible monster as main subject, graphic gore, modern clutter that contradicts the setting, bright cheerful mood, flat lighting, malformed architecture, impossible perspective, duplicated doors, floating objects, warped signage, invented readable text, watermark, logo, low detail, blur",Psychological Horror,1.0,False
0645 | Psychological Horror/Endless Apartment Hallway — Moonlit Fog,"Endless Apartment Hallway, a repeating apartment corridor with identical doors, patterned carpet, humming lights and no visible exit, under moonlight and drifting fog, strong silhouettes, readable environmental detail, controlled contrast and a quiet supernatural atmosphere, no people present, environment-first composition, highly detailed architecture and surfaces, coherent spatial layout, cinematic depth, polished colour separation, subtle volumetric atmosphere, realistic materials, professional horror production design","people as main subject, visible monster as main subject, graphic gore, modern clutter that contradicts the setting, bright cheerful mood, flat lighting, malformed architecture, impossible perspective, duplicated doors, floating objects, warped signage, invented readable text, watermark, logo, low detail, blur",Psychological Horror,1.0,False
0646 | Psychological Horror/Endless Apartment Hallway — Storm Night,"Endless Apartment Hallway, a repeating apartment corridor with identical doors, patterned carpet, humming lights and no visible exit, during a stormy night, rain or wind appropriate to the setting, intermittent practical light, reflective surfaces and cinematic tension without visible characters, no people present, environment-first composition, highly detailed architecture and surfaces, coherent spatial layout, cinematic depth, polished colour separation, subtle volumetric atmosphere, realistic materials, professional horror production design","people as main subject, visible monster as main subject, graphic gore, modern clutter that contradicts the setting, bright cheerful mood, flat lighting, malformed architecture, impossible perspective, duplicated doors, floating objects, warped signage, invented readable text, watermark, logo, low detail, blur",Psychological Horror,1.0,False
0647 | Psychological Horror/Endless Apartment Hallway — Abandoned Daylight,"Endless Apartment Hallway, a repeating apartment corridor with identical doors, patterned carpet, humming lights and no visible exit, in pale overcast daylight, abandonment clearly visible, authentic wear and material detail, long empty sightlines and unsettling realism rather than darkness alone, no people present, environment-first composition, highly detailed architecture and surfaces, coherent spatial layout, cinematic depth, polished colour separation, subtle volumetric atmosphere, realistic materials, professional horror production design","people as main subject, visible monster as main subject, graphic gore, modern clutter that contradicts the setting, bright cheerful mood, flat lighting, malformed architecture, impossible perspective, duplicated doors, floating objects, warped signage, invented readable text, watermark, logo, low detail, blur",Psychological Horror,1.0,False
0648 | Psychological Horror/Elevator Between Floors — Blue Hour,"Elevator Between Floors, an old lift stopped between floors, half-open doors, service shaft, failing ceiling light and scratched control panel, at blue hour, cool exterior ambience, small warm practical lights, layered depth, precise production design and a polished widescreen horror establishing shot, no people present, environment-first composition, highly detailed architecture and surfaces, coherent spatial layout, cinematic depth, polished colour separation, subtle volumetric atmosphere, realistic materials, professional horror production design","people as main subject, visible monster as main subject, graphic gore, modern clutter that contradicts the setting, bright cheerful mood, flat lighting, malformed architecture, impossible perspective, duplicated doors, floating objects, warped signage, invented readable text, watermark, logo, low detail, blur",Psychological Horror,1.0,False
0649 | Psychological Horror/Elevator Between Floors — Moonlit Fog,"Elevator Between Floors, an old lift stopped between floors, half-open doors, service shaft, failing ceiling light and scratched control panel, under moonlight and drifting fog, strong silhouettes, readable environmental detail, controlled contrast and a quiet supernatural atmosphere, no people present, environment-first composition, highly detailed architecture and surfaces, coherent spatial layout, cinematic depth, polished colour separation, subtle volumetric atmosphere, realistic materials, professional horror production design","people as main subject, visible monster as main subject, graphic gore, modern clutter that contradicts the setting, bright cheerful mood, flat lighting, malformed architecture, impossible perspective, duplicated doors, floating objects, warped signage, invented readable text, watermark, logo, low detail, blur",Psychological Horror,1.0,False
0650 | Psychological Horror/Elevator Between Floors — Storm Night,"Elevator Between Floors, an old lift stopped between floors, half-open doors, service shaft, failing ceiling light and scratched control panel, during a stormy night, rain or wind appropriate to the setting, intermittent practical light, reflective surfaces and cinematic tension without visible characters, no people present, environment-first composition, highly detailed architecture and surfaces, coherent spatial layout, cinematic depth, polished colour separation, subtle volumetric atmosphere, realistic materials, professional horror production design","people as main subject, visible monster as main subject, graphic gore, modern clutter that contradicts the setting, bright cheerful mood, flat lighting, malformed architecture, impossible perspective, duplicated doors, floating objects, warped signage, invented readable text, watermark, logo, low detail, blur",Psychological Horror,1.0,False
0651 | Psychological Horror/Elevator Between Floors — Abandoned Daylight,"Elevator Between Floors, an old lift stopped between floors, half-open doors, service shaft, failing ceiling light and scratched control panel, in pale overcast daylight, abandonment clearly visible, authentic wear and material detail, long empty sightlines and unsettling realism rather than darkness alone, no people present, environment-first composition, highly detailed architecture and surfaces, coherent spatial layout, cinematic depth, polished colour separation, subtle volumetric atmosphere, realistic materials, professional horror production design","people as main subject, visible monster as main subject, graphic gore, modern clutter that contradicts the setting, bright cheerful mood, flat lighting, malformed architecture, impossible perspective, duplicated doors, floating objects, warped signage, invented readable text, watermark, logo, low detail, blur",Psychological Horror,1.0,False
0652 | Psychological Horror/Hotel Corridor at 3 A.M. — Blue Hour,"Hotel Corridor at 3 A.M., a long anonymous hotel hallway, closed doors, ice machine alcove, patterned carpet and one distant light flickering, at blue hour, cool exterior ambience, small warm practical lights, layered depth, precise production design and a polished widescreen horror establishing shot, no people present, environment-first composition, highly detailed architecture and surfaces, coherent spatial layout, cinematic depth, polished colour separation, subtle volumetric atmosphere, realistic materials, professional horror production design","people as main subject, visible monster as main subject, graphic gore, modern clutter that contradicts the setting, bright cheerful mood, flat lighting, malformed architecture, impossible perspective, duplicated doors, floating objects, warped signage, invented readable text, watermark, logo, low detail, blur",Psychological Horror,1.0,False
0653 | Psychological Horror/Hotel Corridor at 3 A.M. — Moonlit Fog,"Hotel Corridor at 3 A.M., a long anonymous hotel hallway, closed doors, ice machine alcove, patterned carpet and one distant light flickering, under moonlight and drifting fog, strong silhouettes, readable environmental detail, controlled contrast and a quiet supernatural atmosphere, no people present, environment-first composition, highly detailed architecture and surfaces, coherent spatial layout, cinematic depth, polished colour separation, subtle volumetric atmosphere, realistic materials, professional horror production design","people as main subject, visible monster as main subject, graphic gore, modern clutter that contradicts the setting, bright cheerful mood, flat lighting, malformed architecture, impossible perspective, duplicated doors, floating objects, warped signage, invented readable text, watermark, logo, low detail, blur",Psychological Horror,1.0,False
0654 | Psychological Horror/Hotel Corridor at 3 A.M. — Storm Night,"Hotel Corridor at 3 A.M., a long anonymous hotel hallway, closed doors, ice machine alcove, patterned carpet and one distant light flickering, during a stormy night, rain or wind appropriate to the setting, intermittent practical light, reflective surfaces and cinematic tension without visible characters, no people present, environment-first composition, highly detailed architecture and surfaces, coherent spatial layout, cinematic depth, polished colour separation, subtle volumetric atmosphere, realistic materials, professional horror production design","people as main subject, visible monster as main subject, graphic gore, modern clutter that contradicts the setting, bright cheerful mood, flat lighting, malformed architecture, impossible perspective, duplicated doors, floating objects, warped signage, invented readable text, watermark, logo, low detail, blur",Psychological Horror,1.0,False
0655 | Psychological Horror/Hotel Corridor at 3 A.M. — Abandoned Daylight,"Hotel Corridor at 3 A.M., a long anonymous hotel hallway, closed doors, ice machine alcove, patterned carpet and one distant light flickering, in pale overcast daylight, abandonment clearly visible, authentic wear and material detail, long empty sightlines and unsettling realism rather than darkness alone, no people present, environment-first composition, highly detailed architecture and surfaces, coherent spatial layout, cinematic depth, polished colour separation, subtle volumetric atmosphere, realistic materials, professional horror production design","people as main subject, visible monster as main subject, graphic gore, modern clutter that contradicts the setting, bright cheerful mood, flat lighting, malformed architecture, impossible perspective, duplicated doors, floating objects, warped signage, invented readable text, watermark, logo, low detail, blur",Psychological Horror,1.0,False
0656 | Urban Horror/Office Tower After Hours — Blue Hour,"Office Tower After Hours, a high-rise office floor at night, empty cubicles, dark conference rooms, emergency exit signs and city lights outside, at blue hour, cool exterior ambience, small warm practical lights, layered depth, precise production design and a polished widescreen horror establishing shot, no people present, environment-first composition, highly detailed architecture and surfaces, coherent spatial layout, cinematic depth, polished colour separation, subtle volumetric atmosphere, realistic materials, professional horror production design","people as main subject, visible monster as main subject, graphic gore, modern clutter that contradicts the setting, bright cheerful mood, flat lighting, malformed architecture, impossible perspective, duplicated doors, floating objects, warped signage, invented readable text, watermark, logo, low detail, blur",Urban Horror,1.0,False
0657 | Urban Horror/Office Tower After Hours — Moonlit Fog,"Office Tower After Hours, a high-rise office floor at night, empty cubicles, dark conference rooms, emergency exit signs and city lights outside, under moonlight and drifting fog, strong silhouettes, readable environmental detail, controlled contrast and a quiet supernatural atmosphere, no people present, environment-first composition, highly detailed architecture and surfaces, coherent spatial layout, cinematic depth, polished colour separation, subtle volumetric atmosphere, realistic materials, professional horror production design","people as main subject, visible monster as main subject, graphic gore, modern clutter that contradicts the setting, bright cheerful mood, flat lighting, malformed architecture, impossible perspective, duplicated doors, floating objects, warped signage, invented readable text, watermark, logo, low detail, blur",Urban Horror,1.0,False
0658 | Urban Horror/Office Tower After Hours — Storm Night,"Office Tower After Hours, a high-rise office floor at night, empty cubicles, dark conference rooms, emergency exit signs and city lights outside, during a stormy night, rain or wind appropriate to the setting, intermittent practical light, reflective surfaces and cinematic tension without visible characters, no people present, environment-first composition, highly detailed architecture and surfaces, coherent spatial layout, cinematic depth, polished colour separation, subtle volumetric atmosphere, realistic materials, professional horror production design","people as main subject, visible monster as main subject, graphic gore, modern clutter that contradicts the setting, bright cheerful mood, flat lighting, malformed architecture, impossible perspective, duplicated doors, floating objects, warped signage, invented readable text, watermark, logo, low detail, blur",Urban Horror,1.0,False
0659 | Urban Horror/Office Tower After Hours — Abandoned Daylight,"Office Tower After Hours, a high-rise office floor at night, empty cubicles, dark conference rooms, emergency exit signs and city lights outside, in pale overcast daylight, abandonment clearly visible, authentic wear and material detail, long empty sightlines and unsettling realism rather than darkness alone, no people present, environment-first composition, highly detailed architecture and surfaces, coherent spatial layout, cinematic depth, polished colour separation, subtle volumetric atmosphere, realistic materials, professional horror production design","people as main subject, visible monster as main subject, graphic gore, modern clutter that contradicts the setting, bright cheerful mood, flat lighting, malformed architecture, impossible perspective, duplicated doors, floating objects, warped signage, invented readable text, watermark, logo, low detail, blur",Urban Horror,1.0,False
0660 | Industrial Horror/Warehouse Maze — Blue Hour,"Warehouse Maze, a vast distribution warehouse with towering shelves, plastic curtains, forklifts left running and aisles disappearing into darkness, at blue hour, cool exterior ambience, small warm practical lights, layered depth, precise production design and a polished widescreen horror establishing shot, no people present, environment-first composition, highly detailed architecture and surfaces, coherent spatial layout, cinematic depth, polished colour separation, subtle volumetric atmosphere, realistic materials, professional horror production design","people as main subject, visible monster as main subject, graphic gore, modern clutter that contradicts the setting, bright cheerful mood, flat lighting, malformed architecture, impossible perspective, duplicated doors, floating objects, warped signage, invented readable text, watermark, logo, low detail, blur",Industrial Horror,1.0,False
0661 | Industrial Horror/Warehouse Maze — Moonlit Fog,"Warehouse Maze, a vast distribution warehouse with towering shelves, plastic curtains, forklifts left running and aisles disappearing into darkness, under moonlight and drifting fog, strong silhouettes, readable environmental detail, controlled contrast and a quiet supernatural atmosphere, no people present, environment-first composition, highly detailed architecture and surfaces, coherent spatial layout, cinematic depth, polished colour separation, subtle volumetric atmosphere, realistic materials, professional horror production design","people as main subject, visible monster as main subject, graphic gore, modern clutter that contradicts the setting, bright cheerful mood, flat lighting, malformed architecture, impossible perspective, duplicated doors, floating objects, warped signage, invented readable text, watermark, logo, low detail, blur",Industrial Horror,1.0,False
0662 | Industrial Horror/Warehouse Maze — Storm Night,"Warehouse Maze, a vast distribution warehouse with towering shelves, plastic curtains, forklifts left running and aisles disappearing into darkness, during a stormy night, rain or wind appropriate to the setting, intermittent practical light, reflective surfaces and cinematic tension without visible characters, no people present, environment-first composition, highly detailed architecture and surfaces, coherent spatial layout, cinematic depth, polished colour separation, subtle volumetric atmosphere, realistic materials, professional horror production design","people as main subject, visible monster as main subject, graphic gore, modern clutter that contradicts the setting, bright cheerful mood, flat lighting, malformed architecture, impossible perspective, duplicated doors, floating objects, warped signage, invented readable text, watermark, logo, low detail, blur",Industrial Horror,1.0,False
0663 | Industrial Horror/Warehouse Maze — Abandoned Daylight,"Warehouse Maze, a vast distribution warehouse with towering shelves, plastic curtains, forklifts left running and aisles disappearing into darkness, in pale overcast daylight, abandonment clearly visible, authentic wear and material detail, long empty sightlines and unsettling realism rather than darkness alone, no people present, environment-first composition, highly detailed architecture and surfaces, coherent spatial layout, cinematic depth, polished colour separation, subtle volumetric atmosphere, realistic materials, professional horror production design","people as main subject, visible monster as main subject, graphic gore, modern clutter that contradicts the setting, bright cheerful mood, flat lighting, malformed architecture, impossible perspective, duplicated doors, floating objects, warped signage, invented readable text, watermark, logo, low detail, blur",Industrial Horror,1.0,False
0664 | Original Cinematic Horror/Cemetery Train Station — Last Train,"Cemetery Train Station, a forgotten rural railway platform beside an old cemetery, rusted signal box, empty tracks, stone mausoleums and a stopped station clock, at 11:59 p.m., weak platform lamps, distant fog over the rails, wet stone and a polished supernatural establishing shot, no people present, environment-first composition, highly detailed architecture and surfaces, coherent spatial layout, cinematic depth, polished colour separation, subtle volumetric atmosphere, realistic materials, professional horror production design","people as main subject, visible monster as main subject, graphic gore, modern clutter that contradicts the setting, bright cheerful mood, flat lighting, malformed architecture, impossible perspective, duplicated doors, floating objects, warped signage, invented readable text, watermark, logo, low detail, blur",Original Cinematic Horror,1.0,False
0665 | Original Cinematic Horror/Haunted Wax Museum — Closing Time,"Haunted Wax Museum, a closed city wax museum with lifelike historical figures, velvet ropes, mirrored halls, service corridors and dark display rooms, minutes after closing, emergency lights only, long reflections, half-covered exhibits and controlled psychological tension, no people present, environment-first composition, highly detailed architecture and surfaces, coherent spatial layout, cinematic depth, polished colour separation, subtle volumetric atmosphere, realistic materials, professional horror production design","people as main subject, visible monster as main subject, graphic gore, modern clutter that contradicts the setting, bright cheerful mood, flat lighting, malformed architecture, impossible perspective, duplicated doors, floating objects, warped signage, invented readable text, watermark, logo, low detail, blur",Original Cinematic Horror,1.0,False
0666 | Original Cinematic Horror/Blackwater Reservoir Pump House — Midnight Spillway,"Blackwater Reservoir Pump House, an isolated brick pump house beside a black reservoir, iron gantries, turbine hall, spillway and forested shoreline, at midnight beneath low cloud, water thundering through the spillway, sodium work lamps and deep cinematic shadows, no people present, environment-first composition, highly detailed architecture and surfaces, coherent spatial layout, cinematic depth, polished colour separation, subtle volumetric atmosphere, realistic materials, professional horror production design","people as main subject, visible monster as main subject, graphic gore, modern clutter that contradicts the setting, bright cheerful mood, flat lighting, malformed architecture, impossible perspective, duplicated doors, floating objects, warped signage, invented readable text, watermark, logo, low detail, blur",Original Cinematic Horror,1.0,False
