name,prompt,negative_prompt,category,weight,favorite
0001 | Real Haunted Places/United Kingdom/Tower of London — Blue Hour,"Tower of London, the medieval fortress beside the Thames, stone courtyards, Traitors’ Gate, narrow passages and centuries of severe history, during blue hour, cool ambient light, architectural detail retained, light ground mist, respectful documentary-horror atmosphere and a carefully composed wide view, no people present, environment-first composition, highly detailed architecture and surfaces, coherent spatial layout, cinematic depth, polished colour separation, subtle volumetric atmosphere, realistic materials, professional horror production design","people as main subject, visible monster as main subject, graphic gore, inaccurate landmark replacement, modern clutter, bright cheerful mood, malformed architecture, impossible perspective, duplicated structures, warped signage, invented text, watermark, logo, low detail, blur",Real Haunted Places/United Kingdom,1.0,False
0002 | Real Haunted Places/United Kingdom/Tower of London — Midnight Fog,"Tower of London, the medieval fortress beside the Thames, stone courtyards, Traitors’ Gate, narrow passages and centuries of severe history, after midnight, subtle fog, limited warm practical lights, deep readable shadows, historically coherent surfaces and an empty cinematic composition, no people present, environment-first composition, highly detailed architecture and surfaces, coherent spatial layout, cinematic depth, polished colour separation, subtle volumetric atmosphere, realistic materials, professional horror production design","people as main subject, visible monster as main subject, graphic gore, inaccurate landmark replacement, modern clutter, bright cheerful mood, malformed architecture, impossible perspective, duplicated structures, warped signage, invented text, watermark, logo, low detail, blur",Real Haunted Places/United Kingdom,1.0,False
0003 | Real Haunted Places/United Kingdom/Tower of London — Storm Aftermath,"Tower of London, the medieval fortress beside the Thames, stone courtyards, Traitors’ Gate, narrow passages and centuries of severe history, after a passing storm, wet stone and reflective ground, broken cloud, wind-tossed vegetation, dramatic but believable light and restrained supernatural unease, no people present, environment-first composition, highly detailed architecture and surfaces, coherent spatial layout, cinematic depth, polished colour separation, subtle volumetric atmosphere, realistic materials, professional horror production design","people as main subject, visible monster as main subject, graphic gore, inaccurate landmark replacement, modern clutter, bright cheerful mood, malformed architecture, impossible perspective, duplicated structures, warped signage, invented text, watermark, logo, low detail, blur",Real Haunted Places/United Kingdom,1.0,False
0004 | Real Haunted Places/United Kingdom/Edinburgh Vaults — Blue Hour,"Edinburgh Vaults, the underground stone chambers beneath Edinburgh’s South Bridge, damp arches, narrow passages and soot-dark masonry, during blue hour, cool ambient light, architectural detail retained, light ground mist, respectful documentary-horror atmosphere and a carefully composed wide view, no people present, environment-first composition, highly detailed architecture and surfaces, coherent spatial layout, cinematic depth, polished colour separation, subtle volumetric atmosphere, realistic materials, professional horror production design","people as main subject, visible monster as main subject, graphic gore, inaccurate landmark replacement, modern clutter, bright cheerful mood, malformed architecture, impossible perspective, duplicated structures, warped signage, invented text, watermark, logo, low detail, blur",Real Haunted Places/United Kingdom,1.0,False
0005 | Real Haunted Places/United Kingdom/Edinburgh Vaults — Midnight Fog,"Edinburgh Vaults, the underground stone chambers beneath Edinburgh’s South Bridge, damp arches, narrow passages and soot-dark masonry, after midnight, subtle fog, limited warm practical lights, deep readable shadows, historically coherent surfaces and an empty cinematic composition, no people present, environment-first composition, highly detailed architecture and surfaces, coherent spatial layout, cinematic depth, polished colour separation, subtle volumetric atmosphere, realistic materials, professional horror production design","people as main subject, visible monster as main subject, graphic gore, inaccurate landmark replacement, modern clutter, bright cheerful mood, malformed architecture, impossible perspective, duplicated structures, warped signage, invented text, watermark, logo, low detail, blur",Real Haunted Places/United Kingdom,1.0,False
0006 | Real Haunted Places/United Kingdom/Edinburgh Vaults — Storm Aftermath,"Edinburgh Vaults, the underground stone chambers beneath Edinburgh’s South Bridge, damp arches, narrow passages and soot-dark masonry, after a passing storm, wet stone and reflective ground, broken cloud, wind-tossed vegetation, dramatic but believable light and restrained supernatural unease, no people present, environment-first composition, highly detailed architecture and surfaces, coherent spatial layout, cinematic depth, polished colour separation, subtle volumetric atmosphere, realistic materials, professional horror production design","people as main subject, visible monster as main subject, graphic gore, inaccurate landmark replacement, modern clutter, bright cheerful mood, malformed architecture, impossible perspective, duplicated structures, warped signage, invented text, watermark, logo, low detail, blur",Real Haunted Places/United Kingdom,1.0,False
0007 | Real Haunted Places/United Kingdom/Greyfriars Kirkyard — Blue Hour,"Greyfriars Kirkyard, the historic Edinburgh graveyard, crowded old headstones, iron gates, bare trees and surrounding stone tenements, during blue hour, cool ambient light, architectural detail retained, light ground mist, respectful documentary-horror atmosphere and a carefully composed wide view, no people present, environment-first composition, highly detailed architecture and surfaces, coherent spatial layout, cinematic depth, polished colour separation, subtle volumetric atmosphere, realistic materials, professional horror production design","people as main subject, visible monster as main subject, graphic gore, inaccurate landmark replacement, modern clutter, bright cheerful mood, malformed architecture, impossible perspective, duplicated structures, warped signage, invented text, watermark, logo, low detail, blur",Real Haunted Places/United Kingdom,1.0,False
0008 | Real Haunted Places/United Kingdom/Greyfriars Kirkyard — Midnight Fog,"Greyfriars Kirkyard, the historic Edinburgh graveyard, crowded old headstones, iron gates, bare trees and surrounding stone tenements, after midnight, subtle fog, limited warm practical lights, deep readable shadows, historically coherent surfaces and an empty cinematic composition, no people present, environment-first composition, highly detailed architecture and surfaces, coherent spatial layout, cinematic depth, polished colour separation, subtle volumetric atmosphere, realistic materials, professional horror production design","people as main subject, visible monster as main subject, graphic gore, inaccurate landmark replacement, modern clutter, bright cheerful mood, malformed architecture, impossible perspective, duplicated structures, warped signage, invented text, watermark, logo, low detail, blur",Real Haunted Places/United Kingdom,1.0,False
0009 | Real Haunted Places/United Kingdom/Greyfriars Kirkyard — Storm Aftermath,"Greyfriars Kirkyard, the historic Edinburgh graveyard, crowded old headstones, iron gates, bare trees and surrounding stone tenements, after a passing storm, wet stone and reflective ground, broken cloud, wind-tossed vegetation, dramatic but believable light and restrained supernatural unease, no people present, environment-first composition, highly detailed architecture and surfaces, coherent spatial layout, cinematic depth, polished colour separation, subtle volumetric atmosphere, realistic materials, professional horror production design","people as main subject, visible monster as main subject, graphic gore, inaccurate landmark replacement, modern clutter, bright cheerful mood, malformed architecture, impossible perspective, duplicated structures, warped signage, invented text, watermark, logo, low detail, blur",Real Haunted Places/United Kingdom,1.0,False
0010 | Real Haunted Places/United Kingdom/Ancient Ram Inn — Blue Hour,"Ancient Ram Inn, the crooked medieval inn in Gloucestershire, heavy timber beams, uneven floors, small windows and cluttered historic rooms, during blue hour, cool ambient light, architectural detail retained, light ground mist, respectful documentary-horror atmosphere and a carefully composed wide view, no people present, environment-first composition, highly detailed architecture and surfaces, coherent spatial layout, cinematic depth, polished colour separation, subtle volumetric atmosphere, realistic materials, professional horror production design","people as main subject, visible monster as main subject, graphic gore, inaccurate landmark replacement, modern clutter, bright cheerful mood, malformed architecture, impossible perspective, duplicated structures, warped signage, invented text, watermark, logo, low detail, blur",Real Haunted Places/United Kingdom,1.0,False
0011 | Real Haunted Places/United Kingdom/Ancient Ram Inn — Midnight Fog,"Ancient Ram Inn, the crooked medieval inn in Gloucestershire, heavy timber beams, uneven floors, small windows and cluttered historic rooms, after midnight, subtle fog, limited warm practical lights, deep readable shadows, historically coherent surfaces and an empty cinematic composition, no people present, environment-first composition, highly detailed architecture and surfaces, coherent spatial layout, cinematic depth, polished colour separation, subtle volumetric atmosphere, realistic materials, professional horror production design","people as main subject, visible monster as main subject, graphic gore, inaccurate landmark replacement, modern clutter, bright cheerful mood, malformed architecture, impossible perspective, duplicated structures, warped signage, invented text, watermark, logo, low detail, blur",Real Haunted Places/United Kingdom,1.0,False
0012 | Real Haunted Places/United Kingdom/Ancient Ram Inn — Storm Aftermath,"Ancient Ram Inn, the crooked medieval inn in Gloucestershire, heavy timber beams, uneven floors, small windows and cluttered historic rooms, after a passing storm, wet stone and reflective ground, broken cloud, wind-tossed vegetation, dramatic but believable light and restrained supernatural unease, no people present, environment-first composition, highly detailed architecture and surfaces, coherent spatial layout, cinematic depth, polished colour separation, subtle volumetric atmosphere, realistic materials, professional horror production design","people as main subject, visible monster as main subject, graphic gore, inaccurate landmark replacement, modern clutter, bright cheerful mood, malformed architecture, impossible perspective, duplicated structures, warped signage, invented text, watermark, logo, low detail, blur",Real Haunted Places/United Kingdom,1.0,False
0013 | Real Haunted Places/United Kingdom/Pendle Hill — Blue Hour,"Pendle Hill, the isolated Lancashire hill associated with witch-trial folklore, stone walls, moorland farms and sweeping low cloud, during blue hour, cool ambient light, architectural detail retained, light ground mist, respectful documentary-horror atmosphere and a carefully composed wide view, no people present, environment-first composition, highly detailed architecture and surfaces, coherent spatial layout, cinematic depth, polished colour separation, subtle volumetric atmosphere, realistic materials, professional horror production design","people as main subject, visible monster as main subject, graphic gore, inaccurate landmark replacement, modern clutter, bright cheerful mood, malformed architecture, impossible perspective, duplicated structures, warped signage, invented text, watermark, logo, low detail, blur",Real Haunted Places/United Kingdom,1.0,False
0014 | Real Haunted Places/United Kingdom/Pendle Hill — Midnight Fog,"Pendle Hill, the isolated Lancashire hill associated with witch-trial folklore, stone walls, moorland farms and sweeping low cloud, after midnight, subtle fog, limited warm practical lights, deep readable shadows, historically coherent surfaces and an empty cinematic composition, no people present, environment-first composition, highly detailed architecture and surfaces, coherent spatial layout, cinematic depth, polished colour separation, subtle volumetric atmosphere, realistic materials, professional horror production design","people as main subject, visible monster as main subject, graphic gore, inaccurate landmark replacement, modern clutter, bright cheerful mood, malformed architecture, impossible perspective, duplicated structures, warped signage, invented text, watermark, logo, low detail, blur",Real Haunted Places/United Kingdom,1.0,False
0015 | Real Haunted Places/United Kingdom/Pendle Hill — Storm Aftermath,"Pendle Hill, the isolated Lancashire hill associated with witch-trial folklore, stone walls, moorland farms and sweeping low cloud, after a passing storm, wet stone and reflective ground, broken cloud, wind-tossed vegetation, dramatic but believable light and restrained supernatural unease, no people present, environment-first composition, highly detailed architecture and surfaces, coherent spatial layout, cinematic depth, polished colour separation, subtle volumetric atmosphere, realistic materials, professional horror production design","people as main subject, visible monster as main subject, graphic gore, inaccurate landmark replacement, modern clutter, bright cheerful mood, malformed architecture, impossible perspective, duplicated structures, warped signage, invented text, watermark, logo, low detail, blur",Real Haunted Places/United Kingdom,1.0,False
0016 | Real Haunted Places/United Kingdom/Whitby Abbey — Blue Hour,"Whitby Abbey, the ruined gothic abbey above Whitby, skeletal arches, cliff-edge graveyard and North Sea weather, during blue hour, cool ambient light, architectural detail retained, light ground mist, respectful documentary-horror atmosphere and a carefully composed wide view, no people present, environment-first composition, highly detailed architecture and surfaces, coherent spatial layout, cinematic depth, polished colour separation, subtle volumetric atmosphere, realistic materials, professional horror production design","people as main subject, visible monster as main subject, graphic gore, inaccurate landmark replacement, modern clutter, bright cheerful mood, malformed architecture, impossible perspective, duplicated structures, warped signage, invented text, watermark, logo, low detail, blur",Real Haunted Places/United Kingdom,1.0,False
0017 | Real Haunted Places/United Kingdom/Whitby Abbey — Midnight Fog,"Whitby Abbey, the ruined gothic abbey above Whitby, skeletal arches, cliff-edge graveyard and North Sea weather, after midnight, subtle fog, limited warm practical lights, deep readable shadows, historically coherent surfaces and an empty cinematic composition, no people present, environment-first composition, highly detailed architecture and surfaces, coherent spatial layout, cinematic depth, polished colour separation, subtle volumetric atmosphere, realistic materials, professional horror production design","people as main subject, visible monster as main subject, graphic gore, inaccurate landmark replacement, modern clutter, bright cheerful mood, malformed architecture, impossible perspective, duplicated structures, warped signage, invented text, watermark, logo, low detail, blur",Real Haunted Places/United Kingdom,1.0,False
0018 | Real Haunted Places/United Kingdom/Whitby Abbey — Storm Aftermath,"Whitby Abbey, the ruined gothic abbey above Whitby, skeletal arches, cliff-edge graveyard and North Sea weather, after a passing storm, wet stone and reflective ground, broken cloud, wind-tossed vegetation, dramatic but believable light and restrained supernatural unease, no people present, environment-first composition, highly detailed architecture and surfaces, coherent spatial layout, cinematic depth, polished colour separation, subtle volumetric atmosphere, realistic materials, professional horror production design","people as main subject, visible monster as main subject, graphic gore, inaccurate landmark replacement, modern clutter, bright cheerful mood, malformed architecture, impossible perspective, duplicated structures, warped signage, invented text, watermark, logo, low detail, blur",Real Haunted Places/United Kingdom,1.0,False
0019 | Real Haunted Places/United Kingdom/Pluckley Village — Blue Hour,"Pluckley Village, an old Kent village of lanes, timber cottages, churchyard and misty orchards associated with ghost folklore, during blue hour, cool ambient light, architectural detail retained, light ground mist, respectful documentary-horror atmosphere and a carefully composed wide view, no people present, environment-first composition, highly detailed architecture and surfaces, coherent spatial layout, cinematic depth, polished colour separation, subtle volumetric atmosphere, realistic materials, professional horror production design","people as main subject, visible monster as main subject, graphic gore, inaccurate landmark replacement, modern clutter, bright cheerful mood, malformed architecture, impossible perspective, duplicated structures, warped signage, invented text, watermark, logo, low detail, blur",Real Haunted Places/United Kingdom,1.0,False
0020 | Real Haunted Places/United Kingdom/Pluckley Village — Midnight Fog,"Pluckley Village, an old Kent village of lanes, timber cottages, churchyard and misty orchards associated with ghost folklore, after midnight, subtle fog, limited warm practical lights, deep readable shadows, historically coherent surfaces and an empty cinematic composition, no people present, environment-first composition, highly detailed architecture and surfaces, coherent spatial layout, cinematic depth, polished colour separation, subtle volumetric atmosphere, realistic materials, professional horror production design","people as main subject, visible monster as main subject, graphic gore, inaccurate landmark replacement, modern clutter, bright cheerful mood, malformed architecture, impossible perspective, duplicated structures, warped signage, invented text, watermark, logo, low detail, blur",Real Haunted Places/United Kingdom,1.0,False
0021 | Real Haunted Places/United Kingdom/Pluckley Village — Storm Aftermath,"Pluckley Village, an old Kent village of lanes, timber cottages, churchyard and misty orchards associated with ghost folklore, after a passing storm, wet stone and reflective ground, broken cloud, wind-tossed vegetation, dramatic but believable light and restrained supernatural unease, no people present, environment-first composition, highly detailed architecture and surfaces, coherent spatial layout, cinematic depth, polished colour separation, subtle volumetric atmosphere, realistic materials, professional horror production design","people as main subject, visible monster as main subject, graphic gore, inaccurate landmark replacement, modern clutter, bright cheerful mood, malformed architecture, impossible perspective, duplicated structures, warped signage, invented text, watermark, logo, low detail, blur",Real Haunted Places/United Kingdom,1.0,False
0022 | Real Haunted Places/United Kingdom/Borley Rectory Site — Blue Hour,"Borley Rectory Site, the rural Essex site associated with the lost Borley Rectory, church, hedgerows and foundations beneath wet grass, during blue hour, cool ambient light, architectural detail retained, light ground mist, respectful documentary-horror atmosphere and a carefully composed wide view, no people present, environment-first composition, highly detailed architecture and surfaces, coherent spatial layout, cinematic depth, polished colour separation, subtle volumetric atmosphere, realistic materials, professional horror production design","people as main subject, visible monster as main subject, graphic gore, inaccurate landmark replacement, modern clutter, bright cheerful mood, malformed architecture, impossible perspective, duplicated structures, warped signage, invented text, watermark, logo, low detail, blur",Real Haunted Places/United Kingdom,1.0,False
0023 | Real Haunted Places/United Kingdom/Borley Rectory Site — Midnight Fog,"Borley Rectory Site, the rural Essex site associated with the lost Borley Rectory, church, hedgerows and foundations beneath wet grass, after midnight, subtle fog, limited warm practical lights, deep readable shadows, historically coherent surfaces and an empty cinematic composition, no people present, environment-first composition, highly detailed architecture and surfaces, coherent spatial layout, cinematic depth, polished colour separation, subtle volumetric atmosphere, realistic materials, professional horror production design","people as main subject, visible monster as main subject, graphic gore, inaccurate landmark replacement, modern clutter, bright cheerful mood, malformed architecture, impossible perspective, duplicated structures, warped signage, invented text, watermark, logo, low detail, blur",Real Haunted Places/United Kingdom,1.0,False
0024 | Real Haunted Places/United Kingdom/Borley Rectory Site — Storm Aftermath,"Borley Rectory Site, the rural Essex site associated with the lost Borley Rectory, church, hedgerows and foundations beneath wet grass, after a passing storm, wet stone and reflective ground, broken cloud, wind-tossed vegetation, dramatic but believable light and restrained supernatural unease, no people present, environment-first composition, highly detailed architecture and surfaces, coherent spatial layout, cinematic depth, polished colour separation, subtle volumetric atmosphere, realistic materials, professional horror production design","people as main subject, visible monster as main subject, graphic gore, inaccurate landmark replacement, modern clutter, bright cheerful mood, malformed architecture, impossible perspective, duplicated structures, warped signage, invented text, watermark, logo, low detail, blur",Real Haunted Places/United Kingdom,1.0,False
0025 | Real Haunted Places/United Kingdom/Hampton Court Palace — Blue Hour,"Hampton Court Palace, the vast Tudor palace, cloisters, state apartments, fountain court and long night corridors, during blue hour, cool ambient light, architectural detail retained, light ground mist, respectful documentary-horror atmosphere and a carefully composed wide view, no people present, environment-first composition, highly detailed architecture and surfaces, coherent spatial layout, cinematic depth, polished colour separation, subtle volumetric atmosphere, realistic materials, professional horror production design","people as main subject, visible monster as main subject, graphic gore, inaccurate landmark replacement, modern clutter, bright cheerful mood, malformed architecture, impossible perspective, duplicated structures, warped signage, invented text, watermark, logo, low detail, blur",Real Haunted Places/United Kingdom,1.0,False
0026 | Real Haunted Places/United Kingdom/Hampton Court Palace — Midnight Fog,"Hampton Court Palace, the vast Tudor palace, cloisters, state apartments, fountain court and long night corridors, after midnight, subtle fog, limited warm practical lights, deep readable shadows, historically coherent surfaces and an empty cinematic composition, no people present, environment-first composition, highly detailed architecture and surfaces, coherent spatial layout, cinematic depth, polished colour separation, subtle volumetric atmosphere, realistic materials, professional horror production design","people as main subject, visible monster as main subject, graphic gore, inaccurate landmark replacement, modern clutter, bright cheerful mood, malformed architecture, impossible perspective, duplicated structures, warped signage, invented text, watermark, logo, low detail, blur",Real Haunted Places/United Kingdom,1.0,False
0027 | Real Haunted Places/United Kingdom/Hampton Court Palace — Storm Aftermath,"Hampton Court Palace, the vast Tudor palace, cloisters, state apartments, fountain court and long night corridors, after a passing storm, wet stone and reflective ground, broken cloud, wind-tossed vegetation, dramatic but believable light and restrained supernatural unease, no people present, environment-first composition, highly detailed architecture and surfaces, coherent spatial layout, cinematic depth, polished colour separation, subtle volumetric atmosphere, realistic materials, professional horror production design","people as main subject, visible monster as main subject, graphic gore, inaccurate landmark replacement, modern clutter, bright cheerful mood, malformed architecture, impossible perspective, duplicated structures, warped signage, invented text, watermark, logo, low detail, blur",Real Haunted Places/United Kingdom,1.0,False
"0028 | Real Haunted Places/United Kingdom/Treasurer’s House, York — Blue Hour","Treasurer’s House, York, the historic house beside York Minster, panelled rooms, cellar floor and narrow service passages, during blue hour, cool ambient light, architectural detail retained, light ground mist, respectful documentary-horror atmosphere and a carefully composed wide view, no people present, environment-first composition, highly detailed architecture and surfaces, coherent spatial layout, cinematic depth, polished colour separation, subtle volumetric atmosphere, realistic materials, professional horror production design","people as main subject, visible monster as main subject, graphic gore, inaccurate landmark replacement, modern clutter, bright cheerful mood, malformed architecture, impossible perspective, duplicated structures, warped signage, invented text, watermark, logo, low detail, blur",Real Haunted Places/United Kingdom,1.0,False
"0029 | Real Haunted Places/United Kingdom/Treasurer’s House, York — Midnight Fog","Treasurer’s House, York, the historic house beside York Minster, panelled rooms, cellar floor and narrow service passages, after midnight, subtle fog, limited warm practical lights, deep readable shadows, historically coherent surfaces and an empty cinematic composition, no people present, environment-first composition, highly detailed architecture and surfaces, coherent spatial layout, cinematic depth, polished colour separation, subtle volumetric atmosphere, realistic materials, professional horror production design","people as main subject, visible monster as main subject, graphic gore, inaccurate landmark replacement, modern clutter, bright cheerful mood, malformed architecture, impossible perspective, duplicated structures, warped signage, invented text, watermark, logo, low detail, blur",Real Haunted Places/United Kingdom,1.0,False
"0030 | Real Haunted Places/United Kingdom/Treasurer’s House, York — Storm Aftermath","Treasurer’s House, York, the historic house beside York Minster, panelled rooms, cellar floor and narrow service passages, after a passing storm, wet stone and reflective ground, broken cloud, wind-tossed vegetation, dramatic but believable light and restrained supernatural unease, no people present, environment-first composition, highly detailed architecture and surfaces, coherent spatial layout, cinematic depth, polished colour separation, subtle volumetric atmosphere, realistic materials, professional horror production design","people as main subject, visible monster as main subject, graphic gore, inaccurate landmark replacement, modern clutter, bright cheerful mood, malformed architecture, impossible perspective, duplicated structures, warped signage, invented text, watermark, logo, low detail, blur",Real Haunted Places/United Kingdom,1.0,False
0031 | Real Haunted Places/Ireland/Leap Castle — Blue Hour,"Leap Castle, the medieval Irish castle, rough stone tower, spiral stairs, chapel ruins and surrounding green countryside, during blue hour, cool ambient light, architectural detail retained, light ground mist, respectful documentary-horror atmosphere and a carefully composed wide view, no people present, environment-first composition, highly detailed architecture and surfaces, coherent spatial layout, cinematic depth, polished colour separation, subtle volumetric atmosphere, realistic materials, professional horror production design","people as main subject, visible monster as main subject, graphic gore, inaccurate landmark replacement, modern clutter, bright cheerful mood, malformed architecture, impossible perspective, duplicated structures, warped signage, invented text, watermark, logo, low detail, blur",Real Haunted Places/Ireland,1.0,False
0032 | Real Haunted Places/Ireland/Leap Castle — Midnight Fog,"Leap Castle, the medieval Irish castle, rough stone tower, spiral stairs, chapel ruins and surrounding green countryside, after midnight, subtle fog, limited warm practical lights, deep readable shadows, historically coherent surfaces and an empty cinematic composition, no people present, environment-first composition, highly detailed architecture and surfaces, coherent spatial layout, cinematic depth, polished colour separation, subtle volumetric atmosphere, realistic materials, professional horror production design","people as main subject, visible monster as main subject, graphic gore, inaccurate landmark replacement, modern clutter, bright cheerful mood, malformed architecture, impossible perspective, duplicated structures, warped signage, invented text, watermark, logo, low detail, blur",Real Haunted Places/Ireland,1.0,False
0033 | Real Haunted Places/Ireland/Leap Castle — Storm Aftermath,"Leap Castle, the medieval Irish castle, rough stone tower, spiral stairs, chapel ruins and surrounding green countryside, after a passing storm, wet stone and reflective ground, broken cloud, wind-tossed vegetation, dramatic but believable light and restrained supernatural unease, no people present, environment-first composition, highly detailed architecture and surfaces, coherent spatial layout, cinematic depth, polished colour separation, subtle volumetric atmosphere, realistic materials, professional horror production design","people as main subject, visible monster as main subject, graphic gore, inaccurate landmark replacement, modern clutter, bright cheerful mood, malformed architecture, impossible perspective, duplicated structures, warped signage, invented text, watermark, logo, low detail, blur",Real Haunted Places/Ireland,1.0,False
0034 | Real Haunted Places/Ireland/Kilmainham Gaol — Blue Hour,"Kilmainham Gaol, the historic Dublin prison, radial cell wings, iron catwalks, stone corridors and high barred windows, during blue hour, cool ambient light, architectural detail retained, light ground mist, respectful documentary-horror atmosphere and a carefully composed wide view, no people present, environment-first composition, highly detailed architecture and surfaces, coherent spatial layout, cinematic depth, polished colour separation, subtle volumetric atmosphere, realistic materials, professional horror production design","people as main subject, visible monster as main subject, graphic gore, inaccurate landmark replacement, modern clutter, bright cheerful mood, malformed architecture, impossible perspective, duplicated structures, warped signage, invented text, watermark, logo, low detail, blur",Real Haunted Places/Ireland,1.0,False
0035 | Real Haunted Places/Ireland/Kilmainham Gaol — Midnight Fog,"Kilmainham Gaol, the historic Dublin prison, radial cell wings, iron catwalks, stone corridors and high barred windows, after midnight, subtle fog, limited warm practical lights, deep readable shadows, historically coherent surfaces and an empty cinematic composition, no people present, environment-first composition, highly detailed architecture and surfaces, coherent spatial layout, cinematic depth, polished colour separation, subtle volumetric atmosphere, realistic materials, professional horror production design","people as main subject, visible monster as main subject, graphic gore, inaccurate landmark replacement, modern clutter, bright cheerful mood, malformed architecture, impossible perspective, duplicated structures, warped signage, invented text, watermark, logo, low detail, blur",Real Haunted Places/Ireland,1.0,False
0036 | Real Haunted Places/Ireland/Kilmainham Gaol — Storm Aftermath,"Kilmainham Gaol, the historic Dublin prison, radial cell wings, iron catwalks, stone corridors and high barred windows, after a passing storm, wet stone and reflective ground, broken cloud, wind-tossed vegetation, dramatic but believable light and restrained supernatural unease, no people present, environment-first composition, highly detailed architecture and surfaces, coherent spatial layout, cinematic depth, polished colour separation, subtle volumetric atmosphere, realistic materials, professional horror production design","people as main subject, visible monster as main subject, graphic gore, inaccurate landmark replacement, modern clutter, bright cheerful mood, malformed architecture, impossible perspective, duplicated structures, warped signage, invented text, watermark, logo, low detail, blur",Real Haunted Places/Ireland,1.0,False
"0037 | Real Haunted Places/Ireland/Hellfire Club, Dublin Mountains — Blue Hour","Hellfire Club, Dublin Mountains, the ruined stone hunting lodge on Montpelier Hill, exposed chambers, windswept moor and city lights far below, during blue hour, cool ambient light, architectural detail retained, light ground mist, respectful documentary-horror atmosphere and a carefully composed wide view, no people present, environment-first composition, highly detailed architecture and surfaces, coherent spatial layout, cinematic depth, polished colour separation, subtle volumetric atmosphere, realistic materials, professional horror production design","people as main subject, visible monster as main subject, graphic gore, inaccurate landmark replacement, modern clutter, bright cheerful mood, malformed architecture, impossible perspective, duplicated structures, warped signage, invented text, watermark, logo, low detail, blur",Real Haunted Places/Ireland,1.0,False
"0038 | Real Haunted Places/Ireland/Hellfire Club, Dublin Mountains — Midnight Fog","Hellfire Club, Dublin Mountains, the ruined stone hunting lodge on Montpelier Hill, exposed chambers, windswept moor and city lights far below, after midnight, subtle fog, limited warm practical lights, deep readable shadows, historically coherent surfaces and an empty cinematic composition, no people present, environment-first composition, highly detailed architecture and surfaces, coherent spatial layout, cinematic depth, polished colour separation, subtle volumetric atmosphere, realistic materials, professional horror production design","people as main subject, visible monster as main subject, graphic gore, inaccurate landmark replacement, modern clutter, bright cheerful mood, malformed architecture, impossible perspective, duplicated structures, warped signage, invented text, watermark, logo, low detail, blur",Real Haunted Places/Ireland,1.0,False
"0039 | Real Haunted Places/Ireland/Hellfire Club, Dublin Mountains — Storm Aftermath","Hellfire Club, Dublin Mountains, the ruined stone hunting lodge on Montpelier Hill, exposed chambers, windswept moor and city lights far below, after a passing storm, wet stone and reflective ground, broken cloud, wind-tossed vegetation, dramatic but believable light and restrained supernatural unease, no people present, environment-first composition, highly detailed architecture and surfaces, coherent spatial layout, cinematic depth, polished colour separation, subtle volumetric atmosphere, realistic materials, professional horror production design","people as main subject, visible monster as main subject, graphic gore, inaccurate landmark replacement, modern clutter, bright cheerful mood, malformed architecture, impossible perspective, duplicated structures, warped signage, invented text, watermark, logo, low detail, blur",Real Haunted Places/Ireland,1.0,False
0040 | Real Haunted Places/France/Château de Brissac — Blue Hour,"Château de Brissac, the tall Loire Valley château, ornate chambers, narrow staircases, old portraits and formal grounds, during blue hour, cool ambient light, architectural detail retained, light ground mist, respectful documentary-horror atmosphere and a carefully composed wide view, no people present, environment-first composition, highly detailed architecture and surfaces, coherent spatial layout, cinematic depth, polished colour separation, subtle volumetric atmosphere, realistic materials, professional horror production design","people as main subject, visible monster as main subject, graphic gore, inaccurate landmark replacement, modern clutter, bright cheerful mood, malformed architecture, impossible perspective, duplicated structures, warped signage, invented text, watermark, logo, low detail, blur",Real Haunted Places/France,1.0,False
0041 | Real Haunted Places/France/Château de Brissac — Midnight Fog,"Château de Brissac, the tall Loire Valley château, ornate chambers, narrow staircases, old portraits and formal grounds, after midnight, subtle fog, limited warm practical lights, deep readable shadows, historically coherent surfaces and an empty cinematic composition, no people present, environment-first composition, highly detailed architecture and surfaces, coherent spatial layout, cinematic depth, polished colour separation, subtle volumetric atmosphere, realistic materials, professional horror production design","people as main subject, visible monster as main subject, graphic gore, inaccurate landmark replacement, modern clutter, bright cheerful mood, malformed architecture, impossible perspective, duplicated structures, warped signage, invented text, watermark, logo, low detail, blur",Real Haunted Places/France,1.0,False
0042 | Real Haunted Places/France/Château de Brissac — Storm Aftermath,"Château de Brissac, the tall Loire Valley château, ornate chambers, narrow staircases, old portraits and formal grounds, after a passing storm, wet stone and reflective ground, broken cloud, wind-tossed vegetation, dramatic but believable light and restrained supernatural unease, no people present, environment-first composition, highly detailed architecture and surfaces, coherent spatial layout, cinematic depth, polished colour separation, subtle volumetric atmosphere, realistic materials, professional horror production design","people as main subject, visible monster as main subject, graphic gore, inaccurate landmark replacement, modern clutter, bright cheerful mood, malformed architecture, impossible perspective, duplicated structures, warped signage, invented text, watermark, logo, low detail, blur",Real Haunted Places/France,1.0,False
0043 | Real Haunted Places/France/Paris Catacombs — Blue Hour,"Paris Catacombs, the ossuary tunnels beneath Paris, low limestone corridors, carefully stacked bones and black side passages, during blue hour, cool ambient light, architectural detail retained, light ground mist, respectful documentary-horror atmosphere and a carefully composed wide view, no people present, environment-first composition, highly detailed architecture and surfaces, coherent spatial layout, cinematic depth, polished colour separation, subtle volumetric atmosphere, realistic materials, professional horror production design","people as main subject, visible monster as main subject, graphic gore, inaccurate landmark replacement, modern clutter, bright cheerful mood, malformed architecture, impossible perspective, duplicated structures, warped signage, invented text, watermark, logo, low detail, blur",Real Haunted Places/France,1.0,False
0044 | Real Haunted Places/France/Paris Catacombs — Midnight Fog,"Paris Catacombs, the ossuary tunnels beneath Paris, low limestone corridors, carefully stacked bones and black side passages, after midnight, subtle fog, limited warm practical lights, deep readable shadows, historically coherent surfaces and an empty cinematic composition, no people present, environment-first composition, highly detailed architecture and surfaces, coherent spatial layout, cinematic depth, polished colour separation, subtle volumetric atmosphere, realistic materials, professional horror production design","people as main subject, visible monster as main subject, graphic gore, inaccurate landmark replacement, modern clutter, bright cheerful mood, malformed architecture, impossible perspective, duplicated structures, warped signage, invented text, watermark, logo, low detail, blur",Real Haunted Places/France,1.0,False
0045 | Real Haunted Places/France/Paris Catacombs — Storm Aftermath,"Paris Catacombs, the ossuary tunnels beneath Paris, low limestone corridors, carefully stacked bones and black side passages, after a passing storm, wet stone and reflective ground, broken cloud, wind-tossed vegetation, dramatic but believable light and restrained supernatural unease, no people present, environment-first composition, highly detailed architecture and surfaces, coherent spatial layout, cinematic depth, polished colour separation, subtle volumetric atmosphere, realistic materials, professional horror production design","people as main subject, visible monster as main subject, graphic gore, inaccurate landmark replacement, modern clutter, bright cheerful mood, malformed architecture, impossible perspective, duplicated structures, warped signage, invented text, watermark, logo, low detail, blur",Real Haunted Places/France,1.0,False
0046 | Real Haunted Places/Italy/Poveglia Island — Blue Hour,"Poveglia Island, the abandoned island in the Venetian lagoon, ruined hospital buildings, bell tower, overgrown paths and grey water, during blue hour, cool ambient light, architectural detail retained, light ground mist, respectful documentary-horror atmosphere and a carefully composed wide view, no people present, environment-first composition, highly detailed architecture and surfaces, coherent spatial layout, cinematic depth, polished colour separation, subtle volumetric atmosphere, realistic materials, professional horror production design","people as main subject, visible monster as main subject, graphic gore, inaccurate landmark replacement, modern clutter, bright cheerful mood, malformed architecture, impossible perspective, duplicated structures, warped signage, invented text, watermark, logo, low detail, blur",Real Haunted Places/Italy,1.0,False
0047 | Real Haunted Places/Italy/Poveglia Island — Midnight Fog,"Poveglia Island, the abandoned island in the Venetian lagoon, ruined hospital buildings, bell tower, overgrown paths and grey water, after midnight, subtle fog, limited warm practical lights, deep readable shadows, historically coherent surfaces and an empty cinematic composition, no people present, environment-first composition, highly detailed architecture and surfaces, coherent spatial layout, cinematic depth, polished colour separation, subtle volumetric atmosphere, realistic materials, professional horror production design","people as main subject, visible monster as main subject, graphic gore, inaccurate landmark replacement, modern clutter, bright cheerful mood, malformed architecture, impossible perspective, duplicated structures, warped signage, invented text, watermark, logo, low detail, blur",Real Haunted Places/Italy,1.0,False
0048 | Real Haunted Places/Italy/Poveglia Island — Storm Aftermath,"Poveglia Island, the abandoned island in the Venetian lagoon, ruined hospital buildings, bell tower, overgrown paths and grey water, after a passing storm, wet stone and reflective ground, broken cloud, wind-tossed vegetation, dramatic but believable light and restrained supernatural unease, no people present, environment-first composition, highly detailed architecture and surfaces, coherent spatial layout, cinematic depth, polished colour separation, subtle volumetric atmosphere, realistic materials, professional horror production design","people as main subject, visible monster as main subject, graphic gore, inaccurate landmark replacement, modern clutter, bright cheerful mood, malformed architecture, impossible perspective, duplicated structures, warped signage, invented text, watermark, logo, low detail, blur",Real Haunted Places/Italy,1.0,False
0049 | Real Haunted Places/Romania/Hoia Baciu Forest — Blue Hour,"Hoia Baciu Forest, the unusual forest near Cluj, twisted trees, circular clearing, dense undergrowth and low Transylvanian mist, during blue hour, cool ambient light, architectural detail retained, light ground mist, respectful documentary-horror atmosphere and a carefully composed wide view, no people present, environment-first composition, highly detailed architecture and surfaces, coherent spatial layout, cinematic depth, polished colour separation, subtle volumetric atmosphere, realistic materials, professional horror production design","people as main subject, visible monster as main subject, graphic gore, inaccurate landmark replacement, modern clutter, bright cheerful mood, malformed architecture, impossible perspective, duplicated structures, warped signage, invented text, watermark, logo, low detail, blur",Real Haunted Places/Romania,1.0,False
0050 | Real Haunted Places/Romania/Hoia Baciu Forest — Midnight Fog,"Hoia Baciu Forest, the unusual forest near Cluj, twisted trees, circular clearing, dense undergrowth and low Transylvanian mist, after midnight, subtle fog, limited warm practical lights, deep readable shadows, historically coherent surfaces and an empty cinematic composition, no people present, environment-first composition, highly detailed architecture and surfaces, coherent spatial layout, cinematic depth, polished colour separation, subtle volumetric atmosphere, realistic materials, professional horror production design","people as main subject, visible monster as main subject, graphic gore, inaccurate landmark replacement, modern clutter, bright cheerful mood, malformed architecture, impossible perspective, duplicated structures, warped signage, invented text, watermark, logo, low detail, blur",Real Haunted Places/Romania,1.0,False
0051 | Real Haunted Places/Romania/Hoia Baciu Forest — Storm Aftermath,"Hoia Baciu Forest, the unusual forest near Cluj, twisted trees, circular clearing, dense undergrowth and low Transylvanian mist, after a passing storm, wet stone and reflective ground, broken cloud, wind-tossed vegetation, dramatic but believable light and restrained supernatural unease, no people present, environment-first composition, highly detailed architecture and surfaces, coherent spatial layout, cinematic depth, polished colour separation, subtle volumetric atmosphere, realistic materials, professional horror production design","people as main subject, visible monster as main subject, graphic gore, inaccurate landmark replacement, modern clutter, bright cheerful mood, malformed architecture, impossible perspective, duplicated structures, warped signage, invented text, watermark, logo, low detail, blur",Real Haunted Places/Romania,1.0,False
0052 | Real Haunted Places/Romania/Bran Castle — Blue Hour,"Bran Castle, the dramatic Romanian castle above a mountain pass, steep roofs, stone staircases, interior courtyard and surrounding forest, during blue hour, cool ambient light, architectural detail retained, light ground mist, respectful documentary-horror atmosphere and a carefully composed wide view, no people present, environment-first composition, highly detailed architecture and surfaces, coherent spatial layout, cinematic depth, polished colour separation, subtle volumetric atmosphere, realistic materials, professional horror production design","people as main subject, visible monster as main subject, graphic gore, inaccurate landmark replacement, modern clutter, bright cheerful mood, malformed architecture, impossible perspective, duplicated structures, warped signage, invented text, watermark, logo, low detail, blur",Real Haunted Places/Romania,1.0,False
0053 | Real Haunted Places/Romania/Bran Castle — Midnight Fog,"Bran Castle, the dramatic Romanian castle above a mountain pass, steep roofs, stone staircases, interior courtyard and surrounding forest, after midnight, subtle fog, limited warm practical lights, deep readable shadows, historically coherent surfaces and an empty cinematic composition, no people present, environment-first composition, highly detailed architecture and surfaces, coherent spatial layout, cinematic depth, polished colour separation, subtle volumetric atmosphere, realistic materials, professional horror production design","people as main subject, visible monster as main subject, graphic gore, inaccurate landmark replacement, modern clutter, bright cheerful mood, malformed architecture, impossible perspective, duplicated structures, warped signage, invented text, watermark, logo, low detail, blur",Real Haunted Places/Romania,1.0,False
0054 | Real Haunted Places/Romania/Bran Castle — Storm Aftermath,"Bran Castle, the dramatic Romanian castle above a mountain pass, steep roofs, stone staircases, interior courtyard and surrounding forest, after a passing storm, wet stone and reflective ground, broken cloud, wind-tossed vegetation, dramatic but believable light and restrained supernatural unease, no people present, environment-first composition, highly detailed architecture and surfaces, coherent spatial layout, cinematic depth, polished colour separation, subtle volumetric atmosphere, realistic materials, professional horror production design","people as main subject, visible monster as main subject, graphic gore, inaccurate landmark replacement, modern clutter, bright cheerful mood, malformed architecture, impossible perspective, duplicated structures, warped signage, invented text, watermark, logo, low detail, blur",Real Haunted Places/Romania,1.0,False
0055 | Real Haunted Places/Czech Republic/Houska Castle — Blue Hour,"Houska Castle, the remote medieval castle, heavy stone chapel, forested grounds and stark defensive architecture, during blue hour, cool ambient light, architectural detail retained, light ground mist, respectful documentary-horror atmosphere and a carefully composed wide view, no people present, environment-first composition, highly detailed architecture and surfaces, coherent spatial layout, cinematic depth, polished colour separation, subtle volumetric atmosphere, realistic materials, professional horror production design","people as main subject, visible monster as main subject, graphic gore, inaccurate landmark replacement, modern clutter, bright cheerful mood, malformed architecture, impossible perspective, duplicated structures, warped signage, invented text, watermark, logo, low detail, blur",Real Haunted Places/Czech Republic,1.0,False
0056 | Real Haunted Places/Czech Republic/Houska Castle — Midnight Fog,"Houska Castle, the remote medieval castle, heavy stone chapel, forested grounds and stark defensive architecture, after midnight, subtle fog, limited warm practical lights, deep readable shadows, historically coherent surfaces and an empty cinematic composition, no people present, environment-first composition, highly detailed architecture and surfaces, coherent spatial layout, cinematic depth, polished colour separation, subtle volumetric atmosphere, realistic materials, professional horror production design","people as main subject, visible monster as main subject, graphic gore, inaccurate landmark replacement, modern clutter, bright cheerful mood, malformed architecture, impossible perspective, duplicated structures, warped signage, invented text, watermark, logo, low detail, blur",Real Haunted Places/Czech Republic,1.0,False
0057 | Real Haunted Places/Czech Republic/Houska Castle — Storm Aftermath,"Houska Castle, the remote medieval castle, heavy stone chapel, forested grounds and stark defensive architecture, after a passing storm, wet stone and reflective ground, broken cloud, wind-tossed vegetation, dramatic but believable light and restrained supernatural unease, no people present, environment-first composition, highly detailed architecture and surfaces, coherent spatial layout, cinematic depth, polished colour separation, subtle volumetric atmosphere, realistic materials, professional horror production design","people as main subject, visible monster as main subject, graphic gore, inaccurate landmark replacement, modern clutter, bright cheerful mood, malformed architecture, impossible perspective, duplicated structures, warped signage, invented text, watermark, logo, low detail, blur",Real Haunted Places/Czech Republic,1.0,False
0058 | Real Haunted Places/Mexico/Island of the Dolls — Blue Hour,"Island of the Dolls, the canal island near Xochimilco, dense greenery, rustic sheds and weathered dolls hanging from trees, during blue hour, cool ambient light, architectural detail retained, light ground mist, respectful documentary-horror atmosphere and a carefully composed wide view, no people present, environment-first composition, highly detailed architecture and surfaces, coherent spatial layout, cinematic depth, polished colour separation, subtle volumetric atmosphere, realistic materials, professional horror production design","people as main subject, visible monster as main subject, graphic gore, inaccurate landmark replacement, modern clutter, bright cheerful mood, malformed architecture, impossible perspective, duplicated structures, warped signage, invented text, watermark, logo, low detail, blur",Real Haunted Places/Mexico,1.0,False
0059 | Real Haunted Places/Mexico/Island of the Dolls — Midnight Fog,"Island of the Dolls, the canal island near Xochimilco, dense greenery, rustic sheds and weathered dolls hanging from trees, after midnight, subtle fog, limited warm practical lights, deep readable shadows, historically coherent surfaces and an empty cinematic composition, no people present, environment-first composition, highly detailed architecture and surfaces, coherent spatial layout, cinematic depth, polished colour separation, subtle volumetric atmosphere, realistic materials, professional horror production design","people as main subject, visible monster as main subject, graphic gore, inaccurate landmark replacement, modern clutter, bright cheerful mood, malformed architecture, impossible perspective, duplicated structures, warped signage, invented text, watermark, logo, low detail, blur",Real Haunted Places/Mexico,1.0,False
0060 | Real Haunted Places/Mexico/Island of the Dolls — Storm Aftermath,"Island of the Dolls, the canal island near Xochimilco, dense greenery, rustic sheds and weathered dolls hanging from trees, after a passing storm, wet stone and reflective ground, broken cloud, wind-tossed vegetation, dramatic but believable light and restrained supernatural unease, no people present, environment-first composition, highly detailed architecture and surfaces, coherent spatial layout, cinematic depth, polished colour separation, subtle volumetric atmosphere, realistic materials, professional horror production design","people as main subject, visible monster as main subject, graphic gore, inaccurate landmark replacement, modern clutter, bright cheerful mood, malformed architecture, impossible perspective, duplicated structures, warped signage, invented text, watermark, logo, low detail, blur",Real Haunted Places/Mexico,1.0,False
0061 | Real Haunted Places/Japan/Aokigahara Forest — Blue Hour,"Aokigahara Forest, the dense volcanic forest near Mount Fuji, exposed roots, lava-rock ground and sound-absorbing foliage; respectful atmospheric landscape, during blue hour, cool ambient light, architectural detail retained, light ground mist, respectful documentary-horror atmosphere and a carefully composed wide view, no people present, environment-first composition, highly detailed architecture and surfaces, coherent spatial layout, cinematic depth, polished colour separation, subtle volumetric atmosphere, realistic materials, professional horror production design","people as main subject, visible monster as main subject, graphic gore, inaccurate landmark replacement, modern clutter, bright cheerful mood, malformed architecture, impossible perspective, duplicated structures, warped signage, invented text, watermark, logo, low detail, blur",Real Haunted Places/Japan,1.0,False
0062 | Real Haunted Places/Japan/Aokigahara Forest — Midnight Fog,"Aokigahara Forest, the dense volcanic forest near Mount Fuji, exposed roots, lava-rock ground and sound-absorbing foliage; respectful atmospheric landscape, after midnight, subtle fog, limited warm practical lights, deep readable shadows, historically coherent surfaces and an empty cinematic composition, no people present, environment-first composition, highly detailed architecture and surfaces, coherent spatial layout, cinematic depth, polished colour separation, subtle volumetric atmosphere, realistic materials, professional horror production design","people as main subject, visible monster as main subject, graphic gore, inaccurate landmark replacement, modern clutter, bright cheerful mood, malformed architecture, impossible perspective, duplicated structures, warped signage, invented text, watermark, logo, low detail, blur",Real Haunted Places/Japan,1.0,False
0063 | Real Haunted Places/Japan/Aokigahara Forest — Storm Aftermath,"Aokigahara Forest, the dense volcanic forest near Mount Fuji, exposed roots, lava-rock ground and sound-absorbing foliage; respectful atmospheric landscape, after a passing storm, wet stone and reflective ground, broken cloud, wind-tossed vegetation, dramatic but believable light and restrained supernatural unease, no people present, environment-first composition, highly detailed architecture and surfaces, coherent spatial layout, cinematic depth, polished colour separation, subtle volumetric atmosphere, realistic materials, professional horror production design","people as main subject, visible monster as main subject, graphic gore, inaccurate landmark replacement, modern clutter, bright cheerful mood, malformed architecture, impossible perspective, duplicated structures, warped signage, invented text, watermark, logo, low detail, blur",Real Haunted Places/Japan,1.0,False
0064 | Real Haunted Places/Japan/Hashima Island — Blue Hour,"Hashima Island, the abandoned concrete mining island, seawalls, ruined apartment blocks, stairwells and rough ocean, during blue hour, cool ambient light, architectural detail retained, light ground mist, respectful documentary-horror atmosphere and a carefully composed wide view, no people present, environment-first composition, highly detailed architecture and surfaces, coherent spatial layout, cinematic depth, polished colour separation, subtle volumetric atmosphere, realistic materials, professional horror production design","people as main subject, visible monster as main subject, graphic gore, inaccurate landmark replacement, modern clutter, bright cheerful mood, malformed architecture, impossible perspective, duplicated structures, warped signage, invented text, watermark, logo, low detail, blur",Real Haunted Places/Japan,1.0,False
0065 | Real Haunted Places/Japan/Hashima Island — Midnight Fog,"Hashima Island, the abandoned concrete mining island, seawalls, ruined apartment blocks, stairwells and rough ocean, after midnight, subtle fog, limited warm practical lights, deep readable shadows, historically coherent surfaces and an empty cinematic composition, no people present, environment-first composition, highly detailed architecture and surfaces, coherent spatial layout, cinematic depth, polished colour separation, subtle volumetric atmosphere, realistic materials, professional horror production design","people as main subject, visible monster as main subject, graphic gore, inaccurate landmark replacement, modern clutter, bright cheerful mood, malformed architecture, impossible perspective, duplicated structures, warped signage, invented text, watermark, logo, low detail, blur",Real Haunted Places/Japan,1.0,False
0066 | Real Haunted Places/Japan/Hashima Island — Storm Aftermath,"Hashima Island, the abandoned concrete mining island, seawalls, ruined apartment blocks, stairwells and rough ocean, after a passing storm, wet stone and reflective ground, broken cloud, wind-tossed vegetation, dramatic but believable light and restrained supernatural unease, no people present, environment-first composition, highly detailed architecture and surfaces, coherent spatial layout, cinematic depth, polished colour separation, subtle volumetric atmosphere, realistic materials, professional horror production design","people as main subject, visible monster as main subject, graphic gore, inaccurate landmark replacement, modern clutter, bright cheerful mood, malformed architecture, impossible perspective, duplicated structures, warped signage, invented text, watermark, logo, low detail, blur",Real Haunted Places/Japan,1.0,False
0067 | Real Haunted Places/Indonesia/Lawang Sewu — Blue Hour,"Lawang Sewu, the grand colonial building in Semarang, long arcades, stained glass, basement chambers and humid night air, during blue hour, cool ambient light, architectural detail retained, light ground mist, respectful documentary-horror atmosphere and a carefully composed wide view, no people present, environment-first composition, highly detailed architecture and surfaces, coherent spatial layout, cinematic depth, polished colour separation, subtle volumetric atmosphere, realistic materials, professional horror production design","people as main subject, visible monster as main subject, graphic gore, inaccurate landmark replacement, modern clutter, bright cheerful mood, malformed architecture, impossible perspective, duplicated structures, warped signage, invented text, watermark, logo, low detail, blur",Real Haunted Places/Indonesia,1.0,False
0068 | Real Haunted Places/Indonesia/Lawang Sewu — Midnight Fog,"Lawang Sewu, the grand colonial building in Semarang, long arcades, stained glass, basement chambers and humid night air, after midnight, subtle fog, limited warm practical lights, deep readable shadows, historically coherent surfaces and an empty cinematic composition, no people present, environment-first composition, highly detailed architecture and surfaces, coherent spatial layout, cinematic depth, polished colour separation, subtle volumetric atmosphere, realistic materials, professional horror production design","people as main subject, visible monster as main subject, graphic gore, inaccurate landmark replacement, modern clutter, bright cheerful mood, malformed architecture, impossible perspective, duplicated structures, warped signage, invented text, watermark, logo, low detail, blur",Real Haunted Places/Indonesia,1.0,False
0069 | Real Haunted Places/Indonesia/Lawang Sewu — Storm Aftermath,"Lawang Sewu, the grand colonial building in Semarang, long arcades, stained glass, basement chambers and humid night air, after a passing storm, wet stone and reflective ground, broken cloud, wind-tossed vegetation, dramatic but believable light and restrained supernatural unease, no people present, environment-first composition, highly detailed architecture and surfaces, coherent spatial layout, cinematic depth, polished colour separation, subtle volumetric atmosphere, realistic materials, professional horror production design","people as main subject, visible monster as main subject, graphic gore, inaccurate landmark replacement, modern clutter, bright cheerful mood, malformed architecture, impossible perspective, duplicated structures, warped signage, invented text, watermark, logo, low detail, blur",Real Haunted Places/Indonesia,1.0,False
0070 | Real Haunted Places/India/Bhangarh Fort — Blue Hour,"Bhangarh Fort, the ruined Rajasthan fort complex, stone temples, empty market street, hills and dry evening haze, during blue hour, cool ambient light, architectural detail retained, light ground mist, respectful documentary-horror atmosphere and a carefully composed wide view, no people present, environment-first composition, highly detailed architecture and surfaces, coherent spatial layout, cinematic depth, polished colour separation, subtle volumetric atmosphere, realistic materials, professional horror production design","people as main subject, visible monster as main subject, graphic gore, inaccurate landmark replacement, modern clutter, bright cheerful mood, malformed architecture, impossible perspective, duplicated structures, warped signage, invented text, watermark, logo, low detail, blur",Real Haunted Places/India,1.0,False
0071 | Real Haunted Places/India/Bhangarh Fort — Midnight Fog,"Bhangarh Fort, the ruined Rajasthan fort complex, stone temples, empty market street, hills and dry evening haze, after midnight, subtle fog, limited warm practical lights, deep readable shadows, historically coherent surfaces and an empty cinematic composition, no people present, environment-first composition, highly detailed architecture and surfaces, coherent spatial layout, cinematic depth, polished colour separation, subtle volumetric atmosphere, realistic materials, professional horror production design","people as main subject, visible monster as main subject, graphic gore, inaccurate landmark replacement, modern clutter, bright cheerful mood, malformed architecture, impossible perspective, duplicated structures, warped signage, invented text, watermark, logo, low detail, blur",Real Haunted Places/India,1.0,False
0072 | Real Haunted Places/India/Bhangarh Fort — Storm Aftermath,"Bhangarh Fort, the ruined Rajasthan fort complex, stone temples, empty market street, hills and dry evening haze, after a passing storm, wet stone and reflective ground, broken cloud, wind-tossed vegetation, dramatic but believable light and restrained supernatural unease, no people present, environment-first composition, highly detailed architecture and surfaces, coherent spatial layout, cinematic depth, polished colour separation, subtle volumetric atmosphere, realistic materials, professional horror production design","people as main subject, visible monster as main subject, graphic gore, inaccurate landmark replacement, modern clutter, bright cheerful mood, malformed architecture, impossible perspective, duplicated structures, warped signage, invented text, watermark, logo, low detail, blur",Real Haunted Places/India,1.0,False
0073 | Real Haunted Places/India/Dow Hill — Blue Hour,"Dow Hill, the misty forest road and old school area near Kurseong, tall pines, colonial buildings and Himalayan fog, during blue hour, cool ambient light, architectural detail retained, light ground mist, respectful documentary-horror atmosphere and a carefully composed wide view, no people present, environment-first composition, highly detailed architecture and surfaces, coherent spatial layout, cinematic depth, polished colour separation, subtle volumetric atmosphere, realistic materials, professional horror production design","people as main subject, visible monster as main subject, graphic gore, inaccurate landmark replacement, modern clutter, bright cheerful mood, malformed architecture, impossible perspective, duplicated structures, warped signage, invented text, watermark, logo, low detail, blur",Real Haunted Places/India,1.0,False
0074 | Real Haunted Places/India/Dow Hill — Midnight Fog,"Dow Hill, the misty forest road and old school area near Kurseong, tall pines, colonial buildings and Himalayan fog, after midnight, subtle fog, limited warm practical lights, deep readable shadows, historically coherent surfaces and an empty cinematic composition, no people present, environment-first composition, highly detailed architecture and surfaces, coherent spatial layout, cinematic depth, polished colour separation, subtle volumetric atmosphere, realistic materials, professional horror production design","people as main subject, visible monster as main subject, graphic gore, inaccurate landmark replacement, modern clutter, bright cheerful mood, malformed architecture, impossible perspective, duplicated structures, warped signage, invented text, watermark, logo, low detail, blur",Real Haunted Places/India,1.0,False
0075 | Real Haunted Places/India/Dow Hill — Storm Aftermath,"Dow Hill, the misty forest road and old school area near Kurseong, tall pines, colonial buildings and Himalayan fog, after a passing storm, wet stone and reflective ground, broken cloud, wind-tossed vegetation, dramatic but believable light and restrained supernatural unease, no people present, environment-first composition, highly detailed architecture and surfaces, coherent spatial layout, cinematic depth, polished colour separation, subtle volumetric atmosphere, realistic materials, professional horror production design","people as main subject, visible monster as main subject, graphic gore, inaccurate landmark replacement, modern clutter, bright cheerful mood, malformed architecture, impossible perspective, duplicated structures, warped signage, invented text, watermark, logo, low detail, blur",Real Haunted Places/India,1.0,False
0076 | Real Haunted Places/United States/Eastern State Penitentiary — Blue Hour,"Eastern State Penitentiary, the radial ruined prison in Philadelphia, vaulted cellblocks, peeling plaster and shafts of daylight, during blue hour, cool ambient light, architectural detail retained, light ground mist, respectful documentary-horror atmosphere and a carefully composed wide view, no people present, environment-first composition, highly detailed architecture and surfaces, coherent spatial layout, cinematic depth, polished colour separation, subtle volumetric atmosphere, realistic materials, professional horror production design","people as main subject, visible monster as main subject, graphic gore, inaccurate landmark replacement, modern clutter, bright cheerful mood, malformed architecture, impossible perspective, duplicated structures, warped signage, invented text, watermark, logo, low detail, blur",Real Haunted Places/United States,1.0,False
0077 | Real Haunted Places/United States/Eastern State Penitentiary — Midnight Fog,"Eastern State Penitentiary, the radial ruined prison in Philadelphia, vaulted cellblocks, peeling plaster and shafts of daylight, after midnight, subtle fog, limited warm practical lights, deep readable shadows, historically coherent surfaces and an empty cinematic composition, no people present, environment-first composition, highly detailed architecture and surfaces, coherent spatial layout, cinematic depth, polished colour separation, subtle volumetric atmosphere, realistic materials, professional horror production design","people as main subject, visible monster as main subject, graphic gore, inaccurate landmark replacement, modern clutter, bright cheerful mood, malformed architecture, impossible perspective, duplicated structures, warped signage, invented text, watermark, logo, low detail, blur",Real Haunted Places/United States,1.0,False
0078 | Real Haunted Places/United States/Eastern State Penitentiary — Storm Aftermath,"Eastern State Penitentiary, the radial ruined prison in Philadelphia, vaulted cellblocks, peeling plaster and shafts of daylight, after a passing storm, wet stone and reflective ground, broken cloud, wind-tossed vegetation, dramatic but believable light and restrained supernatural unease, no people present, environment-first composition, highly detailed architecture and surfaces, coherent spatial layout, cinematic depth, polished colour separation, subtle volumetric atmosphere, realistic materials, professional horror production design","people as main subject, visible monster as main subject, graphic gore, inaccurate landmark replacement, modern clutter, bright cheerful mood, malformed architecture, impossible perspective, duplicated structures, warped signage, invented text, watermark, logo, low detail, blur",Real Haunted Places/United States,1.0,False
0079 | Real Haunted Places/United States/Waverly Hills Sanatorium — Blue Hour,"Waverly Hills Sanatorium, the massive former sanatorium in Kentucky, long wards, tiled corridors, service tunnel and broken windows, during blue hour, cool ambient light, architectural detail retained, light ground mist, respectful documentary-horror atmosphere and a carefully composed wide view, no people present, environment-first composition, highly detailed architecture and surfaces, coherent spatial layout, cinematic depth, polished colour separation, subtle volumetric atmosphere, realistic materials, professional horror production design","people as main subject, visible monster as main subject, graphic gore, inaccurate landmark replacement, modern clutter, bright cheerful mood, malformed architecture, impossible perspective, duplicated structures, warped signage, invented text, watermark, logo, low detail, blur",Real Haunted Places/United States,1.0,False
0080 | Real Haunted Places/United States/Waverly Hills Sanatorium — Midnight Fog,"Waverly Hills Sanatorium, the massive former sanatorium in Kentucky, long wards, tiled corridors, service tunnel and broken windows, after midnight, subtle fog, limited warm practical lights, deep readable shadows, historically coherent surfaces and an empty cinematic composition, no people present, environment-first composition, highly detailed architecture and surfaces, coherent spatial layout, cinematic depth, polished colour separation, subtle volumetric atmosphere, realistic materials, professional horror production design","people as main subject, visible monster as main subject, graphic gore, inaccurate landmark replacement, modern clutter, bright cheerful mood, malformed architecture, impossible perspective, duplicated structures, warped signage, invented text, watermark, logo, low detail, blur",Real Haunted Places/United States,1.0,False
0081 | Real Haunted Places/United States/Waverly Hills Sanatorium — Storm Aftermath,"Waverly Hills Sanatorium, the massive former sanatorium in Kentucky, long wards, tiled corridors, service tunnel and broken windows, after a passing storm, wet stone and reflective ground, broken cloud, wind-tossed vegetation, dramatic but believable light and restrained supernatural unease, no people present, environment-first composition, highly detailed architecture and surfaces, coherent spatial layout, cinematic depth, polished colour separation, subtle volumetric atmosphere, realistic materials, professional horror production design","people as main subject, visible monster as main subject, graphic gore, inaccurate landmark replacement, modern clutter, bright cheerful mood, malformed architecture, impossible perspective, duplicated structures, warped signage, invented text, watermark, logo, low detail, blur",Real Haunted Places/United States,1.0,False
0082 | Real Haunted Places/United States/Trans-Allegheny Lunatic Asylum — Blue Hour,"Trans-Allegheny Lunatic Asylum, the monumental Kirkbride hospital in West Virginia, long wings, central clock tower and empty period wards, during blue hour, cool ambient light, architectural detail retained, light ground mist, respectful documentary-horror atmosphere and a carefully composed wide view, no people present, environment-first composition, highly detailed architecture and surfaces, coherent spatial layout, cinematic depth, polished colour separation, subtle volumetric atmosphere, realistic materials, professional horror production design","people as main subject, visible monster as main subject, graphic gore, inaccurate landmark replacement, modern clutter, bright cheerful mood, malformed architecture, impossible perspective, duplicated structures, warped signage, invented text, watermark, logo, low detail, blur",Real Haunted Places/United States,1.0,False
0083 | Real Haunted Places/United States/Trans-Allegheny Lunatic Asylum — Midnight Fog,"Trans-Allegheny Lunatic Asylum, the monumental Kirkbride hospital in West Virginia, long wings, central clock tower and empty period wards, after midnight, subtle fog, limited warm practical lights, deep readable shadows, historically coherent surfaces and an empty cinematic composition, no people present, environment-first composition, highly detailed architecture and surfaces, coherent spatial layout, cinematic depth, polished colour separation, subtle volumetric atmosphere, realistic materials, professional horror production design","people as main subject, visible monster as main subject, graphic gore, inaccurate landmark replacement, modern clutter, bright cheerful mood, malformed architecture, impossible perspective, duplicated structures, warped signage, invented text, watermark, logo, low detail, blur",Real Haunted Places/United States,1.0,False
0084 | Real Haunted Places/United States/Trans-Allegheny Lunatic Asylum — Storm Aftermath,"Trans-Allegheny Lunatic Asylum, the monumental Kirkbride hospital in West Virginia, long wings, central clock tower and empty period wards, after a passing storm, wet stone and reflective ground, broken cloud, wind-tossed vegetation, dramatic but believable light and restrained supernatural unease, no people present, environment-first composition, highly detailed architecture and surfaces, coherent spatial layout, cinematic depth, polished colour separation, subtle volumetric atmosphere, realistic materials, professional horror production design","people as main subject, visible monster as main subject, graphic gore, inaccurate landmark replacement, modern clutter, bright cheerful mood, malformed architecture, impossible perspective, duplicated structures, warped signage, invented text, watermark, logo, low detail, blur",Real Haunted Places/United States,1.0,False
0085 | Real Haunted Places/United States/Winchester Mystery House — Blue Hour,"Winchester Mystery House, the sprawling San Jose mansion, staircases to nowhere, elaborate woodwork, many doors and layered roofs, during blue hour, cool ambient light, architectural detail retained, light ground mist, respectful documentary-horror atmosphere and a carefully composed wide view, no people present, environment-first composition, highly detailed architecture and surfaces, coherent spatial layout, cinematic depth, polished colour separation, subtle volumetric atmosphere, realistic materials, professional horror production design","people as main subject, visible monster as main subject, graphic gore, inaccurate landmark replacement, modern clutter, bright cheerful mood, malformed architecture, impossible perspective, duplicated structures, warped signage, invented text, watermark, logo, low detail, blur",Real Haunted Places/United States,1.0,False
0086 | Real Haunted Places/United States/Winchester Mystery House — Midnight Fog,"Winchester Mystery House, the sprawling San Jose mansion, staircases to nowhere, elaborate woodwork, many doors and layered roofs, after midnight, subtle fog, limited warm practical lights, deep readable shadows, historically coherent surfaces and an empty cinematic composition, no people present, environment-first composition, highly detailed architecture and surfaces, coherent spatial layout, cinematic depth, polished colour separation, subtle volumetric atmosphere, realistic materials, professional horror production design","people as main subject, visible monster as main subject, graphic gore, inaccurate landmark replacement, modern clutter, bright cheerful mood, malformed architecture, impossible perspective, duplicated structures, warped signage, invented text, watermark, logo, low detail, blur",Real Haunted Places/United States,1.0,False
0087 | Real Haunted Places/United States/Winchester Mystery House — Storm Aftermath,"Winchester Mystery House, the sprawling San Jose mansion, staircases to nowhere, elaborate woodwork, many doors and layered roofs, after a passing storm, wet stone and reflective ground, broken cloud, wind-tossed vegetation, dramatic but believable light and restrained supernatural unease, no people present, environment-first composition, highly detailed architecture and surfaces, coherent spatial layout, cinematic depth, polished colour separation, subtle volumetric atmosphere, realistic materials, professional horror production design","people as main subject, visible monster as main subject, graphic gore, inaccurate landmark replacement, modern clutter, bright cheerful mood, malformed architecture, impossible perspective, duplicated structures, warped signage, invented text, watermark, logo, low detail, blur",Real Haunted Places/United States,1.0,False
0088 | Real Haunted Places/United States/Stanley Hotel — Blue Hour,"Stanley Hotel, the grand white mountain hotel in Colorado, red roofs, long corridors, ballroom and snowy surroundings, during blue hour, cool ambient light, architectural detail retained, light ground mist, respectful documentary-horror atmosphere and a carefully composed wide view, no people present, environment-first composition, highly detailed architecture and surfaces, coherent spatial layout, cinematic depth, polished colour separation, subtle volumetric atmosphere, realistic materials, professional horror production design","people as main subject, visible monster as main subject, graphic gore, inaccurate landmark replacement, modern clutter, bright cheerful mood, malformed architecture, impossible perspective, duplicated structures, warped signage, invented text, watermark, logo, low detail, blur",Real Haunted Places/United States,1.0,False
0089 | Real Haunted Places/United States/Stanley Hotel — Midnight Fog,"Stanley Hotel, the grand white mountain hotel in Colorado, red roofs, long corridors, ballroom and snowy surroundings, after midnight, subtle fog, limited warm practical lights, deep readable shadows, historically coherent surfaces and an empty cinematic composition, no people present, environment-first composition, highly detailed architecture and surfaces, coherent spatial layout, cinematic depth, polished colour separation, subtle volumetric atmosphere, realistic materials, professional horror production design","people as main subject, visible monster as main subject, graphic gore, inaccurate landmark replacement, modern clutter, bright cheerful mood, malformed architecture, impossible perspective, duplicated structures, warped signage, invented text, watermark, logo, low detail, blur",Real Haunted Places/United States,1.0,False
0090 | Real Haunted Places/United States/Stanley Hotel — Storm Aftermath,"Stanley Hotel, the grand white mountain hotel in Colorado, red roofs, long corridors, ballroom and snowy surroundings, after a passing storm, wet stone and reflective ground, broken cloud, wind-tossed vegetation, dramatic but believable light and restrained supernatural unease, no people present, environment-first composition, highly detailed architecture and surfaces, coherent spatial layout, cinematic depth, polished colour separation, subtle volumetric atmosphere, realistic materials, professional horror production design","people as main subject, visible monster as main subject, graphic gore, inaccurate landmark replacement, modern clutter, bright cheerful mood, malformed architecture, impossible perspective, duplicated structures, warped signage, invented text, watermark, logo, low detail, blur",Real Haunted Places/United States,1.0,False
0091 | Real Haunted Places/United States/Lizzie Borden House — Blue Hour,"Lizzie Borden House, the preserved Victorian house in Fall River, narrow rooms, patterned wallpaper and period furnishings, during blue hour, cool ambient light, architectural detail retained, light ground mist, respectful documentary-horror atmosphere and a carefully composed wide view, no people present, environment-first composition, highly detailed architecture and surfaces, coherent spatial layout, cinematic depth, polished colour separation, subtle volumetric atmosphere, realistic materials, professional horror production design","people as main subject, visible monster as main subject, graphic gore, inaccurate landmark replacement, modern clutter, bright cheerful mood, malformed architecture, impossible perspective, duplicated structures, warped signage, invented text, watermark, logo, low detail, blur",Real Haunted Places/United States,1.0,False
0092 | Real Haunted Places/United States/Lizzie Borden House — Midnight Fog,"Lizzie Borden House, the preserved Victorian house in Fall River, narrow rooms, patterned wallpaper and period furnishings, after midnight, subtle fog, limited warm practical lights, deep readable shadows, historically coherent surfaces and an empty cinematic composition, no people present, environment-first composition, highly detailed architecture and surfaces, coherent spatial layout, cinematic depth, polished colour separation, subtle volumetric atmosphere, realistic materials, professional horror production design","people as main subject, visible monster as main subject, graphic gore, inaccurate landmark replacement, modern clutter, bright cheerful mood, malformed architecture, impossible perspective, duplicated structures, warped signage, invented text, watermark, logo, low detail, blur",Real Haunted Places/United States,1.0,False
0093 | Real Haunted Places/United States/Lizzie Borden House — Storm Aftermath,"Lizzie Borden House, the preserved Victorian house in Fall River, narrow rooms, patterned wallpaper and period furnishings, after a passing storm, wet stone and reflective ground, broken cloud, wind-tossed vegetation, dramatic but believable light and restrained supernatural unease, no people present, environment-first composition, highly detailed architecture and surfaces, coherent spatial layout, cinematic depth, polished colour separation, subtle volumetric atmosphere, realistic materials, professional horror production design","people as main subject, visible monster as main subject, graphic gore, inaccurate landmark replacement, modern clutter, bright cheerful mood, malformed architecture, impossible perspective, duplicated structures, warped signage, invented text, watermark, logo, low detail, blur",Real Haunted Places/United States,1.0,False
0094 | Real Haunted Places/United States/Villisca Axe Murder House — Blue Hour,"Villisca Axe Murder House, the small Iowa house, simple bedrooms, white clapboard exterior and quiet residential street, during blue hour, cool ambient light, architectural detail retained, light ground mist, respectful documentary-horror atmosphere and a carefully composed wide view, no people present, environment-first composition, highly detailed architecture and surfaces, coherent spatial layout, cinematic depth, polished colour separation, subtle volumetric atmosphere, realistic materials, professional horror production design","people as main subject, visible monster as main subject, graphic gore, inaccurate landmark replacement, modern clutter, bright cheerful mood, malformed architecture, impossible perspective, duplicated structures, warped signage, invented text, watermark, logo, low detail, blur",Real Haunted Places/United States,1.0,False
0095 | Real Haunted Places/United States/Villisca Axe Murder House — Midnight Fog,"Villisca Axe Murder House, the small Iowa house, simple bedrooms, white clapboard exterior and quiet residential street, after midnight, subtle fog, limited warm practical lights, deep readable shadows, historically coherent surfaces and an empty cinematic composition, no people present, environment-first composition, highly detailed architecture and surfaces, coherent spatial layout, cinematic depth, polished colour separation, subtle volumetric atmosphere, realistic materials, professional horror production design","people as main subject, visible monster as main subject, graphic gore, inaccurate landmark replacement, modern clutter, bright cheerful mood, malformed architecture, impossible perspective, duplicated structures, warped signage, invented text, watermark, logo, low detail, blur",Real Haunted Places/United States,1.0,False
0096 | Real Haunted Places/United States/Villisca Axe Murder House — Storm Aftermath,"Villisca Axe Murder House, the small Iowa house, simple bedrooms, white clapboard exterior and quiet residential street, after a passing storm, wet stone and reflective ground, broken cloud, wind-tossed vegetation, dramatic but believable light and restrained supernatural unease, no people present, environment-first composition, highly detailed architecture and surfaces, coherent spatial layout, cinematic depth, polished colour separation, subtle volumetric atmosphere, realistic materials, professional horror production design","people as main subject, visible monster as main subject, graphic gore, inaccurate landmark replacement, modern clutter, bright cheerful mood, malformed architecture, impossible perspective, duplicated structures, warped signage, invented text, watermark, logo, low detail, blur",Real Haunted Places/United States,1.0,False
0097 | Real Haunted Places/United States/St Augustine Lighthouse — Blue Hour,"St Augustine Lighthouse, the black-and-white striped Florida lighthouse, spiral stair, keeper’s house and stormy Atlantic coast, during blue hour, cool ambient light, architectural detail retained, light ground mist, respectful documentary-horror atmosphere and a carefully composed wide view, no people present, environment-first composition, highly detailed architecture and surfaces, coherent spatial layout, cinematic depth, polished colour separation, subtle volumetric atmosphere, realistic materials, professional horror production design","people as main subject, visible monster as main subject, graphic gore, inaccurate landmark replacement, modern clutter, bright cheerful mood, malformed architecture, impossible perspective, duplicated structures, warped signage, invented text, watermark, logo, low detail, blur",Real Haunted Places/United States,1.0,False
0098 | Real Haunted Places/United States/St Augustine Lighthouse — Midnight Fog,"St Augustine Lighthouse, the black-and-white striped Florida lighthouse, spiral stair, keeper’s house and stormy Atlantic coast, after midnight, subtle fog, limited warm practical lights, deep readable shadows, historically coherent surfaces and an empty cinematic composition, no people present, environment-first composition, highly detailed architecture and surfaces, coherent spatial layout, cinematic depth, polished colour separation, subtle volumetric atmosphere, realistic materials, professional horror production design","people as main subject, visible monster as main subject, graphic gore, inaccurate landmark replacement, modern clutter, bright cheerful mood, malformed architecture, impossible perspective, duplicated structures, warped signage, invented text, watermark, logo, low detail, blur",Real Haunted Places/United States,1.0,False
0099 | Real Haunted Places/United States/St Augustine Lighthouse — Storm Aftermath,"St Augustine Lighthouse, the black-and-white striped Florida lighthouse, spiral stair, keeper’s house and stormy Atlantic coast, after a passing storm, wet stone and reflective ground, broken cloud, wind-tossed vegetation, dramatic but believable light and restrained supernatural unease, no people present, environment-first composition, highly detailed architecture and surfaces, coherent spatial layout, cinematic depth, polished colour separation, subtle volumetric atmosphere, realistic materials, professional horror production design","people as main subject, visible monster as main subject, graphic gore, inaccurate landmark replacement, modern clutter, bright cheerful mood, malformed architecture, impossible perspective, duplicated structures, warped signage, invented text, watermark, logo, low detail, blur",Real Haunted Places/United States,1.0,False
0100 | Real Haunted Places/United States/St Louis Cemetery No. 1 — Blue Hour,"St Louis Cemetery No. 1, the historic New Orleans cemetery, above-ground tombs, narrow paths, ironwork and humid Gulf atmosphere, during blue hour, cool ambient light, architectural detail retained, light ground mist, respectful documentary-horror atmosphere and a carefully composed wide view, no people present, environment-first composition, highly detailed architecture and surfaces, coherent spatial layout, cinematic depth, polished colour separation, subtle volumetric atmosphere, realistic materials, professional horror production design","people as main subject, visible monster as main subject, graphic gore, inaccurate landmark replacement, modern clutter, bright cheerful mood, malformed architecture, impossible perspective, duplicated structures, warped signage, invented text, watermark, logo, low detail, blur",Real Haunted Places/United States,1.0,False
0101 | Real Haunted Places/United States/St Louis Cemetery No. 1 — Midnight Fog,"St Louis Cemetery No. 1, the historic New Orleans cemetery, above-ground tombs, narrow paths, ironwork and humid Gulf atmosphere, after midnight, subtle fog, limited warm practical lights, deep readable shadows, historically coherent surfaces and an empty cinematic composition, no people present, environment-first composition, highly detailed architecture and surfaces, coherent spatial layout, cinematic depth, polished colour separation, subtle volumetric atmosphere, realistic materials, professional horror production design","people as main subject, visible monster as main subject, graphic gore, inaccurate landmark replacement, modern clutter, bright cheerful mood, malformed architecture, impossible perspective, duplicated structures, warped signage, invented text, watermark, logo, low detail, blur",Real Haunted Places/United States,1.0,False
0102 | Real Haunted Places/United States/St Louis Cemetery No. 1 — Storm Aftermath,"St Louis Cemetery No. 1, the historic New Orleans cemetery, above-ground tombs, narrow paths, ironwork and humid Gulf atmosphere, after a passing storm, wet stone and reflective ground, broken cloud, wind-tossed vegetation, dramatic but believable light and restrained supernatural unease, no people present, environment-first composition, highly detailed architecture and surfaces, coherent spatial layout, cinematic depth, polished colour separation, subtle volumetric atmosphere, realistic materials, professional horror production design","people as main subject, visible monster as main subject, graphic gore, inaccurate landmark replacement, modern clutter, bright cheerful mood, malformed architecture, impossible perspective, duplicated structures, warped signage, invented text, watermark, logo, low detail, blur",Real Haunted Places/United States,1.0,False
0103 | Real Haunted Places/United States/LaLaurie Mansion — Blue Hour,"LaLaurie Mansion, the imposing French Quarter mansion, balconies, shuttered windows, inner courtyard and gaslit street, during blue hour, cool ambient light, architectural detail retained, light ground mist, respectful documentary-horror atmosphere and a carefully composed wide view, no people present, environment-first composition, highly detailed architecture and surfaces, coherent spatial layout, cinematic depth, polished colour separation, subtle volumetric atmosphere, realistic materials, professional horror production design","people as main subject, visible monster as main subject, graphic gore, inaccurate landmark replacement, modern clutter, bright cheerful mood, malformed architecture, impossible perspective, duplicated structures, warped signage, invented text, watermark, logo, low detail, blur",Real Haunted Places/United States,1.0,False
0104 | Real Haunted Places/United States/LaLaurie Mansion — Midnight Fog,"LaLaurie Mansion, the imposing French Quarter mansion, balconies, shuttered windows, inner courtyard and gaslit street, after midnight, subtle fog, limited warm practical lights, deep readable shadows, historically coherent surfaces and an empty cinematic composition, no people present, environment-first composition, highly detailed architecture and surfaces, coherent spatial layout, cinematic depth, polished colour separation, subtle volumetric atmosphere, realistic materials, professional horror production design","people as main subject, visible monster as main subject, graphic gore, inaccurate landmark replacement, modern clutter, bright cheerful mood, malformed architecture, impossible perspective, duplicated structures, warped signage, invented text, watermark, logo, low detail, blur",Real Haunted Places/United States,1.0,False
0105 | Real Haunted Places/United States/LaLaurie Mansion — Storm Aftermath,"LaLaurie Mansion, the imposing French Quarter mansion, balconies, shuttered windows, inner courtyard and gaslit street, after a passing storm, wet stone and reflective ground, broken cloud, wind-tossed vegetation, dramatic but believable light and restrained supernatural unease, no people present, environment-first composition, highly detailed architecture and surfaces, coherent spatial layout, cinematic depth, polished colour separation, subtle volumetric atmosphere, realistic materials, professional horror production design","people as main subject, visible monster as main subject, graphic gore, inaccurate landmark replacement, modern clutter, bright cheerful mood, malformed architecture, impossible perspective, duplicated structures, warped signage, invented text, watermark, logo, low detail, blur",Real Haunted Places/United States,1.0,False
"0106 | Real Haunted Places/United States/Old Burying Point, Salem — Blue Hour","Old Burying Point, Salem, the historic Salem graveyard, slate headstones, brick paths, old trees and surrounding colonial buildings, during blue hour, cool ambient light, architectural detail retained, light ground mist, respectful documentary-horror atmosphere and a carefully composed wide view, no people present, environment-first composition, highly detailed architecture and surfaces, coherent spatial layout, cinematic depth, polished colour separation, subtle volumetric atmosphere, realistic materials, professional horror production design","people as main subject, visible monster as main subject, graphic gore, inaccurate landmark replacement, modern clutter, bright cheerful mood, malformed architecture, impossible perspective, duplicated structures, warped signage, invented text, watermark, logo, low detail, blur",Real Haunted Places/United States,1.0,False
"0107 | Real Haunted Places/United States/Old Burying Point, Salem — Midnight Fog","Old Burying Point, Salem, the historic Salem graveyard, slate headstones, brick paths, old trees and surrounding colonial buildings, after midnight, subtle fog, limited warm practical lights, deep readable shadows, historically coherent surfaces and an empty cinematic composition, no people present, environment-first composition, highly detailed architecture and surfaces, coherent spatial layout, cinematic depth, polished colour separation, subtle volumetric atmosphere, realistic materials, professional horror production design","people as main subject, visible monster as main subject, graphic gore, inaccurate landmark replacement, modern clutter, bright cheerful mood, malformed architecture, impossible perspective, duplicated structures, warped signage, invented text, watermark, logo, low detail, blur",Real Haunted Places/United States,1.0,False
"0108 | Real Haunted Places/United States/Old Burying Point, Salem — Storm Aftermath","Old Burying Point, Salem, the historic Salem graveyard, slate headstones, brick paths, old trees and surrounding colonial buildings, after a passing storm, wet stone and reflective ground, broken cloud, wind-tossed vegetation, dramatic but believable light and restrained supernatural unease, no people present, environment-first composition, highly detailed architecture and surfaces, coherent spatial layout, cinematic depth, polished colour separation, subtle volumetric atmosphere, realistic materials, professional horror production design","people as main subject, visible monster as main subject, graphic gore, inaccurate landmark replacement, modern clutter, bright cheerful mood, malformed architecture, impossible perspective, duplicated structures, warped signage, invented text, watermark, logo, low detail, blur",Real Haunted Places/United States,1.0,False
0109 | Real Haunted Places/United States/The Myrtles Plantation — Blue Hour,"The Myrtles Plantation, the Louisiana plantation house, broad veranda, old mirrors, oak trees and misty grounds, during blue hour, cool ambient light, architectural detail retained, light ground mist, respectful documentary-horror atmosphere and a carefully composed wide view, no people present, environment-first composition, highly detailed architecture and surfaces, coherent spatial layout, cinematic depth, polished colour separation, subtle volumetric atmosphere, realistic materials, professional horror production design","people as main subject, visible monster as main subject, graphic gore, inaccurate landmark replacement, modern clutter, bright cheerful mood, malformed architecture, impossible perspective, duplicated structures, warped signage, invented text, watermark, logo, low detail, blur",Real Haunted Places/United States,1.0,False
0110 | Real Haunted Places/United States/The Myrtles Plantation — Midnight Fog,"The Myrtles Plantation, the Louisiana plantation house, broad veranda, old mirrors, oak trees and misty grounds, after midnight, subtle fog, limited warm practical lights, deep readable shadows, historically coherent surfaces and an empty cinematic composition, no people present, environment-first composition, highly detailed architecture and surfaces, coherent spatial layout, cinematic depth, polished colour separation, subtle volumetric atmosphere, realistic materials, professional horror production design","people as main subject, visible monster as main subject, graphic gore, inaccurate landmark replacement, modern clutter, bright cheerful mood, malformed architecture, impossible perspective, duplicated structures, warped signage, invented text, watermark, logo, low detail, blur",Real Haunted Places/United States,1.0,False
0111 | Real Haunted Places/United States/The Myrtles Plantation — Storm Aftermath,"The Myrtles Plantation, the Louisiana plantation house, broad veranda, old mirrors, oak trees and misty grounds, after a passing storm, wet stone and reflective ground, broken cloud, wind-tossed vegetation, dramatic but believable light and restrained supernatural unease, no people present, environment-first composition, highly detailed architecture and surfaces, coherent spatial layout, cinematic depth, polished colour separation, subtle volumetric atmosphere, realistic materials, professional horror production design","people as main subject, visible monster as main subject, graphic gore, inaccurate landmark replacement, modern clutter, bright cheerful mood, malformed architecture, impossible perspective, duplicated structures, warped signage, invented text, watermark, logo, low detail, blur",Real Haunted Places/United States,1.0,False
0112 | Real Haunted Places/United States/RMS Queen Mary — Blue Hour,"RMS Queen Mary, the preserved ocean liner at Long Beach, Art Deco corridors, engine spaces, empty pool and harbour lights, during blue hour, cool ambient light, architectural detail retained, light ground mist, respectful documentary-horror atmosphere and a carefully composed wide view, no people present, environment-first composition, highly detailed architecture and surfaces, coherent spatial layout, cinematic depth, polished colour separation, subtle volumetric atmosphere, realistic materials, professional horror production design","people as main subject, visible monster as main subject, graphic gore, inaccurate landmark replacement, modern clutter, bright cheerful mood, malformed architecture, impossible perspective, duplicated structures, warped signage, invented text, watermark, logo, low detail, blur",Real Haunted Places/United States,1.0,False
0113 | Real Haunted Places/United States/RMS Queen Mary — Midnight Fog,"RMS Queen Mary, the preserved ocean liner at Long Beach, Art Deco corridors, engine spaces, empty pool and harbour lights, after midnight, subtle fog, limited warm practical lights, deep readable shadows, historically coherent surfaces and an empty cinematic composition, no people present, environment-first composition, highly detailed architecture and surfaces, coherent spatial layout, cinematic depth, polished colour separation, subtle volumetric atmosphere, realistic materials, professional horror production design","people as main subject, visible monster as main subject, graphic gore, inaccurate landmark replacement, modern clutter, bright cheerful mood, malformed architecture, impossible perspective, duplicated structures, warped signage, invented text, watermark, logo, low detail, blur",Real Haunted Places/United States,1.0,False
0114 | Real Haunted Places/United States/RMS Queen Mary — Storm Aftermath,"RMS Queen Mary, the preserved ocean liner at Long Beach, Art Deco corridors, engine spaces, empty pool and harbour lights, after a passing storm, wet stone and reflective ground, broken cloud, wind-tossed vegetation, dramatic but believable light and restrained supernatural unease, no people present, environment-first composition, highly detailed architecture and surfaces, coherent spatial layout, cinematic depth, polished colour separation, subtle volumetric atmosphere, realistic materials, professional horror production design","people as main subject, visible monster as main subject, graphic gore, inaccurate landmark replacement, modern clutter, bright cheerful mood, malformed architecture, impossible perspective, duplicated structures, warped signage, invented text, watermark, logo, low detail, blur",Real Haunted Places/United States,1.0,False
0115 | Real Haunted Places/United States/Alcatraz Cellhouse — Blue Hour,"Alcatraz Cellhouse, the island prison cellhouse, steel galleries, narrow cells, gun gallery and fog over San Francisco Bay, during blue hour, cool ambient light, architectural detail retained, light ground mist, respectful documentary-horror atmosphere and a carefully composed wide view, no people present, environment-first composition, highly detailed architecture and surfaces, coherent spatial layout, cinematic depth, polished colour separation, subtle volumetric atmosphere, realistic materials, professional horror production design","people as main subject, visible monster as main subject, graphic gore, inaccurate landmark replacement, modern clutter, bright cheerful mood, malformed architecture, impossible perspective, duplicated structures, warped signage, invented text, watermark, logo, low detail, blur",Real Haunted Places/United States,1.0,False
0116 | Real Haunted Places/United States/Alcatraz Cellhouse — Midnight Fog,"Alcatraz Cellhouse, the island prison cellhouse, steel galleries, narrow cells, gun gallery and fog over San Francisco Bay, after midnight, subtle fog, limited warm practical lights, deep readable shadows, historically coherent surfaces and an empty cinematic composition, no people present, environment-first composition, highly detailed architecture and surfaces, coherent spatial layout, cinematic depth, polished colour separation, subtle volumetric atmosphere, realistic materials, professional horror production design","people as main subject, visible monster as main subject, graphic gore, inaccurate landmark replacement, modern clutter, bright cheerful mood, malformed architecture, impossible perspective, duplicated structures, warped signage, invented text, watermark, logo, low detail, blur",Real Haunted Places/United States,1.0,False
0117 | Real Haunted Places/United States/Alcatraz Cellhouse — Storm Aftermath,"Alcatraz Cellhouse, the island prison cellhouse, steel galleries, narrow cells, gun gallery and fog over San Francisco Bay, after a passing storm, wet stone and reflective ground, broken cloud, wind-tossed vegetation, dramatic but believable light and restrained supernatural unease, no people present, environment-first composition, highly detailed architecture and surfaces, coherent spatial layout, cinematic depth, polished colour separation, subtle volumetric atmosphere, realistic materials, professional horror production design","people as main subject, visible monster as main subject, graphic gore, inaccurate landmark replacement, modern clutter, bright cheerful mood, malformed architecture, impossible perspective, duplicated structures, warped signage, invented text, watermark, logo, low detail, blur",Real Haunted Places/United States,1.0,False
0118 | Real Haunted Places/United States/Gettysburg Battlefield — Blue Hour,"Gettysburg Battlefield, the preserved battlefield, stone walls, split-rail fences, distant monuments and dawn ground mist, during blue hour, cool ambient light, architectural detail retained, light ground mist, respectful documentary-horror atmosphere and a carefully composed wide view, no people present, environment-first composition, highly detailed architecture and surfaces, coherent spatial layout, cinematic depth, polished colour separation, subtle volumetric atmosphere, realistic materials, professional horror production design","people as main subject, visible monster as main subject, graphic gore, inaccurate landmark replacement, modern clutter, bright cheerful mood, malformed architecture, impossible perspective, duplicated structures, warped signage, invented text, watermark, logo, low detail, blur",Real Haunted Places/United States,1.0,False
0119 | Real Haunted Places/United States/Gettysburg Battlefield — Midnight Fog,"Gettysburg Battlefield, the preserved battlefield, stone walls, split-rail fences, distant monuments and dawn ground mist, after midnight, subtle fog, limited warm practical lights, deep readable shadows, historically coherent surfaces and an empty cinematic composition, no people present, environment-first composition, highly detailed architecture and surfaces, coherent spatial layout, cinematic depth, polished colour separation, subtle volumetric atmosphere, realistic materials, professional horror production design","people as main subject, visible monster as main subject, graphic gore, inaccurate landmark replacement, modern clutter, bright cheerful mood, malformed architecture, impossible perspective, duplicated structures, warped signage, invented text, watermark, logo, low detail, blur",Real Haunted Places/United States,1.0,False
0120 | Real Haunted Places/United States/Gettysburg Battlefield — Storm Aftermath,"Gettysburg Battlefield, the preserved battlefield, stone walls, split-rail fences, distant monuments and dawn ground mist, after a passing storm, wet stone and reflective ground, broken cloud, wind-tossed vegetation, dramatic but believable light and restrained supernatural unease, no people present, environment-first composition, highly detailed architecture and surfaces, coherent spatial layout, cinematic depth, polished colour separation, subtle volumetric atmosphere, realistic materials, professional horror production design","people as main subject, visible monster as main subject, graphic gore, inaccurate landmark replacement, modern clutter, bright cheerful mood, malformed architecture, impossible perspective, duplicated structures, warped signage, invented text, watermark, logo, low detail, blur",Real Haunted Places/United States,1.0,False
0121 | Real Haunted Places/Australia/Old Melbourne Gaol — Blue Hour,"Old Melbourne Gaol, the historic bluestone prison in central Melbourne, narrow cells, iron landings and severe Victorian masonry, during blue hour, cool ambient light, architectural detail retained, light ground mist, respectful documentary-horror atmosphere and a carefully composed wide view, no people present, environment-first composition, highly detailed architecture and surfaces, coherent spatial layout, cinematic depth, polished colour separation, subtle volumetric atmosphere, realistic materials, professional horror production design","people as main subject, visible monster as main subject, graphic gore, inaccurate landmark replacement, modern clutter, bright cheerful mood, malformed architecture, impossible perspective, duplicated structures, warped signage, invented text, watermark, logo, low detail, blur",Real Haunted Places/Australia,1.0,False
0122 | Real Haunted Places/Australia/Old Melbourne Gaol — Midnight Fog,"Old Melbourne Gaol, the historic bluestone prison in central Melbourne, narrow cells, iron landings and severe Victorian masonry, after midnight, subtle fog, limited warm practical lights, deep readable shadows, historically coherent surfaces and an empty cinematic composition, no people present, environment-first composition, highly detailed architecture and surfaces, coherent spatial layout, cinematic depth, polished colour separation, subtle volumetric atmosphere, realistic materials, professional horror production design","people as main subject, visible monster as main subject, graphic gore, inaccurate landmark replacement, modern clutter, bright cheerful mood, malformed architecture, impossible perspective, duplicated structures, warped signage, invented text, watermark, logo, low detail, blur",Real Haunted Places/Australia,1.0,False
0123 | Real Haunted Places/Australia/Old Melbourne Gaol — Storm Aftermath,"Old Melbourne Gaol, the historic bluestone prison in central Melbourne, narrow cells, iron landings and severe Victorian masonry, after a passing storm, wet stone and reflective ground, broken cloud, wind-tossed vegetation, dramatic but believable light and restrained supernatural unease, no people present, environment-first composition, highly detailed architecture and surfaces, coherent spatial layout, cinematic depth, polished colour separation, subtle volumetric atmosphere, realistic materials, professional horror production design","people as main subject, visible monster as main subject, graphic gore, inaccurate landmark replacement, modern clutter, bright cheerful mood, malformed architecture, impossible perspective, duplicated structures, warped signage, invented text, watermark, logo, low detail, blur",Real Haunted Places/Australia,1.0,False
0124 | Real Haunted Places/Australia/Port Arthur Penitentiary — Blue Hour,"Port Arthur Penitentiary, the ruined colonial penitentiary in Tasmania, roofless stone walls, harbour, lawns and cold coastal mist, during blue hour, cool ambient light, architectural detail retained, light ground mist, respectful documentary-horror atmosphere and a carefully composed wide view, no people present, environment-first composition, highly detailed architecture and surfaces, coherent spatial layout, cinematic depth, polished colour separation, subtle volumetric atmosphere, realistic materials, professional horror production design","people as main subject, visible monster as main subject, graphic gore, inaccurate landmark replacement, modern clutter, bright cheerful mood, malformed architecture, impossible perspective, duplicated structures, warped signage, invented text, watermark, logo, low detail, blur",Real Haunted Places/Australia,1.0,False
0125 | Real Haunted Places/Australia/Port Arthur Penitentiary — Midnight Fog,"Port Arthur Penitentiary, the ruined colonial penitentiary in Tasmania, roofless stone walls, harbour, lawns and cold coastal mist, after midnight, subtle fog, limited warm practical lights, deep readable shadows, historically coherent surfaces and an empty cinematic composition, no people present, environment-first composition, highly detailed architecture and surfaces, coherent spatial layout, cinematic depth, polished colour separation, subtle volumetric atmosphere, realistic materials, professional horror production design","people as main subject, visible monster as main subject, graphic gore, inaccurate landmark replacement, modern clutter, bright cheerful mood, malformed architecture, impossible perspective, duplicated structures, warped signage, invented text, watermark, logo, low detail, blur",Real Haunted Places/Australia,1.0,False
0126 | Real Haunted Places/Australia/Port Arthur Penitentiary — Storm Aftermath,"Port Arthur Penitentiary, the ruined colonial penitentiary in Tasmania, roofless stone walls, harbour, lawns and cold coastal mist, after a passing storm, wet stone and reflective ground, broken cloud, wind-tossed vegetation, dramatic but believable light and restrained supernatural unease, no people present, environment-first composition, highly detailed architecture and surfaces, coherent spatial layout, cinematic depth, polished colour separation, subtle volumetric atmosphere, realistic materials, professional horror production design","people as main subject, visible monster as main subject, graphic gore, inaccurate landmark replacement, modern clutter, bright cheerful mood, malformed architecture, impossible perspective, duplicated structures, warped signage, invented text, watermark, logo, low detail, blur",Real Haunted Places/Australia,1.0,False
0127 | Real Haunted Places/Australia/Monte Cristo Homestead — Blue Hour,"Monte Cristo Homestead, the historic homestead at Junee, ornate veranda, period rooms, old staircase and rural New South Wales grounds, during blue hour, cool ambient light, architectural detail retained, light ground mist, respectful documentary-horror atmosphere and a carefully composed wide view, no people present, environment-first composition, highly detailed architecture and surfaces, coherent spatial layout, cinematic depth, polished colour separation, subtle volumetric atmosphere, realistic materials, professional horror production design","people as main subject, visible monster as main subject, graphic gore, inaccurate landmark replacement, modern clutter, bright cheerful mood, malformed architecture, impossible perspective, duplicated structures, warped signage, invented text, watermark, logo, low detail, blur",Real Haunted Places/Australia,1.0,False
0128 | Real Haunted Places/Australia/Monte Cristo Homestead — Midnight Fog,"Monte Cristo Homestead, the historic homestead at Junee, ornate veranda, period rooms, old staircase and rural New South Wales grounds, after midnight, subtle fog, limited warm practical lights, deep readable shadows, historically coherent surfaces and an empty cinematic composition, no people present, environment-first composition, highly detailed architecture and surfaces, coherent spatial layout, cinematic depth, polished colour separation, subtle volumetric atmosphere, realistic materials, professional horror production design","people as main subject, visible monster as main subject, graphic gore, inaccurate landmark replacement, modern clutter, bright cheerful mood, malformed architecture, impossible perspective, duplicated structures, warped signage, invented text, watermark, logo, low detail, blur",Real Haunted Places/Australia,1.0,False
0129 | Real Haunted Places/Australia/Monte Cristo Homestead — Storm Aftermath,"Monte Cristo Homestead, the historic homestead at Junee, ornate veranda, period rooms, old staircase and rural New South Wales grounds, after a passing storm, wet stone and reflective ground, broken cloud, wind-tossed vegetation, dramatic but believable light and restrained supernatural unease, no people present, environment-first composition, highly detailed architecture and surfaces, coherent spatial layout, cinematic depth, polished colour separation, subtle volumetric atmosphere, realistic materials, professional horror production design","people as main subject, visible monster as main subject, graphic gore, inaccurate landmark replacement, modern clutter, bright cheerful mood, malformed architecture, impossible perspective, duplicated structures, warped signage, invented text, watermark, logo, low detail, blur",Real Haunted Places/Australia,1.0,False
0130 | Real Haunted Places/Australia/Aradale Asylum — Blue Hour,"Aradale Asylum, the large former psychiatric complex at Ararat, long brick wards, covered walkways and overgrown grounds, during blue hour, cool ambient light, architectural detail retained, light ground mist, respectful documentary-horror atmosphere and a carefully composed wide view, no people present, environment-first composition, highly detailed architecture and surfaces, coherent spatial layout, cinematic depth, polished colour separation, subtle volumetric atmosphere, realistic materials, professional horror production design","people as main subject, visible monster as main subject, graphic gore, inaccurate landmark replacement, modern clutter, bright cheerful mood, malformed architecture, impossible perspective, duplicated structures, warped signage, invented text, watermark, logo, low detail, blur",Real Haunted Places/Australia,1.0,False
0131 | Real Haunted Places/Australia/Aradale Asylum — Midnight Fog,"Aradale Asylum, the large former psychiatric complex at Ararat, long brick wards, covered walkways and overgrown grounds, after midnight, subtle fog, limited warm practical lights, deep readable shadows, historically coherent surfaces and an empty cinematic composition, no people present, environment-first composition, highly detailed architecture and surfaces, coherent spatial layout, cinematic depth, polished colour separation, subtle volumetric atmosphere, realistic materials, professional horror production design","people as main subject, visible monster as main subject, graphic gore, inaccurate landmark replacement, modern clutter, bright cheerful mood, malformed architecture, impossible perspective, duplicated structures, warped signage, invented text, watermark, logo, low detail, blur",Real Haunted Places/Australia,1.0,False
0132 | Real Haunted Places/Australia/Aradale Asylum — Storm Aftermath,"Aradale Asylum, the large former psychiatric complex at Ararat, long brick wards, covered walkways and overgrown grounds, after a passing storm, wet stone and reflective ground, broken cloud, wind-tossed vegetation, dramatic but believable light and restrained supernatural unease, no people present, environment-first composition, highly detailed architecture and surfaces, coherent spatial layout, cinematic depth, polished colour separation, subtle volumetric atmosphere, realistic materials, professional horror production design","people as main subject, visible monster as main subject, graphic gore, inaccurate landmark replacement, modern clutter, bright cheerful mood, malformed architecture, impossible perspective, duplicated structures, warped signage, invented text, watermark, logo, low detail, blur",Real Haunted Places/Australia,1.0,False
0133 | Real Haunted Places/Australia/Fremantle Prison — Blue Hour,"Fremantle Prison, the historic limestone prison in Western Australia, central cellblock, iron galleries, exercise yards and tunnel system, during blue hour, cool ambient light, architectural detail retained, light ground mist, respectful documentary-horror atmosphere and a carefully composed wide view, no people present, environment-first composition, highly detailed architecture and surfaces, coherent spatial layout, cinematic depth, polished colour separation, subtle volumetric atmosphere, realistic materials, professional horror production design","people as main subject, visible monster as main subject, graphic gore, inaccurate landmark replacement, modern clutter, bright cheerful mood, malformed architecture, impossible perspective, duplicated structures, warped signage, invented text, watermark, logo, low detail, blur",Real Haunted Places/Australia,1.0,False
0134 | Real Haunted Places/Australia/Fremantle Prison — Midnight Fog,"Fremantle Prison, the historic limestone prison in Western Australia, central cellblock, iron galleries, exercise yards and tunnel system, after midnight, subtle fog, limited warm practical lights, deep readable shadows, historically coherent surfaces and an empty cinematic composition, no people present, environment-first composition, highly detailed architecture and surfaces, coherent spatial layout, cinematic depth, polished colour separation, subtle volumetric atmosphere, realistic materials, professional horror production design","people as main subject, visible monster as main subject, graphic gore, inaccurate landmark replacement, modern clutter, bright cheerful mood, malformed architecture, impossible perspective, duplicated structures, warped signage, invented text, watermark, logo, low detail, blur",Real Haunted Places/Australia,1.0,False
0135 | Real Haunted Places/Australia/Fremantle Prison — Storm Aftermath,"Fremantle Prison, the historic limestone prison in Western Australia, central cellblock, iron galleries, exercise yards and tunnel system, after a passing storm, wet stone and reflective ground, broken cloud, wind-tossed vegetation, dramatic but believable light and restrained supernatural unease, no people present, environment-first composition, highly detailed architecture and surfaces, coherent spatial layout, cinematic depth, polished colour separation, subtle volumetric atmosphere, realistic materials, professional horror production design","people as main subject, visible monster as main subject, graphic gore, inaccurate landmark replacement, modern clutter, bright cheerful mood, malformed architecture, impossible perspective, duplicated structures, warped signage, invented text, watermark, logo, low detail, blur",Real Haunted Places/Australia,1.0,False
