name,prompt,negative_prompt,category,weight,favorite
"0001 | United Kingdom/Tower Bridge, London - Dawn","Tower Bridge in London, blue suspension elements, twin stone towers, River Thames, riverside warehouses, at dawn, cool sky, first lights fading, long clean shadows","incorrect landmark geometry, generic substitute architecture, warped signage, invented text, floating structures, impossible perspective, duplicated buildings, empty featureless setting, low detail, blur, watermark",United Kingdom,1.0,False
"0002 | United Kingdom/Tower Bridge, London - Clear Morning","Tower Bridge in London, blue suspension elements, twin stone towers, River Thames, riverside warehouses, on a clear morning, crisp facades, fresh light, reflective windows","incorrect landmark geometry, generic substitute architecture, warped signage, invented text, floating structures, impossible perspective, duplicated buildings, empty featureless setting, low detail, blur, watermark",United Kingdom,1.0,False
"0003 | United Kingdom/Tower Bridge, London - Bright Midday","Tower Bridge in London, blue suspension elements, twin stone towers, River Thames, riverside warehouses, at bright midday, strong geometry, hard-edged shadows, vivid surfaces","incorrect landmark geometry, generic substitute architecture, warped signage, invented text, floating structures, impossible perspective, duplicated buildings, empty featureless setting, low detail, blur, watermark",United Kingdom,1.0,False
"0004 | United Kingdom/Tower Bridge, London - Soft Overcast","Tower Bridge in London, blue suspension elements, twin stone towers, River Thames, riverside warehouses, under soft overcast light, even tones, saturated materials, subdued sky","incorrect landmark geometry, generic substitute architecture, warped signage, invented text, floating structures, impossible perspective, duplicated buildings, empty featureless setting, low detail, blur, watermark",United Kingdom,1.0,False
"0005 | United Kingdom/Tower Bridge, London - Late Afternoon","Tower Bridge in London, blue suspension elements, twin stone towers, River Thames, riverside warehouses, in late afternoon, warm side light, long shadows, glowing stone and glass","incorrect landmark geometry, generic substitute architecture, warped signage, invented text, floating structures, impossible perspective, duplicated buildings, empty featureless setting, low detail, blur, watermark",United Kingdom,1.0,False
"0006 | United Kingdom/Tower Bridge, London - Blue Hour","Tower Bridge in London, blue suspension elements, twin stone towers, River Thames, riverside warehouses, during blue hour, deep cobalt sky, warm windows, streetlights beginning to glow","incorrect landmark geometry, generic substitute architecture, warped signage, invented text, floating structures, impossible perspective, duplicated buildings, empty featureless setting, low detail, blur, watermark",United Kingdom,1.0,False
"0007 | United Kingdom/Tower Bridge, London - After Rain","Tower Bridge in London, blue suspension elements, twin stone towers, River Thames, riverside warehouses, just after rain, wet pavement, mirror-like reflections, clean air","incorrect landmark geometry, generic substitute architecture, warped signage, invented text, floating structures, impossible perspective, duplicated buildings, empty featureless setting, low detail, blur, watermark",United Kingdom,1.0,False
"0008 | United Kingdom/Tower Bridge, London - Night Lights","Tower Bridge in London, blue suspension elements, twin stone towers, River Thames, riverside warehouses, at night, illuminated facades, coloured signs, dark reflective streets","incorrect landmark geometry, generic substitute architecture, warped signage, invented text, floating structures, impossible perspective, duplicated buildings, empty featureless setting, low detail, blur, watermark",United Kingdom,1.0,False
"0009 | United Kingdom/Tower Bridge, London - Quiet Weekend","Tower Bridge in London, blue suspension elements, twin stone towers, River Thames, riverside warehouses, on a quiet early weekend, clear sightlines, calm streets, orderly details","incorrect landmark geometry, generic substitute architecture, warped signage, invented text, floating structures, impossible perspective, duplicated buildings, empty featureless setting, low detail, blur, watermark",United Kingdom,1.0,False
"0010 | United Kingdom/Tower Bridge, London - Storm Clearing","Tower Bridge in London, blue suspension elements, twin stone towers, River Thames, riverside warehouses, as a storm clears, dramatic clouds separating, bright shafts of light, wet surfaces","incorrect landmark geometry, generic substitute architecture, warped signage, invented text, floating structures, impossible perspective, duplicated buildings, empty featureless setting, low detail, blur, watermark",United Kingdom,1.0,False
"0011 | United Kingdom/Notting Hill, London - Dawn","Notting Hill in London, pastel terraced houses, wrought-iron railings, leafy pavement, curved residential street, at dawn, pale sky, soft light revealing carved stone and aged surfaces","incorrect landmark geometry, generic substitute architecture, warped signage, invented text, floating structures, impossible perspective, duplicated buildings, empty featureless setting, low detail, blur, watermark",United Kingdom,1.0,False
"0012 | United Kingdom/Notting Hill, London - Clear Morning","Notting Hill in London, pastel terraced houses, wrought-iron railings, leafy pavement, curved residential street, on a clear morning, crisp masonry, open courtyards, clean architectural detail","incorrect landmark geometry, generic substitute architecture, warped signage, invented text, floating structures, impossible perspective, duplicated buildings, empty featureless setting, low detail, blur, watermark",United Kingdom,1.0,False
"0013 | United Kingdom/Notting Hill, London - Bright Midday","Notting Hill in London, pastel terraced houses, wrought-iron railings, leafy pavement, curved residential street, at bright midday, strong shadows beneath arches and balconies","incorrect landmark geometry, generic substitute architecture, warped signage, invented text, floating structures, impossible perspective, duplicated buildings, empty featureless setting, low detail, blur, watermark",United Kingdom,1.0,False
"0014 | United Kingdom/Notting Hill, London - Soft Overcast","Notting Hill in London, pastel terraced houses, wrought-iron railings, leafy pavement, curved residential street, under soft overcast light, weathered textures evenly visible","incorrect landmark geometry, generic substitute architecture, warped signage, invented text, floating structures, impossible perspective, duplicated buildings, empty featureless setting, low detail, blur, watermark",United Kingdom,1.0,False
"0015 | United Kingdom/Notting Hill, London - Late Afternoon","Notting Hill in London, pastel terraced houses, wrought-iron railings, leafy pavement, curved residential street, in late afternoon, warm light grazing stonework, long shadows across paving","incorrect landmark geometry, generic substitute architecture, warped signage, invented text, floating structures, impossible perspective, duplicated buildings, empty featureless setting, low detail, blur, watermark",United Kingdom,1.0,False
"0016 | United Kingdom/Notting Hill, London - Blue Hour","Notting Hill in London, pastel terraced houses, wrought-iron railings, leafy pavement, curved residential street, during blue hour, lanterns and windows glowing against deepening sky","incorrect landmark geometry, generic substitute architecture, warped signage, invented text, floating structures, impossible perspective, duplicated buildings, empty featureless setting, low detail, blur, watermark",United Kingdom,1.0,False
"0017 | United Kingdom/Notting Hill, London - After Rain","Notting Hill in London, pastel terraced houses, wrought-iron railings, leafy pavement, curved residential street, just after rain, darkened stone, reflective paving, fresh colour in old facades","incorrect landmark geometry, generic substitute architecture, warped signage, invented text, floating structures, impossible perspective, duplicated buildings, empty featureless setting, low detail, blur, watermark",United Kingdom,1.0,False
"0018 | United Kingdom/Notting Hill, London - Night Illumination","Notting Hill in London, pastel terraced houses, wrought-iron railings, leafy pavement, curved residential street, at night, carefully lit monuments, dark sky, warm pools of light","incorrect landmark geometry, generic substitute architecture, warped signage, invented text, floating structures, impossible perspective, duplicated buildings, empty featureless setting, low detail, blur, watermark",United Kingdom,1.0,False
"0019 | United Kingdom/Notting Hill, London - Quiet Morning","Notting Hill in London, pastel terraced houses, wrought-iron railings, leafy pavement, curved residential street, during a quiet early morning, uncluttered lanes, still courtyards, clear geometry","incorrect landmark geometry, generic substitute architecture, warped signage, invented text, floating structures, impossible perspective, duplicated buildings, empty featureless setting, low detail, blur, watermark",United Kingdom,1.0,False
"0020 | United Kingdom/Notting Hill, London - Storm Clearing","Notting Hill in London, pastel terraced houses, wrought-iron railings, leafy pavement, curved residential street, as clouds break after a storm, bright light striking towers and rooftops","incorrect landmark geometry, generic substitute architecture, warped signage, invented text, floating structures, impossible perspective, duplicated buildings, empty featureless setting, low detail, blur, watermark",United Kingdom,1.0,False
"0021 | United Kingdom/Piccadilly Circus, London - Dawn","Piccadilly Circus in London, curved digital screens, Shaftesbury Memorial Fountain, red buses, stone commercial facades, at dawn, cool sky, first lights fading, long clean shadows","incorrect landmark geometry, generic substitute architecture, warped signage, invented text, floating structures, impossible perspective, duplicated buildings, empty featureless setting, low detail, blur, watermark",United Kingdom,1.0,False
"0022 | United Kingdom/Piccadilly Circus, London - Clear Morning","Piccadilly Circus in London, curved digital screens, Shaftesbury Memorial Fountain, red buses, stone commercial facades, on a clear morning, crisp facades, fresh light, reflective windows","incorrect landmark geometry, generic substitute architecture, warped signage, invented text, floating structures, impossible perspective, duplicated buildings, empty featureless setting, low detail, blur, watermark",United Kingdom,1.0,False
"0023 | United Kingdom/Piccadilly Circus, London - Bright Midday","Piccadilly Circus in London, curved digital screens, Shaftesbury Memorial Fountain, red buses, stone commercial facades, at bright midday, strong geometry, hard-edged shadows, vivid surfaces","incorrect landmark geometry, generic substitute architecture, warped signage, invented text, floating structures, impossible perspective, duplicated buildings, empty featureless setting, low detail, blur, watermark",United Kingdom,1.0,False
"0024 | United Kingdom/Piccadilly Circus, London - Soft Overcast","Piccadilly Circus in London, curved digital screens, Shaftesbury Memorial Fountain, red buses, stone commercial facades, under soft overcast light, even tones, saturated materials, subdued sky","incorrect landmark geometry, generic substitute architecture, warped signage, invented text, floating structures, impossible perspective, duplicated buildings, empty featureless setting, low detail, blur, watermark",United Kingdom,1.0,False
"0025 | United Kingdom/Piccadilly Circus, London - Late Afternoon","Piccadilly Circus in London, curved digital screens, Shaftesbury Memorial Fountain, red buses, stone commercial facades, in late afternoon, warm side light, long shadows, glowing stone and glass","incorrect landmark geometry, generic substitute architecture, warped signage, invented text, floating structures, impossible perspective, duplicated buildings, empty featureless setting, low detail, blur, watermark",United Kingdom,1.0,False
"0026 | United Kingdom/Piccadilly Circus, London - Blue Hour","Piccadilly Circus in London, curved digital screens, Shaftesbury Memorial Fountain, red buses, stone commercial facades, during blue hour, deep cobalt sky, warm windows, streetlights beginning to glow","incorrect landmark geometry, generic substitute architecture, warped signage, invented text, floating structures, impossible perspective, duplicated buildings, empty featureless setting, low detail, blur, watermark",United Kingdom,1.0,False
"0027 | United Kingdom/Piccadilly Circus, London - After Rain","Piccadilly Circus in London, curved digital screens, Shaftesbury Memorial Fountain, red buses, stone commercial facades, just after rain, wet pavement, mirror-like reflections, clean air","incorrect landmark geometry, generic substitute architecture, warped signage, invented text, floating structures, impossible perspective, duplicated buildings, empty featureless setting, low detail, blur, watermark",United Kingdom,1.0,False
"0028 | United Kingdom/Piccadilly Circus, London - Night Lights","Piccadilly Circus in London, curved digital screens, Shaftesbury Memorial Fountain, red buses, stone commercial facades, at night, illuminated facades, coloured signs, dark reflective streets","incorrect landmark geometry, generic substitute architecture, warped signage, invented text, floating structures, impossible perspective, duplicated buildings, empty featureless setting, low detail, blur, watermark",United Kingdom,1.0,False
"0029 | United Kingdom/Piccadilly Circus, London - Quiet Weekend","Piccadilly Circus in London, curved digital screens, Shaftesbury Memorial Fountain, red buses, stone commercial facades, on a quiet early weekend, clear sightlines, calm streets, orderly details","incorrect landmark geometry, generic substitute architecture, warped signage, invented text, floating structures, impossible perspective, duplicated buildings, empty featureless setting, low detail, blur, watermark",United Kingdom,1.0,False
"0030 | United Kingdom/Piccadilly Circus, London - Storm Clearing","Piccadilly Circus in London, curved digital screens, Shaftesbury Memorial Fountain, red buses, stone commercial facades, as a storm clears, dramatic clouds separating, bright shafts of light, wet surfaces","incorrect landmark geometry, generic substitute architecture, warped signage, invented text, floating structures, impossible perspective, duplicated buildings, empty featureless setting, low detail, blur, watermark",United Kingdom,1.0,False
"0031 | United States/Times Square, New York - Dawn","Times Square in New York, towering digital billboards, dense theatre facades, broad pedestrian plazas, yellow taxis, at dawn, cool sky, first lights fading, long clean shadows","incorrect landmark geometry, generic substitute architecture, warped signage, invented text, floating structures, impossible perspective, duplicated buildings, empty featureless setting, low detail, blur, watermark",United States,1.0,False
"0032 | United States/Times Square, New York - Clear Morning","Times Square in New York, towering digital billboards, dense theatre facades, broad pedestrian plazas, yellow taxis, on a clear morning, crisp facades, fresh light, reflective windows","incorrect landmark geometry, generic substitute architecture, warped signage, invented text, floating structures, impossible perspective, duplicated buildings, empty featureless setting, low detail, blur, watermark",United States,1.0,False
"0033 | United States/Times Square, New York - Bright Midday","Times Square in New York, towering digital billboards, dense theatre facades, broad pedestrian plazas, yellow taxis, at bright midday, strong geometry, hard-edged shadows, vivid surfaces","incorrect landmark geometry, generic substitute architecture, warped signage, invented text, floating structures, impossible perspective, duplicated buildings, empty featureless setting, low detail, blur, watermark",United States,1.0,False
"0034 | United States/Times Square, New York - Soft Overcast","Times Square in New York, towering digital billboards, dense theatre facades, broad pedestrian plazas, yellow taxis, under soft overcast light, even tones, saturated materials, subdued sky","incorrect landmark geometry, generic substitute architecture, warped signage, invented text, floating structures, impossible perspective, duplicated buildings, empty featureless setting, low detail, blur, watermark",United States,1.0,False
"0035 | United States/Times Square, New York - Late Afternoon","Times Square in New York, towering digital billboards, dense theatre facades, broad pedestrian plazas, yellow taxis, in late afternoon, warm side light, long shadows, glowing stone and glass","incorrect landmark geometry, generic substitute architecture, warped signage, invented text, floating structures, impossible perspective, duplicated buildings, empty featureless setting, low detail, blur, watermark",United States,1.0,False
"0036 | United States/Times Square, New York - Blue Hour","Times Square in New York, towering digital billboards, dense theatre facades, broad pedestrian plazas, yellow taxis, during blue hour, deep cobalt sky, warm windows, streetlights beginning to glow","incorrect landmark geometry, generic substitute architecture, warped signage, invented text, floating structures, impossible perspective, duplicated buildings, empty featureless setting, low detail, blur, watermark",United States,1.0,False
"0037 | United States/Times Square, New York - After Rain","Times Square in New York, towering digital billboards, dense theatre facades, broad pedestrian plazas, yellow taxis, just after rain, wet pavement, mirror-like reflections, clean air","incorrect landmark geometry, generic substitute architecture, warped signage, invented text, floating structures, impossible perspective, duplicated buildings, empty featureless setting, low detail, blur, watermark",United States,1.0,False
"0038 | United States/Times Square, New York - Night Lights","Times Square in New York, towering digital billboards, dense theatre facades, broad pedestrian plazas, yellow taxis, at night, illuminated facades, coloured signs, dark reflective streets","incorrect landmark geometry, generic substitute architecture, warped signage, invented text, floating structures, impossible perspective, duplicated buildings, empty featureless setting, low detail, blur, watermark",United States,1.0,False
"0039 | United States/Times Square, New York - Quiet Weekend","Times Square in New York, towering digital billboards, dense theatre facades, broad pedestrian plazas, yellow taxis, on a quiet early weekend, clear sightlines, calm streets, orderly details","incorrect landmark geometry, generic substitute architecture, warped signage, invented text, floating structures, impossible perspective, duplicated buildings, empty featureless setting, low detail, blur, watermark",United States,1.0,False
"0040 | United States/Times Square, New York - Storm Clearing","Times Square in New York, towering digital billboards, dense theatre facades, broad pedestrian plazas, yellow taxis, as a storm clears, dramatic clouds separating, bright shafts of light, wet surfaces","incorrect landmark geometry, generic substitute architecture, warped signage, invented text, floating structures, impossible perspective, duplicated buildings, empty featureless setting, low detail, blur, watermark",United States,1.0,False
"0041 | United States/DUMBO And Brooklyn Bridge, New York - Dawn","DUMBO in Brooklyn, Manhattan Bridge framed between brick warehouses, cobbled street, distant skyline, at dawn, cool sky, first lights fading, long clean shadows","incorrect landmark geometry, generic substitute architecture, warped signage, invented text, floating structures, impossible perspective, duplicated buildings, empty featureless setting, low detail, blur, watermark",United States,1.0,False
"0042 | United States/DUMBO And Brooklyn Bridge, New York - Clear Morning","DUMBO in Brooklyn, Manhattan Bridge framed between brick warehouses, cobbled street, distant skyline, on a clear morning, crisp facades, fresh light, reflective windows","incorrect landmark geometry, generic substitute architecture, warped signage, invented text, floating structures, impossible perspective, duplicated buildings, empty featureless setting, low detail, blur, watermark",United States,1.0,False
"0043 | United States/DUMBO And Brooklyn Bridge, New York - Bright Midday","DUMBO in Brooklyn, Manhattan Bridge framed between brick warehouses, cobbled street, distant skyline, at bright midday, strong geometry, hard-edged shadows, vivid surfaces","incorrect landmark geometry, generic substitute architecture, warped signage, invented text, floating structures, impossible perspective, duplicated buildings, empty featureless setting, low detail, blur, watermark",United States,1.0,False
"0044 | United States/DUMBO And Brooklyn Bridge, New York - Soft Overcast","DUMBO in Brooklyn, Manhattan Bridge framed between brick warehouses, cobbled street, distant skyline, under soft overcast light, even tones, saturated materials, subdued sky","incorrect landmark geometry, generic substitute architecture, warped signage, invented text, floating structures, impossible perspective, duplicated buildings, empty featureless setting, low detail, blur, watermark",United States,1.0,False
"0045 | United States/DUMBO And Brooklyn Bridge, New York - Late Afternoon","DUMBO in Brooklyn, Manhattan Bridge framed between brick warehouses, cobbled street, distant skyline, in late afternoon, warm side light, long shadows, glowing stone and glass","incorrect landmark geometry, generic substitute architecture, warped signage, invented text, floating structures, impossible perspective, duplicated buildings, empty featureless setting, low detail, blur, watermark",United States,1.0,False
"0046 | United States/DUMBO And Brooklyn Bridge, New York - Blue Hour","DUMBO in Brooklyn, Manhattan Bridge framed between brick warehouses, cobbled street, distant skyline, during blue hour, deep cobalt sky, warm windows, streetlights beginning to glow","incorrect landmark geometry, generic substitute architecture, warped signage, invented text, floating structures, impossible perspective, duplicated buildings, empty featureless setting, low detail, blur, watermark",United States,1.0,False
"0047 | United States/DUMBO And Brooklyn Bridge, New York - After Rain","DUMBO in Brooklyn, Manhattan Bridge framed between brick warehouses, cobbled street, distant skyline, just after rain, wet pavement, mirror-like reflections, clean air","incorrect landmark geometry, generic substitute architecture, warped signage, invented text, floating structures, impossible perspective, duplicated buildings, empty featureless setting, low detail, blur, watermark",United States,1.0,False
"0048 | United States/DUMBO And Brooklyn Bridge, New York - Night Lights","DUMBO in Brooklyn, Manhattan Bridge framed between brick warehouses, cobbled street, distant skyline, at night, illuminated facades, coloured signs, dark reflective streets","incorrect landmark geometry, generic substitute architecture, warped signage, invented text, floating structures, impossible perspective, duplicated buildings, empty featureless setting, low detail, blur, watermark",United States,1.0,False
"0049 | United States/DUMBO And Brooklyn Bridge, New York - Quiet Weekend","DUMBO in Brooklyn, Manhattan Bridge framed between brick warehouses, cobbled street, distant skyline, on a quiet early weekend, clear sightlines, calm streets, orderly details","incorrect landmark geometry, generic substitute architecture, warped signage, invented text, floating structures, impossible perspective, duplicated buildings, empty featureless setting, low detail, blur, watermark",United States,1.0,False
"0050 | United States/DUMBO And Brooklyn Bridge, New York - Storm Clearing","DUMBO in Brooklyn, Manhattan Bridge framed between brick warehouses, cobbled street, distant skyline, as a storm clears, dramatic clouds separating, bright shafts of light, wet surfaces","incorrect landmark geometry, generic substitute architecture, warped signage, invented text, floating structures, impossible perspective, duplicated buildings, empty featureless setting, low detail, blur, watermark",United States,1.0,False
"0051 | United States/Bethesda Terrace, Central Park - Dawn","Bethesda Terrace in Central Park, sandstone arches, grand staircase, fountain plaza, leafy mall, at dawn, cool sky, first lights fading, long clean shadows","incorrect landmark geometry, generic substitute architecture, warped signage, invented text, floating structures, impossible perspective, duplicated buildings, empty featureless setting, low detail, blur, watermark",United States,1.0,False
"0052 | United States/Bethesda Terrace, Central Park - Clear Morning","Bethesda Terrace in Central Park, sandstone arches, grand staircase, fountain plaza, leafy mall, on a clear morning, crisp facades, fresh light, reflective windows","incorrect landmark geometry, generic substitute architecture, warped signage, invented text, floating structures, impossible perspective, duplicated buildings, empty featureless setting, low detail, blur, watermark",United States,1.0,False
"0053 | United States/Bethesda Terrace, Central Park - Bright Midday","Bethesda Terrace in Central Park, sandstone arches, grand staircase, fountain plaza, leafy mall, at bright midday, strong geometry, hard-edged shadows, vivid surfaces","incorrect landmark geometry, generic substitute architecture, warped signage, invented text, floating structures, impossible perspective, duplicated buildings, empty featureless setting, low detail, blur, watermark",United States,1.0,False
"0054 | United States/Bethesda Terrace, Central Park - Soft Overcast","Bethesda Terrace in Central Park, sandstone arches, grand staircase, fountain plaza, leafy mall, under soft overcast light, even tones, saturated materials, subdued sky","incorrect landmark geometry, generic substitute architecture, warped signage, invented text, floating structures, impossible perspective, duplicated buildings, empty featureless setting, low detail, blur, watermark",United States,1.0,False
"0055 | United States/Bethesda Terrace, Central Park - Late Afternoon","Bethesda Terrace in Central Park, sandstone arches, grand staircase, fountain plaza, leafy mall, in late afternoon, warm side light, long shadows, glowing stone and glass","incorrect landmark geometry, generic substitute architecture, warped signage, invented text, floating structures, impossible perspective, duplicated buildings, empty featureless setting, low detail, blur, watermark",United States,1.0,False
"0056 | United States/Bethesda Terrace, Central Park - Blue Hour","Bethesda Terrace in Central Park, sandstone arches, grand staircase, fountain plaza, leafy mall, during blue hour, deep cobalt sky, warm windows, streetlights beginning to glow","incorrect landmark geometry, generic substitute architecture, warped signage, invented text, floating structures, impossible perspective, duplicated buildings, empty featureless setting, low detail, blur, watermark",United States,1.0,False
"0057 | United States/Bethesda Terrace, Central Park - After Rain","Bethesda Terrace in Central Park, sandstone arches, grand staircase, fountain plaza, leafy mall, just after rain, wet pavement, mirror-like reflections, clean air","incorrect landmark geometry, generic substitute architecture, warped signage, invented text, floating structures, impossible perspective, duplicated buildings, empty featureless setting, low detail, blur, watermark",United States,1.0,False
"0058 | United States/Bethesda Terrace, Central Park - Night Lights","Bethesda Terrace in Central Park, sandstone arches, grand staircase, fountain plaza, leafy mall, at night, illuminated facades, coloured signs, dark reflective streets","incorrect landmark geometry, generic substitute architecture, warped signage, invented text, floating structures, impossible perspective, duplicated buildings, empty featureless setting, low detail, blur, watermark",United States,1.0,False
"0059 | United States/Bethesda Terrace, Central Park - Quiet Weekend","Bethesda Terrace in Central Park, sandstone arches, grand staircase, fountain plaza, leafy mall, on a quiet early weekend, clear sightlines, calm streets, orderly details","incorrect landmark geometry, generic substitute architecture, warped signage, invented text, floating structures, impossible perspective, duplicated buildings, empty featureless setting, low detail, blur, watermark",United States,1.0,False
"0060 | United States/Bethesda Terrace, Central Park - Storm Clearing","Bethesda Terrace in Central Park, sandstone arches, grand staircase, fountain plaza, leafy mall, as a storm clears, dramatic clouds separating, bright shafts of light, wet surfaces","incorrect landmark geometry, generic substitute architecture, warped signage, invented text, floating structures, impossible perspective, duplicated buildings, empty featureless setting, low detail, blur, watermark",United States,1.0,False
"0061 | United States/Hollywood Boulevard, Los Angeles - Dawn","Hollywood Boulevard in Los Angeles, terrazzo star pavement, theatre marquees, palm trees, low-rise commercial facades, at dawn, cool sky, first lights fading, long clean shadows","incorrect landmark geometry, generic substitute architecture, warped signage, invented text, floating structures, impossible perspective, duplicated buildings, empty featureless setting, low detail, blur, watermark",United States,1.0,False
"0062 | United States/Hollywood Boulevard, Los Angeles - Clear Morning","Hollywood Boulevard in Los Angeles, terrazzo star pavement, theatre marquees, palm trees, low-rise commercial facades, on a clear morning, crisp facades, fresh light, reflective windows","incorrect landmark geometry, generic substitute architecture, warped signage, invented text, floating structures, impossible perspective, duplicated buildings, empty featureless setting, low detail, blur, watermark",United States,1.0,False
"0063 | United States/Hollywood Boulevard, Los Angeles - Bright Midday","Hollywood Boulevard in Los Angeles, terrazzo star pavement, theatre marquees, palm trees, low-rise commercial facades, at bright midday, strong geometry, hard-edged shadows, vivid surfaces","incorrect landmark geometry, generic substitute architecture, warped signage, invented text, floating structures, impossible perspective, duplicated buildings, empty featureless setting, low detail, blur, watermark",United States,1.0,False
"0064 | United States/Hollywood Boulevard, Los Angeles - Soft Overcast","Hollywood Boulevard in Los Angeles, terrazzo star pavement, theatre marquees, palm trees, low-rise commercial facades, under soft overcast light, even tones, saturated materials, subdued sky","incorrect landmark geometry, generic substitute architecture, warped signage, invented text, floating structures, impossible perspective, duplicated buildings, empty featureless setting, low detail, blur, watermark",United States,1.0,False
"0065 | United States/Hollywood Boulevard, Los Angeles - Late Afternoon","Hollywood Boulevard in Los Angeles, terrazzo star pavement, theatre marquees, palm trees, low-rise commercial facades, in late afternoon, warm side light, long shadows, glowing stone and glass","incorrect landmark geometry, generic substitute architecture, warped signage, invented text, floating structures, impossible perspective, duplicated buildings, empty featureless setting, low detail, blur, watermark",United States,1.0,False
"0066 | United States/Hollywood Boulevard, Los Angeles - Blue Hour","Hollywood Boulevard in Los Angeles, terrazzo star pavement, theatre marquees, palm trees, low-rise commercial facades, during blue hour, deep cobalt sky, warm windows, streetlights beginning to glow","incorrect landmark geometry, generic substitute architecture, warped signage, invented text, floating structures, impossible perspective, duplicated buildings, empty featureless setting, low detail, blur, watermark",United States,1.0,False
"0067 | United States/Hollywood Boulevard, Los Angeles - After Rain","Hollywood Boulevard in Los Angeles, terrazzo star pavement, theatre marquees, palm trees, low-rise commercial facades, just after rain, wet pavement, mirror-like reflections, clean air","incorrect landmark geometry, generic substitute architecture, warped signage, invented text, floating structures, impossible perspective, duplicated buildings, empty featureless setting, low detail, blur, watermark",United States,1.0,False
"0068 | United States/Hollywood Boulevard, Los Angeles - Night Lights","Hollywood Boulevard in Los Angeles, terrazzo star pavement, theatre marquees, palm trees, low-rise commercial facades, at night, illuminated facades, coloured signs, dark reflective streets","incorrect landmark geometry, generic substitute architecture, warped signage, invented text, floating structures, impossible perspective, duplicated buildings, empty featureless setting, low detail, blur, watermark",United States,1.0,False
"0069 | United States/Hollywood Boulevard, Los Angeles - Quiet Weekend","Hollywood Boulevard in Los Angeles, terrazzo star pavement, theatre marquees, palm trees, low-rise commercial facades, on a quiet early weekend, clear sightlines, calm streets, orderly details","incorrect landmark geometry, generic substitute architecture, warped signage, invented text, floating structures, impossible perspective, duplicated buildings, empty featureless setting, low detail, blur, watermark",United States,1.0,False
"0070 | United States/Hollywood Boulevard, Los Angeles - Storm Clearing","Hollywood Boulevard in Los Angeles, terrazzo star pavement, theatre marquees, palm trees, low-rise commercial facades, as a storm clears, dramatic clouds separating, bright shafts of light, wet surfaces","incorrect landmark geometry, generic substitute architecture, warped signage, invented text, floating structures, impossible perspective, duplicated buildings, empty featureless setting, low detail, blur, watermark",United States,1.0,False
"0071 | United States/Santa Monica Pier, California - Dawn","Santa Monica Pier, Ferris wheel, wooden boardwalk, Pacific surf, wide beach, distant coastline, at dawn, cool sky, first lights fading, long clean shadows","incorrect landmark geometry, generic substitute architecture, warped signage, invented text, floating structures, impossible perspective, duplicated buildings, empty featureless setting, low detail, blur, watermark",United States,1.0,False
"0072 | United States/Santa Monica Pier, California - Clear Morning","Santa Monica Pier, Ferris wheel, wooden boardwalk, Pacific surf, wide beach, distant coastline, on a clear morning, crisp facades, fresh light, reflective windows","incorrect landmark geometry, generic substitute architecture, warped signage, invented text, floating structures, impossible perspective, duplicated buildings, empty featureless setting, low detail, blur, watermark",United States,1.0,False
"0073 | United States/Santa Monica Pier, California - Bright Midday","Santa Monica Pier, Ferris wheel, wooden boardwalk, Pacific surf, wide beach, distant coastline, at bright midday, strong geometry, hard-edged shadows, vivid surfaces","incorrect landmark geometry, generic substitute architecture, warped signage, invented text, floating structures, impossible perspective, duplicated buildings, empty featureless setting, low detail, blur, watermark",United States,1.0,False
"0074 | United States/Santa Monica Pier, California - Soft Overcast","Santa Monica Pier, Ferris wheel, wooden boardwalk, Pacific surf, wide beach, distant coastline, under soft overcast light, even tones, saturated materials, subdued sky","incorrect landmark geometry, generic substitute architecture, warped signage, invented text, floating structures, impossible perspective, duplicated buildings, empty featureless setting, low detail, blur, watermark",United States,1.0,False
"0075 | United States/Santa Monica Pier, California - Late Afternoon","Santa Monica Pier, Ferris wheel, wooden boardwalk, Pacific surf, wide beach, distant coastline, in late afternoon, warm side light, long shadows, glowing stone and glass","incorrect landmark geometry, generic substitute architecture, warped signage, invented text, floating structures, impossible perspective, duplicated buildings, empty featureless setting, low detail, blur, watermark",United States,1.0,False
"0076 | United States/Santa Monica Pier, California - Blue Hour","Santa Monica Pier, Ferris wheel, wooden boardwalk, Pacific surf, wide beach, distant coastline, during blue hour, deep cobalt sky, warm windows, streetlights beginning to glow","incorrect landmark geometry, generic substitute architecture, warped signage, invented text, floating structures, impossible perspective, duplicated buildings, empty featureless setting, low detail, blur, watermark",United States,1.0,False
"0077 | United States/Santa Monica Pier, California - After Rain","Santa Monica Pier, Ferris wheel, wooden boardwalk, Pacific surf, wide beach, distant coastline, just after rain, wet pavement, mirror-like reflections, clean air","incorrect landmark geometry, generic substitute architecture, warped signage, invented text, floating structures, impossible perspective, duplicated buildings, empty featureless setting, low detail, blur, watermark",United States,1.0,False
"0078 | United States/Santa Monica Pier, California - Night Lights","Santa Monica Pier, Ferris wheel, wooden boardwalk, Pacific surf, wide beach, distant coastline, at night, illuminated facades, coloured signs, dark reflective streets","incorrect landmark geometry, generic substitute architecture, warped signage, invented text, floating structures, impossible perspective, duplicated buildings, empty featureless setting, low detail, blur, watermark",United States,1.0,False
"0079 | United States/Santa Monica Pier, California - Quiet Weekend","Santa Monica Pier, Ferris wheel, wooden boardwalk, Pacific surf, wide beach, distant coastline, on a quiet early weekend, clear sightlines, calm streets, orderly details","incorrect landmark geometry, generic substitute architecture, warped signage, invented text, floating structures, impossible perspective, duplicated buildings, empty featureless setting, low detail, blur, watermark",United States,1.0,False
"0080 | United States/Santa Monica Pier, California - Storm Clearing","Santa Monica Pier, Ferris wheel, wooden boardwalk, Pacific surf, wide beach, distant coastline, as a storm clears, dramatic clouds separating, bright shafts of light, wet surfaces","incorrect landmark geometry, generic substitute architecture, warped signage, invented text, floating structures, impossible perspective, duplicated buildings, empty featureless setting, low detail, blur, watermark",United States,1.0,False
"0081 | United States/Golden Gate Bridge, San Francisco - Dawn","Golden Gate Bridge in San Francisco, orange towers, suspension cables, blue bay, Marin headlands, at dawn, cool sky, first lights fading, long clean shadows","incorrect landmark geometry, generic substitute architecture, warped signage, invented text, floating structures, impossible perspective, duplicated buildings, empty featureless setting, low detail, blur, watermark",United States,1.0,False
"0082 | United States/Golden Gate Bridge, San Francisco - Clear Morning","Golden Gate Bridge in San Francisco, orange towers, suspension cables, blue bay, Marin headlands, on a clear morning, crisp facades, fresh light, reflective windows","incorrect landmark geometry, generic substitute architecture, warped signage, invented text, floating structures, impossible perspective, duplicated buildings, empty featureless setting, low detail, blur, watermark",United States,1.0,False
"0083 | United States/Golden Gate Bridge, San Francisco - Bright Midday","Golden Gate Bridge in San Francisco, orange towers, suspension cables, blue bay, Marin headlands, at bright midday, strong geometry, hard-edged shadows, vivid surfaces","incorrect landmark geometry, generic substitute architecture, warped signage, invented text, floating structures, impossible perspective, duplicated buildings, empty featureless setting, low detail, blur, watermark",United States,1.0,False
"0084 | United States/Golden Gate Bridge, San Francisco - Soft Overcast","Golden Gate Bridge in San Francisco, orange towers, suspension cables, blue bay, Marin headlands, under soft overcast light, even tones, saturated materials, subdued sky","incorrect landmark geometry, generic substitute architecture, warped signage, invented text, floating structures, impossible perspective, duplicated buildings, empty featureless setting, low detail, blur, watermark",United States,1.0,False
"0085 | United States/Golden Gate Bridge, San Francisco - Late Afternoon","Golden Gate Bridge in San Francisco, orange towers, suspension cables, blue bay, Marin headlands, in late afternoon, warm side light, long shadows, glowing stone and glass","incorrect landmark geometry, generic substitute architecture, warped signage, invented text, floating structures, impossible perspective, duplicated buildings, empty featureless setting, low detail, blur, watermark",United States,1.0,False
"0086 | United States/Golden Gate Bridge, San Francisco - Blue Hour","Golden Gate Bridge in San Francisco, orange towers, suspension cables, blue bay, Marin headlands, during blue hour, deep cobalt sky, warm windows, streetlights beginning to glow","incorrect landmark geometry, generic substitute architecture, warped signage, invented text, floating structures, impossible perspective, duplicated buildings, empty featureless setting, low detail, blur, watermark",United States,1.0,False
"0087 | United States/Golden Gate Bridge, San Francisco - After Rain","Golden Gate Bridge in San Francisco, orange towers, suspension cables, blue bay, Marin headlands, just after rain, wet pavement, mirror-like reflections, clean air","incorrect landmark geometry, generic substitute architecture, warped signage, invented text, floating structures, impossible perspective, duplicated buildings, empty featureless setting, low detail, blur, watermark",United States,1.0,False
"0088 | United States/Golden Gate Bridge, San Francisco - Night Lights","Golden Gate Bridge in San Francisco, orange towers, suspension cables, blue bay, Marin headlands, at night, illuminated facades, coloured signs, dark reflective streets","incorrect landmark geometry, generic substitute architecture, warped signage, invented text, floating structures, impossible perspective, duplicated buildings, empty featureless setting, low detail, blur, watermark",United States,1.0,False
"0089 | United States/Golden Gate Bridge, San Francisco - Quiet Weekend","Golden Gate Bridge in San Francisco, orange towers, suspension cables, blue bay, Marin headlands, on a quiet early weekend, clear sightlines, calm streets, orderly details","incorrect landmark geometry, generic substitute architecture, warped signage, invented text, floating structures, impossible perspective, duplicated buildings, empty featureless setting, low detail, blur, watermark",United States,1.0,False
"0090 | United States/Golden Gate Bridge, San Francisco - Storm Clearing","Golden Gate Bridge in San Francisco, orange towers, suspension cables, blue bay, Marin headlands, as a storm clears, dramatic clouds separating, bright shafts of light, wet surfaces","incorrect landmark geometry, generic substitute architecture, warped signage, invented text, floating structures, impossible perspective, duplicated buildings, empty featureless setting, low detail, blur, watermark",United States,1.0,False
"0091 | United States/Chinatown, San Francisco - Dawn","San Francisco Chinatown, Dragon Gate, red lanterns, colourful signs, narrow shopfronts, steep street, at dawn, cool sky, first lights fading, long clean shadows","incorrect landmark geometry, generic substitute architecture, warped signage, invented text, floating structures, impossible perspective, duplicated buildings, empty featureless setting, low detail, blur, watermark",United States,1.0,False
"0092 | United States/Chinatown, San Francisco - Clear Morning","San Francisco Chinatown, Dragon Gate, red lanterns, colourful signs, narrow shopfronts, steep street, on a clear morning, crisp facades, fresh light, reflective windows","incorrect landmark geometry, generic substitute architecture, warped signage, invented text, floating structures, impossible perspective, duplicated buildings, empty featureless setting, low detail, blur, watermark",United States,1.0,False
"0093 | United States/Chinatown, San Francisco - Bright Midday","San Francisco Chinatown, Dragon Gate, red lanterns, colourful signs, narrow shopfronts, steep street, at bright midday, strong geometry, hard-edged shadows, vivid surfaces","incorrect landmark geometry, generic substitute architecture, warped signage, invented text, floating structures, impossible perspective, duplicated buildings, empty featureless setting, low detail, blur, watermark",United States,1.0,False
"0094 | United States/Chinatown, San Francisco - Soft Overcast","San Francisco Chinatown, Dragon Gate, red lanterns, colourful signs, narrow shopfronts, steep street, under soft overcast light, even tones, saturated materials, subdued sky","incorrect landmark geometry, generic substitute architecture, warped signage, invented text, floating structures, impossible perspective, duplicated buildings, empty featureless setting, low detail, blur, watermark",United States,1.0,False
"0095 | United States/Chinatown, San Francisco - Late Afternoon","San Francisco Chinatown, Dragon Gate, red lanterns, colourful signs, narrow shopfronts, steep street, in late afternoon, warm side light, long shadows, glowing stone and glass","incorrect landmark geometry, generic substitute architecture, warped signage, invented text, floating structures, impossible perspective, duplicated buildings, empty featureless setting, low detail, blur, watermark",United States,1.0,False
"0096 | United States/Chinatown, San Francisco - Blue Hour","San Francisco Chinatown, Dragon Gate, red lanterns, colourful signs, narrow shopfronts, steep street, during blue hour, deep cobalt sky, warm windows, streetlights beginning to glow","incorrect landmark geometry, generic substitute architecture, warped signage, invented text, floating structures, impossible perspective, duplicated buildings, empty featureless setting, low detail, blur, watermark",United States,1.0,False
"0097 | United States/Chinatown, San Francisco - After Rain","San Francisco Chinatown, Dragon Gate, red lanterns, colourful signs, narrow shopfronts, steep street, just after rain, wet pavement, mirror-like reflections, clean air","incorrect landmark geometry, generic substitute architecture, warped signage, invented text, floating structures, impossible perspective, duplicated buildings, empty featureless setting, low detail, blur, watermark",United States,1.0,False
"0098 | United States/Chinatown, San Francisco - Night Lights","San Francisco Chinatown, Dragon Gate, red lanterns, colourful signs, narrow shopfronts, steep street, at night, illuminated facades, coloured signs, dark reflective streets","incorrect landmark geometry, generic substitute architecture, warped signage, invented text, floating structures, impossible perspective, duplicated buildings, empty featureless setting, low detail, blur, watermark",United States,1.0,False
"0099 | United States/Chinatown, San Francisco - Quiet Weekend","San Francisco Chinatown, Dragon Gate, red lanterns, colourful signs, narrow shopfronts, steep street, on a quiet early weekend, clear sightlines, calm streets, orderly details","incorrect landmark geometry, generic substitute architecture, warped signage, invented text, floating structures, impossible perspective, duplicated buildings, empty featureless setting, low detail, blur, watermark",United States,1.0,False
"0100 | United States/Chinatown, San Francisco - Storm Clearing","San Francisco Chinatown, Dragon Gate, red lanterns, colourful signs, narrow shopfronts, steep street, as a storm clears, dramatic clouds separating, bright shafts of light, wet surfaces","incorrect landmark geometry, generic substitute architecture, warped signage, invented text, floating structures, impossible perspective, duplicated buildings, empty featureless setting, low detail, blur, watermark",United States,1.0,False
"0101 | United States/Las Vegas Strip, Nevada - Dawn","Las Vegas Strip, illuminated resort towers, broad boulevard, fountains, neon signs, desert-night sky, at dawn, cool sky, first lights fading, long clean shadows","incorrect landmark geometry, generic substitute architecture, warped signage, invented text, floating structures, impossible perspective, duplicated buildings, empty featureless setting, low detail, blur, watermark",United States,1.0,False
"0102 | United States/Las Vegas Strip, Nevada - Clear Morning","Las Vegas Strip, illuminated resort towers, broad boulevard, fountains, neon signs, desert-night sky, on a clear morning, crisp facades, fresh light, reflective windows","incorrect landmark geometry, generic substitute architecture, warped signage, invented text, floating structures, impossible perspective, duplicated buildings, empty featureless setting, low detail, blur, watermark",United States,1.0,False
"0103 | United States/Las Vegas Strip, Nevada - Bright Midday","Las Vegas Strip, illuminated resort towers, broad boulevard, fountains, neon signs, desert-night sky, at bright midday, strong geometry, hard-edged shadows, vivid surfaces","incorrect landmark geometry, generic substitute architecture, warped signage, invented text, floating structures, impossible perspective, duplicated buildings, empty featureless setting, low detail, blur, watermark",United States,1.0,False
"0104 | United States/Las Vegas Strip, Nevada - Soft Overcast","Las Vegas Strip, illuminated resort towers, broad boulevard, fountains, neon signs, desert-night sky, under soft overcast light, even tones, saturated materials, subdued sky","incorrect landmark geometry, generic substitute architecture, warped signage, invented text, floating structures, impossible perspective, duplicated buildings, empty featureless setting, low detail, blur, watermark",United States,1.0,False
"0105 | United States/Las Vegas Strip, Nevada - Late Afternoon","Las Vegas Strip, illuminated resort towers, broad boulevard, fountains, neon signs, desert-night sky, in late afternoon, warm side light, long shadows, glowing stone and glass","incorrect landmark geometry, generic substitute architecture, warped signage, invented text, floating structures, impossible perspective, duplicated buildings, empty featureless setting, low detail, blur, watermark",United States,1.0,False
"0106 | United States/Las Vegas Strip, Nevada - Blue Hour","Las Vegas Strip, illuminated resort towers, broad boulevard, fountains, neon signs, desert-night sky, during blue hour, deep cobalt sky, warm windows, streetlights beginning to glow","incorrect landmark geometry, generic substitute architecture, warped signage, invented text, floating structures, impossible perspective, duplicated buildings, empty featureless setting, low detail, blur, watermark",United States,1.0,False
"0107 | United States/Las Vegas Strip, Nevada - After Rain","Las Vegas Strip, illuminated resort towers, broad boulevard, fountains, neon signs, desert-night sky, just after rain, wet pavement, mirror-like reflections, clean air","incorrect landmark geometry, generic substitute architecture, warped signage, invented text, floating structures, impossible perspective, duplicated buildings, empty featureless setting, low detail, blur, watermark",United States,1.0,False
"0108 | United States/Las Vegas Strip, Nevada - Night Lights","Las Vegas Strip, illuminated resort towers, broad boulevard, fountains, neon signs, desert-night sky, at night, illuminated facades, coloured signs, dark reflective streets","incorrect landmark geometry, generic substitute architecture, warped signage, invented text, floating structures, impossible perspective, duplicated buildings, empty featureless setting, low detail, blur, watermark",United States,1.0,False
"0109 | United States/Las Vegas Strip, Nevada - Quiet Weekend","Las Vegas Strip, illuminated resort towers, broad boulevard, fountains, neon signs, desert-night sky, on a quiet early weekend, clear sightlines, calm streets, orderly details","incorrect landmark geometry, generic substitute architecture, warped signage, invented text, floating structures, impossible perspective, duplicated buildings, empty featureless setting, low detail, blur, watermark",United States,1.0,False
"0110 | United States/Las Vegas Strip, Nevada - Storm Clearing","Las Vegas Strip, illuminated resort towers, broad boulevard, fountains, neon signs, desert-night sky, as a storm clears, dramatic clouds separating, bright shafts of light, wet surfaces","incorrect landmark geometry, generic substitute architecture, warped signage, invented text, floating structures, impossible perspective, duplicated buildings, empty featureless setting, low detail, blur, watermark",United States,1.0,False
0111 | United States/Chicago Riverwalk - Dawn,"Chicago Riverwalk, steel-and-glass towers, green river, drawbridges, stepped promenades, at dawn, cool sky, first lights fading, long clean shadows","incorrect landmark geometry, generic substitute architecture, warped signage, invented text, floating structures, impossible perspective, duplicated buildings, empty featureless setting, low detail, blur, watermark",United States,1.0,False
0112 | United States/Chicago Riverwalk - Clear Morning,"Chicago Riverwalk, steel-and-glass towers, green river, drawbridges, stepped promenades, on a clear morning, crisp facades, fresh light, reflective windows","incorrect landmark geometry, generic substitute architecture, warped signage, invented text, floating structures, impossible perspective, duplicated buildings, empty featureless setting, low detail, blur, watermark",United States,1.0,False
0113 | United States/Chicago Riverwalk - Bright Midday,"Chicago Riverwalk, steel-and-glass towers, green river, drawbridges, stepped promenades, at bright midday, strong geometry, hard-edged shadows, vivid surfaces","incorrect landmark geometry, generic substitute architecture, warped signage, invented text, floating structures, impossible perspective, duplicated buildings, empty featureless setting, low detail, blur, watermark",United States,1.0,False
0114 | United States/Chicago Riverwalk - Soft Overcast,"Chicago Riverwalk, steel-and-glass towers, green river, drawbridges, stepped promenades, under soft overcast light, even tones, saturated materials, subdued sky","incorrect landmark geometry, generic substitute architecture, warped signage, invented text, floating structures, impossible perspective, duplicated buildings, empty featureless setting, low detail, blur, watermark",United States,1.0,False
0115 | United States/Chicago Riverwalk - Late Afternoon,"Chicago Riverwalk, steel-and-glass towers, green river, drawbridges, stepped promenades, in late afternoon, warm side light, long shadows, glowing stone and glass","incorrect landmark geometry, generic substitute architecture, warped signage, invented text, floating structures, impossible perspective, duplicated buildings, empty featureless setting, low detail, blur, watermark",United States,1.0,False
0116 | United States/Chicago Riverwalk - Blue Hour,"Chicago Riverwalk, steel-and-glass towers, green river, drawbridges, stepped promenades, during blue hour, deep cobalt sky, warm windows, streetlights beginning to glow","incorrect landmark geometry, generic substitute architecture, warped signage, invented text, floating structures, impossible perspective, duplicated buildings, empty featureless setting, low detail, blur, watermark",United States,1.0,False
0117 | United States/Chicago Riverwalk - After Rain,"Chicago Riverwalk, steel-and-glass towers, green river, drawbridges, stepped promenades, just after rain, wet pavement, mirror-like reflections, clean air","incorrect landmark geometry, generic substitute architecture, warped signage, invented text, floating structures, impossible perspective, duplicated buildings, empty featureless setting, low detail, blur, watermark",United States,1.0,False
0118 | United States/Chicago Riverwalk - Night Lights,"Chicago Riverwalk, steel-and-glass towers, green river, drawbridges, stepped promenades, at night, illuminated facades, coloured signs, dark reflective streets","incorrect landmark geometry, generic substitute architecture, warped signage, invented text, floating structures, impossible perspective, duplicated buildings, empty featureless setting, low detail, blur, watermark",United States,1.0,False
0119 | United States/Chicago Riverwalk - Quiet Weekend,"Chicago Riverwalk, steel-and-glass towers, green river, drawbridges, stepped promenades, on a quiet early weekend, clear sightlines, calm streets, orderly details","incorrect landmark geometry, generic substitute architecture, warped signage, invented text, floating structures, impossible perspective, duplicated buildings, empty featureless setting, low detail, blur, watermark",United States,1.0,False
0120 | United States/Chicago Riverwalk - Storm Clearing,"Chicago Riverwalk, steel-and-glass towers, green river, drawbridges, stepped promenades, as a storm clears, dramatic clouds separating, bright shafts of light, wet surfaces","incorrect landmark geometry, generic substitute architecture, warped signage, invented text, floating structures, impossible perspective, duplicated buildings, empty featureless setting, low detail, blur, watermark",United States,1.0,False
"0121 | United States/French Quarter, New Orleans - Dawn","French Quarter in New Orleans, cast-iron balconies, pastel stucco walls, shuttered windows, worn pavement, at dawn, cool sky, first lights fading, long clean shadows","incorrect landmark geometry, generic substitute architecture, warped signage, invented text, floating structures, impossible perspective, duplicated buildings, empty featureless setting, low detail, blur, watermark",United States,1.0,False
"0122 | United States/French Quarter, New Orleans - Clear Morning","French Quarter in New Orleans, cast-iron balconies, pastel stucco walls, shuttered windows, worn pavement, on a clear morning, crisp facades, fresh light, reflective windows","incorrect landmark geometry, generic substitute architecture, warped signage, invented text, floating structures, impossible perspective, duplicated buildings, empty featureless setting, low detail, blur, watermark",United States,1.0,False
"0123 | United States/French Quarter, New Orleans - Bright Midday","French Quarter in New Orleans, cast-iron balconies, pastel stucco walls, shuttered windows, worn pavement, at bright midday, strong geometry, hard-edged shadows, vivid surfaces","incorrect landmark geometry, generic substitute architecture, warped signage, invented text, floating structures, impossible perspective, duplicated buildings, empty featureless setting, low detail, blur, watermark",United States,1.0,False
"0124 | United States/French Quarter, New Orleans - Soft Overcast","French Quarter in New Orleans, cast-iron balconies, pastel stucco walls, shuttered windows, worn pavement, under soft overcast light, even tones, saturated materials, subdued sky","incorrect landmark geometry, generic substitute architecture, warped signage, invented text, floating structures, impossible perspective, duplicated buildings, empty featureless setting, low detail, blur, watermark",United States,1.0,False
"0125 | United States/French Quarter, New Orleans - Late Afternoon","French Quarter in New Orleans, cast-iron balconies, pastel stucco walls, shuttered windows, worn pavement, in late afternoon, warm side light, long shadows, glowing stone and glass","incorrect landmark geometry, generic substitute architecture, warped signage, invented text, floating structures, impossible perspective, duplicated buildings, empty featureless setting, low detail, blur, watermark",United States,1.0,False
"0126 | United States/French Quarter, New Orleans - Blue Hour","French Quarter in New Orleans, cast-iron balconies, pastel stucco walls, shuttered windows, worn pavement, during blue hour, deep cobalt sky, warm windows, streetlights beginning to glow","incorrect landmark geometry, generic substitute architecture, warped signage, invented text, floating structures, impossible perspective, duplicated buildings, empty featureless setting, low detail, blur, watermark",United States,1.0,False
"0127 | United States/French Quarter, New Orleans - After Rain","French Quarter in New Orleans, cast-iron balconies, pastel stucco walls, shuttered windows, worn pavement, just after rain, wet pavement, mirror-like reflections, clean air","incorrect landmark geometry, generic substitute architecture, warped signage, invented text, floating structures, impossible perspective, duplicated buildings, empty featureless setting, low detail, blur, watermark",United States,1.0,False
"0128 | United States/French Quarter, New Orleans - Night Lights","French Quarter in New Orleans, cast-iron balconies, pastel stucco walls, shuttered windows, worn pavement, at night, illuminated facades, coloured signs, dark reflective streets","incorrect landmark geometry, generic substitute architecture, warped signage, invented text, floating structures, impossible perspective, duplicated buildings, empty featureless setting, low detail, blur, watermark",United States,1.0,False
"0129 | United States/French Quarter, New Orleans - Quiet Weekend","French Quarter in New Orleans, cast-iron balconies, pastel stucco walls, shuttered windows, worn pavement, on a quiet early weekend, clear sightlines, calm streets, orderly details","incorrect landmark geometry, generic substitute architecture, warped signage, invented text, floating structures, impossible perspective, duplicated buildings, empty featureless setting, low detail, blur, watermark",United States,1.0,False
"0130 | United States/French Quarter, New Orleans - Storm Clearing","French Quarter in New Orleans, cast-iron balconies, pastel stucco walls, shuttered windows, worn pavement, as a storm clears, dramatic clouds separating, bright shafts of light, wet surfaces","incorrect landmark geometry, generic substitute architecture, warped signage, invented text, floating structures, impossible perspective, duplicated buildings, empty featureless setting, low detail, blur, watermark",United States,1.0,False
"0131 | United States/Ocean Drive, Miami Beach - Dawn","Ocean Drive in Miami Beach, pastel Art Deco hotels, palm trees, neon signs, broad tropical boulevard, at dawn, cool sky, first lights fading, long clean shadows","incorrect landmark geometry, generic substitute architecture, warped signage, invented text, floating structures, impossible perspective, duplicated buildings, empty featureless setting, low detail, blur, watermark",United States,1.0,False
"0132 | United States/Ocean Drive, Miami Beach - Clear Morning","Ocean Drive in Miami Beach, pastel Art Deco hotels, palm trees, neon signs, broad tropical boulevard, on a clear morning, crisp facades, fresh light, reflective windows","incorrect landmark geometry, generic substitute architecture, warped signage, invented text, floating structures, impossible perspective, duplicated buildings, empty featureless setting, low detail, blur, watermark",United States,1.0,False
"0133 | United States/Ocean Drive, Miami Beach - Bright Midday","Ocean Drive in Miami Beach, pastel Art Deco hotels, palm trees, neon signs, broad tropical boulevard, at bright midday, strong geometry, hard-edged shadows, vivid surfaces","incorrect landmark geometry, generic substitute architecture, warped signage, invented text, floating structures, impossible perspective, duplicated buildings, empty featureless setting, low detail, blur, watermark",United States,1.0,False
"0134 | United States/Ocean Drive, Miami Beach - Soft Overcast","Ocean Drive in Miami Beach, pastel Art Deco hotels, palm trees, neon signs, broad tropical boulevard, under soft overcast light, even tones, saturated materials, subdued sky","incorrect landmark geometry, generic substitute architecture, warped signage, invented text, floating structures, impossible perspective, duplicated buildings, empty featureless setting, low detail, blur, watermark",United States,1.0,False
"0135 | United States/Ocean Drive, Miami Beach - Late Afternoon","Ocean Drive in Miami Beach, pastel Art Deco hotels, palm trees, neon signs, broad tropical boulevard, in late afternoon, warm side light, long shadows, glowing stone and glass","incorrect landmark geometry, generic substitute architecture, warped signage, invented text, floating structures, impossible perspective, duplicated buildings, empty featureless setting, low detail, blur, watermark",United States,1.0,False
"0136 | United States/Ocean Drive, Miami Beach - Blue Hour","Ocean Drive in Miami Beach, pastel Art Deco hotels, palm trees, neon signs, broad tropical boulevard, during blue hour, deep cobalt sky, warm windows, streetlights beginning to glow","incorrect landmark geometry, generic substitute architecture, warped signage, invented text, floating structures, impossible perspective, duplicated buildings, empty featureless setting, low detail, blur, watermark",United States,1.0,False
"0137 | United States/Ocean Drive, Miami Beach - After Rain","Ocean Drive in Miami Beach, pastel Art Deco hotels, palm trees, neon signs, broad tropical boulevard, just after rain, wet pavement, mirror-like reflections, clean air","incorrect landmark geometry, generic substitute architecture, warped signage, invented text, floating structures, impossible perspective, duplicated buildings, empty featureless setting, low detail, blur, watermark",United States,1.0,False
"0138 | United States/Ocean Drive, Miami Beach - Night Lights","Ocean Drive in Miami Beach, pastel Art Deco hotels, palm trees, neon signs, broad tropical boulevard, at night, illuminated facades, coloured signs, dark reflective streets","incorrect landmark geometry, generic substitute architecture, warped signage, invented text, floating structures, impossible perspective, duplicated buildings, empty featureless setting, low detail, blur, watermark",United States,1.0,False
"0139 | United States/Ocean Drive, Miami Beach - Quiet Weekend","Ocean Drive in Miami Beach, pastel Art Deco hotels, palm trees, neon signs, broad tropical boulevard, on a quiet early weekend, clear sightlines, calm streets, orderly details","incorrect landmark geometry, generic substitute architecture, warped signage, invented text, floating structures, impossible perspective, duplicated buildings, empty featureless setting, low detail, blur, watermark",United States,1.0,False
"0140 | United States/Ocean Drive, Miami Beach - Storm Clearing","Ocean Drive in Miami Beach, pastel Art Deco hotels, palm trees, neon signs, broad tropical boulevard, as a storm clears, dramatic clouds separating, bright shafts of light, wet surfaces","incorrect landmark geometry, generic substitute architecture, warped signage, invented text, floating structures, impossible perspective, duplicated buildings, empty featureless setting, low detail, blur, watermark",United States,1.0,False
"0141 | United Kingdom/Westminster And Big Ben, London - Dawn","Westminster Palace and Elizabeth Tower beside the River Thames, Gothic Revival stonework, Westminster Bridge, classic London traffic and embankment details, at dawn, cool first light, quiet surroundings and long soft shadows","incorrect landmark geometry, generic substitute architecture, warped signage, invented text, floating structures, impossible perspective, duplicated buildings, empty featureless setting, low detail, blur, watermark",United Kingdom,1.0,False
"0142 | United Kingdom/Westminster And Big Ben, London - Clear Morning","Westminster Palace and Elizabeth Tower beside the River Thames, Gothic Revival stonework, Westminster Bridge, classic London traffic and embankment details, on a clear morning, crisp facades, fresh light and reflective surfaces","incorrect landmark geometry, generic substitute architecture, warped signage, invented text, floating structures, impossible perspective, duplicated buildings, empty featureless setting, low detail, blur, watermark",United Kingdom,1.0,False
"0143 | United Kingdom/Westminster And Big Ben, London - Bright Midday","Westminster Palace and Elizabeth Tower beside the River Thames, Gothic Revival stonework, Westminster Bridge, classic London traffic and embankment details, at bright midday, strong geometry, hard-edged shadows and vivid materials","incorrect landmark geometry, generic substitute architecture, warped signage, invented text, floating structures, impossible perspective, duplicated buildings, empty featureless setting, low detail, blur, watermark",United Kingdom,1.0,False
"0144 | United Kingdom/Westminster And Big Ben, London - Soft Overcast","Westminster Palace and Elizabeth Tower beside the River Thames, Gothic Revival stonework, Westminster Bridge, classic London traffic and embankment details, under soft overcast light, even tones, saturated materials and a subdued sky","incorrect landmark geometry, generic substitute architecture, warped signage, invented text, floating structures, impossible perspective, duplicated buildings, empty featureless setting, low detail, blur, watermark",United Kingdom,1.0,False
"0145 | United Kingdom/Westminster And Big Ben, London - Late Afternoon","Westminster Palace and Elizabeth Tower beside the River Thames, Gothic Revival stonework, Westminster Bridge, classic London traffic and embankment details, in late afternoon, warm side light, long shadows and glowing architectural detail","incorrect landmark geometry, generic substitute architecture, warped signage, invented text, floating structures, impossible perspective, duplicated buildings, empty featureless setting, low detail, blur, watermark",United Kingdom,1.0,False
"0146 | United Kingdom/Westminster And Big Ben, London - Blue Hour","Westminster Palace and Elizabeth Tower beside the River Thames, Gothic Revival stonework, Westminster Bridge, classic London traffic and embankment details, during blue hour, a deep cobalt sky, warm windows and streetlights beginning to glow","incorrect landmark geometry, generic substitute architecture, warped signage, invented text, floating structures, impossible perspective, duplicated buildings, empty featureless setting, low detail, blur, watermark",United Kingdom,1.0,False
"0147 | United Kingdom/Westminster And Big Ben, London - After Rain","Westminster Palace and Elizabeth Tower beside the River Thames, Gothic Revival stonework, Westminster Bridge, classic London traffic and embankment details, just after rain, wet pavement, mirror-like reflections and unusually clear air","incorrect landmark geometry, generic substitute architecture, warped signage, invented text, floating structures, impossible perspective, duplicated buildings, empty featureless setting, low detail, blur, watermark",United Kingdom,1.0,False
"0148 | United Kingdom/Westminster And Big Ben, London - Night Lights","Westminster Palace and Elizabeth Tower beside the River Thames, Gothic Revival stonework, Westminster Bridge, classic London traffic and embankment details, at night, illuminated facades, coloured practical lights and dark reflective streets","incorrect landmark geometry, generic substitute architecture, warped signage, invented text, floating structures, impossible perspective, duplicated buildings, empty featureless setting, low detail, blur, watermark",United Kingdom,1.0,False
"0149 | United Kingdom/Westminster And Big Ben, London - Quiet Weekend","Westminster Palace and Elizabeth Tower beside the River Thames, Gothic Revival stonework, Westminster Bridge, classic London traffic and embankment details, during a quiet early weekend, clear sightlines, calm streets and orderly environmental detail","incorrect landmark geometry, generic substitute architecture, warped signage, invented text, floating structures, impossible perspective, duplicated buildings, empty featureless setting, low detail, blur, watermark",United Kingdom,1.0,False
"0150 | United Kingdom/Westminster And Big Ben, London - Storm Clearing","Westminster Palace and Elizabeth Tower beside the River Thames, Gothic Revival stonework, Westminster Bridge, classic London traffic and embankment details, as a storm clears, dramatic clouds separating, bright shafts of light and wet surfaces","incorrect landmark geometry, generic substitute architecture, warped signage, invented text, floating structures, impossible perspective, duplicated buildings, empty featureless setting, low detail, blur, watermark",United Kingdom,1.0,False
"0151 | United Kingdom/Covent Garden, London - Dawn","Covent Garden piazza and market halls, arched glass-and-iron roof, elegant stone facades, street-performer space, refined central London atmosphere, at dawn, cool first light, quiet surroundings and long soft shadows","incorrect landmark geometry, generic substitute architecture, warped signage, invented text, floating structures, impossible perspective, duplicated buildings, empty featureless setting, low detail, blur, watermark",United Kingdom,1.0,False
"0152 | United Kingdom/Covent Garden, London - Clear Morning","Covent Garden piazza and market halls, arched glass-and-iron roof, elegant stone facades, street-performer space, refined central London atmosphere, on a clear morning, crisp facades, fresh light and reflective surfaces","incorrect landmark geometry, generic substitute architecture, warped signage, invented text, floating structures, impossible perspective, duplicated buildings, empty featureless setting, low detail, blur, watermark",United Kingdom,1.0,False
"0153 | United Kingdom/Covent Garden, London - Bright Midday","Covent Garden piazza and market halls, arched glass-and-iron roof, elegant stone facades, street-performer space, refined central London atmosphere, at bright midday, strong geometry, hard-edged shadows and vivid materials","incorrect landmark geometry, generic substitute architecture, warped signage, invented text, floating structures, impossible perspective, duplicated buildings, empty featureless setting, low detail, blur, watermark",United Kingdom,1.0,False
"0154 | United Kingdom/Covent Garden, London - Soft Overcast","Covent Garden piazza and market halls, arched glass-and-iron roof, elegant stone facades, street-performer space, refined central London atmosphere, under soft overcast light, even tones, saturated materials and a subdued sky","incorrect landmark geometry, generic substitute architecture, warped signage, invented text, floating structures, impossible perspective, duplicated buildings, empty featureless setting, low detail, blur, watermark",United Kingdom,1.0,False
"0155 | United Kingdom/Covent Garden, London - Late Afternoon","Covent Garden piazza and market halls, arched glass-and-iron roof, elegant stone facades, street-performer space, refined central London atmosphere, in late afternoon, warm side light, long shadows and glowing architectural detail","incorrect landmark geometry, generic substitute architecture, warped signage, invented text, floating structures, impossible perspective, duplicated buildings, empty featureless setting, low detail, blur, watermark",United Kingdom,1.0,False
"0156 | United Kingdom/Covent Garden, London - Blue Hour","Covent Garden piazza and market halls, arched glass-and-iron roof, elegant stone facades, street-performer space, refined central London atmosphere, during blue hour, a deep cobalt sky, warm windows and streetlights beginning to glow","incorrect landmark geometry, generic substitute architecture, warped signage, invented text, floating structures, impossible perspective, duplicated buildings, empty featureless setting, low detail, blur, watermark",United Kingdom,1.0,False
"0157 | United Kingdom/Covent Garden, London - After Rain","Covent Garden piazza and market halls, arched glass-and-iron roof, elegant stone facades, street-performer space, refined central London atmosphere, just after rain, wet pavement, mirror-like reflections and unusually clear air","incorrect landmark geometry, generic substitute architecture, warped signage, invented text, floating structures, impossible perspective, duplicated buildings, empty featureless setting, low detail, blur, watermark",United Kingdom,1.0,False
"0158 | United Kingdom/Covent Garden, London - Night Lights","Covent Garden piazza and market halls, arched glass-and-iron roof, elegant stone facades, street-performer space, refined central London atmosphere, at night, illuminated facades, coloured practical lights and dark reflective streets","incorrect landmark geometry, generic substitute architecture, warped signage, invented text, floating structures, impossible perspective, duplicated buildings, empty featureless setting, low detail, blur, watermark",United Kingdom,1.0,False
"0159 | United Kingdom/Covent Garden, London - Quiet Weekend","Covent Garden piazza and market halls, arched glass-and-iron roof, elegant stone facades, street-performer space, refined central London atmosphere, during a quiet early weekend, clear sightlines, calm streets and orderly environmental detail","incorrect landmark geometry, generic substitute architecture, warped signage, invented text, floating structures, impossible perspective, duplicated buildings, empty featureless setting, low detail, blur, watermark",United Kingdom,1.0,False
"0160 | United Kingdom/Covent Garden, London - Storm Clearing","Covent Garden piazza and market halls, arched glass-and-iron roof, elegant stone facades, street-performer space, refined central London atmosphere, as a storm clears, dramatic clouds separating, bright shafts of light and wet surfaces","incorrect landmark geometry, generic substitute architecture, warped signage, invented text, floating structures, impossible perspective, duplicated buildings, empty featureless setting, low detail, blur, watermark",United Kingdom,1.0,False
"0161 | United Kingdom/Camden Market, London - Dawn","Camden Lock market streets beside the canal, layered shopfronts, brick viaducts, metal railings, lively alternative London character without readable signage, at dawn, cool first light, quiet surroundings and long soft shadows","incorrect landmark geometry, generic substitute architecture, warped signage, invented text, floating structures, impossible perspective, duplicated buildings, empty featureless setting, low detail, blur, watermark",United Kingdom,1.0,False
"0162 | United Kingdom/Camden Market, London - Clear Morning","Camden Lock market streets beside the canal, layered shopfronts, brick viaducts, metal railings, lively alternative London character without readable signage, on a clear morning, crisp facades, fresh light and reflective surfaces","incorrect landmark geometry, generic substitute architecture, warped signage, invented text, floating structures, impossible perspective, duplicated buildings, empty featureless setting, low detail, blur, watermark",United Kingdom,1.0,False
"0163 | United Kingdom/Camden Market, London - Bright Midday","Camden Lock market streets beside the canal, layered shopfronts, brick viaducts, metal railings, lively alternative London character without readable signage, at bright midday, strong geometry, hard-edged shadows and vivid materials","incorrect landmark geometry, generic substitute architecture, warped signage, invented text, floating structures, impossible perspective, duplicated buildings, empty featureless setting, low detail, blur, watermark",United Kingdom,1.0,False
"0164 | United Kingdom/Camden Market, London - Soft Overcast","Camden Lock market streets beside the canal, layered shopfronts, brick viaducts, metal railings, lively alternative London character without readable signage, under soft overcast light, even tones, saturated materials and a subdued sky","incorrect landmark geometry, generic substitute architecture, warped signage, invented text, floating structures, impossible perspective, duplicated buildings, empty featureless setting, low detail, blur, watermark",United Kingdom,1.0,False
"0165 | United Kingdom/Camden Market, London - Late Afternoon","Camden Lock market streets beside the canal, layered shopfronts, brick viaducts, metal railings, lively alternative London character without readable signage, in late afternoon, warm side light, long shadows and glowing architectural detail","incorrect landmark geometry, generic substitute architecture, warped signage, invented text, floating structures, impossible perspective, duplicated buildings, empty featureless setting, low detail, blur, watermark",United Kingdom,1.0,False
"0166 | United Kingdom/Camden Market, London - Blue Hour","Camden Lock market streets beside the canal, layered shopfronts, brick viaducts, metal railings, lively alternative London character without readable signage, during blue hour, a deep cobalt sky, warm windows and streetlights beginning to glow","incorrect landmark geometry, generic substitute architecture, warped signage, invented text, floating structures, impossible perspective, duplicated buildings, empty featureless setting, low detail, blur, watermark",United Kingdom,1.0,False
"0167 | United Kingdom/Camden Market, London - After Rain","Camden Lock market streets beside the canal, layered shopfronts, brick viaducts, metal railings, lively alternative London character without readable signage, just after rain, wet pavement, mirror-like reflections and unusually clear air","incorrect landmark geometry, generic substitute architecture, warped signage, invented text, floating structures, impossible perspective, duplicated buildings, empty featureless setting, low detail, blur, watermark",United Kingdom,1.0,False
"0168 | United Kingdom/Camden Market, London - Night Lights","Camden Lock market streets beside the canal, layered shopfronts, brick viaducts, metal railings, lively alternative London character without readable signage, at night, illuminated facades, coloured practical lights and dark reflective streets","incorrect landmark geometry, generic substitute architecture, warped signage, invented text, floating structures, impossible perspective, duplicated buildings, empty featureless setting, low detail, blur, watermark",United Kingdom,1.0,False
"0169 | United Kingdom/Camden Market, London - Quiet Weekend","Camden Lock market streets beside the canal, layered shopfronts, brick viaducts, metal railings, lively alternative London character without readable signage, during a quiet early weekend, clear sightlines, calm streets and orderly environmental detail","incorrect landmark geometry, generic substitute architecture, warped signage, invented text, floating structures, impossible perspective, duplicated buildings, empty featureless setting, low detail, blur, watermark",United Kingdom,1.0,False
"0170 | United Kingdom/Camden Market, London - Storm Clearing","Camden Lock market streets beside the canal, layered shopfronts, brick viaducts, metal railings, lively alternative London character without readable signage, as a storm clears, dramatic clouds separating, bright shafts of light and wet surfaces","incorrect landmark geometry, generic substitute architecture, warped signage, invented text, floating structures, impossible perspective, duplicated buildings, empty featureless setting, low detail, blur, watermark",United Kingdom,1.0,False
"0171 | United Kingdom/Soho, London - Dawn","narrow Soho streets with Georgian facades, theatre-district glow, intimate restaurants and clubs, black cabs, dense central London night-time character, at dawn, cool first light, quiet surroundings and long soft shadows","incorrect landmark geometry, generic substitute architecture, warped signage, invented text, floating structures, impossible perspective, duplicated buildings, empty featureless setting, low detail, blur, watermark",United Kingdom,1.0,False
"0172 | United Kingdom/Soho, London - Clear Morning","narrow Soho streets with Georgian facades, theatre-district glow, intimate restaurants and clubs, black cabs, dense central London night-time character, on a clear morning, crisp facades, fresh light and reflective surfaces","incorrect landmark geometry, generic substitute architecture, warped signage, invented text, floating structures, impossible perspective, duplicated buildings, empty featureless setting, low detail, blur, watermark",United Kingdom,1.0,False
"0173 | United Kingdom/Soho, London - Bright Midday","narrow Soho streets with Georgian facades, theatre-district glow, intimate restaurants and clubs, black cabs, dense central London night-time character, at bright midday, strong geometry, hard-edged shadows and vivid materials","incorrect landmark geometry, generic substitute architecture, warped signage, invented text, floating structures, impossible perspective, duplicated buildings, empty featureless setting, low detail, blur, watermark",United Kingdom,1.0,False
"0174 | United Kingdom/Soho, London - Soft Overcast","narrow Soho streets with Georgian facades, theatre-district glow, intimate restaurants and clubs, black cabs, dense central London night-time character, under soft overcast light, even tones, saturated materials and a subdued sky","incorrect landmark geometry, generic substitute architecture, warped signage, invented text, floating structures, impossible perspective, duplicated buildings, empty featureless setting, low detail, blur, watermark",United Kingdom,1.0,False
"0175 | United Kingdom/Soho, London - Late Afternoon","narrow Soho streets with Georgian facades, theatre-district glow, intimate restaurants and clubs, black cabs, dense central London night-time character, in late afternoon, warm side light, long shadows and glowing architectural detail","incorrect landmark geometry, generic substitute architecture, warped signage, invented text, floating structures, impossible perspective, duplicated buildings, empty featureless setting, low detail, blur, watermark",United Kingdom,1.0,False
"0176 | United Kingdom/Soho, London - Blue Hour","narrow Soho streets with Georgian facades, theatre-district glow, intimate restaurants and clubs, black cabs, dense central London night-time character, during blue hour, a deep cobalt sky, warm windows and streetlights beginning to glow","incorrect landmark geometry, generic substitute architecture, warped signage, invented text, floating structures, impossible perspective, duplicated buildings, empty featureless setting, low detail, blur, watermark",United Kingdom,1.0,False
"0177 | United Kingdom/Soho, London - After Rain","narrow Soho streets with Georgian facades, theatre-district glow, intimate restaurants and clubs, black cabs, dense central London night-time character, just after rain, wet pavement, mirror-like reflections and unusually clear air","incorrect landmark geometry, generic substitute architecture, warped signage, invented text, floating structures, impossible perspective, duplicated buildings, empty featureless setting, low detail, blur, watermark",United Kingdom,1.0,False
"0178 | United Kingdom/Soho, London - Night Lights","narrow Soho streets with Georgian facades, theatre-district glow, intimate restaurants and clubs, black cabs, dense central London night-time character, at night, illuminated facades, coloured practical lights and dark reflective streets","incorrect landmark geometry, generic substitute architecture, warped signage, invented text, floating structures, impossible perspective, duplicated buildings, empty featureless setting, low detail, blur, watermark",United Kingdom,1.0,False
"0179 | United Kingdom/Soho, London - Quiet Weekend","narrow Soho streets with Georgian facades, theatre-district glow, intimate restaurants and clubs, black cabs, dense central London night-time character, during a quiet early weekend, clear sightlines, calm streets and orderly environmental detail","incorrect landmark geometry, generic substitute architecture, warped signage, invented text, floating structures, impossible perspective, duplicated buildings, empty featureless setting, low detail, blur, watermark",United Kingdom,1.0,False
"0180 | United Kingdom/Soho, London - Storm Clearing","narrow Soho streets with Georgian facades, theatre-district glow, intimate restaurants and clubs, black cabs, dense central London night-time character, as a storm clears, dramatic clouds separating, bright shafts of light and wet surfaces","incorrect landmark geometry, generic substitute architecture, warped signage, invented text, floating structures, impossible perspective, duplicated buildings, empty featureless setting, low detail, blur, watermark",United Kingdom,1.0,False
"0181 | United Kingdom/King's Cross And St Pancras, London - Dawn","St Pancras red-brick Gothic Revival frontage beside King's Cross, sweeping station roofs, busy forecourt, taxis and polished urban paving, at dawn, cool first light, quiet surroundings and long soft shadows","incorrect landmark geometry, generic substitute architecture, warped signage, invented text, floating structures, impossible perspective, duplicated buildings, empty featureless setting, low detail, blur, watermark",United Kingdom,1.0,False
"0182 | United Kingdom/King's Cross And St Pancras, London - Clear Morning","St Pancras red-brick Gothic Revival frontage beside King's Cross, sweeping station roofs, busy forecourt, taxis and polished urban paving, on a clear morning, crisp facades, fresh light and reflective surfaces","incorrect landmark geometry, generic substitute architecture, warped signage, invented text, floating structures, impossible perspective, duplicated buildings, empty featureless setting, low detail, blur, watermark",United Kingdom,1.0,False
"0183 | United Kingdom/King's Cross And St Pancras, London - Bright Midday","St Pancras red-brick Gothic Revival frontage beside King's Cross, sweeping station roofs, busy forecourt, taxis and polished urban paving, at bright midday, strong geometry, hard-edged shadows and vivid materials","incorrect landmark geometry, generic substitute architecture, warped signage, invented text, floating structures, impossible perspective, duplicated buildings, empty featureless setting, low detail, blur, watermark",United Kingdom,1.0,False
"0184 | United Kingdom/King's Cross And St Pancras, London - Soft Overcast","St Pancras red-brick Gothic Revival frontage beside King's Cross, sweeping station roofs, busy forecourt, taxis and polished urban paving, under soft overcast light, even tones, saturated materials and a subdued sky","incorrect landmark geometry, generic substitute architecture, warped signage, invented text, floating structures, impossible perspective, duplicated buildings, empty featureless setting, low detail, blur, watermark",United Kingdom,1.0,False
"0185 | United Kingdom/King's Cross And St Pancras, London - Late Afternoon","St Pancras red-brick Gothic Revival frontage beside King's Cross, sweeping station roofs, busy forecourt, taxis and polished urban paving, in late afternoon, warm side light, long shadows and glowing architectural detail","incorrect landmark geometry, generic substitute architecture, warped signage, invented text, floating structures, impossible perspective, duplicated buildings, empty featureless setting, low detail, blur, watermark",United Kingdom,1.0,False
"0186 | United Kingdom/King's Cross And St Pancras, London - Blue Hour","St Pancras red-brick Gothic Revival frontage beside King's Cross, sweeping station roofs, busy forecourt, taxis and polished urban paving, during blue hour, a deep cobalt sky, warm windows and streetlights beginning to glow","incorrect landmark geometry, generic substitute architecture, warped signage, invented text, floating structures, impossible perspective, duplicated buildings, empty featureless setting, low detail, blur, watermark",United Kingdom,1.0,False
"0187 | United Kingdom/King's Cross And St Pancras, London - After Rain","St Pancras red-brick Gothic Revival frontage beside King's Cross, sweeping station roofs, busy forecourt, taxis and polished urban paving, just after rain, wet pavement, mirror-like reflections and unusually clear air","incorrect landmark geometry, generic substitute architecture, warped signage, invented text, floating structures, impossible perspective, duplicated buildings, empty featureless setting, low detail, blur, watermark",United Kingdom,1.0,False
"0188 | United Kingdom/King's Cross And St Pancras, London - Night Lights","St Pancras red-brick Gothic Revival frontage beside King's Cross, sweeping station roofs, busy forecourt, taxis and polished urban paving, at night, illuminated facades, coloured practical lights and dark reflective streets","incorrect landmark geometry, generic substitute architecture, warped signage, invented text, floating structures, impossible perspective, duplicated buildings, empty featureless setting, low detail, blur, watermark",United Kingdom,1.0,False
"0189 | United Kingdom/King's Cross And St Pancras, London - Quiet Weekend","St Pancras red-brick Gothic Revival frontage beside King's Cross, sweeping station roofs, busy forecourt, taxis and polished urban paving, during a quiet early weekend, clear sightlines, calm streets and orderly environmental detail","incorrect landmark geometry, generic substitute architecture, warped signage, invented text, floating structures, impossible perspective, duplicated buildings, empty featureless setting, low detail, blur, watermark",United Kingdom,1.0,False
"0190 | United Kingdom/King's Cross And St Pancras, London - Storm Clearing","St Pancras red-brick Gothic Revival frontage beside King's Cross, sweeping station roofs, busy forecourt, taxis and polished urban paving, as a storm clears, dramatic clouds separating, bright shafts of light and wet surfaces","incorrect landmark geometry, generic substitute architecture, warped signage, invented text, floating structures, impossible perspective, duplicated buildings, empty featureless setting, low detail, blur, watermark",United Kingdom,1.0,False
0191 | United Kingdom/Brighton Palace Pier - Dawn,"Brighton Palace Pier extending over the English Channel, ornate white ironwork, amusement structures, pebble beach and broad seaside promenade, at dawn, cool first light, quiet surroundings and long soft shadows","incorrect landmark geometry, generic substitute architecture, warped signage, invented text, floating structures, impossible perspective, duplicated buildings, empty featureless setting, low detail, blur, watermark",United Kingdom,1.0,False
0192 | United Kingdom/Brighton Palace Pier - Clear Morning,"Brighton Palace Pier extending over the English Channel, ornate white ironwork, amusement structures, pebble beach and broad seaside promenade, on a clear morning, crisp facades, fresh light and reflective surfaces","incorrect landmark geometry, generic substitute architecture, warped signage, invented text, floating structures, impossible perspective, duplicated buildings, empty featureless setting, low detail, blur, watermark",United Kingdom,1.0,False
0193 | United Kingdom/Brighton Palace Pier - Bright Midday,"Brighton Palace Pier extending over the English Channel, ornate white ironwork, amusement structures, pebble beach and broad seaside promenade, at bright midday, strong geometry, hard-edged shadows and vivid materials","incorrect landmark geometry, generic substitute architecture, warped signage, invented text, floating structures, impossible perspective, duplicated buildings, empty featureless setting, low detail, blur, watermark",United Kingdom,1.0,False
0194 | United Kingdom/Brighton Palace Pier - Soft Overcast,"Brighton Palace Pier extending over the English Channel, ornate white ironwork, amusement structures, pebble beach and broad seaside promenade, under soft overcast light, even tones, saturated materials and a subdued sky","incorrect landmark geometry, generic substitute architecture, warped signage, invented text, floating structures, impossible perspective, duplicated buildings, empty featureless setting, low detail, blur, watermark",United Kingdom,1.0,False
0195 | United Kingdom/Brighton Palace Pier - Late Afternoon,"Brighton Palace Pier extending over the English Channel, ornate white ironwork, amusement structures, pebble beach and broad seaside promenade, in late afternoon, warm side light, long shadows and glowing architectural detail","incorrect landmark geometry, generic substitute architecture, warped signage, invented text, floating structures, impossible perspective, duplicated buildings, empty featureless setting, low detail, blur, watermark",United Kingdom,1.0,False
0196 | United Kingdom/Brighton Palace Pier - Blue Hour,"Brighton Palace Pier extending over the English Channel, ornate white ironwork, amusement structures, pebble beach and broad seaside promenade, during blue hour, a deep cobalt sky, warm windows and streetlights beginning to glow","incorrect landmark geometry, generic substitute architecture, warped signage, invented text, floating structures, impossible perspective, duplicated buildings, empty featureless setting, low detail, blur, watermark",United Kingdom,1.0,False
0197 | United Kingdom/Brighton Palace Pier - After Rain,"Brighton Palace Pier extending over the English Channel, ornate white ironwork, amusement structures, pebble beach and broad seaside promenade, just after rain, wet pavement, mirror-like reflections and unusually clear air","incorrect landmark geometry, generic substitute architecture, warped signage, invented text, floating structures, impossible perspective, duplicated buildings, empty featureless setting, low detail, blur, watermark",United Kingdom,1.0,False
0198 | United Kingdom/Brighton Palace Pier - Night Lights,"Brighton Palace Pier extending over the English Channel, ornate white ironwork, amusement structures, pebble beach and broad seaside promenade, at night, illuminated facades, coloured practical lights and dark reflective streets","incorrect landmark geometry, generic substitute architecture, warped signage, invented text, floating structures, impossible perspective, duplicated buildings, empty featureless setting, low detail, blur, watermark",United Kingdom,1.0,False
0199 | United Kingdom/Brighton Palace Pier - Quiet Weekend,"Brighton Palace Pier extending over the English Channel, ornate white ironwork, amusement structures, pebble beach and broad seaside promenade, during a quiet early weekend, clear sightlines, calm streets and orderly environmental detail","incorrect landmark geometry, generic substitute architecture, warped signage, invented text, floating structures, impossible perspective, duplicated buildings, empty featureless setting, low detail, blur, watermark",United Kingdom,1.0,False
0200 | United Kingdom/Brighton Palace Pier - Storm Clearing,"Brighton Palace Pier extending over the English Channel, ornate white ironwork, amusement structures, pebble beach and broad seaside promenade, as a storm clears, dramatic clouds separating, bright shafts of light and wet surfaces","incorrect landmark geometry, generic substitute architecture, warped signage, invented text, floating structures, impossible perspective, duplicated buildings, empty featureless setting, low detail, blur, watermark",United Kingdom,1.0,False
0201 | United Kingdom/Radcliffe Camera And Oxford High Street - Dawn,"Radcliffe Camera and surrounding Oxford college architecture, honey-coloured stone, bicycles, narrow lanes and scholarly English atmosphere, at dawn, cool first light, quiet surroundings and long soft shadows","incorrect landmark geometry, generic substitute architecture, warped signage, invented text, floating structures, impossible perspective, duplicated buildings, empty featureless setting, low detail, blur, watermark",United Kingdom,1.0,False
0202 | United Kingdom/Radcliffe Camera And Oxford High Street - Clear Morning,"Radcliffe Camera and surrounding Oxford college architecture, honey-coloured stone, bicycles, narrow lanes and scholarly English atmosphere, on a clear morning, crisp facades, fresh light and reflective surfaces","incorrect landmark geometry, generic substitute architecture, warped signage, invented text, floating structures, impossible perspective, duplicated buildings, empty featureless setting, low detail, blur, watermark",United Kingdom,1.0,False
0203 | United Kingdom/Radcliffe Camera And Oxford High Street - Bright Midday,"Radcliffe Camera and surrounding Oxford college architecture, honey-coloured stone, bicycles, narrow lanes and scholarly English atmosphere, at bright midday, strong geometry, hard-edged shadows and vivid materials","incorrect landmark geometry, generic substitute architecture, warped signage, invented text, floating structures, impossible perspective, duplicated buildings, empty featureless setting, low detail, blur, watermark",United Kingdom,1.0,False
0204 | United Kingdom/Radcliffe Camera And Oxford High Street - Soft Overcast,"Radcliffe Camera and surrounding Oxford college architecture, honey-coloured stone, bicycles, narrow lanes and scholarly English atmosphere, under soft overcast light, even tones, saturated materials and a subdued sky","incorrect landmark geometry, generic substitute architecture, warped signage, invented text, floating structures, impossible perspective, duplicated buildings, empty featureless setting, low detail, blur, watermark",United Kingdom,1.0,False
0205 | United Kingdom/Radcliffe Camera And Oxford High Street - Late Afternoon,"Radcliffe Camera and surrounding Oxford college architecture, honey-coloured stone, bicycles, narrow lanes and scholarly English atmosphere, in late afternoon, warm side light, long shadows and glowing architectural detail","incorrect landmark geometry, generic substitute architecture, warped signage, invented text, floating structures, impossible perspective, duplicated buildings, empty featureless setting, low detail, blur, watermark",United Kingdom,1.0,False
0206 | United Kingdom/Radcliffe Camera And Oxford High Street - Blue Hour,"Radcliffe Camera and surrounding Oxford college architecture, honey-coloured stone, bicycles, narrow lanes and scholarly English atmosphere, during blue hour, a deep cobalt sky, warm windows and streetlights beginning to glow","incorrect landmark geometry, generic substitute architecture, warped signage, invented text, floating structures, impossible perspective, duplicated buildings, empty featureless setting, low detail, blur, watermark",United Kingdom,1.0,False
0207 | United Kingdom/Radcliffe Camera And Oxford High Street - After Rain,"Radcliffe Camera and surrounding Oxford college architecture, honey-coloured stone, bicycles, narrow lanes and scholarly English atmosphere, just after rain, wet pavement, mirror-like reflections and unusually clear air","incorrect landmark geometry, generic substitute architecture, warped signage, invented text, floating structures, impossible perspective, duplicated buildings, empty featureless setting, low detail, blur, watermark",United Kingdom,1.0,False
0208 | United Kingdom/Radcliffe Camera And Oxford High Street - Night Lights,"Radcliffe Camera and surrounding Oxford college architecture, honey-coloured stone, bicycles, narrow lanes and scholarly English atmosphere, at night, illuminated facades, coloured practical lights and dark reflective streets","incorrect landmark geometry, generic substitute architecture, warped signage, invented text, floating structures, impossible perspective, duplicated buildings, empty featureless setting, low detail, blur, watermark",United Kingdom,1.0,False
0209 | United Kingdom/Radcliffe Camera And Oxford High Street - Quiet Weekend,"Radcliffe Camera and surrounding Oxford college architecture, honey-coloured stone, bicycles, narrow lanes and scholarly English atmosphere, during a quiet early weekend, clear sightlines, calm streets and orderly environmental detail","incorrect landmark geometry, generic substitute architecture, warped signage, invented text, floating structures, impossible perspective, duplicated buildings, empty featureless setting, low detail, blur, watermark",United Kingdom,1.0,False
0210 | United Kingdom/Radcliffe Camera And Oxford High Street - Storm Clearing,"Radcliffe Camera and surrounding Oxford college architecture, honey-coloured stone, bicycles, narrow lanes and scholarly English atmosphere, as a storm clears, dramatic clouds separating, bright shafts of light and wet surfaces","incorrect landmark geometry, generic substitute architecture, warped signage, invented text, floating structures, impossible perspective, duplicated buildings, empty featureless setting, low detail, blur, watermark",United Kingdom,1.0,False
"0211 | United Kingdom/King's College And River Cam, Cambridge - Dawn","King's College chapel beside the River Cam, stone bridges, willow-lined banks, traditional punts and refined university-town character, at dawn, cool first light, quiet surroundings and long soft shadows","incorrect landmark geometry, generic substitute architecture, warped signage, invented text, floating structures, impossible perspective, duplicated buildings, empty featureless setting, low detail, blur, watermark",United Kingdom,1.0,False
"0212 | United Kingdom/King's College And River Cam, Cambridge - Clear Morning","King's College chapel beside the River Cam, stone bridges, willow-lined banks, traditional punts and refined university-town character, on a clear morning, crisp facades, fresh light and reflective surfaces","incorrect landmark geometry, generic substitute architecture, warped signage, invented text, floating structures, impossible perspective, duplicated buildings, empty featureless setting, low detail, blur, watermark",United Kingdom,1.0,False
"0213 | United Kingdom/King's College And River Cam, Cambridge - Bright Midday","King's College chapel beside the River Cam, stone bridges, willow-lined banks, traditional punts and refined university-town character, at bright midday, strong geometry, hard-edged shadows and vivid materials","incorrect landmark geometry, generic substitute architecture, warped signage, invented text, floating structures, impossible perspective, duplicated buildings, empty featureless setting, low detail, blur, watermark",United Kingdom,1.0,False
"0214 | United Kingdom/King's College And River Cam, Cambridge - Soft Overcast","King's College chapel beside the River Cam, stone bridges, willow-lined banks, traditional punts and refined university-town character, under soft overcast light, even tones, saturated materials and a subdued sky","incorrect landmark geometry, generic substitute architecture, warped signage, invented text, floating structures, impossible perspective, duplicated buildings, empty featureless setting, low detail, blur, watermark",United Kingdom,1.0,False
"0215 | United Kingdom/King's College And River Cam, Cambridge - Late Afternoon","King's College chapel beside the River Cam, stone bridges, willow-lined banks, traditional punts and refined university-town character, in late afternoon, warm side light, long shadows and glowing architectural detail","incorrect landmark geometry, generic substitute architecture, warped signage, invented text, floating structures, impossible perspective, duplicated buildings, empty featureless setting, low detail, blur, watermark",United Kingdom,1.0,False
"0216 | United Kingdom/King's College And River Cam, Cambridge - Blue Hour","King's College chapel beside the River Cam, stone bridges, willow-lined banks, traditional punts and refined university-town character, during blue hour, a deep cobalt sky, warm windows and streetlights beginning to glow","incorrect landmark geometry, generic substitute architecture, warped signage, invented text, floating structures, impossible perspective, duplicated buildings, empty featureless setting, low detail, blur, watermark",United Kingdom,1.0,False
"0217 | United Kingdom/King's College And River Cam, Cambridge - After Rain","King's College chapel beside the River Cam, stone bridges, willow-lined banks, traditional punts and refined university-town character, just after rain, wet pavement, mirror-like reflections and unusually clear air","incorrect landmark geometry, generic substitute architecture, warped signage, invented text, floating structures, impossible perspective, duplicated buildings, empty featureless setting, low detail, blur, watermark",United Kingdom,1.0,False
"0218 | United Kingdom/King's College And River Cam, Cambridge - Night Lights","King's College chapel beside the River Cam, stone bridges, willow-lined banks, traditional punts and refined university-town character, at night, illuminated facades, coloured practical lights and dark reflective streets","incorrect landmark geometry, generic substitute architecture, warped signage, invented text, floating structures, impossible perspective, duplicated buildings, empty featureless setting, low detail, blur, watermark",United Kingdom,1.0,False
"0219 | United Kingdom/King's College And River Cam, Cambridge - Quiet Weekend","King's College chapel beside the River Cam, stone bridges, willow-lined banks, traditional punts and refined university-town character, during a quiet early weekend, clear sightlines, calm streets and orderly environmental detail","incorrect landmark geometry, generic substitute architecture, warped signage, invented text, floating structures, impossible perspective, duplicated buildings, empty featureless setting, low detail, blur, watermark",United Kingdom,1.0,False
"0220 | United Kingdom/King's College And River Cam, Cambridge - Storm Clearing","King's College chapel beside the River Cam, stone bridges, willow-lined banks, traditional punts and refined university-town character, as a storm clears, dramatic clouds separating, bright shafts of light and wet surfaces","incorrect landmark geometry, generic substitute architecture, warped signage, invented text, floating structures, impossible perspective, duplicated buildings, empty featureless setting, low detail, blur, watermark",United Kingdom,1.0,False
"0221 | United Kingdom/The Shambles, York - Dawn","The Shambles in York, narrow medieval lane, timber-framed overhanging buildings, uneven stone paving and richly layered English market-town architecture, at dawn, cool first light, quiet surroundings and long soft shadows","incorrect landmark geometry, generic substitute architecture, warped signage, invented text, floating structures, impossible perspective, duplicated buildings, empty featureless setting, low detail, blur, watermark",United Kingdom,1.0,False
"0222 | United Kingdom/The Shambles, York - Clear Morning","The Shambles in York, narrow medieval lane, timber-framed overhanging buildings, uneven stone paving and richly layered English market-town architecture, on a clear morning, crisp facades, fresh light and reflective surfaces","incorrect landmark geometry, generic substitute architecture, warped signage, invented text, floating structures, impossible perspective, duplicated buildings, empty featureless setting, low detail, blur, watermark",United Kingdom,1.0,False
"0223 | United Kingdom/The Shambles, York - Bright Midday","The Shambles in York, narrow medieval lane, timber-framed overhanging buildings, uneven stone paving and richly layered English market-town architecture, at bright midday, strong geometry, hard-edged shadows and vivid materials","incorrect landmark geometry, generic substitute architecture, warped signage, invented text, floating structures, impossible perspective, duplicated buildings, empty featureless setting, low detail, blur, watermark",United Kingdom,1.0,False
"0224 | United Kingdom/The Shambles, York - Soft Overcast","The Shambles in York, narrow medieval lane, timber-framed overhanging buildings, uneven stone paving and richly layered English market-town architecture, under soft overcast light, even tones, saturated materials and a subdued sky","incorrect landmark geometry, generic substitute architecture, warped signage, invented text, floating structures, impossible perspective, duplicated buildings, empty featureless setting, low detail, blur, watermark",United Kingdom,1.0,False
"0225 | United Kingdom/The Shambles, York - Late Afternoon","The Shambles in York, narrow medieval lane, timber-framed overhanging buildings, uneven stone paving and richly layered English market-town architecture, in late afternoon, warm side light, long shadows and glowing architectural detail","incorrect landmark geometry, generic substitute architecture, warped signage, invented text, floating structures, impossible perspective, duplicated buildings, empty featureless setting, low detail, blur, watermark",United Kingdom,1.0,False
"0226 | United Kingdom/The Shambles, York - Blue Hour","The Shambles in York, narrow medieval lane, timber-framed overhanging buildings, uneven stone paving and richly layered English market-town architecture, during blue hour, a deep cobalt sky, warm windows and streetlights beginning to glow","incorrect landmark geometry, generic substitute architecture, warped signage, invented text, floating structures, impossible perspective, duplicated buildings, empty featureless setting, low detail, blur, watermark",United Kingdom,1.0,False
"0227 | United Kingdom/The Shambles, York - After Rain","The Shambles in York, narrow medieval lane, timber-framed overhanging buildings, uneven stone paving and richly layered English market-town architecture, just after rain, wet pavement, mirror-like reflections and unusually clear air","incorrect landmark geometry, generic substitute architecture, warped signage, invented text, floating structures, impossible perspective, duplicated buildings, empty featureless setting, low detail, blur, watermark",United Kingdom,1.0,False
"0228 | United Kingdom/The Shambles, York - Night Lights","The Shambles in York, narrow medieval lane, timber-framed overhanging buildings, uneven stone paving and richly layered English market-town architecture, at night, illuminated facades, coloured practical lights and dark reflective streets","incorrect landmark geometry, generic substitute architecture, warped signage, invented text, floating structures, impossible perspective, duplicated buildings, empty featureless setting, low detail, blur, watermark",United Kingdom,1.0,False
"0229 | United Kingdom/The Shambles, York - Quiet Weekend","The Shambles in York, narrow medieval lane, timber-framed overhanging buildings, uneven stone paving and richly layered English market-town architecture, during a quiet early weekend, clear sightlines, calm streets and orderly environmental detail","incorrect landmark geometry, generic substitute architecture, warped signage, invented text, floating structures, impossible perspective, duplicated buildings, empty featureless setting, low detail, blur, watermark",United Kingdom,1.0,False
"0230 | United Kingdom/The Shambles, York - Storm Clearing","The Shambles in York, narrow medieval lane, timber-framed overhanging buildings, uneven stone paving and richly layered English market-town architecture, as a storm clears, dramatic clouds separating, bright shafts of light and wet surfaces","incorrect landmark geometry, generic substitute architecture, warped signage, invented text, floating structures, impossible perspective, duplicated buildings, empty featureless setting, low detail, blur, watermark",United Kingdom,1.0,False
"0231 | United States/Brooklyn Heights Brownstones, New York - Dawn","tree-lined Brooklyn Heights street with historic brownstone stoops, iron railings, parked city cars and layered New York residential detail, at dawn, cool first light, quiet surroundings and long soft shadows","incorrect landmark geometry, generic substitute architecture, warped signage, invented text, floating structures, impossible perspective, duplicated buildings, empty featureless setting, low detail, blur, watermark",United States,1.0,False
"0232 | United States/Brooklyn Heights Brownstones, New York - Clear Morning","tree-lined Brooklyn Heights street with historic brownstone stoops, iron railings, parked city cars and layered New York residential detail, on a clear morning, crisp facades, fresh light and reflective surfaces","incorrect landmark geometry, generic substitute architecture, warped signage, invented text, floating structures, impossible perspective, duplicated buildings, empty featureless setting, low detail, blur, watermark",United States,1.0,False
"0233 | United States/Brooklyn Heights Brownstones, New York - Bright Midday","tree-lined Brooklyn Heights street with historic brownstone stoops, iron railings, parked city cars and layered New York residential detail, at bright midday, strong geometry, hard-edged shadows and vivid materials","incorrect landmark geometry, generic substitute architecture, warped signage, invented text, floating structures, impossible perspective, duplicated buildings, empty featureless setting, low detail, blur, watermark",United States,1.0,False
"0234 | United States/Brooklyn Heights Brownstones, New York - Soft Overcast","tree-lined Brooklyn Heights street with historic brownstone stoops, iron railings, parked city cars and layered New York residential detail, under soft overcast light, even tones, saturated materials and a subdued sky","incorrect landmark geometry, generic substitute architecture, warped signage, invented text, floating structures, impossible perspective, duplicated buildings, empty featureless setting, low detail, blur, watermark",United States,1.0,False
"0235 | United States/Brooklyn Heights Brownstones, New York - Late Afternoon","tree-lined Brooklyn Heights street with historic brownstone stoops, iron railings, parked city cars and layered New York residential detail, in late afternoon, warm side light, long shadows and glowing architectural detail","incorrect landmark geometry, generic substitute architecture, warped signage, invented text, floating structures, impossible perspective, duplicated buildings, empty featureless setting, low detail, blur, watermark",United States,1.0,False
"0236 | United States/Brooklyn Heights Brownstones, New York - Blue Hour","tree-lined Brooklyn Heights street with historic brownstone stoops, iron railings, parked city cars and layered New York residential detail, during blue hour, a deep cobalt sky, warm windows and streetlights beginning to glow","incorrect landmark geometry, generic substitute architecture, warped signage, invented text, floating structures, impossible perspective, duplicated buildings, empty featureless setting, low detail, blur, watermark",United States,1.0,False
"0237 | United States/Brooklyn Heights Brownstones, New York - After Rain","tree-lined Brooklyn Heights street with historic brownstone stoops, iron railings, parked city cars and layered New York residential detail, just after rain, wet pavement, mirror-like reflections and unusually clear air","incorrect landmark geometry, generic substitute architecture, warped signage, invented text, floating structures, impossible perspective, duplicated buildings, empty featureless setting, low detail, blur, watermark",United States,1.0,False
"0238 | United States/Brooklyn Heights Brownstones, New York - Night Lights","tree-lined Brooklyn Heights street with historic brownstone stoops, iron railings, parked city cars and layered New York residential detail, at night, illuminated facades, coloured practical lights and dark reflective streets","incorrect landmark geometry, generic substitute architecture, warped signage, invented text, floating structures, impossible perspective, duplicated buildings, empty featureless setting, low detail, blur, watermark",United States,1.0,False
"0239 | United States/Brooklyn Heights Brownstones, New York - Quiet Weekend","tree-lined Brooklyn Heights street with historic brownstone stoops, iron railings, parked city cars and layered New York residential detail, during a quiet early weekend, clear sightlines, calm streets and orderly environmental detail","incorrect landmark geometry, generic substitute architecture, warped signage, invented text, floating structures, impossible perspective, duplicated buildings, empty featureless setting, low detail, blur, watermark",United States,1.0,False
"0240 | United States/Brooklyn Heights Brownstones, New York - Storm Clearing","tree-lined Brooklyn Heights street with historic brownstone stoops, iron railings, parked city cars and layered New York residential detail, as a storm clears, dramatic clouds separating, bright shafts of light and wet surfaces","incorrect landmark geometry, generic substitute architecture, warped signage, invented text, floating structures, impossible perspective, duplicated buildings, empty featureless setting, low detail, blur, watermark",United States,1.0,False
"0241 | United States/Classic American Diner, New Jersey - Dawn","chrome-and-neon American roadside diner exterior, broad windows, striped awning, parked classic cars, asphalt forecourt and unmistakable mid-century character without readable signs, at dawn, cool first light, quiet surroundings and long soft shadows","incorrect landmark geometry, generic substitute architecture, warped signage, invented text, floating structures, impossible perspective, duplicated buildings, empty featureless setting, low detail, blur, watermark",United States,1.0,False
"0242 | United States/Classic American Diner, New Jersey - Clear Morning","chrome-and-neon American roadside diner exterior, broad windows, striped awning, parked classic cars, asphalt forecourt and unmistakable mid-century character without readable signs, on a clear morning, crisp facades, fresh light and reflective surfaces","incorrect landmark geometry, generic substitute architecture, warped signage, invented text, floating structures, impossible perspective, duplicated buildings, empty featureless setting, low detail, blur, watermark",United States,1.0,False
"0243 | United States/Classic American Diner, New Jersey - Bright Midday","chrome-and-neon American roadside diner exterior, broad windows, striped awning, parked classic cars, asphalt forecourt and unmistakable mid-century character without readable signs, at bright midday, strong geometry, hard-edged shadows and vivid materials","incorrect landmark geometry, generic substitute architecture, warped signage, invented text, floating structures, impossible perspective, duplicated buildings, empty featureless setting, low detail, blur, watermark",United States,1.0,False
"0244 | United States/Classic American Diner, New Jersey - Soft Overcast","chrome-and-neon American roadside diner exterior, broad windows, striped awning, parked classic cars, asphalt forecourt and unmistakable mid-century character without readable signs, under soft overcast light, even tones, saturated materials and a subdued sky","incorrect landmark geometry, generic substitute architecture, warped signage, invented text, floating structures, impossible perspective, duplicated buildings, empty featureless setting, low detail, blur, watermark",United States,1.0,False
"0245 | United States/Classic American Diner, New Jersey - Late Afternoon","chrome-and-neon American roadside diner exterior, broad windows, striped awning, parked classic cars, asphalt forecourt and unmistakable mid-century character without readable signs, in late afternoon, warm side light, long shadows and glowing architectural detail","incorrect landmark geometry, generic substitute architecture, warped signage, invented text, floating structures, impossible perspective, duplicated buildings, empty featureless setting, low detail, blur, watermark",United States,1.0,False
"0246 | United States/Classic American Diner, New Jersey - Blue Hour","chrome-and-neon American roadside diner exterior, broad windows, striped awning, parked classic cars, asphalt forecourt and unmistakable mid-century character without readable signs, during blue hour, a deep cobalt sky, warm windows and streetlights beginning to glow","incorrect landmark geometry, generic substitute architecture, warped signage, invented text, floating structures, impossible perspective, duplicated buildings, empty featureless setting, low detail, blur, watermark",United States,1.0,False
"0247 | United States/Classic American Diner, New Jersey - After Rain","chrome-and-neon American roadside diner exterior, broad windows, striped awning, parked classic cars, asphalt forecourt and unmistakable mid-century character without readable signs, just after rain, wet pavement, mirror-like reflections and unusually clear air","incorrect landmark geometry, generic substitute architecture, warped signage, invented text, floating structures, impossible perspective, duplicated buildings, empty featureless setting, low detail, blur, watermark",United States,1.0,False
"0248 | United States/Classic American Diner, New Jersey - Night Lights","chrome-and-neon American roadside diner exterior, broad windows, striped awning, parked classic cars, asphalt forecourt and unmistakable mid-century character without readable signs, at night, illuminated facades, coloured practical lights and dark reflective streets","incorrect landmark geometry, generic substitute architecture, warped signage, invented text, floating structures, impossible perspective, duplicated buildings, empty featureless setting, low detail, blur, watermark",United States,1.0,False
"0249 | United States/Classic American Diner, New Jersey - Quiet Weekend","chrome-and-neon American roadside diner exterior, broad windows, striped awning, parked classic cars, asphalt forecourt and unmistakable mid-century character without readable signs, during a quiet early weekend, clear sightlines, calm streets and orderly environmental detail","incorrect landmark geometry, generic substitute architecture, warped signage, invented text, floating structures, impossible perspective, duplicated buildings, empty featureless setting, low detail, blur, watermark",United States,1.0,False
"0250 | United States/Classic American Diner, New Jersey - Storm Clearing","chrome-and-neon American roadside diner exterior, broad windows, striped awning, parked classic cars, asphalt forecourt and unmistakable mid-century character without readable signs, as a storm clears, dramatic clouds separating, bright shafts of light and wet surfaces","incorrect landmark geometry, generic substitute architecture, warped signage, invented text, floating structures, impossible perspective, duplicated buildings, empty featureless setting, low detail, blur, watermark",United States,1.0,False
"0251 | United States/Route 66 Roadside Motel, Arizona - Dawn","low-slung Route 66 roadside motel, desert mountains, vintage carport, glowing vacancy-style shapes without readable text, weathered stucco and wide American highway atmosphere, at dawn, cool first light, quiet surroundings and long soft shadows","incorrect landmark geometry, generic substitute architecture, warped signage, invented text, floating structures, impossible perspective, duplicated buildings, empty featureless setting, low detail, blur, watermark",United States,1.0,False
"0252 | United States/Route 66 Roadside Motel, Arizona - Clear Morning","low-slung Route 66 roadside motel, desert mountains, vintage carport, glowing vacancy-style shapes without readable text, weathered stucco and wide American highway atmosphere, on a clear morning, crisp facades, fresh light and reflective surfaces","incorrect landmark geometry, generic substitute architecture, warped signage, invented text, floating structures, impossible perspective, duplicated buildings, empty featureless setting, low detail, blur, watermark",United States,1.0,False
"0253 | United States/Route 66 Roadside Motel, Arizona - Bright Midday","low-slung Route 66 roadside motel, desert mountains, vintage carport, glowing vacancy-style shapes without readable text, weathered stucco and wide American highway atmosphere, at bright midday, strong geometry, hard-edged shadows and vivid materials","incorrect landmark geometry, generic substitute architecture, warped signage, invented text, floating structures, impossible perspective, duplicated buildings, empty featureless setting, low detail, blur, watermark",United States,1.0,False
"0254 | United States/Route 66 Roadside Motel, Arizona - Soft Overcast","low-slung Route 66 roadside motel, desert mountains, vintage carport, glowing vacancy-style shapes without readable text, weathered stucco and wide American highway atmosphere, under soft overcast light, even tones, saturated materials and a subdued sky","incorrect landmark geometry, generic substitute architecture, warped signage, invented text, floating structures, impossible perspective, duplicated buildings, empty featureless setting, low detail, blur, watermark",United States,1.0,False
"0255 | United States/Route 66 Roadside Motel, Arizona - Late Afternoon","low-slung Route 66 roadside motel, desert mountains, vintage carport, glowing vacancy-style shapes without readable text, weathered stucco and wide American highway atmosphere, in late afternoon, warm side light, long shadows and glowing architectural detail","incorrect landmark geometry, generic substitute architecture, warped signage, invented text, floating structures, impossible perspective, duplicated buildings, empty featureless setting, low detail, blur, watermark",United States,1.0,False
"0256 | United States/Route 66 Roadside Motel, Arizona - Blue Hour","low-slung Route 66 roadside motel, desert mountains, vintage carport, glowing vacancy-style shapes without readable text, weathered stucco and wide American highway atmosphere, during blue hour, a deep cobalt sky, warm windows and streetlights beginning to glow","incorrect landmark geometry, generic substitute architecture, warped signage, invented text, floating structures, impossible perspective, duplicated buildings, empty featureless setting, low detail, blur, watermark",United States,1.0,False
"0257 | United States/Route 66 Roadside Motel, Arizona - After Rain","low-slung Route 66 roadside motel, desert mountains, vintage carport, glowing vacancy-style shapes without readable text, weathered stucco and wide American highway atmosphere, just after rain, wet pavement, mirror-like reflections and unusually clear air","incorrect landmark geometry, generic substitute architecture, warped signage, invented text, floating structures, impossible perspective, duplicated buildings, empty featureless setting, low detail, blur, watermark",United States,1.0,False
"0258 | United States/Route 66 Roadside Motel, Arizona - Night Lights","low-slung Route 66 roadside motel, desert mountains, vintage carport, glowing vacancy-style shapes without readable text, weathered stucco and wide American highway atmosphere, at night, illuminated facades, coloured practical lights and dark reflective streets","incorrect landmark geometry, generic substitute architecture, warped signage, invented text, floating structures, impossible perspective, duplicated buildings, empty featureless setting, low detail, blur, watermark",United States,1.0,False
"0259 | United States/Route 66 Roadside Motel, Arizona - Quiet Weekend","low-slung Route 66 roadside motel, desert mountains, vintage carport, glowing vacancy-style shapes without readable text, weathered stucco and wide American highway atmosphere, during a quiet early weekend, clear sightlines, calm streets and orderly environmental detail","incorrect landmark geometry, generic substitute architecture, warped signage, invented text, floating structures, impossible perspective, duplicated buildings, empty featureless setting, low detail, blur, watermark",United States,1.0,False
"0260 | United States/Route 66 Roadside Motel, Arizona - Storm Clearing","low-slung Route 66 roadside motel, desert mountains, vintage carport, glowing vacancy-style shapes without readable text, weathered stucco and wide American highway atmosphere, as a storm clears, dramatic clouds separating, bright shafts of light and wet surfaces","incorrect landmark geometry, generic substitute architecture, warped signage, invented text, floating structures, impossible perspective, duplicated buildings, empty featureless setting, low detail, blur, watermark",United States,1.0,False
"0261 | United States/South Beach Art Deco District, Miami - Dawn","Ocean Drive Art Deco facades, pastel stucco, curved corners, palm trees, vintage cars and humid Miami evening atmosphere, at dawn, cool first light, quiet surroundings and long soft shadows","incorrect landmark geometry, generic substitute architecture, warped signage, invented text, floating structures, impossible perspective, duplicated buildings, empty featureless setting, low detail, blur, watermark",United States,1.0,False
"0262 | United States/South Beach Art Deco District, Miami - Clear Morning","Ocean Drive Art Deco facades, pastel stucco, curved corners, palm trees, vintage cars and humid Miami evening atmosphere, on a clear morning, crisp facades, fresh light and reflective surfaces","incorrect landmark geometry, generic substitute architecture, warped signage, invented text, floating structures, impossible perspective, duplicated buildings, empty featureless setting, low detail, blur, watermark",United States,1.0,False
"0263 | United States/South Beach Art Deco District, Miami - Bright Midday","Ocean Drive Art Deco facades, pastel stucco, curved corners, palm trees, vintage cars and humid Miami evening atmosphere, at bright midday, strong geometry, hard-edged shadows and vivid materials","incorrect landmark geometry, generic substitute architecture, warped signage, invented text, floating structures, impossible perspective, duplicated buildings, empty featureless setting, low detail, blur, watermark",United States,1.0,False
"0264 | United States/South Beach Art Deco District, Miami - Soft Overcast","Ocean Drive Art Deco facades, pastel stucco, curved corners, palm trees, vintage cars and humid Miami evening atmosphere, under soft overcast light, even tones, saturated materials and a subdued sky","incorrect landmark geometry, generic substitute architecture, warped signage, invented text, floating structures, impossible perspective, duplicated buildings, empty featureless setting, low detail, blur, watermark",United States,1.0,False
"0265 | United States/South Beach Art Deco District, Miami - Late Afternoon","Ocean Drive Art Deco facades, pastel stucco, curved corners, palm trees, vintage cars and humid Miami evening atmosphere, in late afternoon, warm side light, long shadows and glowing architectural detail","incorrect landmark geometry, generic substitute architecture, warped signage, invented text, floating structures, impossible perspective, duplicated buildings, empty featureless setting, low detail, blur, watermark",United States,1.0,False
"0266 | United States/South Beach Art Deco District, Miami - Blue Hour","Ocean Drive Art Deco facades, pastel stucco, curved corners, palm trees, vintage cars and humid Miami evening atmosphere, during blue hour, a deep cobalt sky, warm windows and streetlights beginning to glow","incorrect landmark geometry, generic substitute architecture, warped signage, invented text, floating structures, impossible perspective, duplicated buildings, empty featureless setting, low detail, blur, watermark",United States,1.0,False
"0267 | United States/South Beach Art Deco District, Miami - After Rain","Ocean Drive Art Deco facades, pastel stucco, curved corners, palm trees, vintage cars and humid Miami evening atmosphere, just after rain, wet pavement, mirror-like reflections and unusually clear air","incorrect landmark geometry, generic substitute architecture, warped signage, invented text, floating structures, impossible perspective, duplicated buildings, empty featureless setting, low detail, blur, watermark",United States,1.0,False
"0268 | United States/South Beach Art Deco District, Miami - Night Lights","Ocean Drive Art Deco facades, pastel stucco, curved corners, palm trees, vintage cars and humid Miami evening atmosphere, at night, illuminated facades, coloured practical lights and dark reflective streets","incorrect landmark geometry, generic substitute architecture, warped signage, invented text, floating structures, impossible perspective, duplicated buildings, empty featureless setting, low detail, blur, watermark",United States,1.0,False
"0269 | United States/South Beach Art Deco District, Miami - Quiet Weekend","Ocean Drive Art Deco facades, pastel stucco, curved corners, palm trees, vintage cars and humid Miami evening atmosphere, during a quiet early weekend, clear sightlines, calm streets and orderly environmental detail","incorrect landmark geometry, generic substitute architecture, warped signage, invented text, floating structures, impossible perspective, duplicated buildings, empty featureless setting, low detail, blur, watermark",United States,1.0,False
"0270 | United States/South Beach Art Deco District, Miami - Storm Clearing","Ocean Drive Art Deco facades, pastel stucco, curved corners, palm trees, vintage cars and humid Miami evening atmosphere, as a storm clears, dramatic clouds separating, bright shafts of light and wet surfaces","incorrect landmark geometry, generic substitute architecture, warped signage, invented text, floating structures, impossible perspective, duplicated buildings, empty featureless setting, low detail, blur, watermark",United States,1.0,False
"0271 | United States/Broadway Honky-Tonks, Nashville - Dawn","Lower Broadway streetscape in Nashville, brick music venues, rooftop stages, warm marquee lighting without readable text and lively American country-music character, at dawn, cool first light, quiet surroundings and long soft shadows","incorrect landmark geometry, generic substitute architecture, warped signage, invented text, floating structures, impossible perspective, duplicated buildings, empty featureless setting, low detail, blur, watermark",United States,1.0,False
"0272 | United States/Broadway Honky-Tonks, Nashville - Clear Morning","Lower Broadway streetscape in Nashville, brick music venues, rooftop stages, warm marquee lighting without readable text and lively American country-music character, on a clear morning, crisp facades, fresh light and reflective surfaces","incorrect landmark geometry, generic substitute architecture, warped signage, invented text, floating structures, impossible perspective, duplicated buildings, empty featureless setting, low detail, blur, watermark",United States,1.0,False
"0273 | United States/Broadway Honky-Tonks, Nashville - Bright Midday","Lower Broadway streetscape in Nashville, brick music venues, rooftop stages, warm marquee lighting without readable text and lively American country-music character, at bright midday, strong geometry, hard-edged shadows and vivid materials","incorrect landmark geometry, generic substitute architecture, warped signage, invented text, floating structures, impossible perspective, duplicated buildings, empty featureless setting, low detail, blur, watermark",United States,1.0,False
"0274 | United States/Broadway Honky-Tonks, Nashville - Soft Overcast","Lower Broadway streetscape in Nashville, brick music venues, rooftop stages, warm marquee lighting without readable text and lively American country-music character, under soft overcast light, even tones, saturated materials and a subdued sky","incorrect landmark geometry, generic substitute architecture, warped signage, invented text, floating structures, impossible perspective, duplicated buildings, empty featureless setting, low detail, blur, watermark",United States,1.0,False
"0275 | United States/Broadway Honky-Tonks, Nashville - Late Afternoon","Lower Broadway streetscape in Nashville, brick music venues, rooftop stages, warm marquee lighting without readable text and lively American country-music character, in late afternoon, warm side light, long shadows and glowing architectural detail","incorrect landmark geometry, generic substitute architecture, warped signage, invented text, floating structures, impossible perspective, duplicated buildings, empty featureless setting, low detail, blur, watermark",United States,1.0,False
"0276 | United States/Broadway Honky-Tonks, Nashville - Blue Hour","Lower Broadway streetscape in Nashville, brick music venues, rooftop stages, warm marquee lighting without readable text and lively American country-music character, during blue hour, a deep cobalt sky, warm windows and streetlights beginning to glow","incorrect landmark geometry, generic substitute architecture, warped signage, invented text, floating structures, impossible perspective, duplicated buildings, empty featureless setting, low detail, blur, watermark",United States,1.0,False
"0277 | United States/Broadway Honky-Tonks, Nashville - After Rain","Lower Broadway streetscape in Nashville, brick music venues, rooftop stages, warm marquee lighting without readable text and lively American country-music character, just after rain, wet pavement, mirror-like reflections and unusually clear air","incorrect landmark geometry, generic substitute architecture, warped signage, invented text, floating structures, impossible perspective, duplicated buildings, empty featureless setting, low detail, blur, watermark",United States,1.0,False
"0278 | United States/Broadway Honky-Tonks, Nashville - Night Lights","Lower Broadway streetscape in Nashville, brick music venues, rooftop stages, warm marquee lighting without readable text and lively American country-music character, at night, illuminated facades, coloured practical lights and dark reflective streets","incorrect landmark geometry, generic substitute architecture, warped signage, invented text, floating structures, impossible perspective, duplicated buildings, empty featureless setting, low detail, blur, watermark",United States,1.0,False
"0279 | United States/Broadway Honky-Tonks, Nashville - Quiet Weekend","Lower Broadway streetscape in Nashville, brick music venues, rooftop stages, warm marquee lighting without readable text and lively American country-music character, during a quiet early weekend, clear sightlines, calm streets and orderly environmental detail","incorrect landmark geometry, generic substitute architecture, warped signage, invented text, floating structures, impossible perspective, duplicated buildings, empty featureless setting, low detail, blur, watermark",United States,1.0,False
"0280 | United States/Broadway Honky-Tonks, Nashville - Storm Clearing","Lower Broadway streetscape in Nashville, brick music venues, rooftop stages, warm marquee lighting without readable text and lively American country-music character, as a storm clears, dramatic clouds separating, bright shafts of light and wet surfaces","incorrect landmark geometry, generic substitute architecture, warped signage, invented text, floating structures, impossible perspective, duplicated buildings, empty featureless setting, low detail, blur, watermark",United States,1.0,False
"0281 | United States/Beacon Hill, Boston - Dawn","Beacon Hill cobblestone street, red-brick Federal townhouses, black shutters, gas lamps and elegant New England residential detail, at dawn, cool first light, quiet surroundings and long soft shadows","incorrect landmark geometry, generic substitute architecture, warped signage, invented text, floating structures, impossible perspective, duplicated buildings, empty featureless setting, low detail, blur, watermark",United States,1.0,False
"0282 | United States/Beacon Hill, Boston - Clear Morning","Beacon Hill cobblestone street, red-brick Federal townhouses, black shutters, gas lamps and elegant New England residential detail, on a clear morning, crisp facades, fresh light and reflective surfaces","incorrect landmark geometry, generic substitute architecture, warped signage, invented text, floating structures, impossible perspective, duplicated buildings, empty featureless setting, low detail, blur, watermark",United States,1.0,False
"0283 | United States/Beacon Hill, Boston - Bright Midday","Beacon Hill cobblestone street, red-brick Federal townhouses, black shutters, gas lamps and elegant New England residential detail, at bright midday, strong geometry, hard-edged shadows and vivid materials","incorrect landmark geometry, generic substitute architecture, warped signage, invented text, floating structures, impossible perspective, duplicated buildings, empty featureless setting, low detail, blur, watermark",United States,1.0,False
"0284 | United States/Beacon Hill, Boston - Soft Overcast","Beacon Hill cobblestone street, red-brick Federal townhouses, black shutters, gas lamps and elegant New England residential detail, under soft overcast light, even tones, saturated materials and a subdued sky","incorrect landmark geometry, generic substitute architecture, warped signage, invented text, floating structures, impossible perspective, duplicated buildings, empty featureless setting, low detail, blur, watermark",United States,1.0,False
"0285 | United States/Beacon Hill, Boston - Late Afternoon","Beacon Hill cobblestone street, red-brick Federal townhouses, black shutters, gas lamps and elegant New England residential detail, in late afternoon, warm side light, long shadows and glowing architectural detail","incorrect landmark geometry, generic substitute architecture, warped signage, invented text, floating structures, impossible perspective, duplicated buildings, empty featureless setting, low detail, blur, watermark",United States,1.0,False
"0286 | United States/Beacon Hill, Boston - Blue Hour","Beacon Hill cobblestone street, red-brick Federal townhouses, black shutters, gas lamps and elegant New England residential detail, during blue hour, a deep cobalt sky, warm windows and streetlights beginning to glow","incorrect landmark geometry, generic substitute architecture, warped signage, invented text, floating structures, impossible perspective, duplicated buildings, empty featureless setting, low detail, blur, watermark",United States,1.0,False
"0287 | United States/Beacon Hill, Boston - After Rain","Beacon Hill cobblestone street, red-brick Federal townhouses, black shutters, gas lamps and elegant New England residential detail, just after rain, wet pavement, mirror-like reflections and unusually clear air","incorrect landmark geometry, generic substitute architecture, warped signage, invented text, floating structures, impossible perspective, duplicated buildings, empty featureless setting, low detail, blur, watermark",United States,1.0,False
"0288 | United States/Beacon Hill, Boston - Night Lights","Beacon Hill cobblestone street, red-brick Federal townhouses, black shutters, gas lamps and elegant New England residential detail, at night, illuminated facades, coloured practical lights and dark reflective streets","incorrect landmark geometry, generic substitute architecture, warped signage, invented text, floating structures, impossible perspective, duplicated buildings, empty featureless setting, low detail, blur, watermark",United States,1.0,False
"0289 | United States/Beacon Hill, Boston - Quiet Weekend","Beacon Hill cobblestone street, red-brick Federal townhouses, black shutters, gas lamps and elegant New England residential detail, during a quiet early weekend, clear sightlines, calm streets and orderly environmental detail","incorrect landmark geometry, generic substitute architecture, warped signage, invented text, floating structures, impossible perspective, duplicated buildings, empty featureless setting, low detail, blur, watermark",United States,1.0,False
"0290 | United States/Beacon Hill, Boston - Storm Clearing","Beacon Hill cobblestone street, red-brick Federal townhouses, black shutters, gas lamps and elegant New England residential detail, as a storm clears, dramatic clouds separating, bright shafts of light and wet surfaces","incorrect landmark geometry, generic substitute architecture, warped signage, invented text, floating structures, impossible perspective, duplicated buildings, empty featureless setting, low detail, blur, watermark",United States,1.0,False
"0291 | United States/National Mall, Washington DC - Dawn","broad National Mall perspective with monumental civic architecture, reflecting pools, tree-lined lawns and clean Washington DC geometry, at dawn, cool first light, quiet surroundings and long soft shadows","incorrect landmark geometry, generic substitute architecture, warped signage, invented text, floating structures, impossible perspective, duplicated buildings, empty featureless setting, low detail, blur, watermark",United States,1.0,False
"0292 | United States/National Mall, Washington DC - Clear Morning","broad National Mall perspective with monumental civic architecture, reflecting pools, tree-lined lawns and clean Washington DC geometry, on a clear morning, crisp facades, fresh light and reflective surfaces","incorrect landmark geometry, generic substitute architecture, warped signage, invented text, floating structures, impossible perspective, duplicated buildings, empty featureless setting, low detail, blur, watermark",United States,1.0,False
"0293 | United States/National Mall, Washington DC - Bright Midday","broad National Mall perspective with monumental civic architecture, reflecting pools, tree-lined lawns and clean Washington DC geometry, at bright midday, strong geometry, hard-edged shadows and vivid materials","incorrect landmark geometry, generic substitute architecture, warped signage, invented text, floating structures, impossible perspective, duplicated buildings, empty featureless setting, low detail, blur, watermark",United States,1.0,False
"0294 | United States/National Mall, Washington DC - Soft Overcast","broad National Mall perspective with monumental civic architecture, reflecting pools, tree-lined lawns and clean Washington DC geometry, under soft overcast light, even tones, saturated materials and a subdued sky","incorrect landmark geometry, generic substitute architecture, warped signage, invented text, floating structures, impossible perspective, duplicated buildings, empty featureless setting, low detail, blur, watermark",United States,1.0,False
"0295 | United States/National Mall, Washington DC - Late Afternoon","broad National Mall perspective with monumental civic architecture, reflecting pools, tree-lined lawns and clean Washington DC geometry, in late afternoon, warm side light, long shadows and glowing architectural detail","incorrect landmark geometry, generic substitute architecture, warped signage, invented text, floating structures, impossible perspective, duplicated buildings, empty featureless setting, low detail, blur, watermark",United States,1.0,False
"0296 | United States/National Mall, Washington DC - Blue Hour","broad National Mall perspective with monumental civic architecture, reflecting pools, tree-lined lawns and clean Washington DC geometry, during blue hour, a deep cobalt sky, warm windows and streetlights beginning to glow","incorrect landmark geometry, generic substitute architecture, warped signage, invented text, floating structures, impossible perspective, duplicated buildings, empty featureless setting, low detail, blur, watermark",United States,1.0,False
"0297 | United States/National Mall, Washington DC - After Rain","broad National Mall perspective with monumental civic architecture, reflecting pools, tree-lined lawns and clean Washington DC geometry, just after rain, wet pavement, mirror-like reflections and unusually clear air","incorrect landmark geometry, generic substitute architecture, warped signage, invented text, floating structures, impossible perspective, duplicated buildings, empty featureless setting, low detail, blur, watermark",United States,1.0,False
"0298 | United States/National Mall, Washington DC - Night Lights","broad National Mall perspective with monumental civic architecture, reflecting pools, tree-lined lawns and clean Washington DC geometry, at night, illuminated facades, coloured practical lights and dark reflective streets","incorrect landmark geometry, generic substitute architecture, warped signage, invented text, floating structures, impossible perspective, duplicated buildings, empty featureless setting, low detail, blur, watermark",United States,1.0,False
"0299 | United States/National Mall, Washington DC - Quiet Weekend","broad National Mall perspective with monumental civic architecture, reflecting pools, tree-lined lawns and clean Washington DC geometry, during a quiet early weekend, clear sightlines, calm streets and orderly environmental detail","incorrect landmark geometry, generic substitute architecture, warped signage, invented text, floating structures, impossible perspective, duplicated buildings, empty featureless setting, low detail, blur, watermark",United States,1.0,False
"0300 | United States/National Mall, Washington DC - Storm Clearing","broad National Mall perspective with monumental civic architecture, reflecting pools, tree-lined lawns and clean Washington DC geometry, as a storm clears, dramatic clouds separating, bright shafts of light and wet surfaces","incorrect landmark geometry, generic substitute architecture, warped signage, invented text, floating structures, impossible perspective, duplicated buildings, empty featureless setting, low detail, blur, watermark",United States,1.0,False
"0301 | United States/Pike Place Market, Seattle - Dawn","Pike Place Market streetscape with historic brick facades, covered stalls, steep streets, waterfront glimpses and layered Pacific Northwest city character without readable signage, at dawn, cool first light, quiet surroundings and long soft shadows","incorrect landmark geometry, generic substitute architecture, warped signage, invented text, floating structures, impossible perspective, duplicated buildings, empty featureless setting, low detail, blur, watermark",United States,1.0,False
"0302 | United States/Pike Place Market, Seattle - Clear Morning","Pike Place Market streetscape with historic brick facades, covered stalls, steep streets, waterfront glimpses and layered Pacific Northwest city character without readable signage, on a clear morning, crisp facades, fresh light and reflective surfaces","incorrect landmark geometry, generic substitute architecture, warped signage, invented text, floating structures, impossible perspective, duplicated buildings, empty featureless setting, low detail, blur, watermark",United States,1.0,False
"0303 | United States/Pike Place Market, Seattle - Bright Midday","Pike Place Market streetscape with historic brick facades, covered stalls, steep streets, waterfront glimpses and layered Pacific Northwest city character without readable signage, at bright midday, strong geometry, hard-edged shadows and vivid materials","incorrect landmark geometry, generic substitute architecture, warped signage, invented text, floating structures, impossible perspective, duplicated buildings, empty featureless setting, low detail, blur, watermark",United States,1.0,False
"0304 | United States/Pike Place Market, Seattle - Soft Overcast","Pike Place Market streetscape with historic brick facades, covered stalls, steep streets, waterfront glimpses and layered Pacific Northwest city character without readable signage, under soft overcast light, even tones, saturated materials and a subdued sky","incorrect landmark geometry, generic substitute architecture, warped signage, invented text, floating structures, impossible perspective, duplicated buildings, empty featureless setting, low detail, blur, watermark",United States,1.0,False
"0305 | United States/Pike Place Market, Seattle - Late Afternoon","Pike Place Market streetscape with historic brick facades, covered stalls, steep streets, waterfront glimpses and layered Pacific Northwest city character without readable signage, in late afternoon, warm side light, long shadows and glowing architectural detail","incorrect landmark geometry, generic substitute architecture, warped signage, invented text, floating structures, impossible perspective, duplicated buildings, empty featureless setting, low detail, blur, watermark",United States,1.0,False
"0306 | United States/Pike Place Market, Seattle - Blue Hour","Pike Place Market streetscape with historic brick facades, covered stalls, steep streets, waterfront glimpses and layered Pacific Northwest city character without readable signage, during blue hour, a deep cobalt sky, warm windows and streetlights beginning to glow","incorrect landmark geometry, generic substitute architecture, warped signage, invented text, floating structures, impossible perspective, duplicated buildings, empty featureless setting, low detail, blur, watermark",United States,1.0,False
"0307 | United States/Pike Place Market, Seattle - After Rain","Pike Place Market streetscape with historic brick facades, covered stalls, steep streets, waterfront glimpses and layered Pacific Northwest city character without readable signage, just after rain, wet pavement, mirror-like reflections and unusually clear air","incorrect landmark geometry, generic substitute architecture, warped signage, invented text, floating structures, impossible perspective, duplicated buildings, empty featureless setting, low detail, blur, watermark",United States,1.0,False
"0308 | United States/Pike Place Market, Seattle - Night Lights","Pike Place Market streetscape with historic brick facades, covered stalls, steep streets, waterfront glimpses and layered Pacific Northwest city character without readable signage, at night, illuminated facades, coloured practical lights and dark reflective streets","incorrect landmark geometry, generic substitute architecture, warped signage, invented text, floating structures, impossible perspective, duplicated buildings, empty featureless setting, low detail, blur, watermark",United States,1.0,False
"0309 | United States/Pike Place Market, Seattle - Quiet Weekend","Pike Place Market streetscape with historic brick facades, covered stalls, steep streets, waterfront glimpses and layered Pacific Northwest city character without readable signage, during a quiet early weekend, clear sightlines, calm streets and orderly environmental detail","incorrect landmark geometry, generic substitute architecture, warped signage, invented text, floating structures, impossible perspective, duplicated buildings, empty featureless setting, low detail, blur, watermark",United States,1.0,False
"0310 | United States/Pike Place Market, Seattle - Storm Clearing","Pike Place Market streetscape with historic brick facades, covered stalls, steep streets, waterfront glimpses and layered Pacific Northwest city character without readable signage, as a storm clears, dramatic clouds separating, bright shafts of light and wet surfaces","incorrect landmark geometry, generic substitute architecture, warped signage, invented text, floating structures, impossible perspective, duplicated buildings, empty featureless setting, low detail, blur, watermark",United States,1.0,False
"0311 | United States/New England Main Street, Vermont - Dawn","classic Vermont main street with white clapboard buildings, brick storefronts, church steeple, mature maples and polished small-town New England character, at dawn, cool first light, quiet surroundings and long soft shadows","incorrect landmark geometry, generic substitute architecture, warped signage, invented text, floating structures, impossible perspective, duplicated buildings, empty featureless setting, low detail, blur, watermark",United States,1.0,False
"0312 | United States/New England Main Street, Vermont - Clear Morning","classic Vermont main street with white clapboard buildings, brick storefronts, church steeple, mature maples and polished small-town New England character, on a clear morning, crisp facades, fresh light and reflective surfaces","incorrect landmark geometry, generic substitute architecture, warped signage, invented text, floating structures, impossible perspective, duplicated buildings, empty featureless setting, low detail, blur, watermark",United States,1.0,False
"0313 | United States/New England Main Street, Vermont - Bright Midday","classic Vermont main street with white clapboard buildings, brick storefronts, church steeple, mature maples and polished small-town New England character, at bright midday, strong geometry, hard-edged shadows and vivid materials","incorrect landmark geometry, generic substitute architecture, warped signage, invented text, floating structures, impossible perspective, duplicated buildings, empty featureless setting, low detail, blur, watermark",United States,1.0,False
"0314 | United States/New England Main Street, Vermont - Soft Overcast","classic Vermont main street with white clapboard buildings, brick storefronts, church steeple, mature maples and polished small-town New England character, under soft overcast light, even tones, saturated materials and a subdued sky","incorrect landmark geometry, generic substitute architecture, warped signage, invented text, floating structures, impossible perspective, duplicated buildings, empty featureless setting, low detail, blur, watermark",United States,1.0,False
"0315 | United States/New England Main Street, Vermont - Late Afternoon","classic Vermont main street with white clapboard buildings, brick storefronts, church steeple, mature maples and polished small-town New England character, in late afternoon, warm side light, long shadows and glowing architectural detail","incorrect landmark geometry, generic substitute architecture, warped signage, invented text, floating structures, impossible perspective, duplicated buildings, empty featureless setting, low detail, blur, watermark",United States,1.0,False
"0316 | United States/New England Main Street, Vermont - Blue Hour","classic Vermont main street with white clapboard buildings, brick storefronts, church steeple, mature maples and polished small-town New England character, during blue hour, a deep cobalt sky, warm windows and streetlights beginning to glow","incorrect landmark geometry, generic substitute architecture, warped signage, invented text, floating structures, impossible perspective, duplicated buildings, empty featureless setting, low detail, blur, watermark",United States,1.0,False
"0317 | United States/New England Main Street, Vermont - After Rain","classic Vermont main street with white clapboard buildings, brick storefronts, church steeple, mature maples and polished small-town New England character, just after rain, wet pavement, mirror-like reflections and unusually clear air","incorrect landmark geometry, generic substitute architecture, warped signage, invented text, floating structures, impossible perspective, duplicated buildings, empty featureless setting, low detail, blur, watermark",United States,1.0,False
"0318 | United States/New England Main Street, Vermont - Night Lights","classic Vermont main street with white clapboard buildings, brick storefronts, church steeple, mature maples and polished small-town New England character, at night, illuminated facades, coloured practical lights and dark reflective streets","incorrect landmark geometry, generic substitute architecture, warped signage, invented text, floating structures, impossible perspective, duplicated buildings, empty featureless setting, low detail, blur, watermark",United States,1.0,False
"0319 | United States/New England Main Street, Vermont - Quiet Weekend","classic Vermont main street with white clapboard buildings, brick storefronts, church steeple, mature maples and polished small-town New England character, during a quiet early weekend, clear sightlines, calm streets and orderly environmental detail","incorrect landmark geometry, generic substitute architecture, warped signage, invented text, floating structures, impossible perspective, duplicated buildings, empty featureless setting, low detail, blur, watermark",United States,1.0,False
"0320 | United States/New England Main Street, Vermont - Storm Clearing","classic Vermont main street with white clapboard buildings, brick storefronts, church steeple, mature maples and polished small-town New England character, as a storm clears, dramatic clouds separating, bright shafts of light and wet surfaces","incorrect landmark geometry, generic substitute architecture, warped signage, invented text, floating structures, impossible perspective, duplicated buildings, empty featureless setting, low detail, blur, watermark",United States,1.0,False
0321 | England/London/Notting Hill mews - Early Morning,"Notting Hill mews, pastel townhouses, iron railings, compact gardens and polished west London street detail, early morning clarity, long clean shadows, sparse foot traffic, authentic English or American cultural detail, believable scale, polished cinematic location photography","generic location, incorrect architecture, Australian landmarks, random signage, warped buildings, duplicate structures, impossible streets, crowds blocking subject, text artifacts, watermark, blur, low detail",England/London,1,False
0322 | England/London/Notting Hill mews - Rainy Afternoon,"Notting Hill mews, pastel townhouses, iron railings, compact gardens and polished west London street detail, fresh rain, reflective pavement, umbrellas and soft diffused light, authentic English or American cultural detail, believable scale, polished cinematic location photography","generic location, incorrect architecture, Australian landmarks, random signage, warped buildings, duplicate structures, impossible streets, crowds blocking subject, text artifacts, watermark, blur, low detail",England/London,1,False
0323 | England/London/Notting Hill mews - Golden Hour,"Notting Hill mews, pastel townhouses, iron railings, compact gardens and polished west London street detail, warm low sunlight, glowing windows and gentle rim light, authentic English or American cultural detail, believable scale, polished cinematic location photography","generic location, incorrect architecture, Australian landmarks, random signage, warped buildings, duplicate structures, impossible streets, crowds blocking subject, text artifacts, watermark, blur, low detail",England/London,1,False
0324 | England/London/Notting Hill mews - Blue Hour,"Notting Hill mews, pastel townhouses, iron railings, compact gardens and polished west London street detail, cool twilight, practical lights beginning to glow and balanced cinematic contrast, authentic English or American cultural detail, believable scale, polished cinematic location photography","generic location, incorrect architecture, Australian landmarks, random signage, warped buildings, duplicate structures, impossible streets, crowds blocking subject, text artifacts, watermark, blur, low detail",England/London,1,False
0325 | England/London/Notting Hill mews - Winter,"Notting Hill mews, pastel townhouses, iron railings, compact gardens and polished west London street detail, crisp winter air, layered clothing, subdued colours and seasonal texture, authentic English or American cultural detail, believable scale, polished cinematic location photography","generic location, incorrect architecture, Australian landmarks, random signage, warped buildings, duplicate structures, impossible streets, crowds blocking subject, text artifacts, watermark, blur, low detail",England/London,1,False
0326 | England/London/Notting Hill mews - Autumn,"Notting Hill mews, pastel townhouses, iron railings, compact gardens and polished west London street detail, burnished leaves, warm shop windows and rich seasonal colour, authentic English or American cultural detail, believable scale, polished cinematic location photography","generic location, incorrect architecture, Australian landmarks, random signage, warped buildings, duplicate structures, impossible streets, crowds blocking subject, text artifacts, watermark, blur, low detail",England/London,1,False
0327 | England/London/Notting Hill mews - Summer,"Notting Hill mews, pastel townhouses, iron railings, compact gardens and polished west London street detail, bright summer atmosphere, open windows, active streets and lively colour, authentic English or American cultural detail, believable scale, polished cinematic location photography","generic location, incorrect architecture, Australian landmarks, random signage, warped buildings, duplicate structures, impossible streets, crowds blocking subject, text artifacts, watermark, blur, low detail",England/London,1,False
0328 | England/London/Notting Hill mews - Night,"Notting Hill mews, pastel townhouses, iron railings, compact gardens and polished west London street detail, controlled night exposure, practical street lighting, realistic reflections and deep background detail, authentic English or American cultural detail, believable scale, polished cinematic location photography","generic location, incorrect architecture, Australian landmarks, random signage, warped buildings, duplicate structures, impossible streets, crowds blocking subject, text artifacts, watermark, blur, low detail",England/London,1,False
0329 | England/London/Notting Hill mews - Weekend,"Notting Hill mews, pastel townhouses, iron railings, compact gardens and polished west London street detail, relaxed weekend activity, cafés and pedestrians creating natural lived-in movement, authentic English or American cultural detail, believable scale, polished cinematic location photography","generic location, incorrect architecture, Australian landmarks, random signage, warped buildings, duplicate structures, impossible streets, crowds blocking subject, text artifacts, watermark, blur, low detail",England/London,1,False
0330 | England/London/Notting Hill mews - Editorial,"Notting Hill mews, pastel townhouses, iron railings, compact gardens and polished west London street detail, clean high-end location photography, ordered composition and refined architectural detail, authentic English or American cultural detail, believable scale, polished cinematic location photography","generic location, incorrect architecture, Australian landmarks, random signage, warped buildings, duplicate structures, impossible streets, crowds blocking subject, text artifacts, watermark, blur, low detail",England/London,1,False
0331 | England/London/Greenwich riverside - Early Morning,"Greenwich riverside, historic maritime architecture, river reflections, brick walkways and distant city skyline, early morning clarity, long clean shadows, sparse foot traffic, authentic English or American cultural detail, believable scale, polished cinematic location photography","generic location, incorrect architecture, Australian landmarks, random signage, warped buildings, duplicate structures, impossible streets, crowds blocking subject, text artifacts, watermark, blur, low detail",England/London,1,False
0332 | England/London/Greenwich riverside - Rainy Afternoon,"Greenwich riverside, historic maritime architecture, river reflections, brick walkways and distant city skyline, fresh rain, reflective pavement, umbrellas and soft diffused light, authentic English or American cultural detail, believable scale, polished cinematic location photography","generic location, incorrect architecture, Australian landmarks, random signage, warped buildings, duplicate structures, impossible streets, crowds blocking subject, text artifacts, watermark, blur, low detail",England/London,1,False
0333 | England/London/Greenwich riverside - Golden Hour,"Greenwich riverside, historic maritime architecture, river reflections, brick walkways and distant city skyline, warm low sunlight, glowing windows and gentle rim light, authentic English or American cultural detail, believable scale, polished cinematic location photography","generic location, incorrect architecture, Australian landmarks, random signage, warped buildings, duplicate structures, impossible streets, crowds blocking subject, text artifacts, watermark, blur, low detail",England/London,1,False
0334 | England/London/Greenwich riverside - Blue Hour,"Greenwich riverside, historic maritime architecture, river reflections, brick walkways and distant city skyline, cool twilight, practical lights beginning to glow and balanced cinematic contrast, authentic English or American cultural detail, believable scale, polished cinematic location photography","generic location, incorrect architecture, Australian landmarks, random signage, warped buildings, duplicate structures, impossible streets, crowds blocking subject, text artifacts, watermark, blur, low detail",England/London,1,False
0335 | England/London/Greenwich riverside - Winter,"Greenwich riverside, historic maritime architecture, river reflections, brick walkways and distant city skyline, crisp winter air, layered clothing, subdued colours and seasonal texture, authentic English or American cultural detail, believable scale, polished cinematic location photography","generic location, incorrect architecture, Australian landmarks, random signage, warped buildings, duplicate structures, impossible streets, crowds blocking subject, text artifacts, watermark, blur, low detail",England/London,1,False
0336 | England/London/Greenwich riverside - Autumn,"Greenwich riverside, historic maritime architecture, river reflections, brick walkways and distant city skyline, burnished leaves, warm shop windows and rich seasonal colour, authentic English or American cultural detail, believable scale, polished cinematic location photography","generic location, incorrect architecture, Australian landmarks, random signage, warped buildings, duplicate structures, impossible streets, crowds blocking subject, text artifacts, watermark, blur, low detail",England/London,1,False
0337 | England/London/Greenwich riverside - Summer,"Greenwich riverside, historic maritime architecture, river reflections, brick walkways and distant city skyline, bright summer atmosphere, open windows, active streets and lively colour, authentic English or American cultural detail, believable scale, polished cinematic location photography","generic location, incorrect architecture, Australian landmarks, random signage, warped buildings, duplicate structures, impossible streets, crowds blocking subject, text artifacts, watermark, blur, low detail",England/London,1,False
0338 | England/London/Greenwich riverside - Night,"Greenwich riverside, historic maritime architecture, river reflections, brick walkways and distant city skyline, controlled night exposure, practical street lighting, realistic reflections and deep background detail, authentic English or American cultural detail, believable scale, polished cinematic location photography","generic location, incorrect architecture, Australian landmarks, random signage, warped buildings, duplicate structures, impossible streets, crowds blocking subject, text artifacts, watermark, blur, low detail",England/London,1,False
0339 | England/London/Greenwich riverside - Weekend,"Greenwich riverside, historic maritime architecture, river reflections, brick walkways and distant city skyline, relaxed weekend activity, cafés and pedestrians creating natural lived-in movement, authentic English or American cultural detail, believable scale, polished cinematic location photography","generic location, incorrect architecture, Australian landmarks, random signage, warped buildings, duplicate structures, impossible streets, crowds blocking subject, text artifacts, watermark, blur, low detail",England/London,1,False
0340 | England/London/Greenwich riverside - Editorial,"Greenwich riverside, historic maritime architecture, river reflections, brick walkways and distant city skyline, clean high-end location photography, ordered composition and refined architectural detail, authentic English or American cultural detail, believable scale, polished cinematic location photography","generic location, incorrect architecture, Australian landmarks, random signage, warped buildings, duplicate structures, impossible streets, crowds blocking subject, text artifacts, watermark, blur, low detail",England/London,1,False
0341 | England/London/Hampstead village - Early Morning,"Hampstead village, leafy lanes, Georgian facades, independent bookshops and refined north London atmosphere, early morning clarity, long clean shadows, sparse foot traffic, authentic English or American cultural detail, believable scale, polished cinematic location photography","generic location, incorrect architecture, Australian landmarks, random signage, warped buildings, duplicate structures, impossible streets, crowds blocking subject, text artifacts, watermark, blur, low detail",England/London,1,False
0342 | England/London/Hampstead village - Rainy Afternoon,"Hampstead village, leafy lanes, Georgian facades, independent bookshops and refined north London atmosphere, fresh rain, reflective pavement, umbrellas and soft diffused light, authentic English or American cultural detail, believable scale, polished cinematic location photography","generic location, incorrect architecture, Australian landmarks, random signage, warped buildings, duplicate structures, impossible streets, crowds blocking subject, text artifacts, watermark, blur, low detail",England/London,1,False
0343 | England/London/Hampstead village - Golden Hour,"Hampstead village, leafy lanes, Georgian facades, independent bookshops and refined north London atmosphere, warm low sunlight, glowing windows and gentle rim light, authentic English or American cultural detail, believable scale, polished cinematic location photography","generic location, incorrect architecture, Australian landmarks, random signage, warped buildings, duplicate structures, impossible streets, crowds blocking subject, text artifacts, watermark, blur, low detail",England/London,1,False
0344 | England/London/Hampstead village - Blue Hour,"Hampstead village, leafy lanes, Georgian facades, independent bookshops and refined north London atmosphere, cool twilight, practical lights beginning to glow and balanced cinematic contrast, authentic English or American cultural detail, believable scale, polished cinematic location photography","generic location, incorrect architecture, Australian landmarks, random signage, warped buildings, duplicate structures, impossible streets, crowds blocking subject, text artifacts, watermark, blur, low detail",England/London,1,False
0345 | England/London/Hampstead village - Winter,"Hampstead village, leafy lanes, Georgian facades, independent bookshops and refined north London atmosphere, crisp winter air, layered clothing, subdued colours and seasonal texture, authentic English or American cultural detail, believable scale, polished cinematic location photography","generic location, incorrect architecture, Australian landmarks, random signage, warped buildings, duplicate structures, impossible streets, crowds blocking subject, text artifacts, watermark, blur, low detail",England/London,1,False
0346 | England/London/Hampstead village - Autumn,"Hampstead village, leafy lanes, Georgian facades, independent bookshops and refined north London atmosphere, burnished leaves, warm shop windows and rich seasonal colour, authentic English or American cultural detail, believable scale, polished cinematic location photography","generic location, incorrect architecture, Australian landmarks, random signage, warped buildings, duplicate structures, impossible streets, crowds blocking subject, text artifacts, watermark, blur, low detail",England/London,1,False
0347 | England/London/Hampstead village - Summer,"Hampstead village, leafy lanes, Georgian facades, independent bookshops and refined north London atmosphere, bright summer atmosphere, open windows, active streets and lively colour, authentic English or American cultural detail, believable scale, polished cinematic location photography","generic location, incorrect architecture, Australian landmarks, random signage, warped buildings, duplicate structures, impossible streets, crowds blocking subject, text artifacts, watermark, blur, low detail",England/London,1,False
0348 | England/London/Hampstead village - Night,"Hampstead village, leafy lanes, Georgian facades, independent bookshops and refined north London atmosphere, controlled night exposure, practical street lighting, realistic reflections and deep background detail, authentic English or American cultural detail, believable scale, polished cinematic location photography","generic location, incorrect architecture, Australian landmarks, random signage, warped buildings, duplicate structures, impossible streets, crowds blocking subject, text artifacts, watermark, blur, low detail",England/London,1,False
0349 | England/London/Hampstead village - Weekend,"Hampstead village, leafy lanes, Georgian facades, independent bookshops and refined north London atmosphere, relaxed weekend activity, cafés and pedestrians creating natural lived-in movement, authentic English or American cultural detail, believable scale, polished cinematic location photography","generic location, incorrect architecture, Australian landmarks, random signage, warped buildings, duplicate structures, impossible streets, crowds blocking subject, text artifacts, watermark, blur, low detail",England/London,1,False
0350 | England/London/Hampstead village - Editorial,"Hampstead village, leafy lanes, Georgian facades, independent bookshops and refined north London atmosphere, clean high-end location photography, ordered composition and refined architectural detail, authentic English or American cultural detail, believable scale, polished cinematic location photography","generic location, incorrect architecture, Australian landmarks, random signage, warped buildings, duplicate structures, impossible streets, crowds blocking subject, text artifacts, watermark, blur, low detail",England/London,1,False
0351 | England/London/Borough Market morning - Early Morning,"Borough Market morning, Victorian ironwork, artisan food stalls, commuters and warm market light, early morning clarity, long clean shadows, sparse foot traffic, authentic English or American cultural detail, believable scale, polished cinematic location photography","generic location, incorrect architecture, Australian landmarks, random signage, warped buildings, duplicate structures, impossible streets, crowds blocking subject, text artifacts, watermark, blur, low detail",England/London,1,False
0352 | England/London/Borough Market morning - Rainy Afternoon,"Borough Market morning, Victorian ironwork, artisan food stalls, commuters and warm market light, fresh rain, reflective pavement, umbrellas and soft diffused light, authentic English or American cultural detail, believable scale, polished cinematic location photography","generic location, incorrect architecture, Australian landmarks, random signage, warped buildings, duplicate structures, impossible streets, crowds blocking subject, text artifacts, watermark, blur, low detail",England/London,1,False
0353 | England/London/Borough Market morning - Golden Hour,"Borough Market morning, Victorian ironwork, artisan food stalls, commuters and warm market light, warm low sunlight, glowing windows and gentle rim light, authentic English or American cultural detail, believable scale, polished cinematic location photography","generic location, incorrect architecture, Australian landmarks, random signage, warped buildings, duplicate structures, impossible streets, crowds blocking subject, text artifacts, watermark, blur, low detail",England/London,1,False
0354 | England/London/Borough Market morning - Blue Hour,"Borough Market morning, Victorian ironwork, artisan food stalls, commuters and warm market light, cool twilight, practical lights beginning to glow and balanced cinematic contrast, authentic English or American cultural detail, believable scale, polished cinematic location photography","generic location, incorrect architecture, Australian landmarks, random signage, warped buildings, duplicate structures, impossible streets, crowds blocking subject, text artifacts, watermark, blur, low detail",England/London,1,False
0355 | England/London/Borough Market morning - Winter,"Borough Market morning, Victorian ironwork, artisan food stalls, commuters and warm market light, crisp winter air, layered clothing, subdued colours and seasonal texture, authentic English or American cultural detail, believable scale, polished cinematic location photography","generic location, incorrect architecture, Australian landmarks, random signage, warped buildings, duplicate structures, impossible streets, crowds blocking subject, text artifacts, watermark, blur, low detail",England/London,1,False
0356 | England/London/Borough Market morning - Autumn,"Borough Market morning, Victorian ironwork, artisan food stalls, commuters and warm market light, burnished leaves, warm shop windows and rich seasonal colour, authentic English or American cultural detail, believable scale, polished cinematic location photography","generic location, incorrect architecture, Australian landmarks, random signage, warped buildings, duplicate structures, impossible streets, crowds blocking subject, text artifacts, watermark, blur, low detail",England/London,1,False
0357 | England/London/Borough Market morning - Summer,"Borough Market morning, Victorian ironwork, artisan food stalls, commuters and warm market light, bright summer atmosphere, open windows, active streets and lively colour, authentic English or American cultural detail, believable scale, polished cinematic location photography","generic location, incorrect architecture, Australian landmarks, random signage, warped buildings, duplicate structures, impossible streets, crowds blocking subject, text artifacts, watermark, blur, low detail",England/London,1,False
0358 | England/London/Borough Market morning - Night,"Borough Market morning, Victorian ironwork, artisan food stalls, commuters and warm market light, controlled night exposure, practical street lighting, realistic reflections and deep background detail, authentic English or American cultural detail, believable scale, polished cinematic location photography","generic location, incorrect architecture, Australian landmarks, random signage, warped buildings, duplicate structures, impossible streets, crowds blocking subject, text artifacts, watermark, blur, low detail",England/London,1,False
0359 | England/London/Borough Market morning - Weekend,"Borough Market morning, Victorian ironwork, artisan food stalls, commuters and warm market light, relaxed weekend activity, cafés and pedestrians creating natural lived-in movement, authentic English or American cultural detail, believable scale, polished cinematic location photography","generic location, incorrect architecture, Australian landmarks, random signage, warped buildings, duplicate structures, impossible streets, crowds blocking subject, text artifacts, watermark, blur, low detail",England/London,1,False
0360 | England/London/Borough Market morning - Editorial,"Borough Market morning, Victorian ironwork, artisan food stalls, commuters and warm market light, clean high-end location photography, ordered composition and refined architectural detail, authentic English or American cultural detail, believable scale, polished cinematic location photography","generic location, incorrect architecture, Australian landmarks, random signage, warped buildings, duplicate structures, impossible streets, crowds blocking subject, text artifacts, watermark, blur, low detail",England/London,1,False
0361 | England/South/Cotswold stone village - Early Morning,"Cotswold stone village, honey-coloured cottages, climbing roses, narrow lanes and immaculate English countryside charm, early morning clarity, long clean shadows, sparse foot traffic, authentic English or American cultural detail, believable scale, polished cinematic location photography","generic location, incorrect architecture, Australian landmarks, random signage, warped buildings, duplicate structures, impossible streets, crowds blocking subject, text artifacts, watermark, blur, low detail",England/South,1,False
0362 | England/South/Cotswold stone village - Rainy Afternoon,"Cotswold stone village, honey-coloured cottages, climbing roses, narrow lanes and immaculate English countryside charm, fresh rain, reflective pavement, umbrellas and soft diffused light, authentic English or American cultural detail, believable scale, polished cinematic location photography","generic location, incorrect architecture, Australian landmarks, random signage, warped buildings, duplicate structures, impossible streets, crowds blocking subject, text artifacts, watermark, blur, low detail",England/South,1,False
0363 | England/South/Cotswold stone village - Golden Hour,"Cotswold stone village, honey-coloured cottages, climbing roses, narrow lanes and immaculate English countryside charm, warm low sunlight, glowing windows and gentle rim light, authentic English or American cultural detail, believable scale, polished cinematic location photography","generic location, incorrect architecture, Australian landmarks, random signage, warped buildings, duplicate structures, impossible streets, crowds blocking subject, text artifacts, watermark, blur, low detail",England/South,1,False
0364 | England/South/Cotswold stone village - Blue Hour,"Cotswold stone village, honey-coloured cottages, climbing roses, narrow lanes and immaculate English countryside charm, cool twilight, practical lights beginning to glow and balanced cinematic contrast, authentic English or American cultural detail, believable scale, polished cinematic location photography","generic location, incorrect architecture, Australian landmarks, random signage, warped buildings, duplicate structures, impossible streets, crowds blocking subject, text artifacts, watermark, blur, low detail",England/South,1,False
0365 | England/South/Cotswold stone village - Winter,"Cotswold stone village, honey-coloured cottages, climbing roses, narrow lanes and immaculate English countryside charm, crisp winter air, layered clothing, subdued colours and seasonal texture, authentic English or American cultural detail, believable scale, polished cinematic location photography","generic location, incorrect architecture, Australian landmarks, random signage, warped buildings, duplicate structures, impossible streets, crowds blocking subject, text artifacts, watermark, blur, low detail",England/South,1,False
0366 | England/South/Cotswold stone village - Autumn,"Cotswold stone village, honey-coloured cottages, climbing roses, narrow lanes and immaculate English countryside charm, burnished leaves, warm shop windows and rich seasonal colour, authentic English or American cultural detail, believable scale, polished cinematic location photography","generic location, incorrect architecture, Australian landmarks, random signage, warped buildings, duplicate structures, impossible streets, crowds blocking subject, text artifacts, watermark, blur, low detail",England/South,1,False
0367 | England/South/Cotswold stone village - Summer,"Cotswold stone village, honey-coloured cottages, climbing roses, narrow lanes and immaculate English countryside charm, bright summer atmosphere, open windows, active streets and lively colour, authentic English or American cultural detail, believable scale, polished cinematic location photography","generic location, incorrect architecture, Australian landmarks, random signage, warped buildings, duplicate structures, impossible streets, crowds blocking subject, text artifacts, watermark, blur, low detail",England/South,1,False
0368 | England/South/Cotswold stone village - Night,"Cotswold stone village, honey-coloured cottages, climbing roses, narrow lanes and immaculate English countryside charm, controlled night exposure, practical street lighting, realistic reflections and deep background detail, authentic English or American cultural detail, believable scale, polished cinematic location photography","generic location, incorrect architecture, Australian landmarks, random signage, warped buildings, duplicate structures, impossible streets, crowds blocking subject, text artifacts, watermark, blur, low detail",England/South,1,False
0369 | England/South/Cotswold stone village - Weekend,"Cotswold stone village, honey-coloured cottages, climbing roses, narrow lanes and immaculate English countryside charm, relaxed weekend activity, cafés and pedestrians creating natural lived-in movement, authentic English or American cultural detail, believable scale, polished cinematic location photography","generic location, incorrect architecture, Australian landmarks, random signage, warped buildings, duplicate structures, impossible streets, crowds blocking subject, text artifacts, watermark, blur, low detail",England/South,1,False
0370 | England/South/Cotswold stone village - Editorial,"Cotswold stone village, honey-coloured cottages, climbing roses, narrow lanes and immaculate English countryside charm, clean high-end location photography, ordered composition and refined architectural detail, authentic English or American cultural detail, believable scale, polished cinematic location photography","generic location, incorrect architecture, Australian landmarks, random signage, warped buildings, duplicate structures, impossible streets, crowds blocking subject, text artifacts, watermark, blur, low detail",England/South,1,False
0371 | England/South/Brighton seafront - Early Morning,"Brighton seafront, Regency terraces, pebble beach, colourful beach huts and brisk Channel light, early morning clarity, long clean shadows, sparse foot traffic, authentic English or American cultural detail, believable scale, polished cinematic location photography","generic location, incorrect architecture, Australian landmarks, random signage, warped buildings, duplicate structures, impossible streets, crowds blocking subject, text artifacts, watermark, blur, low detail",England/South,1,False
0372 | England/South/Brighton seafront - Rainy Afternoon,"Brighton seafront, Regency terraces, pebble beach, colourful beach huts and brisk Channel light, fresh rain, reflective pavement, umbrellas and soft diffused light, authentic English or American cultural detail, believable scale, polished cinematic location photography","generic location, incorrect architecture, Australian landmarks, random signage, warped buildings, duplicate structures, impossible streets, crowds blocking subject, text artifacts, watermark, blur, low detail",England/South,1,False
0373 | England/South/Brighton seafront - Golden Hour,"Brighton seafront, Regency terraces, pebble beach, colourful beach huts and brisk Channel light, warm low sunlight, glowing windows and gentle rim light, authentic English or American cultural detail, believable scale, polished cinematic location photography","generic location, incorrect architecture, Australian landmarks, random signage, warped buildings, duplicate structures, impossible streets, crowds blocking subject, text artifacts, watermark, blur, low detail",England/South,1,False
0374 | England/South/Brighton seafront - Blue Hour,"Brighton seafront, Regency terraces, pebble beach, colourful beach huts and brisk Channel light, cool twilight, practical lights beginning to glow and balanced cinematic contrast, authentic English or American cultural detail, believable scale, polished cinematic location photography","generic location, incorrect architecture, Australian landmarks, random signage, warped buildings, duplicate structures, impossible streets, crowds blocking subject, text artifacts, watermark, blur, low detail",England/South,1,False
0375 | England/South/Brighton seafront - Winter,"Brighton seafront, Regency terraces, pebble beach, colourful beach huts and brisk Channel light, crisp winter air, layered clothing, subdued colours and seasonal texture, authentic English or American cultural detail, believable scale, polished cinematic location photography","generic location, incorrect architecture, Australian landmarks, random signage, warped buildings, duplicate structures, impossible streets, crowds blocking subject, text artifacts, watermark, blur, low detail",England/South,1,False
0376 | England/South/Brighton seafront - Autumn,"Brighton seafront, Regency terraces, pebble beach, colourful beach huts and brisk Channel light, burnished leaves, warm shop windows and rich seasonal colour, authentic English or American cultural detail, believable scale, polished cinematic location photography","generic location, incorrect architecture, Australian landmarks, random signage, warped buildings, duplicate structures, impossible streets, crowds blocking subject, text artifacts, watermark, blur, low detail",England/South,1,False
0377 | England/South/Brighton seafront - Summer,"Brighton seafront, Regency terraces, pebble beach, colourful beach huts and brisk Channel light, bright summer atmosphere, open windows, active streets and lively colour, authentic English or American cultural detail, believable scale, polished cinematic location photography","generic location, incorrect architecture, Australian landmarks, random signage, warped buildings, duplicate structures, impossible streets, crowds blocking subject, text artifacts, watermark, blur, low detail",England/South,1,False
0378 | England/South/Brighton seafront - Night,"Brighton seafront, Regency terraces, pebble beach, colourful beach huts and brisk Channel light, controlled night exposure, practical street lighting, realistic reflections and deep background detail, authentic English or American cultural detail, believable scale, polished cinematic location photography","generic location, incorrect architecture, Australian landmarks, random signage, warped buildings, duplicate structures, impossible streets, crowds blocking subject, text artifacts, watermark, blur, low detail",England/South,1,False
0379 | England/South/Brighton seafront - Weekend,"Brighton seafront, Regency terraces, pebble beach, colourful beach huts and brisk Channel light, relaxed weekend activity, cafés and pedestrians creating natural lived-in movement, authentic English or American cultural detail, believable scale, polished cinematic location photography","generic location, incorrect architecture, Australian landmarks, random signage, warped buildings, duplicate structures, impossible streets, crowds blocking subject, text artifacts, watermark, blur, low detail",England/South,1,False
0380 | England/South/Brighton seafront - Editorial,"Brighton seafront, Regency terraces, pebble beach, colourful beach huts and brisk Channel light, clean high-end location photography, ordered composition and refined architectural detail, authentic English or American cultural detail, believable scale, polished cinematic location photography","generic location, incorrect architecture, Australian landmarks, random signage, warped buildings, duplicate structures, impossible streets, crowds blocking subject, text artifacts, watermark, blur, low detail",England/South,1,False
0381 | England/North/Manchester Northern Quarter - Early Morning,"Manchester Northern Quarter, red brick warehouses, record shops, murals and rainy urban texture, early morning clarity, long clean shadows, sparse foot traffic, authentic English or American cultural detail, believable scale, polished cinematic location photography","generic location, incorrect architecture, Australian landmarks, random signage, warped buildings, duplicate structures, impossible streets, crowds blocking subject, text artifacts, watermark, blur, low detail",England/North,1,False
0382 | England/North/Manchester Northern Quarter - Rainy Afternoon,"Manchester Northern Quarter, red brick warehouses, record shops, murals and rainy urban texture, fresh rain, reflective pavement, umbrellas and soft diffused light, authentic English or American cultural detail, believable scale, polished cinematic location photography","generic location, incorrect architecture, Australian landmarks, random signage, warped buildings, duplicate structures, impossible streets, crowds blocking subject, text artifacts, watermark, blur, low detail",England/North,1,False
0383 | England/North/Manchester Northern Quarter - Golden Hour,"Manchester Northern Quarter, red brick warehouses, record shops, murals and rainy urban texture, warm low sunlight, glowing windows and gentle rim light, authentic English or American cultural detail, believable scale, polished cinematic location photography","generic location, incorrect architecture, Australian landmarks, random signage, warped buildings, duplicate structures, impossible streets, crowds blocking subject, text artifacts, watermark, blur, low detail",England/North,1,False
0384 | England/North/Manchester Northern Quarter - Blue Hour,"Manchester Northern Quarter, red brick warehouses, record shops, murals and rainy urban texture, cool twilight, practical lights beginning to glow and balanced cinematic contrast, authentic English or American cultural detail, believable scale, polished cinematic location photography","generic location, incorrect architecture, Australian landmarks, random signage, warped buildings, duplicate structures, impossible streets, crowds blocking subject, text artifacts, watermark, blur, low detail",England/North,1,False
0385 | England/North/Manchester Northern Quarter - Winter,"Manchester Northern Quarter, red brick warehouses, record shops, murals and rainy urban texture, crisp winter air, layered clothing, subdued colours and seasonal texture, authentic English or American cultural detail, believable scale, polished cinematic location photography","generic location, incorrect architecture, Australian landmarks, random signage, warped buildings, duplicate structures, impossible streets, crowds blocking subject, text artifacts, watermark, blur, low detail",England/North,1,False
0386 | England/North/Manchester Northern Quarter - Autumn,"Manchester Northern Quarter, red brick warehouses, record shops, murals and rainy urban texture, burnished leaves, warm shop windows and rich seasonal colour, authentic English or American cultural detail, believable scale, polished cinematic location photography","generic location, incorrect architecture, Australian landmarks, random signage, warped buildings, duplicate structures, impossible streets, crowds blocking subject, text artifacts, watermark, blur, low detail",England/North,1,False
0387 | England/North/Manchester Northern Quarter - Summer,"Manchester Northern Quarter, red brick warehouses, record shops, murals and rainy urban texture, bright summer atmosphere, open windows, active streets and lively colour, authentic English or American cultural detail, believable scale, polished cinematic location photography","generic location, incorrect architecture, Australian landmarks, random signage, warped buildings, duplicate structures, impossible streets, crowds blocking subject, text artifacts, watermark, blur, low detail",England/North,1,False
0388 | England/North/Manchester Northern Quarter - Night,"Manchester Northern Quarter, red brick warehouses, record shops, murals and rainy urban texture, controlled night exposure, practical street lighting, realistic reflections and deep background detail, authentic English or American cultural detail, believable scale, polished cinematic location photography","generic location, incorrect architecture, Australian landmarks, random signage, warped buildings, duplicate structures, impossible streets, crowds blocking subject, text artifacts, watermark, blur, low detail",England/North,1,False
0389 | England/North/Manchester Northern Quarter - Weekend,"Manchester Northern Quarter, red brick warehouses, record shops, murals and rainy urban texture, relaxed weekend activity, cafés and pedestrians creating natural lived-in movement, authentic English or American cultural detail, believable scale, polished cinematic location photography","generic location, incorrect architecture, Australian landmarks, random signage, warped buildings, duplicate structures, impossible streets, crowds blocking subject, text artifacts, watermark, blur, low detail",England/North,1,False
0390 | England/North/Manchester Northern Quarter - Editorial,"Manchester Northern Quarter, red brick warehouses, record shops, murals and rainy urban texture, clean high-end location photography, ordered composition and refined architectural detail, authentic English or American cultural detail, believable scale, polished cinematic location photography","generic location, incorrect architecture, Australian landmarks, random signage, warped buildings, duplicate structures, impossible streets, crowds blocking subject, text artifacts, watermark, blur, low detail",England/North,1,False
0391 | England/North/Liverpool Georgian Quarter - Early Morning,"Liverpool Georgian Quarter, sandstone terraces, music heritage, polished pavements and cinematic overcast light, early morning clarity, long clean shadows, sparse foot traffic, authentic English or American cultural detail, believable scale, polished cinematic location photography","generic location, incorrect architecture, Australian landmarks, random signage, warped buildings, duplicate structures, impossible streets, crowds blocking subject, text artifacts, watermark, blur, low detail",England/North,1,False
0392 | England/North/Liverpool Georgian Quarter - Rainy Afternoon,"Liverpool Georgian Quarter, sandstone terraces, music heritage, polished pavements and cinematic overcast light, fresh rain, reflective pavement, umbrellas and soft diffused light, authentic English or American cultural detail, believable scale, polished cinematic location photography","generic location, incorrect architecture, Australian landmarks, random signage, warped buildings, duplicate structures, impossible streets, crowds blocking subject, text artifacts, watermark, blur, low detail",England/North,1,False
0393 | England/North/Liverpool Georgian Quarter - Golden Hour,"Liverpool Georgian Quarter, sandstone terraces, music heritage, polished pavements and cinematic overcast light, warm low sunlight, glowing windows and gentle rim light, authentic English or American cultural detail, believable scale, polished cinematic location photography","generic location, incorrect architecture, Australian landmarks, random signage, warped buildings, duplicate structures, impossible streets, crowds blocking subject, text artifacts, watermark, blur, low detail",England/North,1,False
0394 | England/North/Liverpool Georgian Quarter - Blue Hour,"Liverpool Georgian Quarter, sandstone terraces, music heritage, polished pavements and cinematic overcast light, cool twilight, practical lights beginning to glow and balanced cinematic contrast, authentic English or American cultural detail, believable scale, polished cinematic location photography","generic location, incorrect architecture, Australian landmarks, random signage, warped buildings, duplicate structures, impossible streets, crowds blocking subject, text artifacts, watermark, blur, low detail",England/North,1,False
0395 | England/North/Liverpool Georgian Quarter - Winter,"Liverpool Georgian Quarter, sandstone terraces, music heritage, polished pavements and cinematic overcast light, crisp winter air, layered clothing, subdued colours and seasonal texture, authentic English or American cultural detail, believable scale, polished cinematic location photography","generic location, incorrect architecture, Australian landmarks, random signage, warped buildings, duplicate structures, impossible streets, crowds blocking subject, text artifacts, watermark, blur, low detail",England/North,1,False
0396 | England/North/Liverpool Georgian Quarter - Autumn,"Liverpool Georgian Quarter, sandstone terraces, music heritage, polished pavements and cinematic overcast light, burnished leaves, warm shop windows and rich seasonal colour, authentic English or American cultural detail, believable scale, polished cinematic location photography","generic location, incorrect architecture, Australian landmarks, random signage, warped buildings, duplicate structures, impossible streets, crowds blocking subject, text artifacts, watermark, blur, low detail",England/North,1,False
0397 | England/North/Liverpool Georgian Quarter - Summer,"Liverpool Georgian Quarter, sandstone terraces, music heritage, polished pavements and cinematic overcast light, bright summer atmosphere, open windows, active streets and lively colour, authentic English or American cultural detail, believable scale, polished cinematic location photography","generic location, incorrect architecture, Australian landmarks, random signage, warped buildings, duplicate structures, impossible streets, crowds blocking subject, text artifacts, watermark, blur, low detail",England/North,1,False
0398 | England/North/Liverpool Georgian Quarter - Night,"Liverpool Georgian Quarter, sandstone terraces, music heritage, polished pavements and cinematic overcast light, controlled night exposure, practical street lighting, realistic reflections and deep background detail, authentic English or American cultural detail, believable scale, polished cinematic location photography","generic location, incorrect architecture, Australian landmarks, random signage, warped buildings, duplicate structures, impossible streets, crowds blocking subject, text artifacts, watermark, blur, low detail",England/North,1,False
0399 | England/North/Liverpool Georgian Quarter - Weekend,"Liverpool Georgian Quarter, sandstone terraces, music heritage, polished pavements and cinematic overcast light, relaxed weekend activity, cafés and pedestrians creating natural lived-in movement, authentic English or American cultural detail, believable scale, polished cinematic location photography","generic location, incorrect architecture, Australian landmarks, random signage, warped buildings, duplicate structures, impossible streets, crowds blocking subject, text artifacts, watermark, blur, low detail",England/North,1,False
0400 | England/North/Liverpool Georgian Quarter - Editorial,"Liverpool Georgian Quarter, sandstone terraces, music heritage, polished pavements and cinematic overcast light, clean high-end location photography, ordered composition and refined architectural detail, authentic English or American cultural detail, believable scale, polished cinematic location photography","generic location, incorrect architecture, Australian landmarks, random signage, warped buildings, duplicate structures, impossible streets, crowds blocking subject, text artifacts, watermark, blur, low detail",England/North,1,False
0401 | England/North/York medieval lane - Early Morning,"York medieval lane, timber-framed shopfronts, uneven stone, lanterns and layered historic detail, early morning clarity, long clean shadows, sparse foot traffic, authentic English or American cultural detail, believable scale, polished cinematic location photography","generic location, incorrect architecture, Australian landmarks, random signage, warped buildings, duplicate structures, impossible streets, crowds blocking subject, text artifacts, watermark, blur, low detail",England/North,1,False
0402 | England/North/York medieval lane - Rainy Afternoon,"York medieval lane, timber-framed shopfronts, uneven stone, lanterns and layered historic detail, fresh rain, reflective pavement, umbrellas and soft diffused light, authentic English or American cultural detail, believable scale, polished cinematic location photography","generic location, incorrect architecture, Australian landmarks, random signage, warped buildings, duplicate structures, impossible streets, crowds blocking subject, text artifacts, watermark, blur, low detail",England/North,1,False
0403 | England/North/York medieval lane - Golden Hour,"York medieval lane, timber-framed shopfronts, uneven stone, lanterns and layered historic detail, warm low sunlight, glowing windows and gentle rim light, authentic English or American cultural detail, believable scale, polished cinematic location photography","generic location, incorrect architecture, Australian landmarks, random signage, warped buildings, duplicate structures, impossible streets, crowds blocking subject, text artifacts, watermark, blur, low detail",England/North,1,False
0404 | England/North/York medieval lane - Blue Hour,"York medieval lane, timber-framed shopfronts, uneven stone, lanterns and layered historic detail, cool twilight, practical lights beginning to glow and balanced cinematic contrast, authentic English or American cultural detail, believable scale, polished cinematic location photography","generic location, incorrect architecture, Australian landmarks, random signage, warped buildings, duplicate structures, impossible streets, crowds blocking subject, text artifacts, watermark, blur, low detail",England/North,1,False
0405 | England/North/York medieval lane - Winter,"York medieval lane, timber-framed shopfronts, uneven stone, lanterns and layered historic detail, crisp winter air, layered clothing, subdued colours and seasonal texture, authentic English or American cultural detail, believable scale, polished cinematic location photography","generic location, incorrect architecture, Australian landmarks, random signage, warped buildings, duplicate structures, impossible streets, crowds blocking subject, text artifacts, watermark, blur, low detail",England/North,1,False
0406 | England/North/York medieval lane - Autumn,"York medieval lane, timber-framed shopfronts, uneven stone, lanterns and layered historic detail, burnished leaves, warm shop windows and rich seasonal colour, authentic English or American cultural detail, believable scale, polished cinematic location photography","generic location, incorrect architecture, Australian landmarks, random signage, warped buildings, duplicate structures, impossible streets, crowds blocking subject, text artifacts, watermark, blur, low detail",England/North,1,False
0407 | England/North/York medieval lane - Summer,"York medieval lane, timber-framed shopfronts, uneven stone, lanterns and layered historic detail, bright summer atmosphere, open windows, active streets and lively colour, authentic English or American cultural detail, believable scale, polished cinematic location photography","generic location, incorrect architecture, Australian landmarks, random signage, warped buildings, duplicate structures, impossible streets, crowds blocking subject, text artifacts, watermark, blur, low detail",England/North,1,False
0408 | England/North/York medieval lane - Night,"York medieval lane, timber-framed shopfronts, uneven stone, lanterns and layered historic detail, controlled night exposure, practical street lighting, realistic reflections and deep background detail, authentic English or American cultural detail, believable scale, polished cinematic location photography","generic location, incorrect architecture, Australian landmarks, random signage, warped buildings, duplicate structures, impossible streets, crowds blocking subject, text artifacts, watermark, blur, low detail",England/North,1,False
0409 | England/North/York medieval lane - Weekend,"York medieval lane, timber-framed shopfronts, uneven stone, lanterns and layered historic detail, relaxed weekend activity, cafés and pedestrians creating natural lived-in movement, authentic English or American cultural detail, believable scale, polished cinematic location photography","generic location, incorrect architecture, Australian landmarks, random signage, warped buildings, duplicate structures, impossible streets, crowds blocking subject, text artifacts, watermark, blur, low detail",England/North,1,False
0410 | England/North/York medieval lane - Editorial,"York medieval lane, timber-framed shopfronts, uneven stone, lanterns and layered historic detail, clean high-end location photography, ordered composition and refined architectural detail, authentic English or American cultural detail, believable scale, polished cinematic location photography","generic location, incorrect architecture, Australian landmarks, random signage, warped buildings, duplicate structures, impossible streets, crowds blocking subject, text artifacts, watermark, blur, low detail",England/North,1,False
0411 | England/University/Oxford college courtyard - Early Morning,"Oxford college courtyard, Gothic stone arches, clipped lawns, bicycles and scholarly quiet, early morning clarity, long clean shadows, sparse foot traffic, authentic English or American cultural detail, believable scale, polished cinematic location photography","generic location, incorrect architecture, Australian landmarks, random signage, warped buildings, duplicate structures, impossible streets, crowds blocking subject, text artifacts, watermark, blur, low detail",England/University,1,False
0412 | England/University/Oxford college courtyard - Rainy Afternoon,"Oxford college courtyard, Gothic stone arches, clipped lawns, bicycles and scholarly quiet, fresh rain, reflective pavement, umbrellas and soft diffused light, authentic English or American cultural detail, believable scale, polished cinematic location photography","generic location, incorrect architecture, Australian landmarks, random signage, warped buildings, duplicate structures, impossible streets, crowds blocking subject, text artifacts, watermark, blur, low detail",England/University,1,False
0413 | England/University/Oxford college courtyard - Golden Hour,"Oxford college courtyard, Gothic stone arches, clipped lawns, bicycles and scholarly quiet, warm low sunlight, glowing windows and gentle rim light, authentic English or American cultural detail, believable scale, polished cinematic location photography","generic location, incorrect architecture, Australian landmarks, random signage, warped buildings, duplicate structures, impossible streets, crowds blocking subject, text artifacts, watermark, blur, low detail",England/University,1,False
0414 | England/University/Oxford college courtyard - Blue Hour,"Oxford college courtyard, Gothic stone arches, clipped lawns, bicycles and scholarly quiet, cool twilight, practical lights beginning to glow and balanced cinematic contrast, authentic English or American cultural detail, believable scale, polished cinematic location photography","generic location, incorrect architecture, Australian landmarks, random signage, warped buildings, duplicate structures, impossible streets, crowds blocking subject, text artifacts, watermark, blur, low detail",England/University,1,False
0415 | England/University/Oxford college courtyard - Winter,"Oxford college courtyard, Gothic stone arches, clipped lawns, bicycles and scholarly quiet, crisp winter air, layered clothing, subdued colours and seasonal texture, authentic English or American cultural detail, believable scale, polished cinematic location photography","generic location, incorrect architecture, Australian landmarks, random signage, warped buildings, duplicate structures, impossible streets, crowds blocking subject, text artifacts, watermark, blur, low detail",England/University,1,False
0416 | England/University/Oxford college courtyard - Autumn,"Oxford college courtyard, Gothic stone arches, clipped lawns, bicycles and scholarly quiet, burnished leaves, warm shop windows and rich seasonal colour, authentic English or American cultural detail, believable scale, polished cinematic location photography","generic location, incorrect architecture, Australian landmarks, random signage, warped buildings, duplicate structures, impossible streets, crowds blocking subject, text artifacts, watermark, blur, low detail",England/University,1,False
0417 | England/University/Oxford college courtyard - Summer,"Oxford college courtyard, Gothic stone arches, clipped lawns, bicycles and scholarly quiet, bright summer atmosphere, open windows, active streets and lively colour, authentic English or American cultural detail, believable scale, polished cinematic location photography","generic location, incorrect architecture, Australian landmarks, random signage, warped buildings, duplicate structures, impossible streets, crowds blocking subject, text artifacts, watermark, blur, low detail",England/University,1,False
0418 | England/University/Oxford college courtyard - Night,"Oxford college courtyard, Gothic stone arches, clipped lawns, bicycles and scholarly quiet, controlled night exposure, practical street lighting, realistic reflections and deep background detail, authentic English or American cultural detail, believable scale, polished cinematic location photography","generic location, incorrect architecture, Australian landmarks, random signage, warped buildings, duplicate structures, impossible streets, crowds blocking subject, text artifacts, watermark, blur, low detail",England/University,1,False
0419 | England/University/Oxford college courtyard - Weekend,"Oxford college courtyard, Gothic stone arches, clipped lawns, bicycles and scholarly quiet, relaxed weekend activity, cafés and pedestrians creating natural lived-in movement, authentic English or American cultural detail, believable scale, polished cinematic location photography","generic location, incorrect architecture, Australian landmarks, random signage, warped buildings, duplicate structures, impossible streets, crowds blocking subject, text artifacts, watermark, blur, low detail",England/University,1,False
0420 | England/University/Oxford college courtyard - Editorial,"Oxford college courtyard, Gothic stone arches, clipped lawns, bicycles and scholarly quiet, clean high-end location photography, ordered composition and refined architectural detail, authentic English or American cultural detail, believable scale, polished cinematic location photography","generic location, incorrect architecture, Australian landmarks, random signage, warped buildings, duplicate structures, impossible streets, crowds blocking subject, text artifacts, watermark, blur, low detail",England/University,1,False
0421 | England/University/Cambridge riverside college - Early Morning,"Cambridge riverside college, chapel towers, punts, willow trees and calm academic atmosphere, early morning clarity, long clean shadows, sparse foot traffic, authentic English or American cultural detail, believable scale, polished cinematic location photography","generic location, incorrect architecture, Australian landmarks, random signage, warped buildings, duplicate structures, impossible streets, crowds blocking subject, text artifacts, watermark, blur, low detail",England/University,1,False
0422 | England/University/Cambridge riverside college - Rainy Afternoon,"Cambridge riverside college, chapel towers, punts, willow trees and calm academic atmosphere, fresh rain, reflective pavement, umbrellas and soft diffused light, authentic English or American cultural detail, believable scale, polished cinematic location photography","generic location, incorrect architecture, Australian landmarks, random signage, warped buildings, duplicate structures, impossible streets, crowds blocking subject, text artifacts, watermark, blur, low detail",England/University,1,False
0423 | England/University/Cambridge riverside college - Golden Hour,"Cambridge riverside college, chapel towers, punts, willow trees and calm academic atmosphere, warm low sunlight, glowing windows and gentle rim light, authentic English or American cultural detail, believable scale, polished cinematic location photography","generic location, incorrect architecture, Australian landmarks, random signage, warped buildings, duplicate structures, impossible streets, crowds blocking subject, text artifacts, watermark, blur, low detail",England/University,1,False
0424 | England/University/Cambridge riverside college - Blue Hour,"Cambridge riverside college, chapel towers, punts, willow trees and calm academic atmosphere, cool twilight, practical lights beginning to glow and balanced cinematic contrast, authentic English or American cultural detail, believable scale, polished cinematic location photography","generic location, incorrect architecture, Australian landmarks, random signage, warped buildings, duplicate structures, impossible streets, crowds blocking subject, text artifacts, watermark, blur, low detail",England/University,1,False
0425 | England/University/Cambridge riverside college - Winter,"Cambridge riverside college, chapel towers, punts, willow trees and calm academic atmosphere, crisp winter air, layered clothing, subdued colours and seasonal texture, authentic English or American cultural detail, believable scale, polished cinematic location photography","generic location, incorrect architecture, Australian landmarks, random signage, warped buildings, duplicate structures, impossible streets, crowds blocking subject, text artifacts, watermark, blur, low detail",England/University,1,False
0426 | England/University/Cambridge riverside college - Autumn,"Cambridge riverside college, chapel towers, punts, willow trees and calm academic atmosphere, burnished leaves, warm shop windows and rich seasonal colour, authentic English or American cultural detail, believable scale, polished cinematic location photography","generic location, incorrect architecture, Australian landmarks, random signage, warped buildings, duplicate structures, impossible streets, crowds blocking subject, text artifacts, watermark, blur, low detail",England/University,1,False
0427 | England/University/Cambridge riverside college - Summer,"Cambridge riverside college, chapel towers, punts, willow trees and calm academic atmosphere, bright summer atmosphere, open windows, active streets and lively colour, authentic English or American cultural detail, believable scale, polished cinematic location photography","generic location, incorrect architecture, Australian landmarks, random signage, warped buildings, duplicate structures, impossible streets, crowds blocking subject, text artifacts, watermark, blur, low detail",England/University,1,False
0428 | England/University/Cambridge riverside college - Night,"Cambridge riverside college, chapel towers, punts, willow trees and calm academic atmosphere, controlled night exposure, practical street lighting, realistic reflections and deep background detail, authentic English or American cultural detail, believable scale, polished cinematic location photography","generic location, incorrect architecture, Australian landmarks, random signage, warped buildings, duplicate structures, impossible streets, crowds blocking subject, text artifacts, watermark, blur, low detail",England/University,1,False
0429 | England/University/Cambridge riverside college - Weekend,"Cambridge riverside college, chapel towers, punts, willow trees and calm academic atmosphere, relaxed weekend activity, cafés and pedestrians creating natural lived-in movement, authentic English or American cultural detail, believable scale, polished cinematic location photography","generic location, incorrect architecture, Australian landmarks, random signage, warped buildings, duplicate structures, impossible streets, crowds blocking subject, text artifacts, watermark, blur, low detail",England/University,1,False
0430 | England/University/Cambridge riverside college - Editorial,"Cambridge riverside college, chapel towers, punts, willow trees and calm academic atmosphere, clean high-end location photography, ordered composition and refined architectural detail, authentic English or American cultural detail, believable scale, polished cinematic location photography","generic location, incorrect architecture, Australian landmarks, random signage, warped buildings, duplicate structures, impossible streets, crowds blocking subject, text artifacts, watermark, blur, low detail",England/University,1,False
0431 | Scotland/City/Edinburgh Old Town close - Early Morning,"Edinburgh Old Town close, dark stone tenements, steep passageways, mist and dramatic historic depth, early morning clarity, long clean shadows, sparse foot traffic, authentic English or American cultural detail, believable scale, polished cinematic location photography","generic location, incorrect architecture, Australian landmarks, random signage, warped buildings, duplicate structures, impossible streets, crowds blocking subject, text artifacts, watermark, blur, low detail",Scotland/City,1,False
0432 | Scotland/City/Edinburgh Old Town close - Rainy Afternoon,"Edinburgh Old Town close, dark stone tenements, steep passageways, mist and dramatic historic depth, fresh rain, reflective pavement, umbrellas and soft diffused light, authentic English or American cultural detail, believable scale, polished cinematic location photography","generic location, incorrect architecture, Australian landmarks, random signage, warped buildings, duplicate structures, impossible streets, crowds blocking subject, text artifacts, watermark, blur, low detail",Scotland/City,1,False
0433 | Scotland/City/Edinburgh Old Town close - Golden Hour,"Edinburgh Old Town close, dark stone tenements, steep passageways, mist and dramatic historic depth, warm low sunlight, glowing windows and gentle rim light, authentic English or American cultural detail, believable scale, polished cinematic location photography","generic location, incorrect architecture, Australian landmarks, random signage, warped buildings, duplicate structures, impossible streets, crowds blocking subject, text artifacts, watermark, blur, low detail",Scotland/City,1,False
0434 | Scotland/City/Edinburgh Old Town close - Blue Hour,"Edinburgh Old Town close, dark stone tenements, steep passageways, mist and dramatic historic depth, cool twilight, practical lights beginning to glow and balanced cinematic contrast, authentic English or American cultural detail, believable scale, polished cinematic location photography","generic location, incorrect architecture, Australian landmarks, random signage, warped buildings, duplicate structures, impossible streets, crowds blocking subject, text artifacts, watermark, blur, low detail",Scotland/City,1,False
0435 | Scotland/City/Edinburgh Old Town close - Winter,"Edinburgh Old Town close, dark stone tenements, steep passageways, mist and dramatic historic depth, crisp winter air, layered clothing, subdued colours and seasonal texture, authentic English or American cultural detail, believable scale, polished cinematic location photography","generic location, incorrect architecture, Australian landmarks, random signage, warped buildings, duplicate structures, impossible streets, crowds blocking subject, text artifacts, watermark, blur, low detail",Scotland/City,1,False
0436 | Scotland/City/Edinburgh Old Town close - Autumn,"Edinburgh Old Town close, dark stone tenements, steep passageways, mist and dramatic historic depth, burnished leaves, warm shop windows and rich seasonal colour, authentic English or American cultural detail, believable scale, polished cinematic location photography","generic location, incorrect architecture, Australian landmarks, random signage, warped buildings, duplicate structures, impossible streets, crowds blocking subject, text artifacts, watermark, blur, low detail",Scotland/City,1,False
0437 | Scotland/City/Edinburgh Old Town close - Summer,"Edinburgh Old Town close, dark stone tenements, steep passageways, mist and dramatic historic depth, bright summer atmosphere, open windows, active streets and lively colour, authentic English or American cultural detail, believable scale, polished cinematic location photography","generic location, incorrect architecture, Australian landmarks, random signage, warped buildings, duplicate structures, impossible streets, crowds blocking subject, text artifacts, watermark, blur, low detail",Scotland/City,1,False
0438 | Scotland/City/Edinburgh Old Town close - Night,"Edinburgh Old Town close, dark stone tenements, steep passageways, mist and dramatic historic depth, controlled night exposure, practical street lighting, realistic reflections and deep background detail, authentic English or American cultural detail, believable scale, polished cinematic location photography","generic location, incorrect architecture, Australian landmarks, random signage, warped buildings, duplicate structures, impossible streets, crowds blocking subject, text artifacts, watermark, blur, low detail",Scotland/City,1,False
0439 | Scotland/City/Edinburgh Old Town close - Weekend,"Edinburgh Old Town close, dark stone tenements, steep passageways, mist and dramatic historic depth, relaxed weekend activity, cafés and pedestrians creating natural lived-in movement, authentic English or American cultural detail, believable scale, polished cinematic location photography","generic location, incorrect architecture, Australian landmarks, random signage, warped buildings, duplicate structures, impossible streets, crowds blocking subject, text artifacts, watermark, blur, low detail",Scotland/City,1,False
0440 | Scotland/City/Edinburgh Old Town close - Editorial,"Edinburgh Old Town close, dark stone tenements, steep passageways, mist and dramatic historic depth, clean high-end location photography, ordered composition and refined architectural detail, authentic English or American cultural detail, believable scale, polished cinematic location photography","generic location, incorrect architecture, Australian landmarks, random signage, warped buildings, duplicate structures, impossible streets, crowds blocking subject, text artifacts, watermark, blur, low detail",Scotland/City,1,False
0441 | United States/New York/West Village brownstone street - Early Morning,"West Village brownstone street, tree-lined pavement, stoops, corner café and polished Manhattan neighbourhood detail, early morning clarity, long clean shadows, sparse foot traffic, authentic English or American cultural detail, believable scale, polished cinematic location photography","generic location, incorrect architecture, Australian landmarks, random signage, warped buildings, duplicate structures, impossible streets, crowds blocking subject, text artifacts, watermark, blur, low detail",United States/New York,1,False
0442 | United States/New York/West Village brownstone street - Rainy Afternoon,"West Village brownstone street, tree-lined pavement, stoops, corner café and polished Manhattan neighbourhood detail, fresh rain, reflective pavement, umbrellas and soft diffused light, authentic English or American cultural detail, believable scale, polished cinematic location photography","generic location, incorrect architecture, Australian landmarks, random signage, warped buildings, duplicate structures, impossible streets, crowds blocking subject, text artifacts, watermark, blur, low detail",United States/New York,1,False
0443 | United States/New York/West Village brownstone street - Golden Hour,"West Village brownstone street, tree-lined pavement, stoops, corner café and polished Manhattan neighbourhood detail, warm low sunlight, glowing windows and gentle rim light, authentic English or American cultural detail, believable scale, polished cinematic location photography","generic location, incorrect architecture, Australian landmarks, random signage, warped buildings, duplicate structures, impossible streets, crowds blocking subject, text artifacts, watermark, blur, low detail",United States/New York,1,False
0444 | United States/New York/West Village brownstone street - Blue Hour,"West Village brownstone street, tree-lined pavement, stoops, corner café and polished Manhattan neighbourhood detail, cool twilight, practical lights beginning to glow and balanced cinematic contrast, authentic English or American cultural detail, believable scale, polished cinematic location photography","generic location, incorrect architecture, Australian landmarks, random signage, warped buildings, duplicate structures, impossible streets, crowds blocking subject, text artifacts, watermark, blur, low detail",United States/New York,1,False
0445 | United States/New York/West Village brownstone street - Winter,"West Village brownstone street, tree-lined pavement, stoops, corner café and polished Manhattan neighbourhood detail, crisp winter air, layered clothing, subdued colours and seasonal texture, authentic English or American cultural detail, believable scale, polished cinematic location photography","generic location, incorrect architecture, Australian landmarks, random signage, warped buildings, duplicate structures, impossible streets, crowds blocking subject, text artifacts, watermark, blur, low detail",United States/New York,1,False
0446 | United States/New York/West Village brownstone street - Autumn,"West Village brownstone street, tree-lined pavement, stoops, corner café and polished Manhattan neighbourhood detail, burnished leaves, warm shop windows and rich seasonal colour, authentic English or American cultural detail, believable scale, polished cinematic location photography","generic location, incorrect architecture, Australian landmarks, random signage, warped buildings, duplicate structures, impossible streets, crowds blocking subject, text artifacts, watermark, blur, low detail",United States/New York,1,False
0447 | United States/New York/West Village brownstone street - Summer,"West Village brownstone street, tree-lined pavement, stoops, corner café and polished Manhattan neighbourhood detail, bright summer atmosphere, open windows, active streets and lively colour, authentic English or American cultural detail, believable scale, polished cinematic location photography","generic location, incorrect architecture, Australian landmarks, random signage, warped buildings, duplicate structures, impossible streets, crowds blocking subject, text artifacts, watermark, blur, low detail",United States/New York,1,False
0448 | United States/New York/West Village brownstone street - Night,"West Village brownstone street, tree-lined pavement, stoops, corner café and polished Manhattan neighbourhood detail, controlled night exposure, practical street lighting, realistic reflections and deep background detail, authentic English or American cultural detail, believable scale, polished cinematic location photography","generic location, incorrect architecture, Australian landmarks, random signage, warped buildings, duplicate structures, impossible streets, crowds blocking subject, text artifacts, watermark, blur, low detail",United States/New York,1,False
0449 | United States/New York/West Village brownstone street - Weekend,"West Village brownstone street, tree-lined pavement, stoops, corner café and polished Manhattan neighbourhood detail, relaxed weekend activity, cafés and pedestrians creating natural lived-in movement, authentic English or American cultural detail, believable scale, polished cinematic location photography","generic location, incorrect architecture, Australian landmarks, random signage, warped buildings, duplicate structures, impossible streets, crowds blocking subject, text artifacts, watermark, blur, low detail",United States/New York,1,False
0450 | United States/New York/West Village brownstone street - Editorial,"West Village brownstone street, tree-lined pavement, stoops, corner café and polished Manhattan neighbourhood detail, clean high-end location photography, ordered composition and refined architectural detail, authentic English or American cultural detail, believable scale, polished cinematic location photography","generic location, incorrect architecture, Australian landmarks, random signage, warped buildings, duplicate structures, impossible streets, crowds blocking subject, text artifacts, watermark, blur, low detail",United States/New York,1,False
0451 | United States/New York/Brooklyn rooftop at dusk - Early Morning,"Brooklyn rooftop at dusk, brick water towers, skyline silhouettes, string lights and lived-in creative atmosphere, early morning clarity, long clean shadows, sparse foot traffic, authentic English or American cultural detail, believable scale, polished cinematic location photography","generic location, incorrect architecture, Australian landmarks, random signage, warped buildings, duplicate structures, impossible streets, crowds blocking subject, text artifacts, watermark, blur, low detail",United States/New York,1,False
0452 | United States/New York/Brooklyn rooftop at dusk - Rainy Afternoon,"Brooklyn rooftop at dusk, brick water towers, skyline silhouettes, string lights and lived-in creative atmosphere, fresh rain, reflective pavement, umbrellas and soft diffused light, authentic English or American cultural detail, believable scale, polished cinematic location photography","generic location, incorrect architecture, Australian landmarks, random signage, warped buildings, duplicate structures, impossible streets, crowds blocking subject, text artifacts, watermark, blur, low detail",United States/New York,1,False
0453 | United States/New York/Brooklyn rooftop at dusk - Golden Hour,"Brooklyn rooftop at dusk, brick water towers, skyline silhouettes, string lights and lived-in creative atmosphere, warm low sunlight, glowing windows and gentle rim light, authentic English or American cultural detail, believable scale, polished cinematic location photography","generic location, incorrect architecture, Australian landmarks, random signage, warped buildings, duplicate structures, impossible streets, crowds blocking subject, text artifacts, watermark, blur, low detail",United States/New York,1,False
0454 | United States/New York/Brooklyn rooftop at dusk - Blue Hour,"Brooklyn rooftop at dusk, brick water towers, skyline silhouettes, string lights and lived-in creative atmosphere, cool twilight, practical lights beginning to glow and balanced cinematic contrast, authentic English or American cultural detail, believable scale, polished cinematic location photography","generic location, incorrect architecture, Australian landmarks, random signage, warped buildings, duplicate structures, impossible streets, crowds blocking subject, text artifacts, watermark, blur, low detail",United States/New York,1,False
0455 | United States/New York/Brooklyn rooftop at dusk - Winter,"Brooklyn rooftop at dusk, brick water towers, skyline silhouettes, string lights and lived-in creative atmosphere, crisp winter air, layered clothing, subdued colours and seasonal texture, authentic English or American cultural detail, believable scale, polished cinematic location photography","generic location, incorrect architecture, Australian landmarks, random signage, warped buildings, duplicate structures, impossible streets, crowds blocking subject, text artifacts, watermark, blur, low detail",United States/New York,1,False
0456 | United States/New York/Brooklyn rooftop at dusk - Autumn,"Brooklyn rooftop at dusk, brick water towers, skyline silhouettes, string lights and lived-in creative atmosphere, burnished leaves, warm shop windows and rich seasonal colour, authentic English or American cultural detail, believable scale, polished cinematic location photography","generic location, incorrect architecture, Australian landmarks, random signage, warped buildings, duplicate structures, impossible streets, crowds blocking subject, text artifacts, watermark, blur, low detail",United States/New York,1,False
0457 | United States/New York/Brooklyn rooftop at dusk - Summer,"Brooklyn rooftop at dusk, brick water towers, skyline silhouettes, string lights and lived-in creative atmosphere, bright summer atmosphere, open windows, active streets and lively colour, authentic English or American cultural detail, believable scale, polished cinematic location photography","generic location, incorrect architecture, Australian landmarks, random signage, warped buildings, duplicate structures, impossible streets, crowds blocking subject, text artifacts, watermark, blur, low detail",United States/New York,1,False
0458 | United States/New York/Brooklyn rooftop at dusk - Night,"Brooklyn rooftop at dusk, brick water towers, skyline silhouettes, string lights and lived-in creative atmosphere, controlled night exposure, practical street lighting, realistic reflections and deep background detail, authentic English or American cultural detail, believable scale, polished cinematic location photography","generic location, incorrect architecture, Australian landmarks, random signage, warped buildings, duplicate structures, impossible streets, crowds blocking subject, text artifacts, watermark, blur, low detail",United States/New York,1,False
0459 | United States/New York/Brooklyn rooftop at dusk - Weekend,"Brooklyn rooftop at dusk, brick water towers, skyline silhouettes, string lights and lived-in creative atmosphere, relaxed weekend activity, cafés and pedestrians creating natural lived-in movement, authentic English or American cultural detail, believable scale, polished cinematic location photography","generic location, incorrect architecture, Australian landmarks, random signage, warped buildings, duplicate structures, impossible streets, crowds blocking subject, text artifacts, watermark, blur, low detail",United States/New York,1,False
0460 | United States/New York/Brooklyn rooftop at dusk - Editorial,"Brooklyn rooftop at dusk, brick water towers, skyline silhouettes, string lights and lived-in creative atmosphere, clean high-end location photography, ordered composition and refined architectural detail, authentic English or American cultural detail, believable scale, polished cinematic location photography","generic location, incorrect architecture, Australian landmarks, random signage, warped buildings, duplicate structures, impossible streets, crowds blocking subject, text artifacts, watermark, blur, low detail",United States/New York,1,False
0461 | United States/New York/SoHo cast-iron block - Early Morning,"SoHo cast-iron block, loft windows, cobblestones, fashion storefronts and crisp editorial city light, early morning clarity, long clean shadows, sparse foot traffic, authentic English or American cultural detail, believable scale, polished cinematic location photography","generic location, incorrect architecture, Australian landmarks, random signage, warped buildings, duplicate structures, impossible streets, crowds blocking subject, text artifacts, watermark, blur, low detail",United States/New York,1,False
0462 | United States/New York/SoHo cast-iron block - Rainy Afternoon,"SoHo cast-iron block, loft windows, cobblestones, fashion storefronts and crisp editorial city light, fresh rain, reflective pavement, umbrellas and soft diffused light, authentic English or American cultural detail, believable scale, polished cinematic location photography","generic location, incorrect architecture, Australian landmarks, random signage, warped buildings, duplicate structures, impossible streets, crowds blocking subject, text artifacts, watermark, blur, low detail",United States/New York,1,False
0463 | United States/New York/SoHo cast-iron block - Golden Hour,"SoHo cast-iron block, loft windows, cobblestones, fashion storefronts and crisp editorial city light, warm low sunlight, glowing windows and gentle rim light, authentic English or American cultural detail, believable scale, polished cinematic location photography","generic location, incorrect architecture, Australian landmarks, random signage, warped buildings, duplicate structures, impossible streets, crowds blocking subject, text artifacts, watermark, blur, low detail",United States/New York,1,False
0464 | United States/New York/SoHo cast-iron block - Blue Hour,"SoHo cast-iron block, loft windows, cobblestones, fashion storefronts and crisp editorial city light, cool twilight, practical lights beginning to glow and balanced cinematic contrast, authentic English or American cultural detail, believable scale, polished cinematic location photography","generic location, incorrect architecture, Australian landmarks, random signage, warped buildings, duplicate structures, impossible streets, crowds blocking subject, text artifacts, watermark, blur, low detail",United States/New York,1,False
0465 | United States/New York/SoHo cast-iron block - Winter,"SoHo cast-iron block, loft windows, cobblestones, fashion storefronts and crisp editorial city light, crisp winter air, layered clothing, subdued colours and seasonal texture, authentic English or American cultural detail, believable scale, polished cinematic location photography","generic location, incorrect architecture, Australian landmarks, random signage, warped buildings, duplicate structures, impossible streets, crowds blocking subject, text artifacts, watermark, blur, low detail",United States/New York,1,False
0466 | United States/New York/SoHo cast-iron block - Autumn,"SoHo cast-iron block, loft windows, cobblestones, fashion storefronts and crisp editorial city light, burnished leaves, warm shop windows and rich seasonal colour, authentic English or American cultural detail, believable scale, polished cinematic location photography","generic location, incorrect architecture, Australian landmarks, random signage, warped buildings, duplicate structures, impossible streets, crowds blocking subject, text artifacts, watermark, blur, low detail",United States/New York,1,False
0467 | United States/New York/SoHo cast-iron block - Summer,"SoHo cast-iron block, loft windows, cobblestones, fashion storefronts and crisp editorial city light, bright summer atmosphere, open windows, active streets and lively colour, authentic English or American cultural detail, believable scale, polished cinematic location photography","generic location, incorrect architecture, Australian landmarks, random signage, warped buildings, duplicate structures, impossible streets, crowds blocking subject, text artifacts, watermark, blur, low detail",United States/New York,1,False
0468 | United States/New York/SoHo cast-iron block - Night,"SoHo cast-iron block, loft windows, cobblestones, fashion storefronts and crisp editorial city light, controlled night exposure, practical street lighting, realistic reflections and deep background detail, authentic English or American cultural detail, believable scale, polished cinematic location photography","generic location, incorrect architecture, Australian landmarks, random signage, warped buildings, duplicate structures, impossible streets, crowds blocking subject, text artifacts, watermark, blur, low detail",United States/New York,1,False
0469 | United States/New York/SoHo cast-iron block - Weekend,"SoHo cast-iron block, loft windows, cobblestones, fashion storefronts and crisp editorial city light, relaxed weekend activity, cafés and pedestrians creating natural lived-in movement, authentic English or American cultural detail, believable scale, polished cinematic location photography","generic location, incorrect architecture, Australian landmarks, random signage, warped buildings, duplicate structures, impossible streets, crowds blocking subject, text artifacts, watermark, blur, low detail",United States/New York,1,False
0470 | United States/New York/SoHo cast-iron block - Editorial,"SoHo cast-iron block, loft windows, cobblestones, fashion storefronts and crisp editorial city light, clean high-end location photography, ordered composition and refined architectural detail, authentic English or American cultural detail, believable scale, polished cinematic location photography","generic location, incorrect architecture, Australian landmarks, random signage, warped buildings, duplicate structures, impossible streets, crowds blocking subject, text artifacts, watermark, blur, low detail",United States/New York,1,False
0471 | United States/New England/Boston Beacon Hill - Early Morning,"Boston Beacon Hill, red brick row houses, black shutters, gas lamps and autumn leaves, early morning clarity, long clean shadows, sparse foot traffic, authentic English or American cultural detail, believable scale, polished cinematic location photography","generic location, incorrect architecture, Australian landmarks, random signage, warped buildings, duplicate structures, impossible streets, crowds blocking subject, text artifacts, watermark, blur, low detail",United States/New England,1,False
0472 | United States/New England/Boston Beacon Hill - Rainy Afternoon,"Boston Beacon Hill, red brick row houses, black shutters, gas lamps and autumn leaves, fresh rain, reflective pavement, umbrellas and soft diffused light, authentic English or American cultural detail, believable scale, polished cinematic location photography","generic location, incorrect architecture, Australian landmarks, random signage, warped buildings, duplicate structures, impossible streets, crowds blocking subject, text artifacts, watermark, blur, low detail",United States/New England,1,False
0473 | United States/New England/Boston Beacon Hill - Golden Hour,"Boston Beacon Hill, red brick row houses, black shutters, gas lamps and autumn leaves, warm low sunlight, glowing windows and gentle rim light, authentic English or American cultural detail, believable scale, polished cinematic location photography","generic location, incorrect architecture, Australian landmarks, random signage, warped buildings, duplicate structures, impossible streets, crowds blocking subject, text artifacts, watermark, blur, low detail",United States/New England,1,False
0474 | United States/New England/Boston Beacon Hill - Blue Hour,"Boston Beacon Hill, red brick row houses, black shutters, gas lamps and autumn leaves, cool twilight, practical lights beginning to glow and balanced cinematic contrast, authentic English or American cultural detail, believable scale, polished cinematic location photography","generic location, incorrect architecture, Australian landmarks, random signage, warped buildings, duplicate structures, impossible streets, crowds blocking subject, text artifacts, watermark, blur, low detail",United States/New England,1,False
0475 | United States/New England/Boston Beacon Hill - Winter,"Boston Beacon Hill, red brick row houses, black shutters, gas lamps and autumn leaves, crisp winter air, layered clothing, subdued colours and seasonal texture, authentic English or American cultural detail, believable scale, polished cinematic location photography","generic location, incorrect architecture, Australian landmarks, random signage, warped buildings, duplicate structures, impossible streets, crowds blocking subject, text artifacts, watermark, blur, low detail",United States/New England,1,False
0476 | United States/New England/Boston Beacon Hill - Autumn,"Boston Beacon Hill, red brick row houses, black shutters, gas lamps and autumn leaves, burnished leaves, warm shop windows and rich seasonal colour, authentic English or American cultural detail, believable scale, polished cinematic location photography","generic location, incorrect architecture, Australian landmarks, random signage, warped buildings, duplicate structures, impossible streets, crowds blocking subject, text artifacts, watermark, blur, low detail",United States/New England,1,False
0477 | United States/New England/Boston Beacon Hill - Summer,"Boston Beacon Hill, red brick row houses, black shutters, gas lamps and autumn leaves, bright summer atmosphere, open windows, active streets and lively colour, authentic English or American cultural detail, believable scale, polished cinematic location photography","generic location, incorrect architecture, Australian landmarks, random signage, warped buildings, duplicate structures, impossible streets, crowds blocking subject, text artifacts, watermark, blur, low detail",United States/New England,1,False
0478 | United States/New England/Boston Beacon Hill - Night,"Boston Beacon Hill, red brick row houses, black shutters, gas lamps and autumn leaves, controlled night exposure, practical street lighting, realistic reflections and deep background detail, authentic English or American cultural detail, believable scale, polished cinematic location photography","generic location, incorrect architecture, Australian landmarks, random signage, warped buildings, duplicate structures, impossible streets, crowds blocking subject, text artifacts, watermark, blur, low detail",United States/New England,1,False
0479 | United States/New England/Boston Beacon Hill - Weekend,"Boston Beacon Hill, red brick row houses, black shutters, gas lamps and autumn leaves, relaxed weekend activity, cafés and pedestrians creating natural lived-in movement, authentic English or American cultural detail, believable scale, polished cinematic location photography","generic location, incorrect architecture, Australian landmarks, random signage, warped buildings, duplicate structures, impossible streets, crowds blocking subject, text artifacts, watermark, blur, low detail",United States/New England,1,False
0480 | United States/New England/Boston Beacon Hill - Editorial,"Boston Beacon Hill, red brick row houses, black shutters, gas lamps and autumn leaves, clean high-end location photography, ordered composition and refined architectural detail, authentic English or American cultural detail, believable scale, polished cinematic location photography","generic location, incorrect architecture, Australian landmarks, random signage, warped buildings, duplicate structures, impossible streets, crowds blocking subject, text artifacts, watermark, blur, low detail",United States/New England,1,False
0481 | United States/New England/Maine coastal town - Early Morning,"Maine coastal town, white clapboard houses, lobster boats, weathered docks and cool Atlantic light, early morning clarity, long clean shadows, sparse foot traffic, authentic English or American cultural detail, believable scale, polished cinematic location photography","generic location, incorrect architecture, Australian landmarks, random signage, warped buildings, duplicate structures, impossible streets, crowds blocking subject, text artifacts, watermark, blur, low detail",United States/New England,1,False
0482 | United States/New England/Maine coastal town - Rainy Afternoon,"Maine coastal town, white clapboard houses, lobster boats, weathered docks and cool Atlantic light, fresh rain, reflective pavement, umbrellas and soft diffused light, authentic English or American cultural detail, believable scale, polished cinematic location photography","generic location, incorrect architecture, Australian landmarks, random signage, warped buildings, duplicate structures, impossible streets, crowds blocking subject, text artifacts, watermark, blur, low detail",United States/New England,1,False
0483 | United States/New England/Maine coastal town - Golden Hour,"Maine coastal town, white clapboard houses, lobster boats, weathered docks and cool Atlantic light, warm low sunlight, glowing windows and gentle rim light, authentic English or American cultural detail, believable scale, polished cinematic location photography","generic location, incorrect architecture, Australian landmarks, random signage, warped buildings, duplicate structures, impossible streets, crowds blocking subject, text artifacts, watermark, blur, low detail",United States/New England,1,False
0484 | United States/New England/Maine coastal town - Blue Hour,"Maine coastal town, white clapboard houses, lobster boats, weathered docks and cool Atlantic light, cool twilight, practical lights beginning to glow and balanced cinematic contrast, authentic English or American cultural detail, believable scale, polished cinematic location photography","generic location, incorrect architecture, Australian landmarks, random signage, warped buildings, duplicate structures, impossible streets, crowds blocking subject, text artifacts, watermark, blur, low detail",United States/New England,1,False
0485 | United States/New England/Maine coastal town - Winter,"Maine coastal town, white clapboard houses, lobster boats, weathered docks and cool Atlantic light, crisp winter air, layered clothing, subdued colours and seasonal texture, authentic English or American cultural detail, believable scale, polished cinematic location photography","generic location, incorrect architecture, Australian landmarks, random signage, warped buildings, duplicate structures, impossible streets, crowds blocking subject, text artifacts, watermark, blur, low detail",United States/New England,1,False
0486 | United States/New England/Maine coastal town - Autumn,"Maine coastal town, white clapboard houses, lobster boats, weathered docks and cool Atlantic light, burnished leaves, warm shop windows and rich seasonal colour, authentic English or American cultural detail, believable scale, polished cinematic location photography","generic location, incorrect architecture, Australian landmarks, random signage, warped buildings, duplicate structures, impossible streets, crowds blocking subject, text artifacts, watermark, blur, low detail",United States/New England,1,False
0487 | United States/New England/Maine coastal town - Summer,"Maine coastal town, white clapboard houses, lobster boats, weathered docks and cool Atlantic light, bright summer atmosphere, open windows, active streets and lively colour, authentic English or American cultural detail, believable scale, polished cinematic location photography","generic location, incorrect architecture, Australian landmarks, random signage, warped buildings, duplicate structures, impossible streets, crowds blocking subject, text artifacts, watermark, blur, low detail",United States/New England,1,False
0488 | United States/New England/Maine coastal town - Night,"Maine coastal town, white clapboard houses, lobster boats, weathered docks and cool Atlantic light, controlled night exposure, practical street lighting, realistic reflections and deep background detail, authentic English or American cultural detail, believable scale, polished cinematic location photography","generic location, incorrect architecture, Australian landmarks, random signage, warped buildings, duplicate structures, impossible streets, crowds blocking subject, text artifacts, watermark, blur, low detail",United States/New England,1,False
0489 | United States/New England/Maine coastal town - Weekend,"Maine coastal town, white clapboard houses, lobster boats, weathered docks and cool Atlantic light, relaxed weekend activity, cafés and pedestrians creating natural lived-in movement, authentic English or American cultural detail, believable scale, polished cinematic location photography","generic location, incorrect architecture, Australian landmarks, random signage, warped buildings, duplicate structures, impossible streets, crowds blocking subject, text artifacts, watermark, blur, low detail",United States/New England,1,False
0490 | United States/New England/Maine coastal town - Editorial,"Maine coastal town, white clapboard houses, lobster boats, weathered docks and cool Atlantic light, clean high-end location photography, ordered composition and refined architectural detail, authentic English or American cultural detail, believable scale, polished cinematic location photography","generic location, incorrect architecture, Australian landmarks, random signage, warped buildings, duplicate structures, impossible streets, crowds blocking subject, text artifacts, watermark, blur, low detail",United States/New England,1,False
0491 | United States/South/Savannah historic square - Early Morning,"Savannah historic square, live oaks, Spanish moss, wrought iron balconies and humid cinematic light, early morning clarity, long clean shadows, sparse foot traffic, authentic English or American cultural detail, believable scale, polished cinematic location photography","generic location, incorrect architecture, Australian landmarks, random signage, warped buildings, duplicate structures, impossible streets, crowds blocking subject, text artifacts, watermark, blur, low detail",United States/South,1,False
0492 | United States/South/Savannah historic square - Rainy Afternoon,"Savannah historic square, live oaks, Spanish moss, wrought iron balconies and humid cinematic light, fresh rain, reflective pavement, umbrellas and soft diffused light, authentic English or American cultural detail, believable scale, polished cinematic location photography","generic location, incorrect architecture, Australian landmarks, random signage, warped buildings, duplicate structures, impossible streets, crowds blocking subject, text artifacts, watermark, blur, low detail",United States/South,1,False
0493 | United States/South/Savannah historic square - Golden Hour,"Savannah historic square, live oaks, Spanish moss, wrought iron balconies and humid cinematic light, warm low sunlight, glowing windows and gentle rim light, authentic English or American cultural detail, believable scale, polished cinematic location photography","generic location, incorrect architecture, Australian landmarks, random signage, warped buildings, duplicate structures, impossible streets, crowds blocking subject, text artifacts, watermark, blur, low detail",United States/South,1,False
0494 | United States/South/Savannah historic square - Blue Hour,"Savannah historic square, live oaks, Spanish moss, wrought iron balconies and humid cinematic light, cool twilight, practical lights beginning to glow and balanced cinematic contrast, authentic English or American cultural detail, believable scale, polished cinematic location photography","generic location, incorrect architecture, Australian landmarks, random signage, warped buildings, duplicate structures, impossible streets, crowds blocking subject, text artifacts, watermark, blur, low detail",United States/South,1,False
0495 | United States/South/Savannah historic square - Winter,"Savannah historic square, live oaks, Spanish moss, wrought iron balconies and humid cinematic light, crisp winter air, layered clothing, subdued colours and seasonal texture, authentic English or American cultural detail, believable scale, polished cinematic location photography","generic location, incorrect architecture, Australian landmarks, random signage, warped buildings, duplicate structures, impossible streets, crowds blocking subject, text artifacts, watermark, blur, low detail",United States/South,1,False
0496 | United States/South/Savannah historic square - Autumn,"Savannah historic square, live oaks, Spanish moss, wrought iron balconies and humid cinematic light, burnished leaves, warm shop windows and rich seasonal colour, authentic English or American cultural detail, believable scale, polished cinematic location photography","generic location, incorrect architecture, Australian landmarks, random signage, warped buildings, duplicate structures, impossible streets, crowds blocking subject, text artifacts, watermark, blur, low detail",United States/South,1,False
0497 | United States/South/Savannah historic square - Summer,"Savannah historic square, live oaks, Spanish moss, wrought iron balconies and humid cinematic light, bright summer atmosphere, open windows, active streets and lively colour, authentic English or American cultural detail, believable scale, polished cinematic location photography","generic location, incorrect architecture, Australian landmarks, random signage, warped buildings, duplicate structures, impossible streets, crowds blocking subject, text artifacts, watermark, blur, low detail",United States/South,1,False
0498 | United States/South/Savannah historic square - Night,"Savannah historic square, live oaks, Spanish moss, wrought iron balconies and humid cinematic light, controlled night exposure, practical street lighting, realistic reflections and deep background detail, authentic English or American cultural detail, believable scale, polished cinematic location photography","generic location, incorrect architecture, Australian landmarks, random signage, warped buildings, duplicate structures, impossible streets, crowds blocking subject, text artifacts, watermark, blur, low detail",United States/South,1,False
0499 | United States/South/Savannah historic square - Weekend,"Savannah historic square, live oaks, Spanish moss, wrought iron balconies and humid cinematic light, relaxed weekend activity, cafés and pedestrians creating natural lived-in movement, authentic English or American cultural detail, believable scale, polished cinematic location photography","generic location, incorrect architecture, Australian landmarks, random signage, warped buildings, duplicate structures, impossible streets, crowds blocking subject, text artifacts, watermark, blur, low detail",United States/South,1,False
0500 | United States/South/Savannah historic square - Editorial,"Savannah historic square, live oaks, Spanish moss, wrought iron balconies and humid cinematic light, clean high-end location photography, ordered composition and refined architectural detail, authentic English or American cultural detail, believable scale, polished cinematic location photography","generic location, incorrect architecture, Australian landmarks, random signage, warped buildings, duplicate structures, impossible streets, crowds blocking subject, text artifacts, watermark, blur, low detail",United States/South,1,False
0501 | United States/South/New Orleans French Quarter - Early Morning,"New Orleans French Quarter, ornate balconies, shuttered facades, street music and warm evening glow, early morning clarity, long clean shadows, sparse foot traffic, authentic English or American cultural detail, believable scale, polished cinematic location photography","generic location, incorrect architecture, Australian landmarks, random signage, warped buildings, duplicate structures, impossible streets, crowds blocking subject, text artifacts, watermark, blur, low detail",United States/South,1,False
0502 | United States/South/New Orleans French Quarter - Rainy Afternoon,"New Orleans French Quarter, ornate balconies, shuttered facades, street music and warm evening glow, fresh rain, reflective pavement, umbrellas and soft diffused light, authentic English or American cultural detail, believable scale, polished cinematic location photography","generic location, incorrect architecture, Australian landmarks, random signage, warped buildings, duplicate structures, impossible streets, crowds blocking subject, text artifacts, watermark, blur, low detail",United States/South,1,False
0503 | United States/South/New Orleans French Quarter - Golden Hour,"New Orleans French Quarter, ornate balconies, shuttered facades, street music and warm evening glow, warm low sunlight, glowing windows and gentle rim light, authentic English or American cultural detail, believable scale, polished cinematic location photography","generic location, incorrect architecture, Australian landmarks, random signage, warped buildings, duplicate structures, impossible streets, crowds blocking subject, text artifacts, watermark, blur, low detail",United States/South,1,False
0504 | United States/South/New Orleans French Quarter - Blue Hour,"New Orleans French Quarter, ornate balconies, shuttered facades, street music and warm evening glow, cool twilight, practical lights beginning to glow and balanced cinematic contrast, authentic English or American cultural detail, believable scale, polished cinematic location photography","generic location, incorrect architecture, Australian landmarks, random signage, warped buildings, duplicate structures, impossible streets, crowds blocking subject, text artifacts, watermark, blur, low detail",United States/South,1,False
0505 | United States/South/New Orleans French Quarter - Winter,"New Orleans French Quarter, ornate balconies, shuttered facades, street music and warm evening glow, crisp winter air, layered clothing, subdued colours and seasonal texture, authentic English or American cultural detail, believable scale, polished cinematic location photography","generic location, incorrect architecture, Australian landmarks, random signage, warped buildings, duplicate structures, impossible streets, crowds blocking subject, text artifacts, watermark, blur, low detail",United States/South,1,False
0506 | United States/South/New Orleans French Quarter - Autumn,"New Orleans French Quarter, ornate balconies, shuttered facades, street music and warm evening glow, burnished leaves, warm shop windows and rich seasonal colour, authentic English or American cultural detail, believable scale, polished cinematic location photography","generic location, incorrect architecture, Australian landmarks, random signage, warped buildings, duplicate structures, impossible streets, crowds blocking subject, text artifacts, watermark, blur, low detail",United States/South,1,False
0507 | United States/South/New Orleans French Quarter - Summer,"New Orleans French Quarter, ornate balconies, shuttered facades, street music and warm evening glow, bright summer atmosphere, open windows, active streets and lively colour, authentic English or American cultural detail, believable scale, polished cinematic location photography","generic location, incorrect architecture, Australian landmarks, random signage, warped buildings, duplicate structures, impossible streets, crowds blocking subject, text artifacts, watermark, blur, low detail",United States/South,1,False
0508 | United States/South/New Orleans French Quarter - Night,"New Orleans French Quarter, ornate balconies, shuttered facades, street music and warm evening glow, controlled night exposure, practical street lighting, realistic reflections and deep background detail, authentic English or American cultural detail, believable scale, polished cinematic location photography","generic location, incorrect architecture, Australian landmarks, random signage, warped buildings, duplicate structures, impossible streets, crowds blocking subject, text artifacts, watermark, blur, low detail",United States/South,1,False
0509 | United States/South/New Orleans French Quarter - Weekend,"New Orleans French Quarter, ornate balconies, shuttered facades, street music and warm evening glow, relaxed weekend activity, cafés and pedestrians creating natural lived-in movement, authentic English or American cultural detail, believable scale, polished cinematic location photography","generic location, incorrect architecture, Australian landmarks, random signage, warped buildings, duplicate structures, impossible streets, crowds blocking subject, text artifacts, watermark, blur, low detail",United States/South,1,False
0510 | United States/South/New Orleans French Quarter - Editorial,"New Orleans French Quarter, ornate balconies, shuttered facades, street music and warm evening glow, clean high-end location photography, ordered composition and refined architectural detail, authentic English or American cultural detail, believable scale, polished cinematic location photography","generic location, incorrect architecture, Australian landmarks, random signage, warped buildings, duplicate structures, impossible streets, crowds blocking subject, text artifacts, watermark, blur, low detail",United States/South,1,False
0511 | United States/Midwest/Chicago elevated train street - Early Morning,"Chicago elevated train street, steel tracks, limestone facades, traffic reflections and strong urban geometry, early morning clarity, long clean shadows, sparse foot traffic, authentic English or American cultural detail, believable scale, polished cinematic location photography","generic location, incorrect architecture, Australian landmarks, random signage, warped buildings, duplicate structures, impossible streets, crowds blocking subject, text artifacts, watermark, blur, low detail",United States/Midwest,1,False
0512 | United States/Midwest/Chicago elevated train street - Rainy Afternoon,"Chicago elevated train street, steel tracks, limestone facades, traffic reflections and strong urban geometry, fresh rain, reflective pavement, umbrellas and soft diffused light, authentic English or American cultural detail, believable scale, polished cinematic location photography","generic location, incorrect architecture, Australian landmarks, random signage, warped buildings, duplicate structures, impossible streets, crowds blocking subject, text artifacts, watermark, blur, low detail",United States/Midwest,1,False
0513 | United States/Midwest/Chicago elevated train street - Golden Hour,"Chicago elevated train street, steel tracks, limestone facades, traffic reflections and strong urban geometry, warm low sunlight, glowing windows and gentle rim light, authentic English or American cultural detail, believable scale, polished cinematic location photography","generic location, incorrect architecture, Australian landmarks, random signage, warped buildings, duplicate structures, impossible streets, crowds blocking subject, text artifacts, watermark, blur, low detail",United States/Midwest,1,False
0514 | United States/Midwest/Chicago elevated train street - Blue Hour,"Chicago elevated train street, steel tracks, limestone facades, traffic reflections and strong urban geometry, cool twilight, practical lights beginning to glow and balanced cinematic contrast, authentic English or American cultural detail, believable scale, polished cinematic location photography","generic location, incorrect architecture, Australian landmarks, random signage, warped buildings, duplicate structures, impossible streets, crowds blocking subject, text artifacts, watermark, blur, low detail",United States/Midwest,1,False
0515 | United States/Midwest/Chicago elevated train street - Winter,"Chicago elevated train street, steel tracks, limestone facades, traffic reflections and strong urban geometry, crisp winter air, layered clothing, subdued colours and seasonal texture, authentic English or American cultural detail, believable scale, polished cinematic location photography","generic location, incorrect architecture, Australian landmarks, random signage, warped buildings, duplicate structures, impossible streets, crowds blocking subject, text artifacts, watermark, blur, low detail",United States/Midwest,1,False
0516 | United States/Midwest/Chicago elevated train street - Autumn,"Chicago elevated train street, steel tracks, limestone facades, traffic reflections and strong urban geometry, burnished leaves, warm shop windows and rich seasonal colour, authentic English or American cultural detail, believable scale, polished cinematic location photography","generic location, incorrect architecture, Australian landmarks, random signage, warped buildings, duplicate structures, impossible streets, crowds blocking subject, text artifacts, watermark, blur, low detail",United States/Midwest,1,False
0517 | United States/Midwest/Chicago elevated train street - Summer,"Chicago elevated train street, steel tracks, limestone facades, traffic reflections and strong urban geometry, bright summer atmosphere, open windows, active streets and lively colour, authentic English or American cultural detail, believable scale, polished cinematic location photography","generic location, incorrect architecture, Australian landmarks, random signage, warped buildings, duplicate structures, impossible streets, crowds blocking subject, text artifacts, watermark, blur, low detail",United States/Midwest,1,False
0518 | United States/Midwest/Chicago elevated train street - Night,"Chicago elevated train street, steel tracks, limestone facades, traffic reflections and strong urban geometry, controlled night exposure, practical street lighting, realistic reflections and deep background detail, authentic English or American cultural detail, believable scale, polished cinematic location photography","generic location, incorrect architecture, Australian landmarks, random signage, warped buildings, duplicate structures, impossible streets, crowds blocking subject, text artifacts, watermark, blur, low detail",United States/Midwest,1,False
0519 | United States/Midwest/Chicago elevated train street - Weekend,"Chicago elevated train street, steel tracks, limestone facades, traffic reflections and strong urban geometry, relaxed weekend activity, cafés and pedestrians creating natural lived-in movement, authentic English or American cultural detail, believable scale, polished cinematic location photography","generic location, incorrect architecture, Australian landmarks, random signage, warped buildings, duplicate structures, impossible streets, crowds blocking subject, text artifacts, watermark, blur, low detail",United States/Midwest,1,False
0520 | United States/Midwest/Chicago elevated train street - Editorial,"Chicago elevated train street, steel tracks, limestone facades, traffic reflections and strong urban geometry, clean high-end location photography, ordered composition and refined architectural detail, authentic English or American cultural detail, believable scale, polished cinematic location photography","generic location, incorrect architecture, Australian landmarks, random signage, warped buildings, duplicate structures, impossible streets, crowds blocking subject, text artifacts, watermark, blur, low detail",United States/Midwest,1,False
0521 | United States/West/Los Angeles hillside neighbourhood - Early Morning,"Los Angeles hillside neighbourhood, modern villas, palms, hazy basin views and late-afternoon California light, early morning clarity, long clean shadows, sparse foot traffic, authentic English or American cultural detail, believable scale, polished cinematic location photography","generic location, incorrect architecture, Australian landmarks, random signage, warped buildings, duplicate structures, impossible streets, crowds blocking subject, text artifacts, watermark, blur, low detail",United States/West,1,False
0522 | United States/West/Los Angeles hillside neighbourhood - Rainy Afternoon,"Los Angeles hillside neighbourhood, modern villas, palms, hazy basin views and late-afternoon California light, fresh rain, reflective pavement, umbrellas and soft diffused light, authentic English or American cultural detail, believable scale, polished cinematic location photography","generic location, incorrect architecture, Australian landmarks, random signage, warped buildings, duplicate structures, impossible streets, crowds blocking subject, text artifacts, watermark, blur, low detail",United States/West,1,False
0523 | United States/West/Los Angeles hillside neighbourhood - Golden Hour,"Los Angeles hillside neighbourhood, modern villas, palms, hazy basin views and late-afternoon California light, warm low sunlight, glowing windows and gentle rim light, authentic English or American cultural detail, believable scale, polished cinematic location photography","generic location, incorrect architecture, Australian landmarks, random signage, warped buildings, duplicate structures, impossible streets, crowds blocking subject, text artifacts, watermark, blur, low detail",United States/West,1,False
0524 | United States/West/Los Angeles hillside neighbourhood - Blue Hour,"Los Angeles hillside neighbourhood, modern villas, palms, hazy basin views and late-afternoon California light, cool twilight, practical lights beginning to glow and balanced cinematic contrast, authentic English or American cultural detail, believable scale, polished cinematic location photography","generic location, incorrect architecture, Australian landmarks, random signage, warped buildings, duplicate structures, impossible streets, crowds blocking subject, text artifacts, watermark, blur, low detail",United States/West,1,False
0525 | United States/West/Los Angeles hillside neighbourhood - Winter,"Los Angeles hillside neighbourhood, modern villas, palms, hazy basin views and late-afternoon California light, crisp winter air, layered clothing, subdued colours and seasonal texture, authentic English or American cultural detail, believable scale, polished cinematic location photography","generic location, incorrect architecture, Australian landmarks, random signage, warped buildings, duplicate structures, impossible streets, crowds blocking subject, text artifacts, watermark, blur, low detail",United States/West,1,False
0526 | United States/West/Los Angeles hillside neighbourhood - Autumn,"Los Angeles hillside neighbourhood, modern villas, palms, hazy basin views and late-afternoon California light, burnished leaves, warm shop windows and rich seasonal colour, authentic English or American cultural detail, believable scale, polished cinematic location photography","generic location, incorrect architecture, Australian landmarks, random signage, warped buildings, duplicate structures, impossible streets, crowds blocking subject, text artifacts, watermark, blur, low detail",United States/West,1,False
0527 | United States/West/Los Angeles hillside neighbourhood - Summer,"Los Angeles hillside neighbourhood, modern villas, palms, hazy basin views and late-afternoon California light, bright summer atmosphere, open windows, active streets and lively colour, authentic English or American cultural detail, believable scale, polished cinematic location photography","generic location, incorrect architecture, Australian landmarks, random signage, warped buildings, duplicate structures, impossible streets, crowds blocking subject, text artifacts, watermark, blur, low detail",United States/West,1,False
0528 | United States/West/Los Angeles hillside neighbourhood - Night,"Los Angeles hillside neighbourhood, modern villas, palms, hazy basin views and late-afternoon California light, controlled night exposure, practical street lighting, realistic reflections and deep background detail, authentic English or American cultural detail, believable scale, polished cinematic location photography","generic location, incorrect architecture, Australian landmarks, random signage, warped buildings, duplicate structures, impossible streets, crowds blocking subject, text artifacts, watermark, blur, low detail",United States/West,1,False
0529 | United States/West/Los Angeles hillside neighbourhood - Weekend,"Los Angeles hillside neighbourhood, modern villas, palms, hazy basin views and late-afternoon California light, relaxed weekend activity, cafés and pedestrians creating natural lived-in movement, authentic English or American cultural detail, believable scale, polished cinematic location photography","generic location, incorrect architecture, Australian landmarks, random signage, warped buildings, duplicate structures, impossible streets, crowds blocking subject, text artifacts, watermark, blur, low detail",United States/West,1,False
0530 | United States/West/Los Angeles hillside neighbourhood - Editorial,"Los Angeles hillside neighbourhood, modern villas, palms, hazy basin views and late-afternoon California light, clean high-end location photography, ordered composition and refined architectural detail, authentic English or American cultural detail, believable scale, polished cinematic location photography","generic location, incorrect architecture, Australian landmarks, random signage, warped buildings, duplicate structures, impossible streets, crowds blocking subject, text artifacts, watermark, blur, low detail",United States/West,1,False
0531 | United States/West/San Francisco Victorian street - Early Morning,"San Francisco Victorian street, painted houses, steep road, cable lines and cool coastal fog, early morning clarity, long clean shadows, sparse foot traffic, authentic English or American cultural detail, believable scale, polished cinematic location photography","generic location, incorrect architecture, Australian landmarks, random signage, warped buildings, duplicate structures, impossible streets, crowds blocking subject, text artifacts, watermark, blur, low detail",United States/West,1,False
0532 | United States/West/San Francisco Victorian street - Rainy Afternoon,"San Francisco Victorian street, painted houses, steep road, cable lines and cool coastal fog, fresh rain, reflective pavement, umbrellas and soft diffused light, authentic English or American cultural detail, believable scale, polished cinematic location photography","generic location, incorrect architecture, Australian landmarks, random signage, warped buildings, duplicate structures, impossible streets, crowds blocking subject, text artifacts, watermark, blur, low detail",United States/West,1,False
0533 | United States/West/San Francisco Victorian street - Golden Hour,"San Francisco Victorian street, painted houses, steep road, cable lines and cool coastal fog, warm low sunlight, glowing windows and gentle rim light, authentic English or American cultural detail, believable scale, polished cinematic location photography","generic location, incorrect architecture, Australian landmarks, random signage, warped buildings, duplicate structures, impossible streets, crowds blocking subject, text artifacts, watermark, blur, low detail",United States/West,1,False
0534 | United States/West/San Francisco Victorian street - Blue Hour,"San Francisco Victorian street, painted houses, steep road, cable lines and cool coastal fog, cool twilight, practical lights beginning to glow and balanced cinematic contrast, authentic English or American cultural detail, believable scale, polished cinematic location photography","generic location, incorrect architecture, Australian landmarks, random signage, warped buildings, duplicate structures, impossible streets, crowds blocking subject, text artifacts, watermark, blur, low detail",United States/West,1,False
0535 | United States/West/San Francisco Victorian street - Winter,"San Francisco Victorian street, painted houses, steep road, cable lines and cool coastal fog, crisp winter air, layered clothing, subdued colours and seasonal texture, authentic English or American cultural detail, believable scale, polished cinematic location photography","generic location, incorrect architecture, Australian landmarks, random signage, warped buildings, duplicate structures, impossible streets, crowds blocking subject, text artifacts, watermark, blur, low detail",United States/West,1,False
0536 | United States/West/San Francisco Victorian street - Autumn,"San Francisco Victorian street, painted houses, steep road, cable lines and cool coastal fog, burnished leaves, warm shop windows and rich seasonal colour, authentic English or American cultural detail, believable scale, polished cinematic location photography","generic location, incorrect architecture, Australian landmarks, random signage, warped buildings, duplicate structures, impossible streets, crowds blocking subject, text artifacts, watermark, blur, low detail",United States/West,1,False
0537 | United States/West/San Francisco Victorian street - Summer,"San Francisco Victorian street, painted houses, steep road, cable lines and cool coastal fog, bright summer atmosphere, open windows, active streets and lively colour, authentic English or American cultural detail, believable scale, polished cinematic location photography","generic location, incorrect architecture, Australian landmarks, random signage, warped buildings, duplicate structures, impossible streets, crowds blocking subject, text artifacts, watermark, blur, low detail",United States/West,1,False
0538 | United States/West/San Francisco Victorian street - Night,"San Francisco Victorian street, painted houses, steep road, cable lines and cool coastal fog, controlled night exposure, practical street lighting, realistic reflections and deep background detail, authentic English or American cultural detail, believable scale, polished cinematic location photography","generic location, incorrect architecture, Australian landmarks, random signage, warped buildings, duplicate structures, impossible streets, crowds blocking subject, text artifacts, watermark, blur, low detail",United States/West,1,False
0539 | United States/West/San Francisco Victorian street - Weekend,"San Francisco Victorian street, painted houses, steep road, cable lines and cool coastal fog, relaxed weekend activity, cafés and pedestrians creating natural lived-in movement, authentic English or American cultural detail, believable scale, polished cinematic location photography","generic location, incorrect architecture, Australian landmarks, random signage, warped buildings, duplicate structures, impossible streets, crowds blocking subject, text artifacts, watermark, blur, low detail",United States/West,1,False
0540 | United States/West/San Francisco Victorian street - Editorial,"San Francisco Victorian street, painted houses, steep road, cable lines and cool coastal fog, clean high-end location photography, ordered composition and refined architectural detail, authentic English or American cultural detail, believable scale, polished cinematic location photography","generic location, incorrect architecture, Australian landmarks, random signage, warped buildings, duplicate structures, impossible streets, crowds blocking subject, text artifacts, watermark, blur, low detail",United States/West,1,False
0541 | United States/West/Seattle coffee district - Early Morning,"Seattle coffee district, wet pavement, glass storefronts, evergreen hills and soft Pacific Northwest light, early morning clarity, long clean shadows, sparse foot traffic, authentic English or American cultural detail, believable scale, polished cinematic location photography","generic location, incorrect architecture, Australian landmarks, random signage, warped buildings, duplicate structures, impossible streets, crowds blocking subject, text artifacts, watermark, blur, low detail",United States/West,1,False
0542 | United States/West/Seattle coffee district - Rainy Afternoon,"Seattle coffee district, wet pavement, glass storefronts, evergreen hills and soft Pacific Northwest light, fresh rain, reflective pavement, umbrellas and soft diffused light, authentic English or American cultural detail, believable scale, polished cinematic location photography","generic location, incorrect architecture, Australian landmarks, random signage, warped buildings, duplicate structures, impossible streets, crowds blocking subject, text artifacts, watermark, blur, low detail",United States/West,1,False
0543 | United States/West/Seattle coffee district - Golden Hour,"Seattle coffee district, wet pavement, glass storefronts, evergreen hills and soft Pacific Northwest light, warm low sunlight, glowing windows and gentle rim light, authentic English or American cultural detail, believable scale, polished cinematic location photography","generic location, incorrect architecture, Australian landmarks, random signage, warped buildings, duplicate structures, impossible streets, crowds blocking subject, text artifacts, watermark, blur, low detail",United States/West,1,False
0544 | United States/West/Seattle coffee district - Blue Hour,"Seattle coffee district, wet pavement, glass storefronts, evergreen hills and soft Pacific Northwest light, cool twilight, practical lights beginning to glow and balanced cinematic contrast, authentic English or American cultural detail, believable scale, polished cinematic location photography","generic location, incorrect architecture, Australian landmarks, random signage, warped buildings, duplicate structures, impossible streets, crowds blocking subject, text artifacts, watermark, blur, low detail",United States/West,1,False
0545 | United States/West/Seattle coffee district - Winter,"Seattle coffee district, wet pavement, glass storefronts, evergreen hills and soft Pacific Northwest light, crisp winter air, layered clothing, subdued colours and seasonal texture, authentic English or American cultural detail, believable scale, polished cinematic location photography","generic location, incorrect architecture, Australian landmarks, random signage, warped buildings, duplicate structures, impossible streets, crowds blocking subject, text artifacts, watermark, blur, low detail",United States/West,1,False
0546 | United States/West/Seattle coffee district - Autumn,"Seattle coffee district, wet pavement, glass storefronts, evergreen hills and soft Pacific Northwest light, burnished leaves, warm shop windows and rich seasonal colour, authentic English or American cultural detail, believable scale, polished cinematic location photography","generic location, incorrect architecture, Australian landmarks, random signage, warped buildings, duplicate structures, impossible streets, crowds blocking subject, text artifacts, watermark, blur, low detail",United States/West,1,False
0547 | United States/West/Seattle coffee district - Summer,"Seattle coffee district, wet pavement, glass storefronts, evergreen hills and soft Pacific Northwest light, bright summer atmosphere, open windows, active streets and lively colour, authentic English or American cultural detail, believable scale, polished cinematic location photography","generic location, incorrect architecture, Australian landmarks, random signage, warped buildings, duplicate structures, impossible streets, crowds blocking subject, text artifacts, watermark, blur, low detail",United States/West,1,False
0548 | United States/West/Seattle coffee district - Night,"Seattle coffee district, wet pavement, glass storefronts, evergreen hills and soft Pacific Northwest light, controlled night exposure, practical street lighting, realistic reflections and deep background detail, authentic English or American cultural detail, believable scale, polished cinematic location photography","generic location, incorrect architecture, Australian landmarks, random signage, warped buildings, duplicate structures, impossible streets, crowds blocking subject, text artifacts, watermark, blur, low detail",United States/West,1,False
0549 | United States/West/Seattle coffee district - Weekend,"Seattle coffee district, wet pavement, glass storefronts, evergreen hills and soft Pacific Northwest light, relaxed weekend activity, cafés and pedestrians creating natural lived-in movement, authentic English or American cultural detail, believable scale, polished cinematic location photography","generic location, incorrect architecture, Australian landmarks, random signage, warped buildings, duplicate structures, impossible streets, crowds blocking subject, text artifacts, watermark, blur, low detail",United States/West,1,False
0550 | United States/West/Seattle coffee district - Editorial,"Seattle coffee district, wet pavement, glass storefronts, evergreen hills and soft Pacific Northwest light, clean high-end location photography, ordered composition and refined architectural detail, authentic English or American cultural detail, believable scale, polished cinematic location photography","generic location, incorrect architecture, Australian landmarks, random signage, warped buildings, duplicate structures, impossible streets, crowds blocking subject, text artifacts, watermark, blur, low detail",United States/West,1,False
0551 | United States/Southwest/Santa Fe adobe plaza - Early Morning,"Santa Fe adobe plaza, earth-toned walls, turquoise details, desert plants and clear high-altitude light, early morning clarity, long clean shadows, sparse foot traffic, authentic English or American cultural detail, believable scale, polished cinematic location photography","generic location, incorrect architecture, Australian landmarks, random signage, warped buildings, duplicate structures, impossible streets, crowds blocking subject, text artifacts, watermark, blur, low detail",United States/Southwest,1,False
0552 | United States/Southwest/Santa Fe adobe plaza - Rainy Afternoon,"Santa Fe adobe plaza, earth-toned walls, turquoise details, desert plants and clear high-altitude light, fresh rain, reflective pavement, umbrellas and soft diffused light, authentic English or American cultural detail, believable scale, polished cinematic location photography","generic location, incorrect architecture, Australian landmarks, random signage, warped buildings, duplicate structures, impossible streets, crowds blocking subject, text artifacts, watermark, blur, low detail",United States/Southwest,1,False
0553 | United States/Southwest/Santa Fe adobe plaza - Golden Hour,"Santa Fe adobe plaza, earth-toned walls, turquoise details, desert plants and clear high-altitude light, warm low sunlight, glowing windows and gentle rim light, authentic English or American cultural detail, believable scale, polished cinematic location photography","generic location, incorrect architecture, Australian landmarks, random signage, warped buildings, duplicate structures, impossible streets, crowds blocking subject, text artifacts, watermark, blur, low detail",United States/Southwest,1,False
0554 | United States/Southwest/Santa Fe adobe plaza - Blue Hour,"Santa Fe adobe plaza, earth-toned walls, turquoise details, desert plants and clear high-altitude light, cool twilight, practical lights beginning to glow and balanced cinematic contrast, authentic English or American cultural detail, believable scale, polished cinematic location photography","generic location, incorrect architecture, Australian landmarks, random signage, warped buildings, duplicate structures, impossible streets, crowds blocking subject, text artifacts, watermark, blur, low detail",United States/Southwest,1,False
0555 | United States/Southwest/Santa Fe adobe plaza - Winter,"Santa Fe adobe plaza, earth-toned walls, turquoise details, desert plants and clear high-altitude light, crisp winter air, layered clothing, subdued colours and seasonal texture, authentic English or American cultural detail, believable scale, polished cinematic location photography","generic location, incorrect architecture, Australian landmarks, random signage, warped buildings, duplicate structures, impossible streets, crowds blocking subject, text artifacts, watermark, blur, low detail",United States/Southwest,1,False
0556 | United States/Southwest/Santa Fe adobe plaza - Autumn,"Santa Fe adobe plaza, earth-toned walls, turquoise details, desert plants and clear high-altitude light, burnished leaves, warm shop windows and rich seasonal colour, authentic English or American cultural detail, believable scale, polished cinematic location photography","generic location, incorrect architecture, Australian landmarks, random signage, warped buildings, duplicate structures, impossible streets, crowds blocking subject, text artifacts, watermark, blur, low detail",United States/Southwest,1,False
0557 | United States/Southwest/Santa Fe adobe plaza - Summer,"Santa Fe adobe plaza, earth-toned walls, turquoise details, desert plants and clear high-altitude light, bright summer atmosphere, open windows, active streets and lively colour, authentic English or American cultural detail, believable scale, polished cinematic location photography","generic location, incorrect architecture, Australian landmarks, random signage, warped buildings, duplicate structures, impossible streets, crowds blocking subject, text artifacts, watermark, blur, low detail",United States/Southwest,1,False
0558 | United States/Southwest/Santa Fe adobe plaza - Night,"Santa Fe adobe plaza, earth-toned walls, turquoise details, desert plants and clear high-altitude light, controlled night exposure, practical street lighting, realistic reflections and deep background detail, authentic English or American cultural detail, believable scale, polished cinematic location photography","generic location, incorrect architecture, Australian landmarks, random signage, warped buildings, duplicate structures, impossible streets, crowds blocking subject, text artifacts, watermark, blur, low detail",United States/Southwest,1,False
0559 | United States/Southwest/Santa Fe adobe plaza - Weekend,"Santa Fe adobe plaza, earth-toned walls, turquoise details, desert plants and clear high-altitude light, relaxed weekend activity, cafés and pedestrians creating natural lived-in movement, authentic English or American cultural detail, believable scale, polished cinematic location photography","generic location, incorrect architecture, Australian landmarks, random signage, warped buildings, duplicate structures, impossible streets, crowds blocking subject, text artifacts, watermark, blur, low detail",United States/Southwest,1,False
0560 | United States/Southwest/Santa Fe adobe plaza - Editorial,"Santa Fe adobe plaza, earth-toned walls, turquoise details, desert plants and clear high-altitude light, clean high-end location photography, ordered composition and refined architectural detail, authentic English or American cultural detail, believable scale, polished cinematic location photography","generic location, incorrect architecture, Australian landmarks, random signage, warped buildings, duplicate structures, impossible streets, crowds blocking subject, text artifacts, watermark, blur, low detail",United States/Southwest,1,False
0561 | United States/Florida/Miami Art Deco avenue - Early Morning,"Miami Art Deco avenue, pastel facades, neon trim, palms and humid night colour, early morning clarity, long clean shadows, sparse foot traffic, authentic English or American cultural detail, believable scale, polished cinematic location photography","generic location, incorrect architecture, Australian landmarks, random signage, warped buildings, duplicate structures, impossible streets, crowds blocking subject, text artifacts, watermark, blur, low detail",United States/Florida,1,False
0562 | United States/Florida/Miami Art Deco avenue - Rainy Afternoon,"Miami Art Deco avenue, pastel facades, neon trim, palms and humid night colour, fresh rain, reflective pavement, umbrellas and soft diffused light, authentic English or American cultural detail, believable scale, polished cinematic location photography","generic location, incorrect architecture, Australian landmarks, random signage, warped buildings, duplicate structures, impossible streets, crowds blocking subject, text artifacts, watermark, blur, low detail",United States/Florida,1,False
0563 | United States/Florida/Miami Art Deco avenue - Golden Hour,"Miami Art Deco avenue, pastel facades, neon trim, palms and humid night colour, warm low sunlight, glowing windows and gentle rim light, authentic English or American cultural detail, believable scale, polished cinematic location photography","generic location, incorrect architecture, Australian landmarks, random signage, warped buildings, duplicate structures, impossible streets, crowds blocking subject, text artifacts, watermark, blur, low detail",United States/Florida,1,False
0564 | United States/Florida/Miami Art Deco avenue - Blue Hour,"Miami Art Deco avenue, pastel facades, neon trim, palms and humid night colour, cool twilight, practical lights beginning to glow and balanced cinematic contrast, authentic English or American cultural detail, believable scale, polished cinematic location photography","generic location, incorrect architecture, Australian landmarks, random signage, warped buildings, duplicate structures, impossible streets, crowds blocking subject, text artifacts, watermark, blur, low detail",United States/Florida,1,False
0565 | United States/Florida/Miami Art Deco avenue - Winter,"Miami Art Deco avenue, pastel facades, neon trim, palms and humid night colour, crisp winter air, layered clothing, subdued colours and seasonal texture, authentic English or American cultural detail, believable scale, polished cinematic location photography","generic location, incorrect architecture, Australian landmarks, random signage, warped buildings, duplicate structures, impossible streets, crowds blocking subject, text artifacts, watermark, blur, low detail",United States/Florida,1,False
0566 | United States/Florida/Miami Art Deco avenue - Autumn,"Miami Art Deco avenue, pastel facades, neon trim, palms and humid night colour, burnished leaves, warm shop windows and rich seasonal colour, authentic English or American cultural detail, believable scale, polished cinematic location photography","generic location, incorrect architecture, Australian landmarks, random signage, warped buildings, duplicate structures, impossible streets, crowds blocking subject, text artifacts, watermark, blur, low detail",United States/Florida,1,False
0567 | United States/Florida/Miami Art Deco avenue - Summer,"Miami Art Deco avenue, pastel facades, neon trim, palms and humid night colour, bright summer atmosphere, open windows, active streets and lively colour, authentic English or American cultural detail, believable scale, polished cinematic location photography","generic location, incorrect architecture, Australian landmarks, random signage, warped buildings, duplicate structures, impossible streets, crowds blocking subject, text artifacts, watermark, blur, low detail",United States/Florida,1,False
0568 | United States/Florida/Miami Art Deco avenue - Night,"Miami Art Deco avenue, pastel facades, neon trim, palms and humid night colour, controlled night exposure, practical street lighting, realistic reflections and deep background detail, authentic English or American cultural detail, believable scale, polished cinematic location photography","generic location, incorrect architecture, Australian landmarks, random signage, warped buildings, duplicate structures, impossible streets, crowds blocking subject, text artifacts, watermark, blur, low detail",United States/Florida,1,False
0569 | United States/Florida/Miami Art Deco avenue - Weekend,"Miami Art Deco avenue, pastel facades, neon trim, palms and humid night colour, relaxed weekend activity, cafés and pedestrians creating natural lived-in movement, authentic English or American cultural detail, believable scale, polished cinematic location photography","generic location, incorrect architecture, Australian landmarks, random signage, warped buildings, duplicate structures, impossible streets, crowds blocking subject, text artifacts, watermark, blur, low detail",United States/Florida,1,False
0570 | United States/Florida/Miami Art Deco avenue - Editorial,"Miami Art Deco avenue, pastel facades, neon trim, palms and humid night colour, clean high-end location photography, ordered composition and refined architectural detail, authentic English or American cultural detail, believable scale, polished cinematic location photography","generic location, incorrect architecture, Australian landmarks, random signage, warped buildings, duplicate structures, impossible streets, crowds blocking subject, text artifacts, watermark, blur, low detail",United States/Florida,1,False
0571 | United States/Tennessee/Nashville honky-tonk block - Early Morning,"Nashville honky-tonk block, music signs, brick venues, boots, guitars and lively southern nightlife, early morning clarity, long clean shadows, sparse foot traffic, authentic English or American cultural detail, believable scale, polished cinematic location photography","generic location, incorrect architecture, Australian landmarks, random signage, warped buildings, duplicate structures, impossible streets, crowds blocking subject, text artifacts, watermark, blur, low detail",United States/Tennessee,1,False
0572 | United States/Tennessee/Nashville honky-tonk block - Rainy Afternoon,"Nashville honky-tonk block, music signs, brick venues, boots, guitars and lively southern nightlife, fresh rain, reflective pavement, umbrellas and soft diffused light, authentic English or American cultural detail, believable scale, polished cinematic location photography","generic location, incorrect architecture, Australian landmarks, random signage, warped buildings, duplicate structures, impossible streets, crowds blocking subject, text artifacts, watermark, blur, low detail",United States/Tennessee,1,False
0573 | United States/Tennessee/Nashville honky-tonk block - Golden Hour,"Nashville honky-tonk block, music signs, brick venues, boots, guitars and lively southern nightlife, warm low sunlight, glowing windows and gentle rim light, authentic English or American cultural detail, believable scale, polished cinematic location photography","generic location, incorrect architecture, Australian landmarks, random signage, warped buildings, duplicate structures, impossible streets, crowds blocking subject, text artifacts, watermark, blur, low detail",United States/Tennessee,1,False
0574 | United States/Tennessee/Nashville honky-tonk block - Blue Hour,"Nashville honky-tonk block, music signs, brick venues, boots, guitars and lively southern nightlife, cool twilight, practical lights beginning to glow and balanced cinematic contrast, authentic English or American cultural detail, believable scale, polished cinematic location photography","generic location, incorrect architecture, Australian landmarks, random signage, warped buildings, duplicate structures, impossible streets, crowds blocking subject, text artifacts, watermark, blur, low detail",United States/Tennessee,1,False
0575 | United States/Tennessee/Nashville honky-tonk block - Winter,"Nashville honky-tonk block, music signs, brick venues, boots, guitars and lively southern nightlife, crisp winter air, layered clothing, subdued colours and seasonal texture, authentic English or American cultural detail, believable scale, polished cinematic location photography","generic location, incorrect architecture, Australian landmarks, random signage, warped buildings, duplicate structures, impossible streets, crowds blocking subject, text artifacts, watermark, blur, low detail",United States/Tennessee,1,False
0576 | United States/Tennessee/Nashville honky-tonk block - Autumn,"Nashville honky-tonk block, music signs, brick venues, boots, guitars and lively southern nightlife, burnished leaves, warm shop windows and rich seasonal colour, authentic English or American cultural detail, believable scale, polished cinematic location photography","generic location, incorrect architecture, Australian landmarks, random signage, warped buildings, duplicate structures, impossible streets, crowds blocking subject, text artifacts, watermark, blur, low detail",United States/Tennessee,1,False
0577 | United States/Tennessee/Nashville honky-tonk block - Summer,"Nashville honky-tonk block, music signs, brick venues, boots, guitars and lively southern nightlife, bright summer atmosphere, open windows, active streets and lively colour, authentic English or American cultural detail, believable scale, polished cinematic location photography","generic location, incorrect architecture, Australian landmarks, random signage, warped buildings, duplicate structures, impossible streets, crowds blocking subject, text artifacts, watermark, blur, low detail",United States/Tennessee,1,False
0578 | United States/Tennessee/Nashville honky-tonk block - Night,"Nashville honky-tonk block, music signs, brick venues, boots, guitars and lively southern nightlife, controlled night exposure, practical street lighting, realistic reflections and deep background detail, authentic English or American cultural detail, believable scale, polished cinematic location photography","generic location, incorrect architecture, Australian landmarks, random signage, warped buildings, duplicate structures, impossible streets, crowds blocking subject, text artifacts, watermark, blur, low detail",United States/Tennessee,1,False
0579 | United States/Tennessee/Nashville honky-tonk block - Weekend,"Nashville honky-tonk block, music signs, brick venues, boots, guitars and lively southern nightlife, relaxed weekend activity, cafés and pedestrians creating natural lived-in movement, authentic English or American cultural detail, believable scale, polished cinematic location photography","generic location, incorrect architecture, Australian landmarks, random signage, warped buildings, duplicate structures, impossible streets, crowds blocking subject, text artifacts, watermark, blur, low detail",United States/Tennessee,1,False
0580 | United States/Tennessee/Nashville honky-tonk block - Editorial,"Nashville honky-tonk block, music signs, brick venues, boots, guitars and lively southern nightlife, clean high-end location photography, ordered composition and refined architectural detail, authentic English or American cultural detail, believable scale, polished cinematic location photography","generic location, incorrect architecture, Australian landmarks, random signage, warped buildings, duplicate structures, impossible streets, crowds blocking subject, text artifacts, watermark, blur, low detail",United States/Tennessee,1,False
0581 | United States/California/Malibu coastal road - Early Morning,"Malibu coastal road, ocean cliffs, modern homes, convertibles and bright Pacific haze, early morning clarity, long clean shadows, sparse foot traffic, authentic English or American cultural detail, believable scale, polished cinematic location photography","generic location, incorrect architecture, Australian landmarks, random signage, warped buildings, duplicate structures, impossible streets, crowds blocking subject, text artifacts, watermark, blur, low detail",United States/California,1,False
0582 | United States/California/Malibu coastal road - Rainy Afternoon,"Malibu coastal road, ocean cliffs, modern homes, convertibles and bright Pacific haze, fresh rain, reflective pavement, umbrellas and soft diffused light, authentic English or American cultural detail, believable scale, polished cinematic location photography","generic location, incorrect architecture, Australian landmarks, random signage, warped buildings, duplicate structures, impossible streets, crowds blocking subject, text artifacts, watermark, blur, low detail",United States/California,1,False
0583 | United States/California/Malibu coastal road - Golden Hour,"Malibu coastal road, ocean cliffs, modern homes, convertibles and bright Pacific haze, warm low sunlight, glowing windows and gentle rim light, authentic English or American cultural detail, believable scale, polished cinematic location photography","generic location, incorrect architecture, Australian landmarks, random signage, warped buildings, duplicate structures, impossible streets, crowds blocking subject, text artifacts, watermark, blur, low detail",United States/California,1,False
0584 | United States/California/Malibu coastal road - Blue Hour,"Malibu coastal road, ocean cliffs, modern homes, convertibles and bright Pacific haze, cool twilight, practical lights beginning to glow and balanced cinematic contrast, authentic English or American cultural detail, believable scale, polished cinematic location photography","generic location, incorrect architecture, Australian landmarks, random signage, warped buildings, duplicate structures, impossible streets, crowds blocking subject, text artifacts, watermark, blur, low detail",United States/California,1,False
0585 | United States/California/Malibu coastal road - Winter,"Malibu coastal road, ocean cliffs, modern homes, convertibles and bright Pacific haze, crisp winter air, layered clothing, subdued colours and seasonal texture, authentic English or American cultural detail, believable scale, polished cinematic location photography","generic location, incorrect architecture, Australian landmarks, random signage, warped buildings, duplicate structures, impossible streets, crowds blocking subject, text artifacts, watermark, blur, low detail",United States/California,1,False
0586 | United States/California/Malibu coastal road - Autumn,"Malibu coastal road, ocean cliffs, modern homes, convertibles and bright Pacific haze, burnished leaves, warm shop windows and rich seasonal colour, authentic English or American cultural detail, believable scale, polished cinematic location photography","generic location, incorrect architecture, Australian landmarks, random signage, warped buildings, duplicate structures, impossible streets, crowds blocking subject, text artifacts, watermark, blur, low detail",United States/California,1,False
0587 | United States/California/Malibu coastal road - Summer,"Malibu coastal road, ocean cliffs, modern homes, convertibles and bright Pacific haze, bright summer atmosphere, open windows, active streets and lively colour, authentic English or American cultural detail, believable scale, polished cinematic location photography","generic location, incorrect architecture, Australian landmarks, random signage, warped buildings, duplicate structures, impossible streets, crowds blocking subject, text artifacts, watermark, blur, low detail",United States/California,1,False
0588 | United States/California/Malibu coastal road - Night,"Malibu coastal road, ocean cliffs, modern homes, convertibles and bright Pacific haze, controlled night exposure, practical street lighting, realistic reflections and deep background detail, authentic English or American cultural detail, believable scale, polished cinematic location photography","generic location, incorrect architecture, Australian landmarks, random signage, warped buildings, duplicate structures, impossible streets, crowds blocking subject, text artifacts, watermark, blur, low detail",United States/California,1,False
0589 | United States/California/Malibu coastal road - Weekend,"Malibu coastal road, ocean cliffs, modern homes, convertibles and bright Pacific haze, relaxed weekend activity, cafés and pedestrians creating natural lived-in movement, authentic English or American cultural detail, believable scale, polished cinematic location photography","generic location, incorrect architecture, Australian landmarks, random signage, warped buildings, duplicate structures, impossible streets, crowds blocking subject, text artifacts, watermark, blur, low detail",United States/California,1,False
0590 | United States/California/Malibu coastal road - Editorial,"Malibu coastal road, ocean cliffs, modern homes, convertibles and bright Pacific haze, clean high-end location photography, ordered composition and refined architectural detail, authentic English or American cultural detail, believable scale, polished cinematic location photography","generic location, incorrect architecture, Australian landmarks, random signage, warped buildings, duplicate structures, impossible streets, crowds blocking subject, text artifacts, watermark, blur, low detail",United States/California,1,False
0591 | United States/Everyday/classic suburban main street - Early Morning,"classic suburban main street, local diner, barber shop, pharmacy signs and familiar small-town American character, early morning clarity, long clean shadows, sparse foot traffic, authentic English or American cultural detail, believable scale, polished cinematic location photography","generic location, incorrect architecture, Australian landmarks, random signage, warped buildings, duplicate structures, impossible streets, crowds blocking subject, text artifacts, watermark, blur, low detail",United States/Everyday,1,False
0592 | United States/Everyday/classic suburban main street - Rainy Afternoon,"classic suburban main street, local diner, barber shop, pharmacy signs and familiar small-town American character, fresh rain, reflective pavement, umbrellas and soft diffused light, authentic English or American cultural detail, believable scale, polished cinematic location photography","generic location, incorrect architecture, Australian landmarks, random signage, warped buildings, duplicate structures, impossible streets, crowds blocking subject, text artifacts, watermark, blur, low detail",United States/Everyday,1,False
0593 | United States/Everyday/classic suburban main street - Golden Hour,"classic suburban main street, local diner, barber shop, pharmacy signs and familiar small-town American character, warm low sunlight, glowing windows and gentle rim light, authentic English or American cultural detail, believable scale, polished cinematic location photography","generic location, incorrect architecture, Australian landmarks, random signage, warped buildings, duplicate structures, impossible streets, crowds blocking subject, text artifacts, watermark, blur, low detail",United States/Everyday,1,False
0594 | United States/Everyday/classic suburban main street - Blue Hour,"classic suburban main street, local diner, barber shop, pharmacy signs and familiar small-town American character, cool twilight, practical lights beginning to glow and balanced cinematic contrast, authentic English or American cultural detail, believable scale, polished cinematic location photography","generic location, incorrect architecture, Australian landmarks, random signage, warped buildings, duplicate structures, impossible streets, crowds blocking subject, text artifacts, watermark, blur, low detail",United States/Everyday,1,False
0595 | United States/Everyday/classic suburban main street - Winter,"classic suburban main street, local diner, barber shop, pharmacy signs and familiar small-town American character, crisp winter air, layered clothing, subdued colours and seasonal texture, authentic English or American cultural detail, believable scale, polished cinematic location photography","generic location, incorrect architecture, Australian landmarks, random signage, warped buildings, duplicate structures, impossible streets, crowds blocking subject, text artifacts, watermark, blur, low detail",United States/Everyday,1,False
0596 | United States/Everyday/classic suburban main street - Autumn,"classic suburban main street, local diner, barber shop, pharmacy signs and familiar small-town American character, burnished leaves, warm shop windows and rich seasonal colour, authentic English or American cultural detail, believable scale, polished cinematic location photography","generic location, incorrect architecture, Australian landmarks, random signage, warped buildings, duplicate structures, impossible streets, crowds blocking subject, text artifacts, watermark, blur, low detail",United States/Everyday,1,False
0597 | United States/Everyday/classic suburban main street - Summer,"classic suburban main street, local diner, barber shop, pharmacy signs and familiar small-town American character, bright summer atmosphere, open windows, active streets and lively colour, authentic English or American cultural detail, believable scale, polished cinematic location photography","generic location, incorrect architecture, Australian landmarks, random signage, warped buildings, duplicate structures, impossible streets, crowds blocking subject, text artifacts, watermark, blur, low detail",United States/Everyday,1,False
0598 | United States/Everyday/classic suburban main street - Night,"classic suburban main street, local diner, barber shop, pharmacy signs and familiar small-town American character, controlled night exposure, practical street lighting, realistic reflections and deep background detail, authentic English or American cultural detail, believable scale, polished cinematic location photography","generic location, incorrect architecture, Australian landmarks, random signage, warped buildings, duplicate structures, impossible streets, crowds blocking subject, text artifacts, watermark, blur, low detail",United States/Everyday,1,False
0599 | United States/Everyday/classic suburban main street - Weekend,"classic suburban main street, local diner, barber shop, pharmacy signs and familiar small-town American character, relaxed weekend activity, cafés and pedestrians creating natural lived-in movement, authentic English or American cultural detail, believable scale, polished cinematic location photography","generic location, incorrect architecture, Australian landmarks, random signage, warped buildings, duplicate structures, impossible streets, crowds blocking subject, text artifacts, watermark, blur, low detail",United States/Everyday,1,False
0600 | United States/Everyday/classic suburban main street - Editorial,"classic suburban main street, local diner, barber shop, pharmacy signs and familiar small-town American character, clean high-end location photography, ordered composition and refined architectural detail, authentic English or American cultural detail, believable scale, polished cinematic location photography","generic location, incorrect architecture, Australian landmarks, random signage, warped buildings, duplicate structures, impossible streets, crowds blocking subject, text artifacts, watermark, blur, low detail",United States/Everyday,1,False
