index,name,prompt,negative_prompt,category,weight,favorite
1,Accent on Transition,Place one restrained audio accent exactly on the transition point.,"clipping, distortion, abrupt volume jump, unrelated music, unwanted dialogue, unwanted narration, desynchronized sound, text, watermark",H3 | Audio | Timing Cues,1.0,False
2,Action Cut,Cut once on a natural action beat and continue the same movement and direction immediately afterward.,"rapid flicker, repeated transformation, magical particles, sparkles, smoke burst, abrupt reset, unwanted cut, identity drift, text, watermark",H3 | Transitions,1.0,False
3,Action Stability Block,"Lock identity, anatomy, direction of travel, contact points, held props, outfit, and camera path.","identity drift, anatomy drift, outfit morphing, hair morphing, pose reset, prop teleporting, left-right reversal, camera jitter, flicker, text, watermark",H3 | Stability Locks,1.0,False
4,Adjust Hair Once,"The subject makes one brief hair adjustment without changing the hairstyle, length, color, or parting.","unmotivated motion, action reset, extra actions, rushed movement, unstable anatomy, sliding feet, warped hands, camera jitter, text, watermark",H3 | Motion & Actions,1.0,False
5,Adjust Jacket,"The subject makes one small natural jacket adjustment, preserving garment construction and accessories.","unmotivated motion, action reset, extra actions, rushed movement, unstable anatomy, sliding feet, warped hands, camera jitter, text, watermark",H3 | Motion & Actions,1.0,False
6,Ambient,"Use soft ambient music with spacious texture, restrained rhythm, and gentle continuity.","clipping, distortion, abrupt volume jump, unrelated music, unwanted dialogue, unwanted narration, desynchronized sound, text, watermark",H3 | Audio | Music Styles,1.0,False
7,Anatomy Lock,"Lock anatomy throughout the shot: stable body proportions, limbs, hands, fingers, face, and joints.","identity drift, anatomy drift, outfit morphing, hair morphing, pose reset, prop teleporting, left-right reversal, camera jitter, flicker, text, watermark",H3 | Stability Locks,1.0,False
8,Animated-to-Photoreal — Balanced,"ACTION: perform the reference motion with physically believable live-action mechanics. CAMERA: match the reference camera, slow-to-normal speed, medium or smaller amplitude. LIGHTING: photoreal motivated lighting. AUDIO: preserve source timing; preserve physically matched ambience. STABILITY: lock target identity, realistic anatomy, choreography, environment layout, and non-target content. End with a clean 2-second hold.","identity drift, anatomy drift, outfit morphing, hair morphing, pose reset, prop teleporting, left-right reversal, camera jitter, flicker, text, watermark",H3 | Ready-Made Presets & Quick Combos,1.0,False
9,Animated-to-Photoreal — Director Handoff,"SCENE: continue the exact previous final frame. ACTION: perform the reference motion with physically believable live-action mechanics. CAMERA: preserve momentum, then use match the reference camera. LIGHTING: photoreal motivated lighting. AUDIO: continue preserve source timing without reset. STABILITY: lock target identity, realistic anatomy, choreography, environment layout, and non-target content. End continuation-ready.","identity drift, anatomy drift, outfit morphing, hair morphing, pose reset, prop teleporting, left-right reversal, camera jitter, flicker, text, watermark",H3 | Ready-Made Presets & Quick Combos,1.0,False
10,Animated-to-Photoreal — Stability First,"ACTION: perform the reference motion with physically believable live-action mechanics. CAMERA: match the reference camera with small amplitude and a long settle. LIGHTING: photoreal motivated lighting. AUDIO: preserve source timing at restrained level. STABILITY: lock target identity, realistic anatomy, choreography, environment layout, and non-target content; no extra action or reframe. Final 2 seconds stable.","identity drift, anatomy drift, outfit morphing, hair morphing, pose reset, prop teleporting, left-right reversal, camera jitter, flicker, text, watermark",H3 | Ready-Made Presets & Quick Combos,1.0,False
11,Animated-to-Photoreal Motion,Preserve the animated reference choreography and timing while rendering physically believable photoreal live action; do not copy illustrated rendering.,"reference role confusion, duplicate subject, identity drift, target leakage, background replacement, missing props, unwanted style transfer, text, watermark",H3 | Full Reference Snippets,1.0,False
12,Arc Left,"Arc gently around the subject toward camera-left, preserving distance and a steady horizon.","camera jitter, accidental reframing, sudden cut, warped perspective, subject drift, focus hunting, rolling shutter, text, watermark",H3 | Camera Moves,1.0,False
13,Arc Right,"Arc gently around the subject toward camera-right, preserving distance and a steady horizon.","camera jitter, accidental reframing, sudden cut, warped perspective, subject drift, focus hunting, rolling shutter, text, watermark",H3 | Camera Moves,1.0,False
14,Audio 1 — Timing and Sound,"Use <Audio 1> for the requested timing, rhythm, dialogue, or sound relationship; distinguish reuse from timing-only reference.","reference role confusion, duplicate subject, identity drift, target leakage, background replacement, missing props, unwanted style transfer, text, watermark",H3 | Reference Roles,1.0,False
15,Audio Continuity Lock,"Preserve audio source, tempo, ambience, dialogue timing, and level continuity through the clip.","identity drift, anatomy drift, outfit morphing, hair morphing, pose reset, prop teleporting, left-right reversal, camera jitter, flicker, text, watermark",H3 | Stability Locks,1.0,False
16,Audio Handoff,End on a clean audio tail or sustained ambience suitable for the next clip.,"clipping, distortion, abrupt volume jump, unrelated music, unwanted dialogue, unwanted narration, desynchronized sound, text, watermark",H3 | Audio | Timing Cues,1.0,False
17,Audio Lock Block,"Lock dialogue timing, music style, ambience, tempo, and audio level continuity.","identity drift, anatomy drift, outfit morphing, hair morphing, pose reset, prop teleporting, left-right reversal, camera jitter, flicker, text, watermark",H3 | Stability Locks,1.0,False
18,Audio Reuse,"Reuse the supplied source audio in synchronization with the visible action, preserving timing and continuity.","reference role confusion, duplicate subject, identity drift, target leakage, background replacement, missing props, unwanted style transfer, text, watermark",H3 | Full Reference Snippets,1.0,False
19,Audio Timing Only,Use the supplied audio only as a rhythm and synchronization reference; do not imply that the original signal is copied.,"reference role confusion, duplicate subject, identity drift, target leakage, background replacement, missing props, unwanted style transfer, text, watermark",H3 | Reference Roles,1.0,False
20,Audio Timing Reference,Use the supplied audio as timing and rhythm guidance only; create matching synchronization without claiming source-audio reuse.,"reference role confusion, duplicate subject, identity drift, target leakage, background replacement, missing props, unwanted style transfer, text, watermark",H3 | Full Reference Snippets,1.0,False
21,Audio-Visual Handoff,Finish on a stable visual frame with a clean sustained ambience or musical tail for seamless continuation.,"identity drift, anatomy drift, outfit morphing, hair morphing, pose reset, prop teleporting, left-right reversal, camera jitter, flicker, text, watermark",H3 | Continuity & Handoff,1.0,False
22,Avoid Magical Effects,"Keep the transition physically clear and restrained; do not add sparkles, smoke, particles, glow, or energy effects.","rapid flicker, repeated transformation, magical particles, sparkles, smoke burst, abrupt reset, unwanted cut, identity drift, text, watermark",H3 | Transitions,1.0,False
23,Beach Ambience,Use steady beach ambience with gentle surf and light coastal wind.,"clipping, distortion, abrupt volume jump, unrelated music, unwanted dialogue, unwanted narration, desynchronized sound, text, watermark",H3 | Soundscape,1.0,False
24,Beat-Synced Reveal,Time the visual reveal to one clear musical beat while keeping the motion continuous.,"clipping, distortion, abrupt volume jump, unrelated music, unwanted dialogue, unwanted narration, desynchronized sound, text, watermark",H3 | Audio | Timing Cues,1.0,False
25,Beauty Portrait — Balanced,"ACTION: shift gaze once and settle. CAMERA: very slow push in, slow-to-normal speed, medium or smaller amplitude. LIGHTING: soft beauty lighting with clean catchlights. AUDIO: minimal piano; preserve physically matched ambience. STABILITY: lock identity, facial anatomy, expression, hair, makeup, and background. End with a clean 2-second hold.","identity drift, anatomy drift, outfit morphing, hair morphing, pose reset, prop teleporting, left-right reversal, camera jitter, flicker, text, watermark",H3 | Ready-Made Presets & Quick Combos,1.0,False
26,Beauty Portrait — Director Handoff,"SCENE: continue the exact previous final frame. ACTION: shift gaze once and settle. CAMERA: preserve momentum, then use very slow push in. LIGHTING: soft beauty lighting with clean catchlights. AUDIO: continue minimal piano without reset. STABILITY: lock identity, facial anatomy, expression, hair, makeup, and background. End continuation-ready.","identity drift, anatomy drift, outfit morphing, hair morphing, pose reset, prop teleporting, left-right reversal, camera jitter, flicker, text, watermark",H3 | Ready-Made Presets & Quick Combos,1.0,False
27,Beauty Portrait — Stability First,"ACTION: shift gaze once and settle. CAMERA: very slow push in with small amplitude and a long settle. LIGHTING: soft beauty lighting with clean catchlights. AUDIO: minimal piano at restrained level. STABILITY: lock identity, facial anatomy, expression, hair, makeup, and background; no extra action or reframe. Final 2 seconds stable.","identity drift, anatomy drift, outfit morphing, hair morphing, pose reset, prop teleporting, left-right reversal, camera jitter, flicker, text, watermark",H3 | Ready-Made Presets & Quick Combos,1.0,False
28,Brief Wardrobe Transition,"Complete one brief restrained wardrobe transition, establish the new outfit once, then hold it consistently.","rapid flicker, repeated transformation, magical particles, sparkles, smoke burst, abrupt reset, unwanted cut, identity drift, text, watermark",H3 | Transitions,1.0,False
29,Camera Lock Block,"Lock the planned camera path, speed, amplitude, axis, horizon, and final framing.","identity drift, anatomy drift, outfit morphing, hair morphing, pose reset, prop teleporting, left-right reversal, camera jitter, flicker, text, watermark",H3 | Stability Locks,1.0,False
30,Camera Move on Downbeat,Begin the planned camera move on the downbeat and keep its speed controlled.,"clipping, distortion, abrupt volume jump, unrelated music, unwanted dialogue, unwanted narration, desynchronized sound, text, watermark",H3 | Audio | Timing Cues,1.0,False
31,Camera Path Lock,"Follow the specified camera path once with stable speed, axis, horizon, and framing.","identity drift, anatomy drift, outfit morphing, hair morphing, pose reset, prop teleporting, left-right reversal, camera jitter, flicker, text, watermark",H3 | Stability Locks,1.0,False
32,Choreography Beat,"Use a clean countable beat suitable for movement synchronization, with consistent tempo.","clipping, distortion, abrupt volume jump, unrelated music, unwanted dialogue, unwanted narration, desynchronized sound, text, watermark",H3 | Audio | Music Styles,1.0,False
33,Choreography Transfer,"Follow the reference choreography, timing, pose order, direction, and camera behavior without inventing steps.","unmotivated motion, action reset, extra actions, rushed movement, unstable anatomy, sliding feet, warped hands, camera jitter, text, watermark",H3 | Motion & Actions,1.0,False
34,Choreography Transfer — Balanced,"ACTION: follow the reference choreography and pose order. CAMERA: match the reference camera path, slow-to-normal speed, medium or smaller amplitude. LIGHTING: preserve source lighting structure. AUDIO: choreography beat; preserve physically matched ambience. STABILITY: lock target identity, anatomy, outfit, direction, floor position, timing, and final pose. End with a clean 2-second hold.","identity drift, anatomy drift, outfit morphing, hair morphing, pose reset, prop teleporting, left-right reversal, camera jitter, flicker, text, watermark",H3 | Ready-Made Presets & Quick Combos,1.0,False
35,Choreography Transfer — Director Handoff,"SCENE: continue the exact previous final frame. ACTION: follow the reference choreography and pose order. CAMERA: preserve momentum, then use match the reference camera path. LIGHTING: preserve source lighting structure. AUDIO: continue choreography beat without reset. STABILITY: lock target identity, anatomy, outfit, direction, floor position, timing, and final pose. End continuation-ready.","identity drift, anatomy drift, outfit morphing, hair morphing, pose reset, prop teleporting, left-right reversal, camera jitter, flicker, text, watermark",H3 | Ready-Made Presets & Quick Combos,1.0,False
36,Choreography Transfer — Stability First,"ACTION: follow the reference choreography and pose order. CAMERA: match the reference camera path with small amplitude and a long settle. LIGHTING: preserve source lighting structure. AUDIO: choreography beat at restrained level. STABILITY: lock target identity, anatomy, outfit, direction, floor position, timing, and final pose; no extra action or reframe. Final 2 seconds stable.","identity drift, anatomy drift, outfit morphing, hair morphing, pose reset, prop teleporting, left-right reversal, camera jitter, flicker, text, watermark",H3 | Ready-Made Presets & Quick Combos,1.0,False
37,Choreography-to-Beat Sync,Align major movement beats to the supplied rhythm while preserving the reference choreography.,"clipping, distortion, abrupt volume jump, unrelated music, unwanted dialogue, unwanted narration, desynchronized sound, text, watermark",H3 | Audio | Timing Cues,1.0,False
38,Chronological Timing,"Describe and perform every event strictly in the order it occurs: start, action, result, stable ending.","identity drift, anatomy drift, outfit morphing, hair morphing, pose reset, prop teleporting, left-right reversal, camera jitter, flicker, text, watermark",H3 | Timing,1.0,False
39,Cinematic Music,Use polished cinematic instrumental music that supports the scene without overpowering it.,"clipping, distortion, abrupt volume jump, unrelated music, unwanted dialogue, unwanted narration, desynchronized sound, text, watermark",H3 | Audio | Music Styles,1.0,False
40,City Ambience,"Use balanced city ambience with distant traffic and pedestrians, kept below the main action.","clipping, distortion, abrupt volume jump, unrelated music, unwanted dialogue, unwanted narration, desynchronized sound, text, watermark",H3 | Soundscape,1.0,False
41,Clean Continuation End,"Complete the action, reduce motion, stabilize the camera, and hold a readable final frame.","identity drift, anatomy drift, outfit morphing, hair morphing, pose reset, prop teleporting, left-right reversal, camera jitter, flicker, text, watermark",H3 | Continuity & Handoff,1.0,False
42,Clean Continuation Start,"Hold the inherited first frame briefly, then begin one clear action without a reset.","identity drift, anatomy drift, outfit morphing, hair morphing, pose reset, prop teleporting, left-right reversal, camera jitter, flicker, text, watermark",H3 | Continuity & Handoff,1.0,False
43,Close-Up,Use a stable close-up framing with the full face readable and comfortable headroom.,"camera jitter, accidental reframing, sudden cut, warped perspective, subject drift, focus hunting, rolling shutter, text, watermark",H3 | Camera Framing & Angles,1.0,False
44,Constant Velocity,Maintain one consistent camera speed from start to the settling phase.,"camera jitter, accidental reframing, sudden cut, warped perspective, subject drift, focus hunting, rolling shutter, text, watermark",H3 | Camera Speed & Amplitude,1.0,False
45,Continue Exact Final Frame,"Begin from the exact final frame of the previous clip, preserving subject, pose, framing, lighting, environment, and camera direction.","identity drift, anatomy drift, outfit morphing, hair morphing, pose reset, prop teleporting, left-right reversal, camera jitter, flicker, text, watermark",H3 | Continuity & Handoff,1.0,False
46,Continuous Ambience Handoff,Maintain one unbroken ambience bed through the ending for a seamless next-clip handoff.,"clipping, distortion, abrupt volume jump, unrelated music, unwanted dialogue, unwanted narration, desynchronized sound, text, watermark",H3 | Soundscape,1.0,False
47,Continuous Source Audio,Keep the supplied source audio continuous across the entire clip with no reset.,"clipping, distortion, abrupt volume jump, unrelated music, unwanted dialogue, unwanted narration, desynchronized sound, text, watermark",H3 | Audio | Timing Cues,1.0,False
48,Core Subject Lock Block,"Lock identity, anatomy, outfit, hair, expression, and left-right orientation for the full shot.","identity drift, anatomy drift, outfit morphing, hair morphing, pose reset, prop teleporting, left-right reversal, camera jitter, flicker, text, watermark",H3 | Stability Locks,1.0,False
49,Crowd Ambience,Use a diffuse background crowd bed with no distinct unwanted dialogue.,"clipping, distortion, abrupt volume jump, unrelated music, unwanted dialogue, unwanted narration, desynchronized sound, text, watermark",H3 | Soundscape,1.0,False
50,Cut on Beat,Use one simple cut exactly on the selected beat; do not add extra cuts.,"clipping, distortion, abrupt volume jump, unrelated music, unwanted dialogue, unwanted narration, desynchronized sound, text, watermark",H3 | Audio | Timing Cues,1.0,False
51,Dark Ambient,"Use dark ambient sound with slow tension, low drones, and controlled dynamics.","clipping, distortion, abrupt volume jump, unrelated music, unwanted dialogue, unwanted narration, desynchronized sound, text, watermark",H3 | Audio | Music Styles,1.0,False
52,Deep Atmospheric Bass,"Use deep atmospheric bass with clean low frequencies, sparse rhythm, and no harsh distortion.","clipping, distortion, abrupt volume jump, unrelated music, unwanted dialogue, unwanted narration, desynchronized sound, text, watermark",H3 | Audio | Music Styles,1.0,False
53,Dialogue — Balanced,"ACTION: deliver the supplied line with one restrained gesture. CAMERA: static medium close-up, slow-to-normal speed, medium or smaller amplitude. LIGHTING: natural motivated interior lighting. AUDIO: dialogue underscore; preserve physically matched ambience. STABILITY: lock identity, facial anatomy, lip sync, gaze, camera axis, room tone, and background. End with a clean 2-second hold.","identity drift, anatomy drift, outfit morphing, hair morphing, pose reset, prop teleporting, left-right reversal, camera jitter, flicker, text, watermark",H3 | Ready-Made Presets & Quick Combos,1.0,False
54,Dialogue — Director Handoff,"SCENE: continue the exact previous final frame. ACTION: deliver the supplied line with one restrained gesture. CAMERA: preserve momentum, then use static medium close-up. LIGHTING: natural motivated interior lighting. AUDIO: continue dialogue underscore without reset. STABILITY: lock identity, facial anatomy, lip sync, gaze, camera axis, room tone, and background. End continuation-ready.","identity drift, anatomy drift, outfit morphing, hair morphing, pose reset, prop teleporting, left-right reversal, camera jitter, flicker, text, watermark",H3 | Ready-Made Presets & Quick Combos,1.0,False
55,Dialogue — Stability First,"ACTION: deliver the supplied line with one restrained gesture. CAMERA: static medium close-up with small amplitude and a long settle. LIGHTING: natural motivated interior lighting. AUDIO: dialogue underscore at restrained level. STABILITY: lock identity, facial anatomy, lip sync, gaze, camera axis, room tone, and background; no extra action or reframe. Final 2 seconds stable.","identity drift, anatomy drift, outfit morphing, hair morphing, pose reset, prop teleporting, left-right reversal, camera jitter, flicker, text, watermark",H3 | Ready-Made Presets & Quick Combos,1.0,False
56,Dialogue Delivery,"The subject delivers the supplied line naturally with precise lip sync, restrained gesture, and stable framing.","unmotivated motion, action reset, extra actions, rushed movement, unstable anatomy, sliding feet, warped hands, camera jitter, text, watermark",H3 | Motion & Actions,1.0,False
57,Dialogue Present,Preserve the requested dialogue clearly above ambience with natural room acoustics.,"clipping, distortion, abrupt volume jump, unrelated music, unwanted dialogue, unwanted narration, desynchronized sound, text, watermark",H3 | Soundscape,1.0,False
58,Dialogue Stability Block,"Lock identity, facial anatomy, gaze, expression, lip sync, voice timing, camera axis, and room tone.","identity drift, anatomy drift, outfit morphing, hair morphing, pose reset, prop teleporting, left-right reversal, camera jitter, flicker, text, watermark",H3 | Stability Locks,1.0,False
59,Dialogue Sync,Synchronize visible speech timing to the supplied dialogue while preserving natural pauses.,"clipping, distortion, abrupt volume jump, unrelated music, unwanted dialogue, unwanted narration, desynchronized sound, text, watermark",H3 | Audio | Timing Cues,1.0,False
60,Dialogue Underscore,Use a very low unobtrusive underscore that leaves dialogue fully intelligible.,"clipping, distortion, abrupt volume jump, unrelated music, unwanted dialogue, unwanted narration, desynchronized sound, text, watermark",H3 | Audio | Music Styles,1.0,False
61,Director Handoff — Audio,"HANDOFF: keep the same dialogue timing, music phrase, ambience, and acoustic space through the scene boundary.","identity drift, anatomy drift, outfit morphing, hair morphing, pose reset, prop teleporting, left-right reversal, camera jitter, flicker, text, watermark",H3 | Director Handoffs & Final Shots,1.0,False
62,Director Handoff — Exact Frame,"HANDOFF: the next scene starts from this scene's exact final frame with no identity, pose, camera, lighting, scene, prop, or audio reset.","identity drift, anatomy drift, outfit morphing, hair morphing, pose reset, prop teleporting, left-right reversal, camera jitter, flicker, text, watermark",H3 | Director Handoffs & Final Shots,1.0,False
63,Director Handoff — Held Object,"HANDOFF: preserve the held object, hand ownership, grip, orientation, scale, and contact through the next scene.","identity drift, anatomy drift, outfit morphing, hair morphing, pose reset, prop teleporting, left-right reversal, camera jitter, flicker, text, watermark",H3 | Director Handoffs & Final Shots,1.0,False
64,Director Handoff — Motion,"HANDOFF: preserve subject direction and camera momentum across the cut, then continue one next action naturally.","identity drift, anatomy drift, outfit morphing, hair morphing, pose reset, prop teleporting, left-right reversal, camera jitter, flicker, text, watermark",H3 | Director Handoffs & Final Shots,1.0,False
65,Director Handoff — Secondary Cast,"HANDOFF: preserve all secondary characters, their positions, outfits, actions, and interaction timing.","identity drift, anatomy drift, outfit morphing, hair morphing, pose reset, prop teleporting, left-right reversal, camera jitter, flicker, text, watermark",H3 | Director Handoffs & Final Shots,1.0,False
66,Director Handoff — Weather,"HANDOFF: preserve weather, wind direction, precipitation, wet surfaces, and atmospheric visibility.","identity drift, anatomy drift, outfit morphing, hair morphing, pose reset, prop teleporting, left-right reversal, camera jitter, flicker, text, watermark",H3 | Director Handoffs & Final Shots,1.0,False
67,Director Scene Handoff,End the scene on one stable composition that the next scene can continue without reframe or identity reset.,"identity drift, anatomy drift, outfit morphing, hair morphing, pose reset, prop teleporting, left-right reversal, camera jitter, flicker, text, watermark",H3 | Continuity & Handoff,1.0,False
68,Dolly Zoom — Motivated Only,Use one restrained dolly zoom only when the scene calls for a clear dramatic realization; keep the subject centered and avoid repeating the effect.,"camera jitter, accidental reframing, sudden cut, warped perspective, subject drift, focus hunting, rolling shutter, text, watermark",H3 | Camera Moves,1.0,False
69,Drone Approach,Approach from a distant aerial view at a slow constant speed and settle above the subject.,"camera jitter, accidental reframing, sudden cut, warped perspective, subject drift, focus hunting, rolling shutter, text, watermark",H3 | Camera Moves,1.0,False
70,Drone Character Observation — Balanced,"ACTION: continue one simple natural action. CAMERA: slow drone observation, slow-to-normal speed, medium or smaller amplitude. LIGHTING: consistent environmental daylight. AUDIO: ambient; preserve physically matched ambience. STABILITY: lock identity, environment, weather, subject path, horizon, and camera altitude. End with a clean 2-second hold.","identity drift, anatomy drift, outfit morphing, hair morphing, pose reset, prop teleporting, left-right reversal, camera jitter, flicker, text, watermark",H3 | Ready-Made Presets & Quick Combos,1.0,False
71,Drone Character Observation — Director Handoff,"SCENE: continue the exact previous final frame. ACTION: continue one simple natural action. CAMERA: preserve momentum, then use slow drone observation. LIGHTING: consistent environmental daylight. AUDIO: continue ambient without reset. STABILITY: lock identity, environment, weather, subject path, horizon, and camera altitude. End continuation-ready.","identity drift, anatomy drift, outfit morphing, hair morphing, pose reset, prop teleporting, left-right reversal, camera jitter, flicker, text, watermark",H3 | Ready-Made Presets & Quick Combos,1.0,False
72,Drone Character Observation — Stability First,"ACTION: continue one simple natural action. CAMERA: slow drone observation with small amplitude and a long settle. LIGHTING: consistent environmental daylight. AUDIO: ambient at restrained level. STABILITY: lock identity, environment, weather, subject path, horizon, and camera altitude; no extra action or reframe. Final 2 seconds stable.","identity drift, anatomy drift, outfit morphing, hair morphing, pose reset, prop teleporting, left-right reversal, camera jitter, flicker, text, watermark",H3 | Ready-Made Presets & Quick Combos,1.0,False
73,Drone Observation,"Use a slow observational drone move with a broad stable path, steady horizon, and no sudden dive.","camera jitter, accidental reframing, sudden cut, warped perspective, subject drift, focus hunting, rolling shutter, text, watermark",H3 | Camera Moves,1.0,False
74,Drone Observation,The subject continues one simple natural action while the drone observes from a stable broad path.,"unmotivated motion, action reset, extra actions, rushed movement, unstable anatomy, sliding feet, warped hands, camera jitter, text, watermark",H3 | Motion & Actions,1.0,False
75,Ease In,"Begin the camera move gently, reach the planned speed once, and avoid a sudden launch.","camera jitter, accidental reframing, sudden cut, warped perspective, subject drift, focus hunting, rolling shutter, text, watermark",H3 | Camera Speed & Amplitude,1.0,False
76,Ease Out,Decelerate smoothly into the final composition and hold it stable.,"camera jitter, accidental reframing, sudden cut, warped perspective, subject drift, focus hunting, rolling shutter, text, watermark",H3 | Camera Speed & Amplitude,1.0,False
77,Environment Lock,"Preserve location, background, furniture, weather, lighting, object positions, and spatial layout.","identity drift, anatomy drift, outfit morphing, hair morphing, pose reset, prop teleporting, left-right reversal, camera jitter, flicker, text, watermark",H3 | Stability Locks,1.0,False
78,Epic,Use an epic instrumental build with clear structure and one controlled climax.,"clipping, distortion, abrupt volume jump, unrelated music, unwanted dialogue, unwanted narration, desynchronized sound, text, watermark",H3 | Audio | Music Styles,1.0,False
79,Establish — Act — Settle,"Establish the starting state, perform one main action, then settle into a stable ending.","identity drift, anatomy drift, outfit morphing, hair morphing, pose reset, prop teleporting, left-right reversal, camera jitter, flicker, text, watermark",H3 | Timing,1.0,False
80,Even Tempo,Maintain an even natural tempo through the action with no sudden speed change.,"identity drift, anatomy drift, outfit morphing, hair morphing, pose reset, prop teleporting, left-right reversal, camera jitter, flicker, text, watermark",H3 | Timing,1.0,False
81,Expression Lock,Preserve the specified expression and gaze unless one explicit expression change is requested.,"identity drift, anatomy drift, outfit morphing, hair morphing, pose reset, prop teleporting, left-right reversal, camera jitter, flicker, text, watermark",H3 | Stability Locks,1.0,False
82,Extreme Close-Up,Frame an extreme close-up of one specified facial or product detail; keep the detail sharp and unobstructed.,"camera jitter, accidental reframing, sudden cut, warped perspective, subject drift, focus hunting, rolling shutter, text, watermark",H3 | Camera Framing & Angles,1.0,False
83,Fabric Movement,Use subtle fabric movement sounds synchronized to visible garment motion.,"clipping, distortion, abrupt volume jump, unrelated music, unwanted dialogue, unwanted narration, desynchronized sound, text, watermark",H3 | Soundscape,1.0,False
84,Fabric Turn,The subject makes one slow turn that reveals garment drape while the outfit remains unchanged.,"unmotivated motion, action reset, extra actions, rushed movement, unstable anatomy, sliding feet, warped hands, camera jitter, text, watermark",H3 | Motion & Actions,1.0,False
85,Fashion Electronic,Use sleek fashion-show electronic music with a confident pulse and clean production.,"clipping, distortion, abrupt volume jump, unrelated music, unwanted dialogue, unwanted narration, desynchronized sound, text, watermark",H3 | Audio | Music Styles,1.0,False
86,Fashion Stability Block,"Lock identity, anatomy, outfit construction, color, material, footwear, jewelry, hair, and makeup.","identity drift, anatomy drift, outfit morphing, hair morphing, pose reset, prop teleporting, left-right reversal, camera jitter, flicker, text, watermark",H3 | Stability Locks,1.0,False
87,Fast + Small,"Use a short fast accent move, then stop on a stable frame.","camera jitter, accidental reframing, sudden cut, warped perspective, subject drift, focus hunting, rolling shutter, text, watermark",H3 | Camera Speed & Amplitude,1.0,False
88,Fast Camera Speed,Use a fast but physically smooth camera move only for a clear energetic beat; settle immediately afterward.,"camera jitter, accidental reframing, sudden cut, warped perspective, subject drift, focus hunting, rolling shutter, text, watermark",H3 | Camera Speed & Amplitude,1.0,False
89,Film Score,"Use a narrative film-score cue shaped to the scene arc, with a controlled ending cadence.","clipping, distortion, abrupt volume jump, unrelated music, unwanted dialogue, unwanted narration, desynchronized sound, text, watermark",H3 | Audio | Music Styles,1.0,False
90,Final 1 Second Stable,Keep the final 1 second fully stable and readable for continuation.,"identity drift, anatomy drift, outfit morphing, hair morphing, pose reset, prop teleporting, left-right reversal, camera jitter, flicker, text, watermark",H3 | Timing,1.0,False
91,Final 2 Seconds Stable,Keep the final 2 seconds fully stable with reduced motion and no camera drift.,"identity drift, anatomy drift, outfit morphing, hair morphing, pose reset, prop teleporting, left-right reversal, camera jitter, flicker, text, watermark",H3 | Timing,1.0,False
92,Final Shot — Choreography Pose,"FINAL SHOT: complete the choreography, stabilize anatomy and ground contact, and hold the final pose for 2 seconds.","identity drift, anatomy drift, outfit morphing, hair morphing, pose reset, prop teleporting, left-right reversal, camera jitter, flicker, text, watermark",H3 | Director Handoffs & Final Shots,1.0,False
93,Final Shot — Continuation Ready,"FINAL SHOT: reduce motion and blur, avoid occlusion, preserve direction and camera path, and hold a clean continuation-ready frame.","identity drift, anatomy drift, outfit morphing, hair morphing, pose reset, prop teleporting, left-right reversal, camera jitter, flicker, text, watermark",H3 | Director Handoffs & Final Shots,1.0,False
94,Final Shot — Dialogue Reaction,"FINAL SHOT: complete the line, settle into the specified expression, preserve eye line, and hold in quiet room tone.","identity drift, anatomy drift, outfit morphing, hair morphing, pose reset, prop teleporting, left-right reversal, camera jitter, flicker, text, watermark",H3 | Director Handoffs & Final Shots,1.0,False
95,Final Shot — Drone Overview,FINAL SHOT: decelerate into a stable aerial overview with steady horizon and readable subject position.,"identity drift, anatomy drift, outfit morphing, hair morphing, pose reset, prop teleporting, left-right reversal, camera jitter, flicker, text, watermark",H3 | Director Handoffs & Final Shots,1.0,False
96,Final Shot — Full Fashion Look,"FINAL SHOT: show the complete outfit, footwear, accessories, and hair in a stable full-body pose for 2 seconds.","identity drift, anatomy drift, outfit morphing, hair morphing, pose reset, prop teleporting, left-right reversal, camera jitter, flicker, text, watermark",H3 | Director Handoffs & Final Shots,1.0,False
97,Final Shot — Horror Reveal,"FINAL SHOT: complete one restrained reveal, hold the unsettling composition, and preserve intentional silence or ambience.","identity drift, anatomy drift, outfit morphing, hair morphing, pose reset, prop teleporting, left-right reversal, camera jitter, flicker, text, watermark",H3 | Director Handoffs & Final Shots,1.0,False
98,Final Shot — Product Hero,"FINAL SHOT: hold a sharp product hero frame with stable label, material, reflections, and negative space.","identity drift, anatomy drift, outfit morphing, hair morphing, pose reset, prop teleporting, left-right reversal, camera jitter, flicker, text, watermark",H3 | Director Handoffs & Final Shots,1.0,False
99,Final Shot — Stable Portrait,"FINAL SHOT: settle on a clean stable portrait with readable face, unobstructed eyes, soft natural breathing, and a 2-second hold.","identity drift, anatomy drift, outfit morphing, hair morphing, pose reset, prop teleporting, left-right reversal, camera jitter, flicker, text, watermark",H3 | Director Handoffs & Final Shots,1.0,False
100,Final-Frame Handoff Lock,"Protect the final 1–2 seconds: stabilize identity, anatomy, pose, camera, lighting, and background for continuation.","identity drift, anatomy drift, outfit morphing, hair morphing, pose reset, prop teleporting, left-right reversal, camera jitter, flicker, text, watermark",H3 | Stability Locks,1.0,False
101,Final-Frame Priority,Prioritize a clean final frame over squeezing in extra movement at the end.,"identity drift, anatomy drift, outfit morphing, hair morphing, pose reset, prop teleporting, left-right reversal, camera jitter, flicker, text, watermark",H3 | Timing,1.0,False
102,Final-Hold Decay,Let the audio decay naturally during the final stable hold.,"clipping, distortion, abrupt volume jump, unrelated music, unwanted dialogue, unwanted narration, desynchronized sound, text, watermark",H3 | Audio | Timing Cues,1.0,False
103,FL2VA Camera Path,FL2VA: use one continuous camera path that logically connects the first and last compositions.,"identity drift, anatomy drift, outfit morphing, hair morphing, pose reset, prop teleporting, left-right reversal, camera jitter, flicker, text, watermark",H3 | Standard Mode Snippets,1.0,False
104,FL2VA First–Last Path,"FL2VA: begin at the first image, follow one physically clear chronological path, and land exactly on the last image without early morphing.","identity drift, anatomy drift, outfit morphing, hair morphing, pose reset, prop teleporting, left-right reversal, camera jitter, flicker, text, watermark",H3 | Standard Mode Snippets,1.0,False
105,FL2VA Identity Path,FL2VA: preserve the same identity throughout the path between first and last frames with no intermediate face drift.,"identity drift, anatomy drift, outfit morphing, hair morphing, pose reset, prop teleporting, left-right reversal, camera jitter, flicker, text, watermark",H3 | Standard Mode Snippets,1.0,False
106,FL2VA Outfit Path,FL2VA: preserve outfit construction and color throughout; change only what differs explicitly in the final frame.,"identity drift, anatomy drift, outfit morphing, hair morphing, pose reset, prop teleporting, left-right reversal, camera jitter, flicker, text, watermark",H3 | Standard Mode Snippets,1.0,False
107,FL2VA Transition Hold,"FL2VA: establish the first state, transition once, land on the last state, and reserve the final 1–2 seconds for a hold.","identity drift, anatomy drift, outfit morphing, hair morphing, pose reset, prop teleporting, left-right reversal, camera jitter, flicker, text, watermark",H3 | Standard Mode Snippets,1.0,False
108,Focus Reveal,Shift focus once from the foreground detail to the subject without changing the camera position.,"rapid flicker, repeated transformation, magical particles, sparkles, smoke burst, abrupt reset, unwanted cut, identity drift, text, watermark",H3 | Transitions,1.0,False
109,Footstep Sync,Synchronize each visible footfall to its matching sound without adding extra steps.,"clipping, distortion, abrupt volume jump, unrelated music, unwanted dialogue, unwanted narration, desynchronized sound, text, watermark",H3 | Audio | Timing Cues,1.0,False
110,Footsteps,"Use natural synchronized footsteps matching surface, pace, and visible footfalls.","clipping, distortion, abrupt volume jump, unrelated music, unwanted dialogue, unwanted narration, desynchronized sound, text, watermark",H3 | Soundscape,1.0,False
111,Foreground Wipe,"Use one natural foreground object pass as a brief wipe, preserving the same scene and subject continuity.","rapid flicker, repeated transformation, magical particles, sparkles, smoke burst, abrupt reset, unwanted cut, identity drift, text, watermark",H3 | Transitions,1.0,False
112,Forest Ambience,"Use natural forest ambience with soft birds, leaves, and distant environmental detail.","clipping, distortion, abrupt volume jump, unrelated music, unwanted dialogue, unwanted narration, desynchronized sound, text, watermark",H3 | Soundscape,1.0,False
113,Forward Tracking,Track forward with the moving subject at a matched pace; keep body scale stable.,"camera jitter, accidental reframing, sudden cut, warped perspective, subject drift, focus hunting, rolling shutter, text, watermark",H3 | Camera Moves,1.0,False
114,FPV Glide,"Use a restrained FPV-style glide on a simple readable path with no flips, rolls, or abrupt acceleration.","camera jitter, accidental reframing, sudden cut, warped perspective, subject drift, focus hunting, rolling shutter, text, watermark",H3 | Camera Moves,1.0,False
115,Front Three-Quarter,Use a front three-quarter view that shows facial structure and outfit silhouette clearly.,"camera jitter, accidental reframing, sudden cut, warped perspective, subject drift, focus hunting, rolling shutter, text, watermark",H3 | Camera Framing & Angles,1.0,False
116,Full Continuity Lock,"Lock subject, scene, props, secondary characters, camera path, audio, lighting, and final-frame handoff.","identity drift, anatomy drift, outfit morphing, hair morphing, pose reset, prop teleporting, left-right reversal, camera jitter, flicker, text, watermark",H3 | Stability Locks,1.0,False
117,Full Reference Camera Lock,"Preserve the source camera path, speed, amplitude, framing changes, horizon, and cut structure.","reference role confusion, duplicate subject, identity drift, target leakage, background replacement, missing props, unwanted style transfer, text, watermark",H3 | Full Reference Snippets,1.0,False
118,Full Reference Handoff,"End on a clean stable frame that preserves target identity, non-target content, camera direction, lighting, and audio continuity.","reference role confusion, duplicate subject, identity drift, target leakage, background replacement, missing props, unwanted style transfer, text, watermark",H3 | Full Reference Snippets,1.0,False
119,Full Reference Identity Lock,"Preserve the target face, body proportions, skin tone, age, hair, and distinctive features across every frame.","reference role confusion, duplicate subject, identity drift, target leakage, background replacement, missing props, unwanted style transfer, text, watermark",H3 | Full Reference Snippets,1.0,False
120,Full Reference Motion Lock,"Preserve the source motion timing, pose progression, direction, contact points, and spatial path.","reference role confusion, duplicate subject, identity drift, target leakage, background replacement, missing props, unwanted style transfer, text, watermark",H3 | Full Reference Snippets,1.0,False
121,Full Reference Outfit Lock,"Preserve referenced garment type, color, material, construction, closures, trim, footwear, and accessories.","reference role confusion, duplicate subject, identity drift, target leakage, background replacement, missing props, unwanted style transfer, text, watermark",H3 | Full Reference Snippets,1.0,False
122,Full Role Stack,"Use <Picture 1> for identity, <Picture 2> for clothing, <Picture 3> for style, <Video 1> for motion/camera, and <Audio 1> for timing/sound.","reference role confusion, duplicate subject, identity drift, target leakage, background replacement, missing props, unwanted style transfer, text, watermark",H3 | Reference Roles,1.0,False
123,Full-Body Shot,"Keep the full body, footwear, and ground contact visible with comfortable margins.","camera jitter, accidental reframing, sudden cut, warped perspective, subject drift, focus hunting, rolling shutter, text, watermark",H3 | Camera Framing & Angles,1.0,False
124,Gentle Push In,"Make a gentle controlled push toward the subject, ending on a stable closer frame.","camera jitter, accidental reframing, sudden cut, warped perspective, subject drift, focus hunting, rolling shutter, text, watermark",H3 | Camera Moves,1.0,False
125,Gentle Wind,"Use gentle continuous wind matched to visible hair, fabric, and foliage movement.","clipping, distortion, abrupt volume jump, unrelated music, unwanted dialogue, unwanted narration, desynchronized sound, text, watermark",H3 | Soundscape,1.0,False
126,Gesture Accent,Place one subtle sound or musical accent on the specified hand gesture.,"clipping, distortion, abrupt volume jump, unrelated music, unwanted dialogue, unwanted narration, desynchronized sound, text, watermark",H3 | Audio | Timing Cues,1.0,False
127,Ground-Level Detail,Frame footwear or ground contact from a low ground-level angle without distorting the legs.,"camera jitter, accidental reframing, sudden cut, warped perspective, subject drift, focus hunting, rolling shutter, text, watermark",H3 | Camera Framing & Angles,1.0,False
128,Gym Ambience,Use realistic gym ambience with restrained equipment sounds and distant room activity.,"clipping, distortion, abrupt volume jump, unrelated music, unwanted dialogue, unwanted narration, desynchronized sound, text, watermark",H3 | Soundscape,1.0,False
129,Hair Lock,"Lock hairstyle, length, color, parting, accessories, and overall silhouette throughout.","identity drift, anatomy drift, outfit morphing, hair morphing, pose reset, prop teleporting, left-right reversal, camera jitter, flicker, text, watermark",H3 | Stability Locks,1.0,False
130,Head-and-Shoulders,Frame the head and shoulders cleanly with balanced headroom and no cropped chin.,"camera jitter, accidental reframing, sudden cut, warped perspective, subject drift, focus hunting, rolling shutter, text, watermark",H3 | Camera Framing & Angles,1.0,False
131,Heavy Rain,Use strong rain ambience with controlled dynamics and no unrelated thunder unless visible.,"clipping, distortion, abrupt volume jump, unrelated music, unwanted dialogue, unwanted narration, desynchronized sound, text, watermark",H3 | Soundscape,1.0,False
132,High Angle,View the subject from a gentle high angle while preserving natural proportions.,"camera jitter, accidental reframing, sudden cut, warped perspective, subject drift, focus hunting, rolling shutter, text, watermark",H3 | Camera Framing & Angles,1.0,False
133,Hold 1 Second,Hold the established state clearly for 1 full second with stable anatomy and camera.,"identity drift, anatomy drift, outfit morphing, hair morphing, pose reset, prop teleporting, left-right reversal, camera jitter, flicker, text, watermark",H3 | Timing,1.0,False
134,Hold 2 Seconds,"Hold the established state clearly for 2 full seconds with stable identity, pose, and framing.","identity drift, anatomy drift, outfit morphing, hair morphing, pose reset, prop teleporting, left-right reversal, camera jitter, flicker, text, watermark",H3 | Timing,1.0,False
135,Hold 3 Seconds,Hold the established state clearly for 3 full seconds without drift or added action.,"identity drift, anatomy drift, outfit morphing, hair morphing, pose reset, prop teleporting, left-right reversal, camera jitter, flicker, text, watermark",H3 | Timing,1.0,False
136,Horror,"Use sparse horror scoring with unsettling texture, intentional silence, and one motivated impact.","clipping, distortion, abrupt volume jump, unrelated music, unwanted dialogue, unwanted narration, desynchronized sound, text, watermark",H3 | Audio | Music Styles,1.0,False
137,Horror — Balanced,"ACTION: make one slow look toward the source of tension. CAMERA: subtle handheld, slow-to-normal speed, medium or smaller amplitude. LIGHTING: low-key motivated horror lighting. AUDIO: dark ambient; preserve physically matched ambience. STABILITY: lock identity, anatomy, environment, props, camera axis, and shadow direction. End with a clean 2-second hold.","identity drift, anatomy drift, outfit morphing, hair morphing, pose reset, prop teleporting, left-right reversal, camera jitter, flicker, text, watermark",H3 | Ready-Made Presets & Quick Combos,1.0,False
138,Horror — Director Handoff,"SCENE: continue the exact previous final frame. ACTION: make one slow look toward the source of tension. CAMERA: preserve momentum, then use subtle handheld. LIGHTING: low-key motivated horror lighting. AUDIO: continue dark ambient without reset. STABILITY: lock identity, anatomy, environment, props, camera axis, and shadow direction. End continuation-ready.","identity drift, anatomy drift, outfit morphing, hair morphing, pose reset, prop teleporting, left-right reversal, camera jitter, flicker, text, watermark",H3 | Ready-Made Presets & Quick Combos,1.0,False
139,Horror — Stability First,"ACTION: make one slow look toward the source of tension. CAMERA: subtle handheld with small amplitude and a long settle. LIGHTING: low-key motivated horror lighting. AUDIO: dark ambient at restrained level. STABILITY: lock identity, anatomy, environment, props, camera axis, and shadow direction; no extra action or reframe. Final 2 seconds stable.","identity drift, anatomy drift, outfit morphing, hair morphing, pose reset, prop teleporting, left-right reversal, camera jitter, flicker, text, watermark",H3 | Ready-Made Presets & Quick Combos,1.0,False
140,I2VA Action,"I2VA action: preserve the exact starting pose and direction, perform one named action, then settle cleanly.","identity drift, anatomy drift, outfit morphing, hair morphing, pose reset, prop teleporting, left-right reversal, camera jitter, flicker, text, watermark",H3 | Standard Mode Snippets,1.0,False
141,I2VA Fashion,"I2VA fashion: lock outfit construction, material, accessories, hair, makeup, identity, and body proportions; use one simple pose change.","identity drift, anatomy drift, outfit morphing, hair morphing, pose reset, prop teleporting, left-right reversal, camera jitter, flicker, text, watermark",H3 | Standard Mode Snippets,1.0,False
142,I2VA Portrait,"I2VA portrait: lock the input identity and styling, use one subtle expression or gaze change, one gentle camera move, and a stable ending.","identity drift, anatomy drift, outfit morphing, hair morphing, pose reset, prop teleporting, left-right reversal, camera jitter, flicker, text, watermark",H3 | Standard Mode Snippets,1.0,False
143,I2VA Product,"I2VA product: lock product shape, label, material, color, reflections, and surface detail; use one macro camera move.","identity drift, anatomy drift, outfit morphing, hair morphing, pose reset, prop teleporting, left-right reversal, camera jitter, flicker, text, watermark",H3 | Standard Mode Snippets,1.0,False
144,I2VA Start Lock,"I2VA: treat the input image as the exact starting state. Lock identity, pose, outfit, hair, environment, lighting, and framing before motion begins.","identity drift, anatomy drift, outfit morphing, hair morphing, pose reset, prop teleporting, left-right reversal, camera jitter, flicker, text, watermark",H3 | Standard Mode Snippets,1.0,False
145,Identity + Audio Timing,Use <Picture 1> for identity and <Audio 1> for timing or dialogue synchronization.,"reference role confusion, duplicate subject, identity drift, target leakage, background replacement, missing props, unwanted style transfer, text, watermark",H3 | Reference Roles,1.0,False
146,Identity + Choreography,Use <Picture 1> for identity and <Video 1> for choreography and camera; do not copy the reference video's character appearance.,"reference role confusion, duplicate subject, identity drift, target leakage, background replacement, missing props, unwanted style transfer, text, watermark",H3 | Reference Roles,1.0,False
147,Identity + Outfit + Style,"Use <Picture 1> for identity, <Picture 2> for clothing, and <Picture 3> for style, with strict role separation.","reference role confusion, duplicate subject, identity drift, target leakage, background replacement, missing props, unwanted style transfer, text, watermark",H3 | Reference Roles,1.0,False
148,Identity Lock,"Lock the subject identity throughout: preserve face, age, skin tone, body proportions, and distinctive features.","identity drift, anatomy drift, outfit morphing, hair morphing, pose reset, prop teleporting, left-right reversal, camera jitter, flicker, text, watermark",H3 | Stability Locks,1.0,False
149,Interior Home Ambience,Use quiet indoor home ambience with stable room tone and distant environmental detail.,"clipping, distortion, abrupt volume jump, unrelated music, unwanted dialogue, unwanted narration, desynchronized sound, text, watermark",H3 | Soundscape,1.0,False
150,L2VA Final Landing,"L2VA: build naturally toward the supplied last image, match its subject state and framing, then hold the landing stable.","identity drift, anatomy drift, outfit morphing, hair morphing, pose reset, prop teleporting, left-right reversal, camera jitter, flicker, text, watermark",H3 | Standard Mode Snippets,1.0,False
151,L2VA Full-Body Landing,"L2VA: land on the exact full-body pose with footwear and ground contact visible, then hold.","identity drift, anatomy drift, outfit morphing, hair morphing, pose reset, prop teleporting, left-right reversal, camera jitter, flicker, text, watermark",H3 | Standard Mode Snippets,1.0,False
152,L2VA Handoff Landing,L2VA: prioritize an exact stable final landing suitable as the first frame of the next clip.,"identity drift, anatomy drift, outfit morphing, hair morphing, pose reset, prop teleporting, left-right reversal, camera jitter, flicker, text, watermark",H3 | Standard Mode Snippets,1.0,False
153,L2VA Portrait Landing,"L2VA: approach the final portrait framing gradually, match identity and expression, then hold it stable.","identity drift, anatomy drift, outfit morphing, hair morphing, pose reset, prop teleporting, left-right reversal, camera jitter, flicker, text, watermark",H3 | Standard Mode Snippets,1.0,False
154,L2VA Scene Landing,L2VA: preserve scene continuity while moving toward the final environment layout and camera framing.,"identity drift, anatomy drift, outfit morphing, hair morphing, pose reset, prop teleporting, left-right reversal, camera jitter, flicker, text, watermark",H3 | Standard Mode Snippets,1.0,False
155,Large Amplitude,"Use one broad camera move on a simple path, preserving scale, horizon, and subject continuity.","camera jitter, accidental reframing, sudden cut, warped perspective, subject drift, focus hunting, rolling shutter, text, watermark",H3 | Camera Speed & Amplitude,1.0,False
156,Left/Right Orientation Lock,"Preserve left-right orientation for the subject, props, clothing details, and direction of travel.","identity drift, anatomy drift, outfit morphing, hair morphing, pose reset, prop teleporting, left-right reversal, camera jitter, flicker, text, watermark",H3 | Stability Locks,1.0,False
157,Light Rain,Use soft consistent rain ambience matched to the visible weather.,"clipping, distortion, abrupt volume jump, unrelated music, unwanted dialogue, unwanted narration, desynchronized sound, text, watermark",H3 | Soundscape,1.0,False
158,Lighting Lock,"Preserve light direction, color, intensity, shadow structure, and time of day.","identity drift, anatomy drift, outfit morphing, hair morphing, pose reset, prop teleporting, left-right reversal, camera jitter, flicker, text, watermark",H3 | Stability Locks,1.0,False
159,Lighting-Matched Cut,Use one cut between matching lighting and composition; avoid a visible exposure or color jump.,"rapid flicker, repeated transformation, magical particles, sparkles, smoke burst, abrupt reset, unwanted cut, identity drift, text, watermark",H3 | Transitions,1.0,False
160,Lingerie Catalogue — Balanced,"ACTION: make one restrained catalogue pose change. CAMERA: gentle arc right, slow-to-normal speed, medium or smaller amplitude. LIGHTING: soft diffused boudoir lighting. AUDIO: luxury lounge; preserve physically matched ambience. STABILITY: lock identity, anatomy, garment construction, coverage, fabric, hair, and set. End with a clean 2-second hold.","identity drift, anatomy drift, outfit morphing, hair morphing, pose reset, prop teleporting, left-right reversal, camera jitter, flicker, text, watermark",H3 | Ready-Made Presets & Quick Combos,1.0,False
161,Lingerie Catalogue — Director Handoff,"SCENE: continue the exact previous final frame. ACTION: make one restrained catalogue pose change. CAMERA: preserve momentum, then use gentle arc right. LIGHTING: soft diffused boudoir lighting. AUDIO: continue luxury lounge without reset. STABILITY: lock identity, anatomy, garment construction, coverage, fabric, hair, and set. End continuation-ready.","identity drift, anatomy drift, outfit morphing, hair morphing, pose reset, prop teleporting, left-right reversal, camera jitter, flicker, text, watermark",H3 | Ready-Made Presets & Quick Combos,1.0,False
162,Lingerie Catalogue — Stability First,"ACTION: make one restrained catalogue pose change. CAMERA: gentle arc right with small amplitude and a long settle. LIGHTING: soft diffused boudoir lighting. AUDIO: luxury lounge at restrained level. STABILITY: lock identity, anatomy, garment construction, coverage, fabric, hair, and set; no extra action or reframe. Final 2 seconds stable.","identity drift, anatomy drift, outfit morphing, hair morphing, pose reset, prop teleporting, left-right reversal, camera jitter, flicker, text, watermark",H3 | Ready-Made Presets & Quick Combos,1.0,False
163,Lip Sync,Match mouth shapes and timing precisely to the supplied vocal audio; do not invent extra speech.,"clipping, distortion, abrupt volume jump, unrelated music, unwanted dialogue, unwanted narration, desynchronized sound, text, watermark",H3 | Audio | Timing Cues,1.0,False
164,Look Over Shoulder,The subject slowly looks over the specified shoulder while the torso and outfit remain stable.,"unmotivated motion, action reset, extra actions, rushed movement, unstable anatomy, sliding feet, warped hands, camera jitter, text, watermark",H3 | Motion & Actions,1.0,False
165,Low Angle,View the subject from a controlled low angle without extreme lens distortion.,"camera jitter, accidental reframing, sudden cut, warped perspective, subject drift, focus hunting, rolling shutter, text, watermark",H3 | Camera Framing & Angles,1.0,False
166,Low-Angle Rise,Begin low and rise gradually while maintaining a flattering low-angle view and stable anatomy.,"camera jitter, accidental reframing, sudden cut, warped perspective, subject drift, focus hunting, rolling shutter, text, watermark",H3 | Camera Moves,1.0,False
167,Luxury Lounge,Use refined luxury-lounge instrumental music with an elegant relaxed groove.,"clipping, distortion, abrupt volume jump, unrelated music, unwanted dialogue, unwanted narration, desynchronized sound, text, watermark",H3 | Audio | Music Styles,1.0,False
168,Macro Detail Push,"Push gently into a product or material detail, keeping the target plane sharp and stable.","camera jitter, accidental reframing, sudden cut, warped perspective, subject drift, focus hunting, rolling shutter, text, watermark",H3 | Camera Moves,1.0,False
169,Macro Detail Slide,"Slide slowly across a macro detail at constant focus and shallow, controlled depth of field.","camera jitter, accidental reframing, sudden cut, warped perspective, subject drift, focus hunting, rolling shutter, text, watermark",H3 | Camera Moves,1.0,False
170,Macro Product Detail,"Frame a single material, accessory, or product detail at macro scale with stable focus.","camera jitter, accidental reframing, sudden cut, warped perspective, subject drift, focus hunting, rolling shutter, text, watermark",H3 | Camera Framing & Angles,1.0,False
171,Macro Product Study,Study one product or material detail with slow controlled camera motion and no unrelated subject action.,"unmotivated motion, action reset, extra actions, rushed movement, unstable anatomy, sliding feet, warped hands, camera jitter, text, watermark",H3 | Motion & Actions,1.0,False
172,Match Cut,"Use one clean match cut based on the specified shape, pose, or composition while preserving identity.","rapid flicker, repeated transformation, magical particles, sparkles, smoke burst, abrupt reset, unwanted cut, identity drift, text, watermark",H3 | Transitions,1.0,False
173,Medium Amplitude,Use a medium camera travel distance that reveals context without losing the subject.,"camera jitter, accidental reframing, sudden cut, warped perspective, subject drift, focus hunting, rolling shutter, text, watermark",H3 | Camera Speed & Amplitude,1.0,False
174,Medium Close-Up,Frame from upper chest upward with a natural portrait perspective.,"camera jitter, accidental reframing, sudden cut, warped perspective, subject drift, focus hunting, rolling shutter, text, watermark",H3 | Camera Framing & Angles,1.0,False
175,Medium Shot,Frame the subject from approximately waist up with hands visible when they enter the action.,"camera jitter, accidental reframing, sudden cut, warped perspective, subject drift, focus hunting, rolling shutter, text, watermark",H3 | Camera Framing & Angles,1.0,False
176,Medium-Wide Shot,Use a medium-wide framing that shows the subject and enough environment for context.,"camera jitter, accidental reframing, sudden cut, warped perspective, subject drift, focus hunting, rolling shutter, text, watermark",H3 | Camera Framing & Angles,1.0,False
177,Midpoint Reveal,"Complete the planned reveal near the midpoint, then spend the remaining time holding the result.","identity drift, anatomy drift, outfit morphing, hair morphing, pose reset, prop teleporting, left-right reversal, camera jitter, flicker, text, watermark",H3 | Timing,1.0,False
178,Minimal Piano,Use minimal piano with spacious phrasing and a clean natural decay.,"clipping, distortion, abrupt volume jump, unrelated music, unwanted dialogue, unwanted narration, desynchronized sound, text, watermark",H3 | Audio | Music Styles,1.0,False
179,Motion Without Appearance Transfer,"Transfer choreography and camera timing only; do not transfer the reference subject's face, outfit, or rendering style.","reference role confusion, duplicate subject, identity drift, target leakage, background replacement, missing props, unwanted style transfer, text, watermark",H3 | Reference Roles,1.0,False
180,Motion-Blur-Safe Handoff,Reduce speed and motion blur during the final 1–2 seconds while preserving direction and momentum.,"identity drift, anatomy drift, outfit morphing, hair morphing, pose reset, prop teleporting, left-right reversal, camera jitter, flicker, text, watermark",H3 | Continuity & Handoff,1.0,False
181,Multi-Reference Identity Lock,"Treat all supplied same-person images as complementary views of one identity, not multiple characters.","identity drift, anatomy drift, outfit morphing, hair morphing, pose reset, prop teleporting, left-right reversal, camera jitter, flicker, text, watermark",H3 | Stability Locks,1.0,False
182,Natural Breathing,Keep the subject nearly still with subtle natural breathing only; preserve pose and expression.,"unmotivated motion, action reset, extra actions, rushed movement, unstable anatomy, sliding feet, warped hands, camera jitter, text, watermark",H3 | Motion & Actions,1.0,False
183,Natural Dissolve,"Use one short natural dissolve between established states, preserving identity, composition, and lighting continuity.","rapid flicker, repeated transformation, magical particles, sparkles, smoke burst, abrupt reset, unwanted cut, identity drift, text, watermark",H3 | Transitions,1.0,False
184,Near Silence,Use near silence with only faint physically plausible room or environmental tone.,"clipping, distortion, abrupt volume jump, unrelated music, unwanted dialogue, unwanted narration, desynchronized sound, text, watermark",H3 | Soundscape,1.0,False
185,Neo-Classical Electronica,Blend intimate neo-classical instrumentation with subtle modern electronic texture.,"clipping, distortion, abrupt volume jump, unrelated music, unwanted dialogue, unwanted narration, desynchronized sound, text, watermark",H3 | Audio | Music Styles,1.0,False
186,Night City Ambience,Use restrained nighttime city ambience with distant traffic and subtle urban texture.,"clipping, distortion, abrupt volume jump, unrelated music, unwanted dialogue, unwanted narration, desynchronized sound, text, watermark",H3 | Soundscape,1.0,False
187,No Cut — Continuous Shot,"Use one uninterrupted continuous shot with no cuts, resets, or hidden reframes.","rapid flicker, repeated transformation, magical particles, sparkles, smoke burst, abrupt reset, unwanted cut, identity drift, text, watermark",H3 | Transitions,1.0,False
188,No Dialogue,Do not add dialogue or speech. Use only the requested music and environmental sound.,"clipping, distortion, abrupt volume jump, unrelated music, unwanted dialogue, unwanted narration, desynchronized sound, text, watermark",H3 | Soundscape,1.0,False
189,No Dialogue or Narration,"Do not add speech, narration, or vocalizations; keep only music and soundscape.","clipping, distortion, abrupt volume jump, unrelated music, unwanted dialogue, unwanted narration, desynchronized sound, text, watermark",H3 | Soundscape,1.0,False
190,No Music,"Do not add music. Preserve only the requested dialogue, source audio, or environmental sound.","clipping, distortion, abrupt volume jump, unrelated music, unwanted dialogue, unwanted narration, desynchronized sound, text, watermark",H3 | Audio | Music Styles,1.0,False
191,No Narration,Do not add narration or voice-over. Preserve scene sound and any requested dialogue only.,"clipping, distortion, abrupt volume jump, unrelated music, unwanted dialogue, unwanted narration, desynchronized sound, text, watermark",H3 | Soundscape,1.0,False
192,No Reset or Reframe,"Continue naturally without resetting the pose, recentering the subject, or changing the established framing.","identity drift, anatomy drift, outfit morphing, hair morphing, pose reset, prop teleporting, left-right reversal, camera jitter, flicker, text, watermark",H3 | Continuity & Handoff,1.0,False
193,No Transition,Do not transform or cut; preserve the established state and continue the requested action naturally.,"rapid flicker, repeated transformation, magical particles, sparkles, smoke burst, abrupt reset, unwanted cut, identity drift, text, watermark",H3 | Transitions,1.0,False
194,Non-Target Preservation,"Preserve every non-target character, prop, background element, and staging detail from the source.","reference role confusion, duplicate subject, identity drift, target leakage, background replacement, missing props, unwanted style transfer, text, watermark",H3 | Reference Roles,1.0,False
195,Non-Target Preservation,"Do not alter, delete, duplicate, or restyle non-target characters or background elements.","reference role confusion, duplicate subject, identity drift, target leakage, background replacement, missing props, unwanted style transfer, text, watermark",H3 | Full Reference Snippets,1.0,False
196,Normal + Medium,Use normal speed with medium travel and a clean final settle.,"camera jitter, accidental reframing, sudden cut, warped perspective, subject drift, focus hunting, rolling shutter, text, watermark",H3 | Camera Speed & Amplitude,1.0,False
197,Normal + Small,Use normal speed with small travel for a brief motivated adjustment.,"camera jitter, accidental reframing, sudden cut, warped perspective, subject drift, focus hunting, rolling shutter, text, watermark",H3 | Camera Speed & Amplitude,1.0,False
198,Normal Camera Speed,Use a natural moderate camera speed that keeps the action easy to read.,"camera jitter, accidental reframing, sudden cut, warped perspective, subject drift, focus hunting, rolling shutter, text, watermark",H3 | Camera Speed & Amplitude,1.0,False
199,Occlusion-Safe Handoff,"End with the face, hands, body silhouette, and key props visible and free of severe occlusion.","identity drift, anatomy drift, outfit morphing, hair morphing, pose reset, prop teleporting, left-right reversal, camera jitter, flicker, text, watermark",H3 | Continuity & Handoff,1.0,False
200,One Action per Beat,Assign one clear action to each named beat; do not overlap or add extra movements.,"identity drift, anatomy drift, outfit morphing, hair morphing, pose reset, prop teleporting, left-right reversal, camera jitter, flicker, text, watermark",H3 | Timing,1.0,False
201,One Character from Many Views,Treat all views of the same subject as one character definition and use them only to improve multi-angle consistency.,"reference role confusion, duplicate subject, identity drift, target leakage, background replacement, missing props, unwanted style transfer, text, watermark",H3 | Full Reference Snippets,1.0,False
202,One-Second Settle,Reserve the final 1 second for a clean settle with reduced motion blur and stable anatomy.,"identity drift, anatomy drift, outfit morphing, hair morphing, pose reset, prop teleporting, left-right reversal, camera jitter, flicker, text, watermark",H3 | Continuity & Handoff,1.0,False
203,Orbit — Subject Still,"The subject remains still while the camera performs the specified orbit; preserve gaze, pose, and ground contact.","unmotivated motion, action reset, extra actions, rushed movement, unstable anatomy, sliding feet, warped hands, camera jitter, text, watermark",H3 | Motion & Actions,1.0,False
204,Orbit 180 Degrees,Orbit smoothly through 180 degrees around the subject on one continuous path; avoid speed changes.,"camera jitter, accidental reframing, sudden cut, warped perspective, subject drift, focus hunting, rolling shutter, text, watermark",H3 | Camera Moves,1.0,False
205,Orbit 360 Degrees,Complete one controlled 360-degree orbit around the still subject and return to the starting axis.,"camera jitter, accidental reframing, sudden cut, warped perspective, subject drift, focus hunting, rolling shutter, text, watermark",H3 | Camera Moves,1.0,False
206,Orbit 90 Degrees,Orbit smoothly through 90 degrees around the subject; the subject remains anchored in place.,"camera jitter, accidental reframing, sudden cut, warped perspective, subject drift, focus hunting, rolling shutter, text, watermark",H3 | Camera Moves,1.0,False
207,Orchestral,Use expressive orchestral music with natural dynamics and no vocals.,"clipping, distortion, abrupt volume jump, unrelated music, unwanted dialogue, unwanted narration, desynchronized sound, text, watermark",H3 | Audio | Music Styles,1.0,False
208,Outfit Lock,"Lock garment type, color, material, fit, construction, straps, closures, trim, and layering.","identity drift, anatomy drift, outfit morphing, hair morphing, pose reset, prop teleporting, left-right reversal, camera jitter, flicker, text, watermark",H3 | Stability Locks,1.0,False
209,Over-the-Shoulder,Use an over-the-shoulder composition with the foreground shoulder restrained and the target subject clear.,"camera jitter, accidental reframing, sudden cut, warped perspective, subject drift, focus hunting, rolling shutter, text, watermark",H3 | Camera Framing & Angles,1.0,False
210,Overhead Descent,Begin overhead and descend smoothly toward the scene while keeping the composition centered.,"camera jitter, accidental reframing, sudden cut, warped perspective, subject drift, focus hunting, rolling shutter, text, watermark",H3 | Camera Moves,1.0,False
211,Overhead Rise,Rise smoothly from the established scene into a clean overhead view.,"camera jitter, accidental reframing, sudden cut, warped perspective, subject drift, focus hunting, rolling shutter, text, watermark",H3 | Camera Moves,1.0,False
212,Pan Left,Pan left smoothly at a constant speed while preserving subject scale and horizon.,"camera jitter, accidental reframing, sudden cut, warped perspective, subject drift, focus hunting, rolling shutter, text, watermark",H3 | Camera Moves,1.0,False
213,Pan Right,Pan right smoothly at a constant speed while preserving subject scale and horizon.,"camera jitter, accidental reframing, sudden cut, warped perspective, subject drift, focus hunting, rolling shutter, text, watermark",H3 | Camera Moves,1.0,False
214,Pause After Action,"Complete the action, pause clearly, and preserve the final state.","identity drift, anatomy drift, outfit morphing, hair morphing, pose reset, prop teleporting, left-right reversal, camera jitter, flicker, text, watermark",H3 | Timing,1.0,False
215,Pause Before Action,"Hold the starting state briefly, then begin the action once on the specified cue.","identity drift, anatomy drift, outfit morphing, hair morphing, pose reset, prop teleporting, left-right reversal, camera jitter, flicker, text, watermark",H3 | Timing,1.0,False
216,Pedestal Down,Lower the camera vertically on a controlled pedestal move while maintaining lens direction.,"camera jitter, accidental reframing, sudden cut, warped perspective, subject drift, focus hunting, rolling shutter, text, watermark",H3 | Camera Moves,1.0,False
217,Pedestal Up,Raise the camera vertically on a controlled pedestal move while maintaining lens direction.,"camera jitter, accidental reframing, sudden cut, warped perspective, subject drift, focus hunting, rolling shutter, text, watermark",H3 | Camera Moves,1.0,False
218,Percussive Sports,Use energetic instrumental percussion with a clear training rhythm and no vocals.,"clipping, distortion, abrupt volume jump, unrelated music, unwanted dialogue, unwanted narration, desynchronized sound, text, watermark",H3 | Audio | Music Styles,1.0,False
219,Pick Up Object,The subject picks up the named object once with the specified hand and preserves the grip afterward.,"unmotivated motion, action reset, extra actions, rushed movement, unstable anatomy, sliding feet, warped hands, camera jitter, text, watermark",H3 | Motion & Actions,1.0,False
220,Picture 1 — Identity,"Use <Picture 1> as the primary identity reference for face, body proportions, skin tone, and distinctive features.","reference role confusion, duplicate subject, identity drift, target leakage, background replacement, missing props, unwanted style transfer, text, watermark",H3 | Reference Roles,1.0,False
221,Picture 1 Identity + Picture 2 Outfit,Use <Picture 1> for identity and <Picture 2> for outfit only; preserve both roles without blending identities.,"reference role confusion, duplicate subject, identity drift, target leakage, background replacement, missing props, unwanted style transfer, text, watermark",H3 | Reference Roles,1.0,False
222,Picture 1 Identity + Picture 3 Style,Use <Picture 1> for identity and <Picture 3> for style only; keep identity features unchanged.,"reference role confusion, duplicate subject, identity drift, target leakage, background replacement, missing props, unwanted style transfer, text, watermark",H3 | Reference Roles,1.0,False
223,Picture 2 — Clothing,"Use <Picture 2> as the clothing reference for garment type, color, material, construction, straps, closures, and trim.","reference role confusion, duplicate subject, identity drift, target leakage, background replacement, missing props, unwanted style transfer, text, watermark",H3 | Reference Roles,1.0,False
224,Picture 3 — Style,"Use <Picture 3> only as the visual style reference for lighting, palette, lens character, and finish; do not copy its identity.","reference role confusion, duplicate subject, identity drift, target leakage, background replacement, missing props, unwanted style transfer, text, watermark",H3 | Reference Roles,1.0,False
225,Place Object Down,"The subject places the held object at the specified location once, then releases it naturally.","unmotivated motion, action reset, extra actions, rushed movement, unstable anatomy, sliding feet, warped hands, camera jitter, text, watermark",H3 | Motion & Actions,1.0,False
226,Poolside Ambience,"Use gentle pool water, light breeze, and distant resort ambience without crowd dominance.","clipping, distortion, abrupt volume jump, unrelated music, unwanted dialogue, unwanted narration, desynchronized sound, text, watermark",H3 | Soundscape,1.0,False
227,Pose Lock,Hold the established pose until the named action begins; do not reset or invent a new pose.,"identity drift, anatomy drift, outfit morphing, hair morphing, pose reset, prop teleporting, left-right reversal, camera jitter, flicker, text, watermark",H3 | Stability Locks,1.0,False
228,Preserve Camera Momentum,"Continue the established camera direction and momentum, then decelerate smoothly if a settle is requested.","identity drift, anatomy drift, outfit morphing, hair morphing, pose reset, prop teleporting, left-right reversal, camera jitter, flicker, text, watermark",H3 | Continuity & Handoff,1.0,False
229,Preserve Direction,Preserve the subject's direction of travel and screen direction across the continuation.,"identity drift, anatomy drift, outfit morphing, hair morphing, pose reset, prop teleporting, left-right reversal, camera jitter, flicker, text, watermark",H3 | Continuity & Handoff,1.0,False
230,Preserve Held Objects,"Keep every held object in the same hand with unchanged grip, orientation, scale, and appearance.","identity drift, anatomy drift, outfit morphing, hair morphing, pose reset, prop teleporting, left-right reversal, camera jitter, flicker, text, watermark",H3 | Continuity & Handoff,1.0,False
231,Preserve Held Props,"Keep source props, hand ownership, grip, orientation, contact, and timing unchanged.","reference role confusion, duplicate subject, identity drift, target leakage, background replacement, missing props, unwanted style transfer, text, watermark",H3 | Full Reference Snippets,1.0,False
232,Preserve Secondary Character Interaction,Keep all secondary characters and their interaction timing unchanged while replacing only the target.,"reference role confusion, duplicate subject, identity drift, target leakage, background replacement, missing props, unwanted style transfer, text, watermark",H3 | Full Reference Snippets,1.0,False
233,Preserve Source Lighting,"Keep source light direction, intensity, color, shadow movement, reflections, and time of day.","reference role confusion, duplicate subject, identity drift, target leakage, background replacement, missing props, unwanted style transfer, text, watermark",H3 | Full Reference Snippets,1.0,False
234,Preserve Source Weather,"Keep source weather, wind direction, precipitation, wetness, and atmospheric visibility consistent.","reference role confusion, duplicate subject, identity drift, target leakage, background replacement, missing props, unwanted style transfer, text, watermark",H3 | Full Reference Snippets,1.0,False
235,Product Handling,Use clean close-miked product handling sounds with realistic material texture.,"clipping, distortion, abrupt volume jump, unrelated music, unwanted dialogue, unwanted narration, desynchronized sound, text, watermark",H3 | Soundscape,1.0,False
236,Product Macro — Balanced,"ACTION: rotate the product once slowly. CAMERA: macro detail slide, slow-to-normal speed, medium or smaller amplitude. LIGHTING: controlled premium product lighting. AUDIO: product minimalism; preserve physically matched ambience. STABILITY: lock product geometry, label, material, color, reflections, focus, and surface. End with a clean 2-second hold.","identity drift, anatomy drift, outfit morphing, hair morphing, pose reset, prop teleporting, left-right reversal, camera jitter, flicker, text, watermark",H3 | Ready-Made Presets & Quick Combos,1.0,False
237,Product Macro — Director Handoff,"SCENE: continue the exact previous final frame. ACTION: rotate the product once slowly. CAMERA: preserve momentum, then use macro detail slide. LIGHTING: controlled premium product lighting. AUDIO: continue product minimalism without reset. STABILITY: lock product geometry, label, material, color, reflections, focus, and surface. End continuation-ready.","identity drift, anatomy drift, outfit morphing, hair morphing, pose reset, prop teleporting, left-right reversal, camera jitter, flicker, text, watermark",H3 | Ready-Made Presets & Quick Combos,1.0,False
238,Product Macro — Stability First,"ACTION: rotate the product once slowly. CAMERA: macro detail slide with small amplitude and a long settle. LIGHTING: controlled premium product lighting. AUDIO: product minimalism at restrained level. STABILITY: lock product geometry, label, material, color, reflections, focus, and surface; no extra action or reframe. Final 2 seconds stable.","identity drift, anatomy drift, outfit morphing, hair morphing, pose reset, prop teleporting, left-right reversal, camera jitter, flicker, text, watermark",H3 | Ready-Made Presets & Quick Combos,1.0,False
239,Product Minimalism,Use minimal premium electronic texture that leaves product sounds and details clear.,"clipping, distortion, abrupt volume jump, unrelated music, unwanted dialogue, unwanted narration, desynchronized sound, text, watermark",H3 | Audio | Music Styles,1.0,False
240,Product Rotate Once,"Rotate the product once at a slow even speed, preserving shape, markings, material, and lighting.","unmotivated motion, action reset, extra actions, rushed movement, unstable anatomy, sliding feet, warped hands, camera jitter, text, watermark",H3 | Motion & Actions,1.0,False
241,Profile,Use a clean side-profile framing with the face outline and direction of gaze readable.,"camera jitter, accidental reframing, sudden cut, warped perspective, subject drift, focus hunting, rolling shutter, text, watermark",H3 | Camera Framing & Angles,1.0,False
242,Props Lock,"Preserve every named prop, its appearance, hand ownership, position, and orientation.","identity drift, anatomy drift, outfit morphing, hair morphing, pose reset, prop teleporting, left-right reversal, camera jitter, flicker, text, watermark",H3 | Stability Locks,1.0,False
243,Raise One Hand,"The subject raises the specified hand once to the named position, holds briefly, then remains stable.","unmotivated motion, action reset, extra actions, rushed movement, unstable anatomy, sliding feet, warped hands, camera jitter, text, watermark",H3 | Motion & Actions,1.0,False
244,Rear Three-Quarter,"Use a rear three-quarter view while preserving identity, hairstyle, outfit, and direction.","camera jitter, accidental reframing, sudden cut, warped perspective, subject drift, focus hunting, rolling shutter, text, watermark",H3 | Camera Framing & Angles,1.0,False
245,Rear Tracking,Track behind the subject at a stable distance while preserving direction of travel.,"camera jitter, accidental reframing, sudden cut, warped perspective, subject drift, focus hunting, rolling shutter, text, watermark",H3 | Camera Moves,1.0,False
246,Rear View,Use a stable rear view with outfit and hair continuity; do not rotate the subject unexpectedly.,"camera jitter, accidental reframing, sudden cut, warped perspective, subject drift, focus hunting, rolling shutter, text, watermark",H3 | Camera Framing & Angles,1.0,False
247,Reference Replacement Lock,"Replace only the named target while preserving non-target characters, scene, props, staging, lighting, and camera behavior.","identity drift, anatomy drift, outfit morphing, hair morphing, pose reset, prop teleporting, left-right reversal, camera jitter, flicker, text, watermark",H3 | Stability Locks,1.0,False
248,Reference Sheet — Same Subject,Treat every panel in the reference sheet as the same subject and use it for multi-angle identity understanding; do not reproduce the grid.,"reference role confusion, duplicate subject, identity drift, target leakage, background replacement, missing props, unwanted style transfer, text, watermark",H3 | Reference Roles,1.0,False
249,Reference Sheet Cleanup,"Use the multi-panel sheet for identity understanding only; generate one continuous scene and do not reproduce borders, labels, or panels.","reference role confusion, duplicate subject, identity drift, target leakage, background replacement, missing props, unwanted style transfer, text, watermark",H3 | Full Reference Snippets,1.0,False
250,Reveal After Pause,"Hold brief silence, then begin the reveal on the next clear cue.","clipping, distortion, abrupt volume jump, unrelated music, unwanted dialogue, unwanted narration, desynchronized sound, text, watermark",H3 | Audio | Timing Cues,1.0,False
251,Reveal Pull Back,"Begin on a detail, pull back smoothly to reveal the full composition, and finish stable.","camera jitter, accidental reframing, sudden cut, warped perspective, subject drift, focus hunting, rolling shutter, text, watermark",H3 | Camera Moves,1.0,False
252,Romantic Instrumental,Use warm romantic instrumental music with a gentle melody and soft dynamics.,"clipping, distortion, abrupt volume jump, unrelated music, unwanted dialogue, unwanted narration, desynchronized sound, text, watermark",H3 | Audio | Music Styles,1.0,False
253,Rule-of-Thirds Portrait,Place the subject on a clear third with intentional negative space and stable eye line.,"camera jitter, accidental reframing, sudden cut, warped perspective, subject drift, focus hunting, rolling shutter, text, watermark",H3 | Camera Framing & Angles,1.0,False
254,Safe Anatomy Lock,"Keep anatomy, hands, fingers, limbs, face, and proportions stable.","identity drift, anatomy drift, outfit morphing, hair morphing, pose reset, prop teleporting, left-right reversal, camera jitter, flicker, text, watermark",H3 | H3-Safe | Stability & Continuity,1.0,False
255,Safe Arc 45,Slow 45-degree arc around the still subject. Preserve distance and horizon.,"camera jitter, accidental reframing, sudden cut, warped perspective, subject drift, focus hunting, rolling shutter, text, watermark",H3 | H3-Safe | Camera,1.0,False
256,Safe Audio Handoff,End with a clean sustained ambience or music tail for continuation.,"clipping, distortion, abrupt volume jump, unrelated music, unwanted dialogue, unwanted narration, desynchronized sound, text, watermark",H3 | H3-Safe | Audio,1.0,False
257,Safe Audio Lock,"Keep dialogue timing, music, ambience, and levels continuous.","identity drift, anatomy drift, outfit morphing, hair morphing, pose reset, prop teleporting, left-right reversal, camera jitter, flicker, text, watermark",H3 | H3-Safe | Stability & Continuity,1.0,False
258,Safe Audio Timing Role,Audio 1 supplies timing and sound relationship. Preserve sync and continuity.,"reference role confusion, duplicate subject, identity drift, target leakage, background replacement, missing props, unwanted style transfer, text, watermark",H3 | H3-Safe | Modes & References,1.0,False
259,Safe Beach Ambience,Gentle surf and light coastal wind at steady level.,"clipping, distortion, abrupt volume jump, unrelated music, unwanted dialogue, unwanted narration, desynchronized sound, text, watermark",H3 | H3-Safe | Audio,1.0,False
260,Safe Beat Sync,Align one reveal or action to one clear beat.,"clipping, distortion, abrupt volume jump, unrelated music, unwanted dialogue, unwanted narration, desynchronized sound, text, watermark",H3 | H3-Safe | Audio,1.0,False
261,Safe Camera Lock,"Keep one camera path, speed, horizon, and final framing.","identity drift, anatomy drift, outfit morphing, hair morphing, pose reset, prop teleporting, left-right reversal, camera jitter, flicker, text, watermark",H3 | H3-Safe | Stability & Continuity,1.0,False
262,Safe Choreography Phrase,Perform one short reference movement phrase in the same pose order and direction.,"unmotivated motion, action reset, extra actions, rushed movement, unstable anatomy, sliding feet, warped hands, camera jitter, text, watermark",H3 | H3-Safe | Action & Timing,1.0,False
263,Safe City Ambience,Soft city ambience below the main action. No distinct background speech.,"clipping, distortion, abrupt volume jump, unrelated music, unwanted dialogue, unwanted narration, desynchronized sound, text, watermark",H3 | H3-Safe | Audio,1.0,False
264,Safe Clean Handoff,"Final 2 seconds: reduce motion, keep face and hands visible, and hold stable.","identity drift, anatomy drift, outfit morphing, hair morphing, pose reset, prop teleporting, left-right reversal, camera jitter, flicker, text, watermark",H3 | H3-Safe | Stability & Continuity,1.0,False
265,Safe Continue Frame,Start from the exact previous final frame. Do not reset pose or framing.,"identity drift, anatomy drift, outfit morphing, hair morphing, pose reset, prop teleporting, left-right reversal, camera jitter, flicker, text, watermark",H3 | H3-Safe | Stability & Continuity,1.0,False
266,Safe Continuous Audio,Keep the same audio bed through the clip with no restart.,"clipping, distortion, abrupt volume jump, unrelated music, unwanted dialogue, unwanted narration, desynchronized sound, text, watermark",H3 | H3-Safe | Audio,1.0,False
267,Safe Dialogue,Deliver one supplied line with precise lip sync and minimal gesture.,"unmotivated motion, action reset, extra actions, rushed movement, unstable anatomy, sliding feet, warped hands, camera jitter, text, watermark",H3 | H3-Safe | Action & Timing,1.0,False
268,Safe Dialogue Sync,Keep supplied dialogue clear and synchronized to the speaker.,"clipping, distortion, abrupt volume jump, unrelated music, unwanted dialogue, unwanted narration, desynchronized sound, text, watermark",H3 | H3-Safe | Audio,1.0,False
269,Safe Direction Lock,Keep left-right orientation and direction of travel unchanged.,"identity drift, anatomy drift, outfit morphing, hair morphing, pose reset, prop teleporting, left-right reversal, camera jitter, flicker, text, watermark",H3 | H3-Safe | Stability & Continuity,1.0,False
270,Safe Director Scene 1,"Scene 1: establish subject, scene, action, camera, audio, and a clean final handoff.","reference role confusion, duplicate subject, identity drift, target leakage, background replacement, missing props, unwanted style transfer, text, watermark",H3 | H3-Safe | Modes & References,1.0,False
271,Safe Director Scene 2,Scene 2: continue the exact final frame. One next action. No reset or reframe.,"reference role confusion, duplicate subject, identity drift, target leakage, background replacement, missing props, unwanted style transfer, text, watermark",H3 | H3-Safe | Modes & References,1.0,False
272,Safe Director Scene 3,Scene 3: continue chronology and direction. Preserve all locks. Prepare the ending.,"reference role confusion, duplicate subject, identity drift, target leakage, background replacement, missing props, unwanted style transfer, text, watermark",H3 | H3-Safe | Modes & References,1.0,False
273,Safe Director Scene 4,"Scene 4: complete the action, settle, and hold the final frame for 2 seconds.","reference role confusion, duplicate subject, identity drift, target leakage, background replacement, missing props, unwanted style transfer, text, watermark",H3 | H3-Safe | Modes & References,1.0,False
274,Safe Establish Act Settle,"Establish the start, perform one action, then settle into a stable ending.","unmotivated motion, action reset, extra actions, rushed movement, unstable anatomy, sliding feet, warped hands, camera jitter, text, watermark",H3 | H3-Safe | Action & Timing,1.0,False
275,Safe Fabric Sound,Use subtle fabric sound only when the garment visibly moves.,"clipping, distortion, abrupt volume jump, unrelated music, unwanted dialogue, unwanted narration, desynchronized sound, text, watermark",H3 | H3-Safe | Audio,1.0,False
276,Safe Final Two Seconds,Stop extra motion and hold the final frame stable for 2 seconds.,"unmotivated motion, action reset, extra actions, rushed movement, unstable anatomy, sliding feet, warped hands, camera jitter, text, watermark",H3 | H3-Safe | Action & Timing,1.0,False
277,Safe FL2VA,FL2VA: connect first to last on one clear path. Land exactly on the final frame and hold.,"reference role confusion, duplicate subject, identity drift, target leakage, background replacement, missing props, unwanted style transfer, text, watermark",H3 | H3-Safe | Modes & References,1.0,False
278,Safe Footstep Sync,Match each visible footfall to one natural footstep sound.,"clipping, distortion, abrupt volume jump, unrelated music, unwanted dialogue, unwanted narration, desynchronized sound, text, watermark",H3 | H3-Safe | Audio,1.0,False
279,Safe Forest Ambience,Soft forest ambience with light leaves and distant birds.,"clipping, distortion, abrupt volume jump, unrelated music, unwanted dialogue, unwanted narration, desynchronized sound, text, watermark",H3 | H3-Safe | Audio,1.0,False
280,Safe Full Lock,"Lock identity, anatomy, outfit, hair, scene, props, camera, audio, and final frame.","identity drift, anatomy drift, outfit morphing, hair morphing, pose reset, prop teleporting, left-right reversal, camera jitter, flicker, text, watermark",H3 | H3-Safe | Stability & Continuity,1.0,False
281,Safe Full Reference,"Full Reference: define each role, replace only the target, and preserve scene, non-targets, props, camera, and audio.","reference role confusion, duplicate subject, identity drift, target leakage, background replacement, missing props, unwanted style transfer, text, watermark",H3 | H3-Safe | Modes & References,1.0,False
282,Safe Gaze Shift,Shift gaze once to the named point. Hold the final expression.,"unmotivated motion, action reset, extra actions, rushed movement, unstable anatomy, sliding feet, warped hands, camera jitter, text, watermark",H3 | H3-Safe | Action & Timing,1.0,False
283,Safe Hair Lock,"Keep hairstyle, color, length, parting, and accessories unchanged.","identity drift, anatomy drift, outfit morphing, hair morphing, pose reset, prop teleporting, left-right reversal, camera jitter, flicker, text, watermark",H3 | H3-Safe | Stability & Continuity,1.0,False
284,Safe High Angle,Gentle high-angle medium shot. Preserve natural proportions.,"camera jitter, accidental reframing, sudden cut, warped perspective, subject drift, focus hunting, rolling shutter, text, watermark",H3 | H3-Safe | Camera,1.0,False
285,Safe I2VA,"I2VA: lock the input frame. Use one action, one small camera move, and a stable 2-second ending.","reference role confusion, duplicate subject, identity drift, target leakage, background replacement, missing props, unwanted style transfer, text, watermark",H3 | H3-Safe | Modes & References,1.0,False
286,Safe Identity Lock,"Keep the same face, body, age, skin tone, and distinctive features.","identity drift, anatomy drift, outfit morphing, hair morphing, pose reset, prop teleporting, left-right reversal, camera jitter, flicker, text, watermark",H3 | H3-Safe | Stability & Continuity,1.0,False
287,Safe Identity Outfit Style Roles,Picture 1 identity. Picture 2 outfit. Picture 3 style. Keep roles separate.,"reference role confusion, duplicate subject, identity drift, target leakage, background replacement, missing props, unwanted style transfer, text, watermark",H3 | H3-Safe | Modes & References,1.0,False
288,Safe Jacket Adjust,Adjust the jacket once. Do not change the outfit.,"unmotivated motion, action reset, extra actions, rushed movement, unstable anatomy, sliding feet, warped hands, camera jitter, text, watermark",H3 | H3-Safe | Action & Timing,1.0,False
289,Safe L2VA,L2VA: approach the supplied last frame gradually. Match it exactly and hold stable.,"reference role confusion, duplicate subject, identity drift, target leakage, background replacement, missing props, unwanted style transfer, text, watermark",H3 | H3-Safe | Modes & References,1.0,False
290,Safe Lip Sync,Match mouth movement to the supplied voice. Do not add words.,"clipping, distortion, abrupt volume jump, unrelated music, unwanted dialogue, unwanted narration, desynchronized sound, text, watermark",H3 | H3-Safe | Audio,1.0,False
291,Safe Look Over Shoulder,Look over one shoulder slowly. Keep torso and outfit stable.,"unmotivated motion, action reset, extra actions, rushed movement, unstable anatomy, sliding feet, warped hands, camera jitter, text, watermark",H3 | H3-Safe | Action & Timing,1.0,False
292,Safe Low Angle,Gentle low-angle full-body shot. Avoid lens distortion.,"camera jitter, accidental reframing, sudden cut, warped perspective, subject drift, focus hunting, rolling shutter, text, watermark",H3 | H3-Safe | Camera,1.0,False
293,Safe Macro Slide,Slow short macro slide across one detail. Keep focus stable.,"camera jitter, accidental reframing, sudden cut, warped perspective, subject drift, focus hunting, rolling shutter, text, watermark",H3 | H3-Safe | Camera,1.0,False
294,Safe Near Silence,Use near silence with only faint natural room or environmental tone.,"clipping, distortion, abrupt volume jump, unrelated music, unwanted dialogue, unwanted narration, desynchronized sound, text, watermark",H3 | H3-Safe | Audio,1.0,False
295,Safe No Dialogue,No dialogue or narration. Keep only music and environmental sound.,"clipping, distortion, abrupt volume jump, unrelated music, unwanted dialogue, unwanted narration, desynchronized sound, text, watermark",H3 | H3-Safe | Audio,1.0,False
296,Safe No Music,No music. Keep only the requested dialogue or natural ambience.,"clipping, distortion, abrupt volume jump, unrelated music, unwanted dialogue, unwanted narration, desynchronized sound, text, watermark",H3 | H3-Safe | Audio,1.0,False
297,Safe Orbit 90,Slow 90-degree orbit. Subject remains still. One continuous path.,"camera jitter, accidental reframing, sudden cut, warped perspective, subject drift, focus hunting, rolling shutter, text, watermark",H3 | H3-Safe | Camera,1.0,False
298,Safe Outfit Lock,"Keep outfit type, color, material, fit, closures, trim, and layers unchanged.","identity drift, anatomy drift, outfit morphing, hair morphing, pose reset, prop teleporting, left-right reversal, camera jitter, flicker, text, watermark",H3 | H3-Safe | Stability & Continuity,1.0,False
299,Safe Overhead Hold,Stable top-down view. Keep the scene centered and motion minimal.,"camera jitter, accidental reframing, sudden cut, warped perspective, subject drift, focus hunting, rolling shutter, text, watermark",H3 | H3-Safe | Camera,1.0,False
300,Safe Pan Left,Slow small pan left. Keep the horizon level and the subject readable.,"camera jitter, accidental reframing, sudden cut, warped perspective, subject drift, focus hunting, rolling shutter, text, watermark",H3 | H3-Safe | Camera,1.0,False
301,Safe Pan Right,Slow small pan right. Keep the horizon level and the subject readable.,"camera jitter, accidental reframing, sudden cut, warped perspective, subject drift, focus hunting, rolling shutter, text, watermark",H3 | H3-Safe | Camera,1.0,False
302,Safe Portrait Close-Up,Stable close-up. Keep the full face readable and eyes unobstructed.,"camera jitter, accidental reframing, sudden cut, warped perspective, subject drift, focus hunting, rolling shutter, text, watermark",H3 | H3-Safe | Camera,1.0,False
303,Safe Pose Change,Move slowly into one new pose. Hold the final pose.,"unmotivated motion, action reset, extra actions, rushed movement, unstable anatomy, sliding feet, warped hands, camera jitter, text, watermark",H3 | H3-Safe | Action & Timing,1.0,False
304,Safe Preserve Lighting,"Keep light direction, color, intensity, and shadows unchanged.","identity drift, anatomy drift, outfit morphing, hair morphing, pose reset, prop teleporting, left-right reversal, camera jitter, flicker, text, watermark",H3 | H3-Safe | Stability & Continuity,1.0,False
305,Safe Preserve Momentum,"Continue the same subject and camera direction, then settle smoothly.","identity drift, anatomy drift, outfit morphing, hair morphing, pose reset, prop teleporting, left-right reversal, camera jitter, flicker, text, watermark",H3 | H3-Safe | Stability & Continuity,1.0,False
306,Safe Preserve Object,"Keep the held object, hand, grip, position, and scale unchanged.","identity drift, anatomy drift, outfit morphing, hair morphing, pose reset, prop teleporting, left-right reversal, camera jitter, flicker, text, watermark",H3 | H3-Safe | Stability & Continuity,1.0,False
307,Safe Preserve Weather,"Keep weather, wind, wetness, and atmosphere unchanged.","identity drift, anatomy drift, outfit morphing, hair morphing, pose reset, prop teleporting, left-right reversal, camera jitter, flicker, text, watermark",H3 | H3-Safe | Stability & Continuity,1.0,False
308,Safe Product Turn,"Rotate the product once slowly. Preserve shape, label, and material.","unmotivated motion, action reset, extra actions, rushed movement, unstable anatomy, sliding feet, warped hands, camera jitter, text, watermark",H3 | H3-Safe | Action & Timing,1.0,False
309,Safe Prop Lock,Keep each prop in the same hand and orientation until the named action changes it.,"identity drift, anatomy drift, outfit morphing, hair morphing, pose reset, prop teleporting, left-right reversal, camera jitter, flicker, text, watermark",H3 | H3-Safe | Stability & Continuity,1.0,False
310,Safe Rain Ambience,Soft consistent rain matched to the visible weather.,"clipping, distortion, abrupt volume jump, unrelated music, unwanted dialogue, unwanted narration, desynchronized sound, text, watermark",H3 | H3-Safe | Audio,1.0,False
311,Safe Scene Lock,"Keep background, props, lighting, weather, and object positions unchanged.","identity drift, anatomy drift, outfit morphing, hair morphing, pose reset, prop teleporting, left-right reversal, camera jitter, flicker, text, watermark",H3 | H3-Safe | Stability & Continuity,1.0,False
312,Safe Side Track,Track beside the subject at matched walking pace. Keep spacing stable.,"camera jitter, accidental reframing, sudden cut, warped perspective, subject drift, focus hunting, rolling shutter, text, watermark",H3 | H3-Safe | Camera,1.0,False
313,Safe Sit,Sit once with natural weight transfer. Settle and hold.,"unmotivated motion, action reset, extra actions, rushed movement, unstable anatomy, sliding feet, warped hands, camera jitter, text, watermark",H3 | H3-Safe | Action & Timing,1.0,False
314,Safe Slow Pull,Slow small pull-out. Reveal context gradually. Settle on a stable frame.,"camera jitter, accidental reframing, sudden cut, warped perspective, subject drift, focus hunting, rolling shutter, text, watermark",H3 | H3-Safe | Camera,1.0,False
315,Safe Slow Push,"Slow small push-in. Keep identity, scale, and center framing stable. Settle at the end.","camera jitter, accidental reframing, sudden cut, warped perspective, subject drift, focus hunting, rolling shutter, text, watermark",H3 | H3-Safe | Camera,1.0,False
316,Safe Small Gesture,Make one small hand gesture. Keep fingers visible. Return to stillness.,"unmotivated motion, action reset, extra actions, rushed movement, unstable anatomy, sliding feet, warped hands, camera jitter, text, watermark",H3 | H3-Safe | Action & Timing,1.0,False
317,Safe Soft Cadence,End the music softly during the final stable hold.,"clipping, distortion, abrupt volume jump, unrelated music, unwanted dialogue, unwanted narration, desynchronized sound, text, watermark",H3 | H3-Safe | Audio,1.0,False
318,Safe Stand,Stand once with natural weight transfer. Settle and hold.,"unmotivated motion, action reset, extra actions, rushed movement, unstable anatomy, sliding feet, warped hands, camera jitter, text, watermark",H3 | H3-Safe | Action & Timing,1.0,False
319,Safe Stand Still,"Stand still with natural breathing. Hold identity, pose, outfit, and framing.","unmotivated motion, action reset, extra actions, rushed movement, unstable anatomy, sliding feet, warped hands, camera jitter, text, watermark",H3 | H3-Safe | Action & Timing,1.0,False
320,Safe Static Full Body,Static full-body shot. Keep footwear and ground contact visible. No camera drift.,"camera jitter, accidental reframing, sudden cut, warped perspective, subject drift, focus hunting, rolling shutter, text, watermark",H3 | H3-Safe | Camera,1.0,False
321,Safe Static Medium,Static medium shot. Keep the subject centered. Hold the horizon and framing steady.,"camera jitter, accidental reframing, sudden cut, warped perspective, subject drift, focus hunting, rolling shutter, text, watermark",H3 | H3-Safe | Camera,1.0,False
322,Safe Studio Tone,Quiet steady studio room tone. No voices or hum.,"clipping, distortion, abrupt volume jump, unrelated music, unwanted dialogue, unwanted narration, desynchronized sound, text, watermark",H3 | H3-Safe | Audio,1.0,False
323,Safe T2VA,"T2VA: one subject, one scene, one action, one camera move, stable continuity, and clean audio.","reference role confusion, duplicate subject, identity drift, target leakage, background replacement, missing props, unwanted style transfer, text, watermark",H3 | H3-Safe | Modes & References,1.0,False
324,Safe Tilt Down,Slow tilt down on one axis. Stop cleanly on the intended framing.,"camera jitter, accidental reframing, sudden cut, warped perspective, subject drift, focus hunting, rolling shutter, text, watermark",H3 | H3-Safe | Camera,1.0,False
325,Safe Tilt Up,Slow tilt up on one axis. Stop cleanly on the intended framing.,"camera jitter, accidental reframing, sudden cut, warped perspective, subject drift, focus hunting, rolling shutter, text, watermark",H3 | H3-Safe | Camera,1.0,False
326,Safe Truck Left,Slow short truck left. Preserve distance and subject scale.,"camera jitter, accidental reframing, sudden cut, warped perspective, subject drift, focus hunting, rolling shutter, text, watermark",H3 | H3-Safe | Camera,1.0,False
327,Safe Truck Right,Slow short truck right. Preserve distance and subject scale.,"camera jitter, accidental reframing, sudden cut, warped perspective, subject drift, focus hunting, rolling shutter, text, watermark",H3 | H3-Safe | Camera,1.0,False
328,Safe Turn to Camera,"Turn once toward the camera, settle, and hold.","unmotivated motion, action reset, extra actions, rushed movement, unstable anatomy, sliding feet, warped hands, camera jitter, text, watermark",H3 | H3-Safe | Action & Timing,1.0,False
329,Safe Video Motion Role,Video 1 supplies choreography and camera only. Keep the target identity and outfit.,"reference role confusion, duplicate subject, identity drift, target leakage, background replacement, missing props, unwanted style transfer, text, watermark",H3 | H3-Safe | Modes & References,1.0,False
330,Safe Walk Two Steps,"Walk forward two natural steps, stop, and hold stable.","unmotivated motion, action reset, extra actions, rushed movement, unstable anatomy, sliding feet, warped hands, camera jitter, text, watermark",H3 | H3-Safe | Action & Timing,1.0,False
331,Safe Yoga Hold,Hold one named yoga pose with stable anatomy and contact points.,"unmotivated motion, action reset, extra actions, rushed movement, unstable anatomy, sliding feet, warped hands, camera jitter, text, watermark",H3 | H3-Safe | Action & Timing,1.0,False
332,Same Audio Bed,"Continue the same ambience or music bed without a restart, jump, or change in acoustic space.","identity drift, anatomy drift, outfit morphing, hair morphing, pose reset, prop teleporting, left-right reversal, camera jitter, flicker, text, watermark",H3 | Continuity & Handoff,1.0,False
333,Same Environment Layout,"Preserve the background, furniture, props, object positions, and spatial relationships.","identity drift, anatomy drift, outfit morphing, hair morphing, pose reset, prop teleporting, left-right reversal, camera jitter, flicker, text, watermark",H3 | Continuity & Handoff,1.0,False
334,Same Expression and Gaze,"Begin with the exact previous expression and gaze direction, then change only if explicitly requested.","identity drift, anatomy drift, outfit morphing, hair morphing, pose reset, prop teleporting, left-right reversal, camera jitter, flicker, text, watermark",H3 | Continuity & Handoff,1.0,False
335,Same Hair State,"Preserve hairstyle, parting, loose strands, accessories, and wind response at the handoff.","identity drift, anatomy drift, outfit morphing, hair morphing, pose reset, prop teleporting, left-right reversal, camera jitter, flicker, text, watermark",H3 | Continuity & Handoff,1.0,False
336,Same Lighting,"Preserve the exact lighting direction, intensity, color temperature, and shadow structure.","identity drift, anatomy drift, outfit morphing, hair morphing, pose reset, prop teleporting, left-right reversal, camera jitter, flicker, text, watermark",H3 | Continuity & Handoff,1.0,False
337,Same Outfit State,"Preserve the exact outfit state, closures, layering, wrinkles, accessories, and footwear.","identity drift, anatomy drift, outfit morphing, hair morphing, pose reset, prop teleporting, left-right reversal, camera jitter, flicker, text, watermark",H3 | Continuity & Handoff,1.0,False
338,Same Person — Multi-Image References,"Treat all supplied same-person images as complementary views of one subject, not separate characters.","reference role confusion, duplicate subject, identity drift, target leakage, background replacement, missing props, unwanted style transfer, text, watermark",H3 | Reference Roles,1.0,False
339,Same Weather,"Preserve the established weather, wind direction, wetness, cloud cover, and atmospheric visibility.","identity drift, anatomy drift, outfit morphing, hair morphing, pose reset, prop teleporting, left-right reversal, camera jitter, flicker, text, watermark",H3 | Continuity & Handoff,1.0,False
340,Scene 1 — Choreography Establish,"SCENE 1: establish the starting pose, direction, floor position, reference timing, camera path, and beat.","identity drift, anatomy drift, outfit morphing, hair morphing, pose reset, prop teleporting, left-right reversal, camera jitter, flicker, text, watermark",H3 | Director 4 Scenes,1.0,False
341,Scene 1 — Dialogue Establish,"SCENE 1: establish the speaker and room, lock identity and camera axis, preserve room tone, and begin the supplied dialogue naturally.","identity drift, anatomy drift, outfit morphing, hair morphing, pose reset, prop teleporting, left-right reversal, camera jitter, flicker, text, watermark",H3 | Director 4 Scenes,1.0,False
342,Scene 1 — Establish,"SCENE 1 — ESTABLISH: introduce the subject, location, outfit, lighting, and starting pose in one clear shot. Use one simple camera move and end stable.","identity drift, anatomy drift, outfit morphing, hair morphing, pose reset, prop teleporting, left-right reversal, camera jitter, flicker, text, watermark",H3 | Director 4 Scenes,1.0,False
343,Scene 1 — Fashion Establish,"SCENE 1: establish the complete fashion look in a full-body frame with identity, outfit, footwear, accessories, hair, and lighting locked.","identity drift, anatomy drift, outfit morphing, hair morphing, pose reset, prop teleporting, left-right reversal, camera jitter, flicker, text, watermark",H3 | Director 4 Scenes,1.0,False
344,Scene 1 — Portrait Establish,"SCENE 1: establish a medium portrait, locked identity and styling, subtle push-in, quiet ambience, and a stable 1-second ending.","identity drift, anatomy drift, outfit morphing, hair morphing, pose reset, prop teleporting, left-right reversal, camera jitter, flicker, text, watermark",H3 | Director 4 Scenes,1.0,False
345,Scene 1 — Product Establish,"SCENE 1: establish the product, surface, lighting, label, material, and starting macro composition.","identity drift, anatomy drift, outfit morphing, hair morphing, pose reset, prop teleporting, left-right reversal, camera jitter, flicker, text, watermark",H3 | Director 4 Scenes,1.0,False
346,Scene 2 — Choreography Continue,SCENE 2: continue the next movement phrase exactly from the previous pose and beat without resetting position.,"identity drift, anatomy drift, outfit morphing, hair morphing, pose reset, prop teleporting, left-right reversal, camera jitter, flicker, text, watermark",H3 | Director 4 Scenes,1.0,False
347,Scene 2 — Continue,"SCENE 2 — CONTINUE: begin from Scene 1's exact final frame. Preserve identity, outfit, scene, direction, camera momentum, and audio bed; perform one next action.","identity drift, anatomy drift, outfit morphing, hair morphing, pose reset, prop teleporting, left-right reversal, camera jitter, flicker, text, watermark",H3 | Director 4 Scenes,1.0,False
348,Scene 2 — Dialogue Continue,SCENE 2: continue the exact dialogue timing and lip sync with restrained gesture and no camera-axis jump.,"identity drift, anatomy drift, outfit morphing, hair morphing, pose reset, prop teleporting, left-right reversal, camera jitter, flicker, text, watermark",H3 | Director 4 Scenes,1.0,False
349,Scene 2 — Fashion Walk,SCENE 2: continue from the exact frame; perform one short controlled walk while the camera tracks at matched speed.,"identity drift, anatomy drift, outfit morphing, hair morphing, pose reset, prop teleporting, left-right reversal, camera jitter, flicker, text, watermark",H3 | Director 4 Scenes,1.0,False
350,Scene 2 — Portrait Turn,SCENE 2: continue the exact frame; the subject makes one slow three-quarter turn while the camera path and lighting remain unchanged.,"identity drift, anatomy drift, outfit morphing, hair morphing, pose reset, prop teleporting, left-right reversal, camera jitter, flicker, text, watermark",H3 | Director 4 Scenes,1.0,False
351,Scene 2 — Product Detail,SCENE 2: continue the exact product state with one slow macro slide across the specified detail.,"identity drift, anatomy drift, outfit morphing, hair morphing, pose reset, prop teleporting, left-right reversal, camera jitter, flicker, text, watermark",H3 | Director 4 Scenes,1.0,False
352,Scene 3 — Choreography Continue,"SCENE 3: preserve pose order, direction, rhythm, camera behavior, and outfit while completing the main phrase.","identity drift, anatomy drift, outfit morphing, hair morphing, pose reset, prop teleporting, left-right reversal, camera jitter, flicker, text, watermark",H3 | Director 4 Scenes,1.0,False
353,Scene 3 — Continue,"SCENE 3 — CONTINUE: begin from Scene 2's exact final frame, continue the chronology without reset, and prepare a clean path to the final scene.","identity drift, anatomy drift, outfit morphing, hair morphing, pose reset, prop teleporting, left-right reversal, camera jitter, flicker, text, watermark",H3 | Director 4 Scenes,1.0,False
354,Scene 3 — Dialogue Reaction,"SCENE 3: continue into the specified reaction, preserving identity, eye line, room tone, and background characters.","identity drift, anatomy drift, outfit morphing, hair morphing, pose reset, prop teleporting, left-right reversal, camera jitter, flicker, text, watermark",H3 | Director 4 Scenes,1.0,False
355,Scene 3 — Fashion Turn,SCENE 3: continue the walk into one slow turn that reveals garment drape; do not change styling.,"identity drift, anatomy drift, outfit morphing, hair morphing, pose reset, prop teleporting, left-right reversal, camera jitter, flicker, text, watermark",H3 | Director 4 Scenes,1.0,False
356,Scene 3 — Portrait Close-Up,"SCENE 3: continue naturally into one gentle close-up, preserving expression, hair, makeup, and background.","identity drift, anatomy drift, outfit morphing, hair morphing, pose reset, prop teleporting, left-right reversal, camera jitter, flicker, text, watermark",H3 | Director 4 Scenes,1.0,False
357,Scene 3 — Product Reveal,"SCENE 3: pull back smoothly to reveal the complete product without changing its shape, markings, or lighting.","identity drift, anatomy drift, outfit morphing, hair morphing, pose reset, prop teleporting, left-right reversal, camera jitter, flicker, text, watermark",H3 | Director 4 Scenes,1.0,False
358,Scene 4 — Choreography Final,"SCENE 4: complete the reference ending, decelerate, stabilize anatomy, and hold the final pose for 2 seconds.","identity drift, anatomy drift, outfit morphing, hair morphing, pose reset, prop teleporting, left-right reversal, camera jitter, flicker, text, watermark",H3 | Director 4 Scenes,1.0,False
359,Scene 4 — Dialogue Final,"SCENE 4: complete the line, settle the expression, preserve the audio tail, and hold the final frame.","identity drift, anatomy drift, outfit morphing, hair morphing, pose reset, prop teleporting, left-right reversal, camera jitter, flicker, text, watermark",H3 | Director 4 Scenes,1.0,False
360,Scene 4 — Fashion Final,"SCENE 4: complete the turn, settle into one final pose, and hold the full look stable for 2 seconds.","identity drift, anatomy drift, outfit morphing, hair morphing, pose reset, prop teleporting, left-right reversal, camera jitter, flicker, text, watermark",H3 | Director 4 Scenes,1.0,False
361,Scene 4 — Final,"SCENE 4 — FINAL: begin from Scene 3's exact final frame, complete the sequence, decelerate motion, and hold the final composition for 2 seconds.","identity drift, anatomy drift, outfit morphing, hair morphing, pose reset, prop teleporting, left-right reversal, camera jitter, flicker, text, watermark",H3 | Director 4 Scenes,1.0,False
362,Scene 4 — Portrait Final,"SCENE 4: settle on the final close-up, soften movement, preserve eye line, and hold for 2 seconds.","identity drift, anatomy drift, outfit morphing, hair morphing, pose reset, prop teleporting, left-right reversal, camera jitter, flicker, text, watermark",H3 | Director 4 Scenes,1.0,False
363,Scene 4 — Product Final,SCENE 4: settle on a clean hero composition and hold the product fully stable for 2 seconds.,"identity drift, anatomy drift, outfit morphing, hair morphing, pose reset, prop teleporting, left-right reversal, camera jitter, flicker, text, watermark",H3 | Director 4 Scenes,1.0,False
364,Scene Lock Block,"Lock environment, props, secondary characters, lighting, weather, and object positions.","identity drift, anatomy drift, outfit morphing, hair morphing, pose reset, prop teleporting, left-right reversal, camera jitter, flicker, text, watermark",H3 | Stability Locks,1.0,False
365,Scene Preservation,"Preserve the reference scene: background, furniture, vehicles, props, secondary characters, lighting, staging, framing, and object positions.","reference role confusion, duplicate subject, identity drift, target leakage, background replacement, missing props, unwanted style transfer, text, watermark",H3 | Full Reference Snippets,1.0,False
366,Scene Reveal,Reveal the established scene through the planned camera move without changing its layout or lighting.,"rapid flicker, repeated transformation, magical particles, sparkles, smoke burst, abrupt reset, unwanted cut, identity drift, text, watermark",H3 | Transitions,1.0,False
367,Secondary Characters Lock,"Preserve all non-target characters, their identities, outfits, positions, and actions.","identity drift, anatomy drift, outfit morphing, hair morphing, pose reset, prop teleporting, left-right reversal, camera jitter, flicker, text, watermark",H3 | Stability Locks,1.0,False
368,Side Tracking,"Track beside the subject on a parallel path with smooth, consistent spacing.","camera jitter, accidental reframing, sudden cut, warped perspective, subject drift, focus hunting, rolling shutter, text, watermark",H3 | Camera Moves,1.0,False
369,Side Walk,The subject walks laterally along the specified direction while the camera maintains a parallel view.,"unmotivated motion, action reset, extra actions, rushed movement, unstable anatomy, sliding feet, warped hands, camera jitter, text, watermark",H3 | Motion & Actions,1.0,False
370,Silence Before Impact,Create a short intentional silence immediately before one motivated impact.,"clipping, distortion, abrupt volume jump, unrelated music, unwanted dialogue, unwanted narration, desynchronized sound, text, watermark",H3 | Audio | Timing Cues,1.0,False
371,Simple Cut,Use one simple motivated cut to the specified framing; do not add montage edits.,"rapid flicker, repeated transformation, magical particles, sparkles, smoke burst, abrupt reset, unwanted cut, identity drift, text, watermark",H3 | Transitions,1.0,False
372,Simple Hand Gesture,"The subject performs one small specified hand gesture with visible natural fingers, then returns to stillness.","unmotivated motion, action reset, extra actions, rushed movement, unstable anatomy, sliding feet, warped hands, camera jitter, text, watermark",H3 | Motion & Actions,1.0,False
373,Single Athletic Action,"Perform one named athletic action once with clear mechanics, then return to a stable finish.","unmotivated motion, action reset, extra actions, rushed movement, unstable anatomy, sliding feet, warped hands, camera jitter, text, watermark",H3 | Motion & Actions,1.0,False
374,Sit Down,"The subject sits once with clear weight transfer and natural contact, then settles into the final seated pose.","unmotivated motion, action reset, extra actions, rushed movement, unstable anatomy, sliding feet, warped hands, camera jitter, text, watermark",H3 | Motion & Actions,1.0,False
375,Slow + Large,Use slow speed and one large simple path; keep the subject centered and readable.,"camera jitter, accidental reframing, sudden cut, warped perspective, subject drift, focus hunting, rolling shutter, text, watermark",H3 | Camera Speed & Amplitude,1.0,False
376,Slow + Medium,Use slow speed and medium amplitude with smooth start and finish.,"camera jitter, accidental reframing, sudden cut, warped perspective, subject drift, focus hunting, rolling shutter, text, watermark",H3 | Camera Speed & Amplitude,1.0,False
377,Slow + Small,Use slow speed and small amplitude; prioritize stability over spectacle.,"camera jitter, accidental reframing, sudden cut, warped perspective, subject drift, focus hunting, rolling shutter, text, watermark",H3 | Camera Speed & Amplitude,1.0,False
378,Slow Camera Speed,Use a slow controlled camera speed with no acceleration spikes.,"camera jitter, accidental reframing, sudden cut, warped perspective, subject drift, focus hunting, rolling shutter, text, watermark",H3 | Camera Speed & Amplitude,1.0,False
379,Slow Choreography Pacing,Perform the choreography at a slow readable pace with distinct pose progression and no skipped beats.,"identity drift, anatomy drift, outfit morphing, hair morphing, pose reset, prop teleporting, left-right reversal, camera jitter, flicker, text, watermark",H3 | Timing,1.0,False
380,Slow Pose Change,"The subject changes from the starting pose to one new pose slowly, then holds without further morphing.","unmotivated motion, action reset, extra actions, rushed movement, unstable anatomy, sliding feet, warped hands, camera jitter, text, watermark",H3 | Motion & Actions,1.0,False
381,Slow Pull Out,"Pull out slowly to reveal more of the subject and environment, then settle cleanly.","camera jitter, accidental reframing, sudden cut, warped perspective, subject drift, focus hunting, rolling shutter, text, watermark",H3 | Camera Moves,1.0,False
382,Slow Push In,Push in slowly and smoothly toward the subject without changing the established axis.,"camera jitter, accidental reframing, sudden cut, warped perspective, subject drift, focus hunting, rolling shutter, text, watermark",H3 | Camera Moves,1.0,False
383,Slow Start and Finish,"Begin gently, perform the main motion at readable speed, and decelerate into the final hold.","identity drift, anatomy drift, outfit morphing, hair morphing, pose reset, prop teleporting, left-right reversal, camera jitter, flicker, text, watermark",H3 | Timing,1.0,False
384,Small Amplitude,"Keep camera travel small and restrained, with minimal change in framing.","camera jitter, accidental reframing, sudden cut, warped perspective, subject drift, focus hunting, rolling shutter, text, watermark",H3 | Camera Speed & Amplitude,1.0,False
385,Smooth Pose Settle,"Move once into the new pose, settle smoothly, and hold without repeated morphing.","rapid flicker, repeated transformation, magical particles, sparkles, smoke burst, abrupt reset, unwanted cut, identity drift, text, watermark",H3 | Transitions,1.0,False
386,Soft Cadence,End the cue with a soft cadence that supports a stable final hold.,"clipping, distortion, abrupt volume jump, unrelated music, unwanted dialogue, unwanted narration, desynchronized sound, text, watermark",H3 | Audio | Timing Cues,1.0,False
387,Soft Impacts,Use restrained physically matched impacts only where contact is visible.,"clipping, distortion, abrupt volume jump, unrelated music, unwanted dialogue, unwanted narration, desynchronized sound, text, watermark",H3 | Soundscape,1.0,False
388,Source Sound Preserve,Preserve the supplied source sound exactly in timing and overall character.,"clipping, distortion, abrupt volume jump, unrelated music, unwanted dialogue, unwanted narration, desynchronized sound, text, watermark",H3 | Soundscape,1.0,False
389,Sports — Balanced,"ACTION: perform one named athletic action. CAMERA: forward tracking, slow-to-normal speed, medium or smaller amplitude. LIGHTING: crisp directional sports lighting. AUDIO: percussive sports; preserve physically matched ambience. STABILITY: lock identity, anatomy, equipment, outfit, ground contact, and direction. End with a clean 2-second hold.","identity drift, anatomy drift, outfit morphing, hair morphing, pose reset, prop teleporting, left-right reversal, camera jitter, flicker, text, watermark",H3 | Ready-Made Presets & Quick Combos,1.0,False
390,Sports — Director Handoff,"SCENE: continue the exact previous final frame. ACTION: perform one named athletic action. CAMERA: preserve momentum, then use forward tracking. LIGHTING: crisp directional sports lighting. AUDIO: continue percussive sports without reset. STABILITY: lock identity, anatomy, equipment, outfit, ground contact, and direction. End continuation-ready.","identity drift, anatomy drift, outfit morphing, hair morphing, pose reset, prop teleporting, left-right reversal, camera jitter, flicker, text, watermark",H3 | Ready-Made Presets & Quick Combos,1.0,False
391,Sports — Stability First,"ACTION: perform one named athletic action. CAMERA: forward tracking with small amplitude and a long settle. LIGHTING: crisp directional sports lighting. AUDIO: percussive sports at restrained level. STABILITY: lock identity, anatomy, equipment, outfit, ground contact, and direction; no extra action or reframe. Final 2 seconds stable.","identity drift, anatomy drift, outfit morphing, hair morphing, pose reset, prop teleporting, left-right reversal, camera jitter, flicker, text, watermark",H3 | Ready-Made Presets & Quick Combos,1.0,False
392,Sports Impacts,Use crisp synchronized sports impacts matched to each visible contact.,"clipping, distortion, abrupt volume jump, unrelated music, unwanted dialogue, unwanted narration, desynchronized sound, text, watermark",H3 | Soundscape,1.0,False
393,Sports Ready Stance,The subject settles into one stable ready stance with correct equipment and clear ground contact.,"unmotivated motion, action reset, extra actions, rushed movement, unstable anatomy, sliding feet, warped hands, camera jitter, text, watermark",H3 | Motion & Actions,1.0,False
394,Stand Still,The subject stands still in the established pose with natural breathing and no extra gestures.,"unmotivated motion, action reset, extra actions, rushed movement, unstable anatomy, sliding feet, warped hands, camera jitter, text, watermark",H3 | Motion & Actions,1.0,False
395,Stand Up,"The subject stands once with natural weight transfer and stable body mechanics, then holds.","unmotivated motion, action reset, extra actions, rushed movement, unstable anatomy, sliding feet, warped hands, camera jitter, text, watermark",H3 | Motion & Actions,1.0,False
396,Static Locked Shot,Use a locked static camera. Hold the framing and horizon steady for the entire shot.,"camera jitter, accidental reframing, sudden cut, warped perspective, subject drift, focus hunting, rolling shutter, text, watermark",H3 | Camera Moves,1.0,False
397,Studio Fashion — Balanced,"ACTION: make one slow pose change. CAMERA: slow push in, slow-to-normal speed, medium or smaller amplitude. LIGHTING: soft directional studio lighting. AUDIO: fashion electronic; preserve physically matched ambience. STABILITY: lock identity, anatomy, outfit, footwear, jewelry, hair, makeup, and backdrop. End with a clean 2-second hold.","identity drift, anatomy drift, outfit morphing, hair morphing, pose reset, prop teleporting, left-right reversal, camera jitter, flicker, text, watermark",H3 | Ready-Made Presets & Quick Combos,1.0,False
398,Studio Fashion — Director Handoff,"SCENE: continue the exact previous final frame. ACTION: make one slow pose change. CAMERA: preserve momentum, then use slow push in. LIGHTING: soft directional studio lighting. AUDIO: continue fashion electronic without reset. STABILITY: lock identity, anatomy, outfit, footwear, jewelry, hair, makeup, and backdrop. End continuation-ready.","identity drift, anatomy drift, outfit morphing, hair morphing, pose reset, prop teleporting, left-right reversal, camera jitter, flicker, text, watermark",H3 | Ready-Made Presets & Quick Combos,1.0,False
399,Studio Fashion — Stability First,"ACTION: make one slow pose change. CAMERA: slow push in with small amplitude and a long settle. LIGHTING: soft directional studio lighting. AUDIO: fashion electronic at restrained level. STABILITY: lock identity, anatomy, outfit, footwear, jewelry, hair, makeup, and backdrop; no extra action or reframe. Final 2 seconds stable.","identity drift, anatomy drift, outfit morphing, hair morphing, pose reset, prop teleporting, left-right reversal, camera jitter, flicker, text, watermark",H3 | Ready-Made Presets & Quick Combos,1.0,False
400,Studio Room Tone,"Use quiet natural studio room tone with no obvious hum, voices, or music.","clipping, distortion, abrupt volume jump, unrelated music, unwanted dialogue, unwanted narration, desynchronized sound, text, watermark",H3 | Soundscape,1.0,False
401,Style Without Scene Replacement,Transfer only the requested style characteristics while preserving the existing scene layout and content.,"reference role confusion, duplicate subject, identity drift, target leakage, background replacement, missing props, unwanted style transfer, text, watermark",H3 | Reference Roles,1.0,False
402,Subject Definition,"Define each subject once using stable identity traits, outfit, role, and location; preserve those definitions throughout.","reference role confusion, duplicate subject, identity drift, target leakage, background replacement, missing props, unwanted style transfer, text, watermark",H3 | Full Reference Snippets,1.0,False
403,Subtle Handheld,Use restrained handheld movement with small natural drift only; preserve readable framing.,"camera jitter, accidental reframing, sudden cut, warped perspective, subject drift, focus hunting, rolling shutter, text, watermark",H3 | Camera Moves,1.0,False
404,Subtle Static Breathing,Use a nearly static camera with only faint natural operator breathing; keep the subject centered and readable.,"camera jitter, accidental reframing, sudden cut, warped perspective, subject drift, focus hunting, rolling shutter, text, watermark",H3 | Camera Moves,1.0,False
405,Suspense,Use restrained suspense music with gradual tension and no sudden unrelated stingers.,"clipping, distortion, abrupt volume jump, unrelated music, unwanted dialogue, unwanted narration, desynchronized sound, text, watermark",H3 | Audio | Music Styles,1.0,False
406,Swimwear Resort — Balanced,"ACTION: walk two controlled steps and settle. CAMERA: side tracking, slow-to-normal speed, medium or smaller amplitude. LIGHTING: warm natural resort lighting. AUDIO: luxury lounge; preserve physically matched ambience. STABILITY: lock identity, swimwear, accessories, hair, weather, water, and direction. End with a clean 2-second hold.","identity drift, anatomy drift, outfit morphing, hair morphing, pose reset, prop teleporting, left-right reversal, camera jitter, flicker, text, watermark",H3 | Ready-Made Presets & Quick Combos,1.0,False
407,Swimwear Resort — Director Handoff,"SCENE: continue the exact previous final frame. ACTION: walk two controlled steps and settle. CAMERA: preserve momentum, then use side tracking. LIGHTING: warm natural resort lighting. AUDIO: continue luxury lounge without reset. STABILITY: lock identity, swimwear, accessories, hair, weather, water, and direction. End continuation-ready.","identity drift, anatomy drift, outfit morphing, hair morphing, pose reset, prop teleporting, left-right reversal, camera jitter, flicker, text, watermark",H3 | Ready-Made Presets & Quick Combos,1.0,False
408,Swimwear Resort — Stability First,"ACTION: walk two controlled steps and settle. CAMERA: side tracking with small amplitude and a long settle. LIGHTING: warm natural resort lighting. AUDIO: luxury lounge at restrained level. STABILITY: lock identity, swimwear, accessories, hair, weather, water, and direction; no extra action or reframe. Final 2 seconds stable.","identity drift, anatomy drift, outfit morphing, hair morphing, pose reset, prop teleporting, left-right reversal, camera jitter, flicker, text, watermark",H3 | Ready-Made Presets & Quick Combos,1.0,False
409,Symmetrical Center Frame,Center the subject in a balanced symmetrical composition and hold the axis.,"camera jitter, accidental reframing, sudden cut, warped perspective, subject drift, focus hunting, rolling shutter, text, watermark",H3 | Camera Framing & Angles,1.0,False
410,Synthwave,"Use polished synthwave with a steady pulse, warm analog textures, and cinematic restraint.","clipping, distortion, abrupt volume jump, unrelated music, unwanted dialogue, unwanted narration, desynchronized sound, text, watermark",H3 | Audio | Music Styles,1.0,False
411,T2VA Choreography,"T2VA choreography: one clear movement phrase, readable pose order, consistent direction, matched beat, and stable finish.","identity drift, anatomy drift, outfit morphing, hair morphing, pose reset, prop teleporting, left-right reversal, camera jitter, flicker, text, watermark",H3 | Standard Mode Snippets,1.0,False
412,T2VA Dialogue,"T2VA dialogue: one speaker, supplied line, precise lip sync, restrained gesture, stable camera, and clean room tone.","identity drift, anatomy drift, outfit morphing, hair morphing, pose reset, prop teleporting, left-right reversal, camera jitter, flicker, text, watermark",H3 | Standard Mode Snippets,1.0,False
413,T2VA Drone,"T2VA drone: one subject action, one simple aerial path, steady horizon, consistent environment, and no sudden dive.","identity drift, anatomy drift, outfit morphing, hair morphing, pose reset, prop teleporting, left-right reversal, camera jitter, flicker, text, watermark",H3 | Standard Mode Snippets,1.0,False
414,T2VA General,"T2VA: establish one subject, one environment, one main action, one camera move, stable continuity, and a clean final hold.","identity drift, anatomy drift, outfit morphing, hair morphing, pose reset, prop teleporting, left-right reversal, camera jitter, flicker, text, watermark",H3 | Standard Mode Snippets,1.0,False
415,T2VA Product,"T2VA product: one product, one material-focused action, one macro move, controlled lighting, and label stability.","identity drift, anatomy drift, outfit morphing, hair morphing, pose reset, prop teleporting, left-right reversal, camera jitter, flicker, text, watermark",H3 | Standard Mode Snippets,1.0,False
416,Target Character Only,Apply the target reference only to the named character; preserve all other characters unchanged.,"reference role confusion, duplicate subject, identity drift, target leakage, background replacement, missing props, unwanted style transfer, text, watermark",H3 | Reference Roles,1.0,False
417,Target Character Replacement,"Replace only the named target character with the target reference identity while retaining the original action, pose, and scene relationship.","reference role confusion, duplicate subject, identity drift, target leakage, background replacement, missing props, unwanted style transfer, text, watermark",H3 | Full Reference Snippets,1.0,False
418,Tilt Down,Tilt downward smoothly from the starting detail to the intended lower framing; do not roll the camera.,"camera jitter, accidental reframing, sudden cut, warped perspective, subject drift, focus hunting, rolling shutter, text, watermark",H3 | Camera Moves,1.0,False
419,Tilt Up,Tilt upward smoothly from the starting detail to the intended upper framing; do not roll the camera.,"camera jitter, accidental reframing, sudden cut, warped perspective, subject drift, focus hunting, rolling shutter, text, watermark",H3 | Camera Moves,1.0,False
420,Timed Swell,"Build a smooth musical swell into the specified reveal, then settle cleanly.","clipping, distortion, abrupt volume jump, unrelated music, unwanted dialogue, unwanted narration, desynchronized sound, text, watermark",H3 | Audio | Timing Cues,1.0,False
421,Top-Down,Use a centered top-down view with a level image plane and clearly arranged scene elements.,"camera jitter, accidental reframing, sudden cut, warped perspective, subject drift, focus hunting, rolling shutter, text, watermark",H3 | Camera Framing & Angles,1.0,False
422,Transition Then Hold,"Complete one transition, establish the result clearly, then hold the new state stable.","rapid flicker, repeated transformation, magical particles, sparkles, smoke burst, abrupt reset, unwanted cut, identity drift, text, watermark",H3 | Transitions,1.0,False
423,Transition Then Hold,"Complete the transition once, establish the result, then hold it clearly.","identity drift, anatomy drift, outfit morphing, hair morphing, pose reset, prop teleporting, left-right reversal, camera jitter, flicker, text, watermark",H3 | Timing,1.0,False
424,Truck Left,Truck the camera left on a straight path while keeping the subject framed consistently.,"camera jitter, accidental reframing, sudden cut, warped perspective, subject drift, focus hunting, rolling shutter, text, watermark",H3 | Camera Moves,1.0,False
425,Truck Right,Truck the camera right on a straight path while keeping the subject framed consistently.,"camera jitter, accidental reframing, sudden cut, warped perspective, subject drift, focus hunting, rolling shutter, text, watermark",H3 | Camera Moves,1.0,False
426,Turn to Camera,"The subject makes one smooth controlled turn to face the camera, then settles and holds.","unmotivated motion, action reset, extra actions, rushed movement, unstable anatomy, sliding feet, warped hands, camera jitter, text, watermark",H3 | Motion & Actions,1.0,False
427,Two-Second Settle,Reserve the final 2 seconds for a clean stable hold suitable for the next continuation clip.,"identity drift, anatomy drift, outfit morphing, hair morphing, pose reset, prop teleporting, left-right reversal, camera jitter, flicker, text, watermark",H3 | Continuity & Handoff,1.0,False
428,Very Slow + Medium,Use very slow speed and medium amplitude for a calm controlled reveal.,"camera jitter, accidental reframing, sudden cut, warped perspective, subject drift, focus hunting, rolling shutter, text, watermark",H3 | Camera Speed & Amplitude,1.0,False
429,Very Slow + Small,Use very slow speed and small amplitude for a stable luxury-detail move.,"camera jitter, accidental reframing, sudden cut, warped perspective, subject drift, focus hunting, rolling shutter, text, watermark",H3 | Camera Speed & Amplitude,1.0,False
430,Very Slow Camera Speed,"Move the camera at a very slow, even speed with a long gentle settle.","camera jitter, accidental reframing, sudden cut, warped perspective, subject drift, focus hunting, rolling shutter, text, watermark",H3 | Camera Speed & Amplitude,1.0,False
431,Video 1 — Choreography and Camera,"Use <Video 1> for movement timing, pose progression, spatial path, and camera behavior while preserving the target identity and scene rules.","reference role confusion, duplicate subject, identity drift, target leakage, background replacement, missing props, unwanted style transfer, text, watermark",H3 | Reference Roles,1.0,False
432,Walk Away,The subject walks away on the established path at an even pace without turning unexpectedly.,"unmotivated motion, action reset, extra actions, rushed movement, unstable anatomy, sliding feet, warped hands, camera jitter, text, watermark",H3 | Motion & Actions,1.0,False
433,Walk Forward,"The subject walks forward at a natural even pace, preserving direction, outfit, and foot contact.","unmotivated motion, action reset, extra actions, rushed movement, unstable anatomy, sliding feet, warped hands, camera jitter, text, watermark",H3 | Motion & Actions,1.0,False
434,Wide Establishing Shot,Establish the complete location and subject position in one clear wide frame.,"camera jitter, accidental reframing, sudden cut, warped perspective, subject drift, focus hunting, rolling shutter, text, watermark",H3 | Camera Framing & Angles,1.0,False
435,Yoga — Balanced,"ACTION: hold one named yoga pose with calm breathing. CAMERA: static locked shot, slow-to-normal speed, medium or smaller amplitude. LIGHTING: soft natural wellness lighting. AUDIO: ambient; preserve physically matched ambience. STABILITY: lock anatomy, pose, identity, outfit, mat contact, and room. End with a clean 2-second hold.","identity drift, anatomy drift, outfit morphing, hair morphing, pose reset, prop teleporting, left-right reversal, camera jitter, flicker, text, watermark",H3 | Ready-Made Presets & Quick Combos,1.0,False
436,Yoga — Director Handoff,"SCENE: continue the exact previous final frame. ACTION: hold one named yoga pose with calm breathing. CAMERA: preserve momentum, then use static locked shot. LIGHTING: soft natural wellness lighting. AUDIO: continue ambient without reset. STABILITY: lock anatomy, pose, identity, outfit, mat contact, and room. End continuation-ready.","identity drift, anatomy drift, outfit morphing, hair morphing, pose reset, prop teleporting, left-right reversal, camera jitter, flicker, text, watermark",H3 | Ready-Made Presets & Quick Combos,1.0,False
437,Yoga — Stability First,"ACTION: hold one named yoga pose with calm breathing. CAMERA: static locked shot with small amplitude and a long settle. LIGHTING: soft natural wellness lighting. AUDIO: ambient at restrained level. STABILITY: lock anatomy, pose, identity, outfit, mat contact, and room; no extra action or reframe. Final 2 seconds stable.","identity drift, anatomy drift, outfit morphing, hair morphing, pose reset, prop teleporting, left-right reversal, camera jitter, flicker, text, watermark",H3 | Ready-Made Presets & Quick Combos,1.0,False
438,Yoga Hold,"The subject enters or maintains one named yoga pose with stable anatomy, balanced contact, and slow breathing.","unmotivated motion, action reset, extra actions, rushed movement, unstable anatomy, sliding feet, warped hands, camera jitter, text, watermark",H3 | Motion & Actions,1.0,False
