name,folder,reference,keywords,description,base_preset,genre,subgenre_era,mood,vocal_delivery,vocal_gender_type,instruments,production_style,bpm_tempo,song_structure,hook_style,themes,explicitness,aggression,darkness,rhyme_density,wordplay,storytelling,adlibs,song_length
Pearl Jam - Seattle Arena Grunge,Artist References / Rock & Alternative,Pearl Jam,pearl jam eddie vedder seattle grunge 90s alive black,A searchable Pearl Jam reference translated into baritone Seattle grunge traits; the artist name is not sent as the music prompt.,Alternative Rock Catharsis,Grunge,90s Seattle Grunge,Melancholic and Intimate,Raspy Rock Belt,Deep Male Lead,Electric Guitar Bass and Live Drums,Raw Seattle Live Room,,,,,,,,,,,,
Nirvana - Raw Quiet-Loud Grunge,Artist References / Rock & Alternative,Nirvana,nirvana kurt cobain grunge quiet loud raw seattle,A searchable Nirvana reference translated into raw quiet-loud grunge traits.,Alternative Rock Catharsis,Grunge,Raw Quiet-Loud Grunge,Defiant and Rebellious,Raspy Rock Belt,Raspy Male Lead,Fuzz Guitars Bass and Heavy Drums,Raw Seattle Live Room,,,,,,,,,,,,
Soundgarden - Heavy Odd-Meter Grunge,Artist References / Rock & Alternative,Soundgarden,soundgarden chris cornell heavy grunge odd meter seattle,A heavy Seattle reference with dramatic vocal range and dark riff complexity.,Classic Heavy Metal,Grunge,Sludge Harmony Grunge,Dark and Paranoid,Raspy Rock Belt,Warm Male Tenor,Drop-Tuned Guitars Bass and Double Kick,Raw Seattle Live Room,,,,,,,,,,,,
Alice in Chains - Dark Harmony Grunge,Artist References / Rock & Alternative,Alice in Chains,alice in chains layne staley harmony sludge grunge,Dark harmonized grunge with slow crushing riffs and haunted vocal weight.,Alternative Rock Catharsis,Grunge,Sludge Harmony Grunge,Dark and Paranoid,Raspy Rock Belt,Dual Male / Female Leads,Drop-Tuned Guitars Bass and Double Kick,Raw Seattle Live Room,,,,,,,,,,,,
Foo Fighters - Arena Alternative Rock,Artist References / Rock & Alternative,Foo Fighters,foo fighters dave grohl arena alternative rock,Driving polished alternative rock with large drums and a cathartic chorus.,Alternative Rock Catharsis,Alternative Rock,90s Arena Alternative,Defiant and Rebellious,Raspy Rock Belt,Warm Male Tenor,Electric Guitar Bass and Live Drums,Polished Arena Alternative,,,,,,,,,,,,
Radiohead - Art Rock Melancholy,Artist References / Rock & Alternative,Radiohead,radiohead thom yorke art rock melancholy experimental,Uneasy art-rock textures with introspective tension and unexpected structure.,Alternative Rock Catharsis,Alternative Rock,Art Rock Melancholy,Lonely,Breathy Indie Singing,Male Falsetto Lead,Clean Delay Guitar Bass and Drums,Ultra-Wide Atmospheric,,,,,,,,,,,,
The Cure - Gothic Post-Punk,Artist References / Rock & Alternative,The Cure,the cure robert smith goth post punk chorus guitar,Romantic nocturnal post-punk with melodic bass and chorus-soaked guitar.,Shoegaze Bloom,Alternative Rock,Gothic Post-Punk,Melancholic and Intimate,Breathy Indie Singing,Warm Male Tenor,Clean Delay Guitar Bass and Drums,Shoegaze Haze,,,,,,,,,,,,
Depeche Mode - Dark Synthpop,Artist References / Rock & Alternative,Depeche Mode,depeche mode dark synthpop new wave industrial,"Dark synth-pop with disciplined electronics, commanding low voice, and mechanical sensuality.",Industrial Dark Techno,Electronic,Industrial Future,Seductive,Robotic Vocoder,Deep Male Lead,Analog Synth Bass Guitar and Drum Machine,Cold Machine Precision,,,,,,,,,,,,
U2 - Delay Guitar Arena Anthem,Artist References / Rock & Alternative,U2,u2 the edge bono delay guitar arena anthem,Open delay-guitar rock with spiritual lift and a large communal chorus.,Alternative Rock Catharsis,Rock,90s Arena Alternative,Hopeful,Raspy Rock Belt,Warm Male Tenor,Clean Delay Guitar Bass and Drums,Polished Arena Alternative,,,,,,,,,,,,
Oasis - Britpop Swagger,Artist References / Rock & Alternative,Oasis,oasis britpop swagger 90s guitar anthem,Confident Britpop guitar layers with tambourine energy and an anthemic refrain.,Alternative Rock Catharsis,Rock,Britpop Swagger,Confident and Luxurious,Raspy Rock Belt,Raspy Male Lead,Twelve-String Guitar Bass and Tambourine,Classic Analog Hard Rock,,,,,,,,,,,,
Arctic Monkeys - Indie Rock Strut,Artist References / Rock & Alternative,Arctic Monkeys,arctic monkeys indie rock strut sheffield guitar,Tight indie-rock rhythm section with conversational swagger and sharp guitar detail.,Alternative Rock Catharsis,Indie Rock,Indie Sleaze Revival,Confident and Luxurious,Lazy Behind-the-Beat Flow,Warm Male Tenor,Electric Guitar Bass and Live Drums,Organic Live Room,,,,,,,,,,,,
Muse - Cinematic Progressive Rock,Artist References / Rock & Alternative,Muse,muse matt bellamy cinematic progressive rock falsetto,"Theatrical progressive rock with falsetto drama, synth scale, and heavy guitar dynamics.",Epic Trailer Last Stand,Progressive Rock,Psychedelic Progressive Rock,Cosmic and Awe-Struck,Operatic Lead,Male Falsetto Lead,Hybrid Orchestra and Taiko,Epic Trailer Hybrid,,,,,,,,,,,,
Queen - Theatrical Arena Rock,Artist References / Rock & Alternative,Queen,queen freddie mercury theatrical arena rock opera,Layered theatrical arena rock with operatic vocal scale and bold arrangement changes.,Epic Trailer Last Stand,Rock,Opera Rock,Heroic,Operatic Lead,Choir and Soloist,Grand Piano and String Quartet,Orchestral Concert Hall,,,,,,,,,,,,
Fleetwood Mac - 70s Harmony Rock,Artist References / Rock & Alternative,Fleetwood Mac,fleetwood mac 70s harmony rock soft rock,Warm 1970s band interplay with intertwined voices and emotionally detailed songwriting.,Acoustic Soul Storyteller,Rock,70s Singer-Songwriter,Bittersweet,Folk Harmony Lead,Mixed-Gender Duet,Acoustic Guitar Bass and Brushes,Classic Analog Hard Rock,,,,,,,,,,,,
Led Zeppelin - 70s Blues Hard Rock,Artist References / Rock & Alternative,Led Zeppelin,led zeppelin 70s blues hard rock guitar drums,Loose powerful blues hard rock with monumental drums and improvised vocal drama.,Classic Heavy Metal,Hard Rock,70s Blues Hard Rock,Defiant and Rebellious,Raspy Rock Belt,Warm Male Tenor,Electric Guitar Bass and Live Drums,Classic Analog Hard Rock,,,,,,,,,,,,
Pink Floyd - Psychedelic Progressive Rock,Artist References / Rock & Alternative,Pink Floyd,pink floyd psychedelic progressive rock space guitar,Patient psychedelic progressive rock with spacious guitar and cinematic development.,Cinematic Synthwave,Progressive Rock,Psychedelic Progressive Rock,Cosmic and Awe-Struck,Breathy Indie Singing,Warm Male Tenor,Clean Delay Guitar Bass and Drums,Ultra-Wide Atmospheric,,,,,,,,,,,,
ACDC - Straight-Ahead Hard Rock,Artist References / Rock & Alternative,AC/DC,acdc ac dc hard rock guitar riff straight ahead,Direct riff-first hard rock with locked bass and drums and a shouted singalong hook.,Classic Heavy Metal,Hard Rock,70s Blues Hard Rock,Defiant and Rebellious,Raspy Rock Belt,Raspy Male Lead,Electric Guitar Bass and Live Drums,Classic Analog Hard Rock,,,,,,,,,,,,
Guns N Roses - Sunset Strip Hard Rock,Artist References / Rock & Alternative,Guns N' Roses,guns n roses slash sunset strip hard rock,Dangerous melodic hard rock with swaggering riffs and dramatic guitar leads.,Classic Heavy Metal,Hard Rock,Sunset Strip Hard Rock,Defiant and Rebellious,Raspy Rock Belt,Raspy Male Lead,Electric Guitar Bass and Live Drums,Classic Analog Hard Rock,,,,,,,,,,,,
Metallica - Classic Thrash Metal,Artist References / Rock & Alternative,Metallica,metallica thrash metal downpicking heavy,"Fast precision thrash with palm-muted riffs, hard stops, and commanding barked rhythm.",Classic Heavy Metal,Metal,Classic Thrash Metal,Angry,Aggressive Rock Shout,Deep Male Lead,Drop-Tuned Guitars Bass and Double Kick,Modern Heavy Precision,,,,,,,,,,,,
Iron Maiden - Galloping Heavy Metal,Artist References / Rock & Alternative,Iron Maiden,iron maiden nwobhm gallop twin guitar metal,Galloping classic metal with twin-guitar melody and soaring theatrical vocals.,Classic Heavy Metal,Metal,New Wave of British Heavy Metal,Heroic,Operatic Lead,Warm Male Tenor,Metalcore Guitars and Double Kick,Classic Analog Hard Rock,,,,,,,,,,,,
Black Sabbath - Classic Doom Metal,Artist References / Rock & Alternative,Black Sabbath,black sabbath doom metal heavy riff ominous,Slow ominous doom with monolithic riffs and haunted classic-metal atmosphere.,Classic Heavy Metal,Metal,Classic Doom Metal,Eerie,Aggressive Rock Shout,Deep Male Lead,Drop-Tuned Guitars Bass and Double Kick,Classic Analog Hard Rock,,,,,,,,,,,,
Linkin Park - Nu Metal Rap Rock,Artist References / Rock & Alternative,Linkin Park,linkin park nu metal rap rock electronic,Rap verses and emotional shouted-clean hooks over down-tuned guitars and electronics.,Metalcore Breakdown,Metal,Nu Metal Rap Rock,Angry,Metalcore Scream and Clean,Male Rap and Female Hook,Down-Tuned Guitars Turntables and Drums,Modern Heavy Precision,,,,,,,,,,,,
Slipknot - Percussive Nu Metal,Artist References / Rock & Alternative,Slipknot,slipknot percussive nu metal chaotic heavy,Chaotic percussion-heavy nu metal with dense low-tuned riffs and explosive harsh voice.,Metalcore Breakdown,Metal,Nu Metal Rap Rock,Chaotic,Death Growls,Group / Crew Vocals,Drop-Tuned Guitars Bass and Double Kick,Modern Heavy Precision,,,,,,,,,,,,
Bring Me The Horizon - Modern Metalcore,Artist References / Rock & Alternative,Bring Me the Horizon,bring me the horizon bmth modern metalcore electronic,"Modern arena metalcore with electronic transitions, harsh verses, and a huge clean hook.",Metalcore Breakdown,Metal,Modern Arena Metalcore,Dark to Triumphant,Metalcore Scream and Clean,Warm Male Tenor,Drop-Tuned Guitars Bass and Double Kick,Modern Heavy Precision,,,,,,,,,,,,
Green Day - Pop Punk Anthem,Artist References / Rock & Alternative,Green Day,green day pop punk power chords anthem,Fast compact pop-punk with bright power chords and a nasal rebellious singalong.,Pop-Punk Summer,Punk,Pop Punk,Rebellious,Pop-Punk Snarl,Warm Male Tenor,Pop-Punk Guitars and Live Drums,Pop-Punk Radio Punch,,,,,,,,,,,,
Blink 182 - Bright Pop Punk,Artist References / Rock & Alternative,Blink-182,blink 182 pop punk youthful summer,Youthful fast pop-punk with clean punchy drums and playful melodic hooks.,Pop-Punk Summer,Punk,Pop Punk,Playful,Pop-Punk Snarl,Youthful Pop Ensemble,Pop-Punk Guitars and Live Drums,Pop-Punk Radio Punch,,,,,,,,,,,,
My Chemical Romance - Emo Theatrical Rock,Artist References / Rock & Alternative,My Chemical Romance,my chemical romance emo theatrical rock,Confessional theatrical emo rock with urgent guitars and a cathartic chorus.,Alternative Rock Catharsis,Alternative Rock,Emo Alternative Rock,Dark to Triumphant,Raspy Rock Belt,Warm Male Tenor,Electric Guitar Bass and Live Drums,Polished Arena Alternative,,,,,,,,,,,,
Paramore - Female Pop Punk,Artist References / Rock & Alternative,Paramore,paramore hayley williams female pop punk,Precision pop-punk with powerful female lead and sharp rhythmic guitar energy.,Pop-Punk Summer,Punk,Pop Punk,Defiant and Rebellious,Power Pop Belt,Powerful Female Lead,Pop-Punk Guitars and Live Drums,Pop-Punk Radio Punch,,,,,,,,,,,,
Smashing Pumpkins - Fuzzy Alternative Rock,Artist References / Rock & Alternative,The Smashing Pumpkins,smashing pumpkins fuzzy alternative rock 90s,Layered fuzz guitars and dreamy heaviness with vulnerable alternative-rock vocals.,Shoegaze Bloom,Alternative Rock,90s Arena Alternative,Dreamlike,Breathy Indie Singing,Warm Male Tenor,Fuzz Guitars Bass and Heavy Drums,Shoegaze Haze,,,,,,,,,,,,
Nine Inch Nails - Industrial Rock,Artist References / Rock & Alternative,Nine Inch Nails,nine inch nails nin industrial rock electronic,"Abrasive industrial rock with mechanical rhythm, distorted electronics, and intimate anger.",Industrial Dark Techno,Industrial,Industrial Future,Angry,Aggressive Rock Shout,Deep Male Lead,Industrial Machines,Industrial Master,,,,,,,,,,,,
Michael Jackson - Precision Pop Funk,Artist References / Pop R&B & Soul,Michael Jackson,michael jackson pop funk dance precision,"Precision dance-pop funk with clipped rhythm guitar, elastic bass, vocal accents, and immaculate hooks.",Bright Radio Pop,Pop,80s Dance Pop,Celebratory,Power Pop Belt,Warm Male Tenor,Horn Section Clavinet and Slap Bass,Massive Festival Master,,,,,,,,,,,,
Madonna - 80s Dance Pop,Artist References / Pop R&B & Soul,Madonna,madonna 80s dance pop club,"Confident 1980s dance-pop with drum-machine drive, bright synths, and a direct hook.",Bright Radio Pop,Pop,80s Dance Pop,Confident and Luxurious,Power Pop Belt,Female Alto Lead,Club Synths and Percussion,Polished Modern Pop,,,,,,,,,,,,
Prince - Minneapolis Funk Pop,Artist References / Pop R&B & Soul,Prince,prince minneapolis funk pop purple,"Tight adventurous funk-pop with clipped guitar, synth bass, drum-machine snap, and playful vocals.",P-Funk Mothership,Funk,Minneapolis Funk Pop,Seductive,Neo-Soul Runs,Male Falsetto Lead,Analog Synth Bass Guitar and Drum Machine,Classic Funk Live,,,,,,,,,,,,
Beyonce - Modern R&B Power,Artist References / Pop R&B & Soul,Beyonce,beyonce modern r&b pop powerful female,"Large modern R&B with rhythmic precision, powerful female dynamics, and layered chorus detail.",Contemporary R&B Night,R&B / Soul,Contemporary R&B,Confident and Luxurious,Powerful Soul Belt,Powerful Female Lead,Soul Band and Rhodes,Polished Modern Pop,,,,,,,,,,,,
Adele - Piano Soul Ballad,Artist References / Pop R&B & Soul,Adele,adele piano soul ballad powerful female,Voice-first piano soul ballad with restrained verses and a large emotional belt.,Acoustic Soul Storyteller,R&B / Soul,Modern Soul Ballad,Heartbroken,Powerful Soul Belt,Powerful Female Lead,Grand Piano and String Quartet,Organic Live Room,,,,,,,,,,,,
Whitney Houston - Big Vocal Pop Soul,Artist References / Pop R&B & Soul,Whitney Houston,whitney houston big vocal pop soul,"Polished pop-soul built around controlled range, rising belts, and a triumphant chorus.",Bright Radio Pop,R&B / Soul,90s Power Ballad,Hopeful,Powerful Soul Belt,Female Soprano Lead,Grand Piano and String Quartet,Polished Modern Pop,,,,,,,,,,,,
Amy Winehouse - Retro Soul Jazz,Artist References / Pop R&B & Soul,Amy Winehouse,amy winehouse retro soul jazz smoky,"Retro soul-jazz with conversational phrasing, horn warmth, and vintage-room intimacy.",Neo-Soul Velvet,R&B / Soul,60s Soul Revival,Melancholic and Intimate,Jazz Scat,Female Alto Lead,Soul Band and Rhodes,Vintage Soul Console,,,,,,,,,,,,
The Weeknd - Dark Synth R&B,Artist References / Pop R&B & Soul,The Weeknd,the weeknd dark synth r&b nocturnal,"Nocturnal synth R&B with falsetto intimacy, deep sub bass, and polished darkness.",Contemporary R&B Night,R&B / Soul,Alternative R&B Minimalism,Dark and Paranoid,Smooth R&B Croon,Male Falsetto Lead,Minimal Sub Bass Piano and Percussion,Minimal Whisper Pop,,,,,,,,,,,,
Billie Eilish - Minimal Whisper Pop,Artist References / Pop R&B & Soul,Billie Eilish,billie eilish whisper minimal pop dark,"Ultra-close whisper pop with tiny percussion, sub-bass pressure, and dramatic silence.",Ethereal Dream Pop,Pop,Alternative R&B Minimalism,Eerie,Soft ASMR Whisper,Breathy Female Whisper,Minimal Sub Bass Piano and Percussion,Minimal Whisper Pop,,,,,,,,,,,,
Taylor Swift - Narrative Modern Pop,Artist References / Pop R&B & Soul,Taylor Swift,taylor swift narrative pop songwriter,"Clear narrative pop with conversational detail, escalating sections, and a concise melodic chorus.",Bright Radio Pop,Pop,Modern Radio Pop,Bittersweet,Intimate Storytelling Vocal,Powerful Female Lead,Piano Bass Guitar and Live Drums,Polished Modern Pop,,,,,,,,,,,,
Dua Lipa - Disco Pop,Artist References / Pop R&B & Soul,Dua Lipa,dua lipa disco pop dance bass,"Modern disco-pop with confident low female lead, bright rhythm guitar, and locked dance groove.",Bright Radio Pop,Disco,Nu-Disco Revival,Celebratory,Power Pop Belt,Female Alto Lead,Horn Section Clavinet and Slap Bass,Polished Modern Pop,,,,,,,,,,,,
Bruno Mars - Retro Funk Pop,Artist References / Pop R&B & Soul,Bruno Mars,bruno mars retro funk pop soul,"Showman funk-pop with live-band pocket, bright horns, and a joyful high-impact hook.",P-Funk Mothership,Funk,Retro Funk Revival,Celebratory,Powerful Soul Belt,Warm Male Tenor,Horn Section Clavinet and Slap Bass,Classic Funk Live,,,,,,,,,,,,
Sade - Quiet Storm Soul,Artist References / Pop R&B & Soul,Sade,sade quiet storm smooth soul sophisticated,"Elegant quiet-storm soul with silky bass, restrained drums, and intimate unhurried voice.",Neo-Soul Velvet,R&B / Soul,Quiet Storm Soul,Romantic and Warm,Smooth R&B Croon,Female Alto Lead,Rhodes Bass and Neo-Soul Guitar,Vintage Soul Console,,,,,,,,,,,,
Erykah Badu - Neo-Soul Pocket,Artist References / Pop R&B & Soul,Erykah Badu,erykah badu neo soul pocket,"Loose behind-the-beat neo-soul with eccentric phrasing, Rhodes warmth, and deep pocket.",Neo-Soul Velvet,R&B / Soul,90s Neo-Soul,Warm and Intimate,Neo-Soul Runs,Female Alto Lead,Rhodes Bass and Neo-Soul Guitar,Neo-Soul Tape Warmth,,,,,,,,,,,,
DAngelo - Deep Neo-Soul Pocket,Artist References / Pop R&B & Soul,D'Angelo,dangelo d angelo neo soul pocket,"Deeply pocketed neo-soul with layered falsetto, warm keys, and deliberately loose microtiming.",Neo-Soul Velvet,R&B / Soul,90s Neo-Soul,Seductive,Neo-Soul Runs,Male Falsetto Lead,Rhodes Bass and Neo-Soul Guitar,Neo-Soul Tape Warmth,,,,,,,,,,,,
Marvin Gaye - 70s Soul,Artist References / Pop R&B & Soul,Marvin Gaye,marvin gaye 70s soul motown,Warm socially conscious 1970s soul with live ensemble depth and expressive layered vocals.,Acoustic Soul Storyteller,R&B / Soul,70s Soul,Spiritual,Powerful Soul Belt,Warm Male Tenor,Soul Band and Rhodes,Vintage Soul Console,,,,,,,,,,,,
Aretha Franklin - Gospel Soul,Artist References / Pop R&B & Soul,Aretha Franklin,aretha franklin gospel soul powerful,"Gospel-rooted soul with commanding female lead, piano drive, choir response, and emotional authority.",Gospel Redemption,Gospel,Gospel Soul,Spiritual,Gospel Call and Response,Powerful Female Lead,Gospel Organ Piano and Choir,Vintage Soul Console,,,,,,,,,,,,
Frank Ocean - Alternative R&B,Artist References / Pop R&B & Soul,Frank Ocean,frank ocean alternative r&b intimate,"Intimate alternative R&B with unusual structure, restrained production, and reflective storytelling.",Contemporary R&B Night,R&B / Soul,Alternative R&B Minimalism,Lonely,Intimate Storytelling Vocal,Warm Male Tenor,Minimal Sub Bass Piano and Percussion,Minimal Whisper Pop,,,,,,,,,,,,
Tupac - West Coast Story Rap,Artist References / Hip-Hop & Rap,Tupac,tupac 2pac west coast story rap,Direct emotionally charged West Coast storytelling over warm bass and clear drum pocket.,West Coast G-Funk Cruise,Hip-Hop / Rap,90s West Coast,Defiant and Rebellious,Conversational Rap,Deep Male Lead,G-Funk Leads and Live Bass,West Coast Analog Warmth,,,,,,,,,,,,
Notorious BIG - East Coast Luxury Flow,Artist References / Hip-Hop & Rap,The Notorious B.I.G.,biggie notorious big east coast luxury rap,Relaxed behind-the-beat East Coast flow with vivid detail and polished boom-bap weight.,Golden Era Boom Bap,Hip-Hop / Rap,90s East Coast,Confident and Luxurious,Lazy Behind-the-Beat Flow,Deep Male Lead,Boom Bap Drums and Jazz Samples,Dusty Boom Bap,,,,,,,,,,,,
Nas - Boom Bap Street Cinema,Artist References / Hip-Hop & Rap,Nas,nas illmatic boom bap street cinema,Dense observational boom-bap storytelling with precise imagery and jazz-sample atmosphere.,Golden Era Boom Bap,Hip-Hop / Rap,90s East Coast,Dark and Paranoid,Boom Bap Pocket,Deep Male Lead,Boom Bap Drums and Jazz Samples,Dusty Boom Bap,,,,,,,,,,,,
Eminem - Technical Story Rap,Artist References / Hip-Hop & Rap,Eminem,eminem technical rap multisyllabic story,"Fast technical narrative rap with character voices, internal rhyme, and sharp dynamic switches.",Heavy Rap / Trap / Drill,Hip-Hop / Rap,Technical Battle Rap,Angry,Fast Technical Flow,Raspy Male Lead,Sliding 808s and Sparse Piano,Hard Modern Trap Master,,,,,,,,,,,,
Kendrick Lamar - Jazz Rap Narrative,Artist References / Hip-Hop & Rap,Kendrick Lamar,kendrick lamar jazz rap narrative conscious,"Concept-driven jazz rap with voice changes, social detail, and cinematic narrative structure.",Golden Era Boom Bap,Hip-Hop / Rap,Jazz Rap,Dark to Triumphant,Fast Technical Flow,Warm Male Tenor,Boom Bap Drums and Jazz Samples,Dusty Boom Bap,,,,,,,,,,,,
Drake - Melodic Rap R&B,Artist References / Hip-Hop & Rap,Drake,drake melodic rap r&b nocturnal,Nocturnal melodic rap that moves between conversational verses and intimate sung hooks.,Contemporary R&B Night,Hip-Hop / Rap,Melodic Trap,Heartbroken,Melodic Auto-Tuned Rap,Warm Male Tenor,Sliding 808s and Sparse Piano,Polished Modern Pop,,,,,,,,,,,,
Travis Scott - Psychedelic Trap,Artist References / Hip-Hop & Rap,Travis Scott,travis scott psychedelic trap autotune,"Wide psychedelic trap with distorted atmosphere, elastic Auto-Tuned vocal layers, and huge low end.",Rage Pit,Hip-Hop / Rap,Psychedelic Trap,Cosmic and Awe-Struck,Melodic Auto-Tuned Rap,Synthetic AI Vocal,Rage Synths and Distorted 808s,Massive Festival Master,,,,,,,,,,,,
Future - Melodic Trap,Artist References / Hip-Hop & Rap,Future,future melodic trap autotune,"Dark melodic trap with slurred elastic cadence, deep 808 movement, and hypnotic repetition.",Heavy Rap / Trap / Drill,Hip-Hop / Rap,Melodic Trap,Dark and Paranoid,Melodic Auto-Tuned Rap,Deep Male Lead,Sliding 808s and Sparse Piano,Hard Modern Trap Master,,,,,,,,,,,,
Playboi Carti - Rage Trap,Artist References / Hip-Hop & Rap,Playboi Carti,playboi carti rage trap,Minimal repetitive rage vocals over distorted 808s and bright synthetic leads.,Rage Pit,Hip-Hop / Rap,Rage Trap,Chaotic,Rage Shouts,Youthful Speaker,Rage Synths and Distorted 808s,Rage Digital Clipping,,,,,,,,,,,,
Pop Smoke - Brooklyn Drill,Artist References / Hip-Hop & Rap,Pop Smoke,pop smoke brooklyn drill deep raspy,"Deep raspy Brooklyn drill with sliding bass, terse phrases, and imposing crew responses.",Brooklyn Drill Anthem,Hip-Hop / Rap,Brooklyn Drill,Menacing and Triumphant,Raspy Drill Cadence,Deep Male Lead,Drill Bass and Icy Bells,Hard Modern Trap Master,,,,,,,,,,,,
Central Cee - UK Drill,Artist References / Hip-Hop & Rap,Central Cee,central cee uk drill conversational,Clean conversational UK drill flow over cold sliding bass and sparse icy production.,UK Drill Pressure,Hip-Hop / Rap,UK Drill,Confident and Luxurious,Conversational Rap,Warm Male Tenor,Drill Bass and Icy Bells,Cold UK Drill Mix,,,,,,,,,,,,
Snoop Dogg - G-Funk Cruise,Artist References / Hip-Hop & Rap,Snoop Dogg,snoop dogg g funk west coast laid back,"Laid-back West Coast G-funk with elastic bass, portamento synth, and unhurried vocal pocket.",West Coast G-Funk Cruise,Hip-Hop / Rap,90s West Coast,Playful and Carefree,Lazy Behind-the-Beat Flow,Deep Male Lead,G-Funk Synths and Bass,West Coast Analog Warmth,,,,,,,,,,,,
Outkast - Southern Funk Rap,Artist References / Hip-Hop & Rap,Outkast,outkast southern funk rap experimental,"Colorful Southern funk rap with agile flows, live-instrument flavor, and playful structural turns.",P-Funk Mothership,Hip-Hop / Rap,Southern Hip-Hop,Playful,Fast Technical Flow,Dual Male / Female Leads,Horn Section Clavinet and Slap Bass,Classic Funk Live,,,,,,,,,,,,
Wu Tang Clan - Dusty Crew Boom Bap,Artist References / Hip-Hop & Rap,Wu-Tang Clan,wu tang clan crew boom bap dusty martial arts,"Raw crew boom-bap with dusty samples, contrasting voices, and sparse cinematic menace.",Golden Era Boom Bap,Hip-Hop / Rap,90s East Coast,Dark and Paranoid,Boom Bap Pocket,Group / Crew Vocals,Boom Bap Drums and Jazz Samples,Dusty Boom Bap,,,,,,,,,,,,
Daft Punk - French House Robot Funk,Artist References / Electronic & Dance,Daft Punk,daft punk french house robot funk,"Filtered disco-house with robotic vocal color, tight funk bass, and euphoric automation.",Deep House Sunset,House,French Touch House,Celebratory,Robotic Vocoder,Vocoder Ensemble,Filtered Disco Samples and House Drums,French Filter House,,,,,,,,,,,,
The Prodigy - Rave Breakbeat,Artist References / Electronic & Dance,The Prodigy,prodigy rave breakbeat big beat,"Aggressive rave breakbeats with distorted synths, punk energy, and explosive vocal callouts.",Cinematic Dubstep Drop,Electronic,Big Beat Rave,Chaotic,Rage Shouts,Group / Crew Vocals,Breakbeats Reese Bass and Rock Guitars,Massive Festival Master,,,,,,,,,,,,
Aphex Twin - IDM Glitch,Artist References / Electronic & Dance,Aphex Twin,aphex twin idm glitch experimental electronic,Intricate glitch rhythm and unusual synthesis with playful unsettling structural detail.,What Did I Generate,Electronic,IDM Glitch,Eerie,Instrumental Performance,Instrumental / No Lead Vocal,Modular Synths and Drum Machines,Experimental Glitch,,,,,,,,,,,,
Deadmau5 - Progressive House,Artist References / Electronic & Dance,deadmau5,deadmau5 progressive house,"Patient progressive house with long melodic development, clean synth design, and controlled club energy.",Melodic Techno Horizon,House,Progressive Festival House,Cosmic and Awe-Struck,Instrumental Performance,Instrumental / No Lead Vocal,Club Synths and Percussion,Progressive Festival Wide,,,,,,,,,,,,
Avicii - Melodic Festival House,Artist References / Electronic & Dance,Avicii,avicii melodic festival house folk edm,"Emotional festival house with acoustic melodic color, uplifting builds, and a broad singable drop.",Uplifting Trance Flight,House,Progressive Festival House,Euphoric and Uplifting,Power Pop Belt,Warm Male Tenor,House Piano Disco Bass and Claps,Progressive Festival Wide,,,,,,,,,,,,
Calvin Harris - Pop House,Artist References / Electronic & Dance,Calvin Harris,calvin harris pop house dance,"Clean radio-ready house with bright synth hooks, focused low end, and concise vocal structure.",Deep House Sunset,House,Modern Radio Dance,Euphoric,Power Pop Belt,Powerful Female Lead,Club Synths and Percussion,Massive Festival Master,,,,,,,,,,,,
Tiesto - Festival Trance,Artist References / Electronic & Dance,Tiësto,tiesto trance festival edm,"Large festival trance with supersaw lift, clean builds, and a dramatic euphoric release.",Uplifting Trance Flight,Trance,Uplifting Trance,Euphoric and Uplifting,Breathy Ethereal Singing,Androgynous Lead,Trance Supersaws and Arpeggios,Massive Festival Master,,,,,,,,,,,,
Armin van Buuren - Uplifting Trance,Artist References / Electronic & Dance,Armin van Buuren,armin van buuren uplifting trance,"Long-form uplifting trance with emotional breakdown, rising arpeggios, and expansive melodic payoff.",Uplifting Trance Flight,Trance,Uplifting Trance,Euphoric and Uplifting,Breathy Ethereal Singing,Breathy Female Lead,Trance Supersaws and Arpeggios,Progressive Festival Wide,,,,,,,,,,,,
Carl Cox - Warehouse Techno,Artist References / Electronic & Dance,Carl Cox,carl cox warehouse techno dj,Driving peak-time warehouse techno with relentless groove and hands-on filter movement.,Berlin Warehouse Techno,Techno,Peak-Time Warehouse Techno,Confident and Luxurious,Instrumental Performance,Instrumental / No Lead Vocal,Techno Kick Rumble and Sequencers,Berlin Warehouse Raw,,,,,,,,,,,,
Charlotte de Witte - Dark Techno,Artist References / Electronic & Dance,Charlotte de Witte,charlotte de witte dark techno acid,Cold peak-time techno with heavy kick-rumble pressure and hypnotic industrial sequencing.,Berlin Warehouse Techno,Techno,Peak-Time Warehouse Techno,Cold and Mechanical,Instrumental Performance,Instrumental / No Lead Vocal,Techno Kick Rumble and Sequencers,Berlin Warehouse Raw,,,,,,,,,,,,
Skrillex - Cinematic Brostep,Artist References / Electronic & Dance,Skrillex,skrillex brostep dubstep bass,"Hyper-detailed bass music with aggressive wobble design, chopped vocals, and cinematic stop-start drops.",Cinematic Dubstep Drop,Dubstep / Bass Music,Brostep,Chaotic,Rage Shouts,Synthetic AI Vocal,Dubstep Wobbles and Cinematic Impacts,Massive Festival Master,,,,,,,,,,,,
Chase and Status - Drum and Bass,Artist References / Electronic & Dance,Chase & Status,chase and status dnb drum bass,"High-impact drum and bass with vocal hooks, heavy bass movement, and festival-ready structure.",Liquid DnB Heartbreak,Drum and Bass / Jungle,Modern Dancefloor DnB,Dark to Triumphant,Power Pop Belt,Powerful Female Lead,DnB Breakbeats Reese Bass and Pads,Massive Festival Master,,,,,,,,,,,,
Pendulum - Rock Drum and Bass,Artist References / Electronic & Dance,Pendulum,pendulum rock drum bass dnb,"Fast drum and bass fused with live rock guitars, huge drums, and an anthemic male chorus.",Liquid DnB Heartbreak,Drum and Bass / Jungle,Modern Dancefloor DnB,Heroic,Raspy Rock Belt,Warm Male Tenor,Breakbeats Reese Bass and Rock Guitars,Massive Festival Master,,,,,,,,,,,,
Burial - Future Garage Nocturne,Artist References / Electronic & Dance,Burial,burial future garage nocturnal rain,"Submerged future garage with shuffled rhythm, distant vocal fragments, and rain-soaked emotional space.",Dark Ambient Void,Electronic,Future Garage Nocturne,Lonely,Breathy Ethereal Singing,Androgynous Airy Lead,Shuffled Garage Drums Sub Bass and Vocal Chops,Nocturnal Future Garage,,,,,,,,,,,,
Massive Attack - Cinematic Trip-Hop,Artist References / Electronic & Dance,Massive Attack,massive attack trip hop cinematic dark,"Deep cinematic trip-hop with slow breakbeats, sub bass, multiple vocal identities, and controlled menace.",Dark Ambient Void,Electronic,Trip-Hop Noir,Dark and Paranoid,Intimate Storytelling Vocal,Dual Male / Female Leads,Minimal Sub Bass Piano and Percussion,Cinematic Trip-Hop Noir,,,,,,,,,,,,
Portishead - Noir Trip-Hop,Artist References / Electronic & Dance,Portishead,portishead trip hop noir female,"Fragile noir vocal over dusty breakbeats, dark harmony, and vintage cinematic texture.",Dark Ambient Void,Electronic,Trip-Hop Noir,Melancholic and Intimate,Breathy Indie Singing,Female Alto Lead,Minimal Sub Bass Piano and Percussion,Cinematic Trip-Hop Noir,,,,,,,,,,,,
Bob Marley - Roots Reggae,Artist References / Global Country Jazz & Blues,Bob Marley,bob marley roots reggae conscious,"Warm conscious roots reggae with deep bass, one-drop pocket, guitar skank, and communal vocal ease.",Roots Reggae Reflection,Reggae / Dancehall,Roots Dub Reggae,Spiritual,Folk Harmony Lead,Warm Male Tenor,Reggae Skank Guitar and Dub Bass,Roots Dub Space,,,,,,,,,,,,
Sean Paul - Dancehall,Artist References / Global Country Jazz & Blues,Sean Paul,sean paul dancehall jamaica,"Digital dancehall with sharp rhythmic toasting, deep bass, bright stabs, and an immediate party hook.",Dancehall Summer,Reggae / Dancehall,Modern Dancehall,Celebratory,Dancehall Toasting,Warm Male Tenor,Dancehall Drums and Digital Stabs,Dancehall Digital Punch,,,,,,,,,,,,
Bad Bunny - Modern Reggaeton,Artist References / Global Country Jazz & Blues,Bad Bunny,bad bunny reggaeton latin trap,"Modern reggaeton with low relaxed sing-rap, dembow drive, deep sub, and nocturnal pop polish.",Reggaeton Neon,Latin / Reggaeton,Modern Reggaeton,Seductive,Reggaeton Sing-Rap,Warm Male Tenor,Reggaeton Dembow and Nylon Guitar,Reggaeton Club Polish,,,,,,,,,,,,
Burna Boy - Afrofusion Pop,Artist References / Global Country Jazz & Blues,Burna Boy,burna boy afrofusion afrobeats,"Relaxed melodic Afrofusion over interlocking guitars, buoyant percussion, and polished warm low end.",Afrobeat Golden Hour,Afrobeat / Afropop,Afrofusion Pop,Warm and Intimate,Afrobeat Melodic Phrasing,Warm Male Tenor,Interlocking Guitars Horns Bass and Percussion,Afrofusion Radio Polish,,,,,,,,,,,,
Fela Kuti - Classic Afrobeat,Artist References / Global Country Jazz & Blues,Fela Kuti,fela kuti afrobeat horns long form,"Long-form Afrobeat with layered percussion, repeating guitars, horn dialogue, and gradual political intensity.",Afrobeat Golden Hour,Afrobeat / Afropop,Classic Afrobeat Orchestra,Defiant and Rebellious,Dancehall Toasting,Group / Crew Vocals,Interlocking Guitars Horns Bass and Percussion,Classic Funk Live,,,,,,,,,,,,
Shania Twain - Country Pop,Artist References / Global Country Jazz & Blues,Shania Twain,shania twain country pop female,"Bright country-pop with crisp live band, confident female lead, and a radio-sized chorus.",Modern Country Road,Country,90s Country Pop,Playful,Country Storytelling Twang,Powerful Female Lead,Acoustic Guitar Pedal Steel Bass and Drums,Polished Modern Pop,,,,,,,,,,,,
Johnny Cash - Dark Outlaw Country,Artist References / Global Country Jazz & Blues,Johnny Cash,johnny cash outlaw country deep voice,Sparse dark outlaw-country story with plainspoken authority and road-worn guitar accompaniment.,Modern Country Road,Country,Outlaw Country Story,Dark,Country Storytelling Twang,Deep Male Lead,Acoustic Guitar Bass and Brushes,Organic Live Room,,,,,,,,,,,,
Dolly Parton - Classic Country Story,Artist References / Global Country Jazz & Blues,Dolly Parton,dolly parton classic country story female,Clear classic-country storytelling with bright acoustic texture and emotionally precise female lead.,Modern Country Road,Country,Classic Nashville Country,Warm and Intimate,Country Storytelling Twang,Female Soprano Lead,Acoustic Guitar Mandolin and Fiddle,Organic Live Room,,,,,,,,,,,,
Chris Stapleton - Southern Soul Country,Artist References / Global Country Jazz & Blues,Chris Stapleton,chris stapleton southern soul country blues,"Gritty southern soul-country with organ, blues guitar, big live dynamics, and a raw vocal belt.",Modern Country Road,Country,Modern Southern Soul Country,Heartbroken,Raspy Rock Belt,Raspy Male Lead,Organ Blues Guitar Bass and Drums,Vintage Soul Console,,,,,,,,,,,,
Mumford and Sons - Stomp Folk,Artist References / Global Country Jazz & Blues,Mumford & Sons,mumford sons stomp folk banjo,"Escalating stomp folk with banjo, acoustic strumming, group harmonies, and a cathartic final lift.",Appalachian Folk Tale,Folk / Acoustic,Modern Indie Folk,Hopeful,Folk Harmony Lead,Group / Crew Vocals,Banjo Stomp and Upright Bass,Organic Live Room,,,,,,,,,,,,
Simon and Garfunkel - Harmony Folk,Artist References / Global Country Jazz & Blues,Simon & Garfunkel,simon garfunkel harmony folk acoustic,"Intimate acoustic folk centered on close male harmonies, careful storytelling, and light natural accompaniment.",Appalachian Folk Tale,Folk / Acoustic,60s Folk Revival,Nostalgic,Folk Harmony Lead,Dual Male / Female Leads,Acoustic Guitar Bass and Brushes,Organic Live Room,,,,,,,,,,,,
Miles Davis - Cool Jazz Nocturne,Artist References / Global Country Jazz & Blues,Miles Davis,miles davis cool jazz trumpet nocturne,"Spacious cool jazz with restrained horn phrasing, brushed drums, and late-night ensemble conversation.",Late-Night Jazz Club,Jazz,Cool Jazz Nocturne,Moody,Instrumental Performance,Instrumental / No Lead Vocal,Upright Bass Piano Sax and Brushes,Classic Jazz Club Room,,,,,,,,,,,,
John Coltrane - Modal Spiritual Jazz,Artist References / Global Country Jazz & Blues,John Coltrane,john coltrane modal spiritual jazz sax,Searching modal jazz with intense saxophone development and a responsive spiritual rhythm section.,Late-Night Jazz Club,Jazz,Modal Spiritual Jazz,Spiritual,Instrumental Performance,Instrumental / No Lead Vocal,Upright Bass Piano Sax and Brushes,Classic Jazz Club Room,,,,,,,,,,,,
Herbie Hancock - Jazz Funk Fusion,Artist References / Global Country Jazz & Blues,Herbie Hancock,herbie hancock jazz funk fusion keys,"Electric jazz-funk with syncopated keys, elastic bass, crisp drums, and playful synth improvisation.",P-Funk Mothership,Jazz,Jazz-Funk Fusion,Playful,Instrumental Performance,Instrumental / No Lead Vocal,Clavinet Electric Bass Drums and Synth,Classic Funk Live,,,,,,,,,,,,
James Brown - Hard Funk,Artist References / Global Country Jazz & Blues,James Brown,james brown funk groove horns,"Tight hard funk with interlocking rhythm, punchy horns, sharp vocal calls, and relentless pocket.",P-Funk Mothership,Funk,70s Funk,Confident and Luxurious,Powerful Soul Belt,Group / Crew Vocals,Horn Section Clavinet and Slap Bass,Classic Funk Live,,,,,,,,,,,,
BB King - Electric Blues,Artist References / Global Country Jazz & Blues,B.B. King,bb king electric blues guitar,Spacious electric blues focused on expressive lead-guitar answers and warm storytelling voice.,Chicago Blues Confession,Blues,Chicago Electric Blues,Melancholic and Intimate,Intimate Storytelling Vocal,Warm Male Tenor,Organ Blues Guitar Bass and Drums,Vintage Soul Console,,,,,,,,,,,,
Hans Zimmer - Hybrid Cinematic Score,Artist References / Cinematic Ambient & Experimental,Hans Zimmer,hans zimmer hybrid cinematic score trailer,"Large hybrid score with repeating motifs, powerful low brass, percussion, strings, and electronic pulse.",Epic Trailer Last Stand,Soundtrack / Score,Modern Cinematic Trailer,Heroic,Instrumental Performance,Instrumental / No Lead Vocal,Hybrid Orchestra and Taiko,Epic Trailer Hybrid,,,,,,,,,,,,
John Williams - Orchestral Adventure,Artist References / Cinematic Ambient & Experimental,John Williams,john williams orchestral adventure score,"Theme-led orchestral adventure with agile strings, heroic brass, colorful woodwinds, and clear narrative development.",Epic Orchestral Last Stand,Orchestral / Cinematic,Modern Orchestral Adventure,Heroic,Instrumental Performance,Instrumental / No Lead Vocal,Orchestral Strings Brass and Timpani,Orchestral Concert Hall,,,,,,,,,,,,
Ennio Morricone - Spaghetti Western,Artist References / Cinematic Ambient & Experimental,Ennio Morricone,ennio morricone spaghetti western score,"Wide desert score with tremolo guitar, whistle-like motif, sparse percussion, and dramatic brass.",Epic Orchestral Last Stand,Soundtrack / Score,Spaghetti Western Score,Eerie and Cinematic,Instrumental Performance,Instrumental / No Lead Vocal,Tremolo Guitar Brass and Percussion,Orchestral Concert Hall,,,,,,,,,,,,
Vangelis - Sci-Fi Synth Score,Artist References / Cinematic Ambient & Experimental,Vangelis,vangelis synth score sci fi bladerunner,"Luminous analog science-fiction score with slow synth harmony, expressive lead, and rain-soaked cinematic space.",Cinematic Synthwave,Soundtrack / Score,80s Neon Synthwave,Cosmic and Awe-Struck,Instrumental Performance,Instrumental / No Lead Vocal,Analog Synthwave Rig,1980s Analog Cinema,,,,,,,,,,,,
Brian Eno - Ambient Soundscape,Artist References / Cinematic Ambient & Experimental,Brian Eno,brian eno ambient generative soundscape,Slow generative ambient drift with soft tonal evolution and no conventional song pressure.,Dark Ambient Void,Ambient,Ambient Soundscape,Meditative,Instrumental Performance,Instrumental / No Lead Vocal,Ambient Pads Processed Piano and Strings,Ultra-Wide Atmospheric,,,,,,,,,,,,
Trent Reznor and Atticus Ross - Minimal Score,Artist References / Cinematic Ambient & Experimental,Trent Reznor & Atticus Ross,trent reznor atticus ross minimal film score,"Restrained electronic film score with repeating motifs, processed texture, and accumulating unease.",Horror Score Pursuit,Soundtrack / Score,Hybrid Minimal Film Score,Suspenseful,Instrumental Performance,Instrumental / No Lead Vocal,Ambient Pads Processed Piano and Strings,Minimal Hybrid Score,,,,,,,,,,,,
Måneskin - Modern Glam Rock Swagger,Artist References / Rock & Alternative,Måneskin,maneskin måneskin modern glam rock swagger raspy theatrical bass guitar,"Swaggering modern glam-inflected hard rock with a raspy theatrical lead, prominent bass, crunchy guitars, live drums, and a large hook.",Alternative Rock Catharsis,Hard Rock,Sunset Strip Hard Rock,Defiant and Rebellious,Raspy Rock Belt,Raspy Male Lead,Electric Guitar + Bass + Live Drums,Polished Arena Alternative,118 BPM Driving,Rock Escalation,Big Sung Chorus,Rebellion,Explicit,Strong,Balanced,Loose and Conversational,Direct,Character Portrait,Sparse Accent Ad-Libs,About 3 Minutes
Counting Crows - Roots Alternative Storytelling,Artist References / Rock & Alternative,Counting Crows,counting crows roots alternative rock storytelling jangly guitar organ piano,"Rootsy alternative rock with conversational emotional vocals, jangly guitar and organ colour, loose live-band interplay, and detailed narrative songwriting.",Acoustic Soul Storyteller,Alternative Rock,90s Arena Alternative,Melancholic and Intimate,Intimate Storytelling Vocal,Warm Male Storyteller,Organ Blues Guitar Bass and Drums,Organic Live Room,92 BPM Head-Nod,Story Ballad,Question and Payoff,Grief and Memory,Mostly Clean,Controlled,Balanced,Loose and Conversational,Layered Literary,Linear Story,Sparse Accent Ad-Libs,About 4 Minutes
Angry Spoken Rant,Spoken Voice / Emotion & Delivery,,spoken angry rant yelling mad furious,Spoken voice only: controlled anger building toward forceful confrontation without singing.,Acoustic Soul Storyteller,Spoken Word / Voice,Unaccompanied Spoken Voice,Angry,Angry Spoken Rant,Raspy Male Speaker,No Instruments - Dry Spoken Voice,Dry Broadcast Speech,Variable Rubato,Continuous Spoken Monologue,No Sung Hook - Spoken Only,,,,,,,,,
Sad Confessional Monologue,Spoken Voice / Emotion & Delivery,,spoken sad crying confessional grief,"Fragile spoken confession shaped by grief, breath, and silence; never sung.",Acoustic Soul Storyteller,Spoken Word / Voice,Unaccompanied Spoken Voice,Heartbroken,Sad Confessional Monologue,Warm Female Narrator,No Instruments - Dry Spoken Voice,Intimate Binaural Speech,Variable Rubato,Continuous Spoken Monologue,No Sung Hook - Spoken Only,,,,,,,,,
Intimate Seductive Whisper,Spoken Voice / Emotion & Delivery,,spoken sexy sensual seductive whisper intimate,Close sensual spoken whisper with slow confident pacing and no singing.,Contemporary R&B Night,Spoken Word / Voice,Unaccompanied Spoken Voice,Seductive,Intimate Seductive Whisper,Breathy Female Whisper,No Instruments - Dry Spoken Voice,Intimate Binaural Speech,Variable Rubato,Continuous Spoken Monologue,Repeated Spoken Phrase,,,,,,,,,
Full-Volume Yelling Speech,Spoken Voice / Emotion & Delivery,,spoken yelling shouting scream speech urgent,Intelligible full-volume spoken yelling with escalating urgency and no sung notes.,Metalcore Breakdown,Spoken Word / Voice,Unaccompanied Spoken Voice,Angry,Full-Volume Yelling Speech,Powerful Female Speaker,No Instruments - Dry Spoken Voice,Dry Broadcast Speech,Variable Rubato,Spoken Cold Open and Build,No Sung Hook - Spoken Only,,,,,,,,,
Soft ASMR Whisper,Spoken Voice / Emotion & Delivery,,asmr whisper soft close mic relaxing spoken,Extremely close gentle spoken whisper with audible breath detail and no music required.,Ethereal Dream Pop,Spoken Word / Voice,Unaccompanied Spoken Voice,Peaceful,Soft ASMR Whisper,Breathy Female Whisper,No Instruments - Dry Spoken Voice,Intimate Binaural Speech,Variable Rubato,Continuous Spoken Monologue,No Sung Hook - Spoken Only,,,,,,,,,
Horror Villain Whisper,Spoken Voice / Emotion & Delivery,,horror villain evil ominous whisper spoken,Predatory low spoken whisper over optional dark drone; never sung.,Horror Score Pursuit,Spoken Word / Voice,Spoken Voice with Underscore,Horror,Horror Villain Whisper,Deep Male Narrator,Dark Drone Underscore for Speech,Large Trailer Voice Mix,Variable Rubato,Spoken Cold Open and Build,Trailer Tagline,,,,,,,,,
Heroic Trailer Voice,Spoken Voice / Narration & Broadcast,,heroic trailer voice cinematic announcer,Monumental cinematic spoken announcement over restrained hybrid-score underscore.,Epic Trailer Last Stand,Spoken Word / Voice,Spoken Voice with Underscore,Heroic,Heroic Trailer Voice,Deep Male Narrator,Subtle Cinematic Underscore for Speech,Large Trailer Voice Mix,Variable Rubato,Spoken Cold Open and Build,Trailer Tagline,,,,,,,,,
Documentary Narration,Spoken Voice / Narration & Broadcast,,documentary narrator factual nature history,Clear authoritative documentary narration with subtle unobtrusive underscore and no singing.,Acoustic Soul Storyteller,Spoken Word / Voice,Spoken Voice with Underscore,Neutral,Documentary Narration,Warm Male Storyteller,Subtle Cinematic Underscore for Speech,Dry Broadcast Speech,Variable Rubato,Continuous Spoken Monologue,No Sung Hook - Spoken Only,,,,,,,,,
Motivational Speech,Spoken Voice / Narration & Broadcast,,motivational inspiring speech coach,Warm motivational spoken address that grows toward a decisive final statement.,Gospel Redemption,Spoken Word / Voice,Spoken Voice with Underscore,Hopeful,Motivational Speech,Powerful Female Speaker,Warm Piano Underscore for Speech,Large Trailer Voice Mix,Variable Rubato,Spoken Cold Open and Build,Repeated Spoken Phrase,,,,,,,,,
Comedic Deadpan,Spoken Voice / Emotion & Delivery,,comedy deadpan funny dry spoken,Dry spoken comedy with exact pauses and an understated punchline ending.,CUDA Out of Memory,Spoken Word / Voice,Unaccompanied Spoken Voice,Playful,Comedic Deadpan,Warm Male Storyteller,No Instruments - Dry Spoken Voice,Natural Podcast Studio,Variable Rubato,Continuous Spoken Monologue,No Sung Hook - Spoken Only,,,,,,,,,
Sarcastic Commentary,Spoken Voice / Emotion & Delivery,,sarcastic snark commentary spoken,Pointed ironic spoken commentary with skeptical pauses and crisp punchlines.,CUDA Out of Memory,Spoken Word / Voice,Unaccompanied Spoken Voice,Playful,Sarcastic Commentary,Warm Female Narrator,No Instruments - Dry Spoken Voice,Natural Podcast Studio,Variable Rubato,Continuous Spoken Monologue,No Sung Hook - Spoken Only,,,,,,,,,
Grieving Eulogy,Spoken Voice / Emotion & Delivery,,eulogy grief memorial funeral spoken,Respectful spoken eulogy with fragile composure over sparse warm piano.,Acoustic Soul Storyteller,Spoken Word / Voice,Spoken Voice with Underscore,Melancholic and Intimate,Grieving Eulogy,Elder Storyteller,Warm Piano Underscore for Speech,Intimate Binaural Speech,Variable Rubato,Continuous Spoken Monologue,No Sung Hook - Spoken Only,,,,,,,,,
Gentle Meditation Guide,Spoken Voice / Calm & Wellness,,meditation guide calm breath sleep spoken,Soft grounding spoken meditation with spacious breath cues and no sung section.,Dark Ambient Void,Spoken Word / Voice,Spoken Voice with Underscore,Meditative,Gentle Meditation Guide,Warm Female Narrator,Soft Meditation Beds and Bowls,Intimate Binaural Speech,Variable Rubato,Guided Meditation Arc,No Sung Hook - Spoken Only,,,,,,,,,
Panicked Emergency Message,Spoken Voice / Narration & Broadcast,,emergency panic warning message broadcast,Breathless spoken emergency message with repeated critical details and radio tension.,Horror Score Pursuit,Spoken Word / Voice,Spoken Voice with Underscore,Suspenseful,Panicked Emergency Message,Youthful Speaker,Emergency Radio Static and Low Drone,Emergency Transmission FX,Variable Rubato,Broadcast Bulletin,Repeated Spoken Phrase,,,,,,,,,
Neutral Newsreader,Spoken Voice / Narration & Broadcast,,newsreader broadcast news neutral spoken,Professional neutral spoken bulletin with clear facts and no melodic delivery.,Acoustic Soul Storyteller,Spoken Word / Voice,Unaccompanied Spoken Voice,Neutral,Neutral Newsreader,Warm Female Narrator,No Instruments - Dry Spoken Voice,Dry Broadcast Speech,Variable Rubato,Broadcast Bulletin,No Sung Hook - Spoken Only,,,,,,,,,
High-Energy Radio DJ,Spoken Voice / Narration & Broadcast,,radio dj announcer hype energetic spoken,Fast charismatic spoken radio-DJ delivery with punchy station-style callouts.,Dancehall Summer,Spoken Word / Voice,Spoken Voice with Underscore,Celebratory,High-Energy Radio DJ,Raspy Male Speaker,Subtle Cinematic Underscore for Speech,Dry Broadcast Speech,Variable Rubato,Broadcast Bulletin,Repeated Spoken Phrase,,,,,,,,,
Conversational Podcast,Spoken Voice / Narration & Broadcast,,podcast conversational interview two voices,Natural two-person spoken podcast conversation with clean studio levels and no singing.,Acoustic Soul Storyteller,Spoken Word / Voice,Unaccompanied Spoken Voice,Warm and Intimate,Conversational Podcast Voice,Dual Spoken Voices,No Instruments - Dry Spoken Voice,Natural Podcast Studio,Variable Rubato,Dialogue Scene,No Sung Hook - Spoken Only,,,,,,,,,
Poetic Spoken Word,Spoken Voice / Poetry & Performance,,poetry spoken word expressive slam,Rhythmic but non-melodic spoken poetry with vivid pauses and dynamic emphasis.,Acoustic Soul Storyteller,Spoken Word / Voice,Spoken Voice with Underscore,Dark to Triumphant,Poetic Spoken Word,Androgynous Narrator,Subtle Cinematic Underscore for Speech,Intimate Binaural Speech,Variable Rubato,Spoken Refrain Structure,Repeated Spoken Phrase,,,,,,,,,
Fire and Brimstone Sermon,Spoken Voice / Poetry & Performance,,sermon preacher fire brimstone church spoken,"Passionate non-sung sermon with rolling cadence, crowd response, and moral urgency.",Gospel Redemption,Spoken Word / Voice,Spoken Voice with Underscore,Spiritual,Fire-and-Brimstone Sermon,Deep Male Narrator,Warm Piano Underscore for Speech,Large Trailer Voice Mix,Variable Rubato,Sermon Rise and Release,Call-and-Response Speech,,,,,,,,,
Apocalyptic Broadcast,Spoken Voice / Narration & Broadcast,,apocalypse broadcast warning radio end world,Damaged spoken emergency broadcast with repeated warnings and fatalistic calm.,Horror Score Pursuit,Spoken Word / Voice,Spoken Voice with Underscore,Apocalyptic,Apocalyptic Broadcast,Deep Female Narrator,Emergency Radio Static and Low Drone,Emergency Transmission FX,Variable Rubato,Broadcast Bulletin,Trailer Tagline,,,,,,,,,
Broken Crying Speech,Spoken Voice / Emotion & Delivery,,crying broken tears emotional spoken,"Raw spoken confession interrupted by tears, shaky breath, and incomplete phrases.",Acoustic Soul Storyteller,Spoken Word / Voice,Unaccompanied Spoken Voice,Heartbroken,Broken Crying Speech,Warm Female Narrator,No Instruments - Dry Spoken Voice,Intimate Binaural Speech,Variable Rubato,Continuous Spoken Monologue,No Sung Hook - Spoken Only,,,,,,,,,
Garbage - Curated v4.6.4 Reference,Artist References / Female-Fronted Rock & Alternative,Garbage,Garbage Alternative Rock 90s Alternative Rock female_grunge,A searchable Garbage reference translated into artist-neutral descriptive DNA for 90s Alternative Rock; the artist name remains UI metadata and is never sent to the writer.,Alternative Rock Catharsis,Alternative Rock,90s Alternative Rock,,Loose Grunge Phrasing,Mature Smoky Female Lead,Grunge Guitars + Bass + Loose Live Drums,Punchy 1990s Alternative Mix,,,,,,,,,,,,
Hole - Curated v4.6.4 Reference,Artist References / Female-Fronted Rock & Alternative,Hole,Hole Alternative Rock 90s Alternative Rock female_grunge,A searchable Hole reference translated into artist-neutral descriptive DNA for 90s Alternative Rock; the artist name remains UI metadata and is never sent to the writer.,Alternative Rock Catharsis,Alternative Rock,90s Alternative Rock,,Loose Grunge Phrasing,Mature Smoky Female Lead,Grunge Guitars + Bass + Loose Live Drums,Punchy 1990s Alternative Mix,,,,,,,,,,,,
The Cranberries - Curated v4.6.4 Reference,Artist References / Female-Fronted Rock & Alternative,The Cranberries,The Cranberries Alternative Rock 90s Alternative Rock female_grunge,A searchable The Cranberries reference translated into artist-neutral descriptive DNA for 90s Alternative Rock; the artist name remains UI metadata and is never sent to the writer.,Alternative Rock Catharsis,Alternative Rock,90s Alternative Rock,,Loose Grunge Phrasing,Mature Smoky Female Lead,Grunge Guitars + Bass + Loose Live Drums,Punchy 1990s Alternative Mix,,,,,,,,,,,,
Veruca Salt - Curated v4.6.4 Reference,Artist References / Female-Fronted Rock & Alternative,Veruca Salt,Veruca Salt Alternative Rock 90s Alternative Rock female_grunge,A searchable Veruca Salt reference translated into artist-neutral descriptive DNA for 90s Alternative Rock; the artist name remains UI metadata and is never sent to the writer.,Alternative Rock Catharsis,Alternative Rock,90s Alternative Rock,,Loose Grunge Phrasing,Mature Smoky Female Lead,Grunge Guitars + Bass + Loose Live Drums,Punchy 1990s Alternative Mix,,,,,,,,,,,,
L7 - Curated v4.6.4 Reference,Artist References / Female-Fronted Rock & Alternative,L7,L7 Alternative Rock 90s Alternative Rock female_grunge,A searchable L7 reference translated into artist-neutral descriptive DNA for 90s Alternative Rock; the artist name remains UI metadata and is never sent to the writer.,Alternative Rock Catharsis,Alternative Rock,90s Alternative Rock,,Loose Grunge Phrasing,Mature Smoky Female Lead,Grunge Guitars + Bass + Loose Live Drums,Punchy 1990s Alternative Mix,,,,,,,,,,,,
Bikini Kill - Curated v4.6.4 Reference,Artist References / Female-Fronted Rock & Alternative,Bikini Kill,Bikini Kill Punk 90s Riot Grrrl female_punk,A searchable Bikini Kill reference translated into artist-neutral descriptive DNA for 90s Riot Grrrl; the artist name remains UI metadata and is never sent to the writer.,Pop-Punk Summer,Punk,90s Riot Grrrl,,Short Punk Bark,Female Lead + Backing Trio,Pop-Punk Guitars + Bass + Punchy Drums,Raw Garage Four-Track,,,,,,,,,,,,
Sleater-Kinney - Curated v4.6.4 Reference,Artist References / Female-Fronted Rock & Alternative,Sleater-Kinney,Sleater-Kinney Punk 90s Riot Grrrl female_punk,A searchable Sleater-Kinney reference translated into artist-neutral descriptive DNA for 90s Riot Grrrl; the artist name remains UI metadata and is never sent to the writer.,Pop-Punk Summer,Punk,90s Riot Grrrl,,Short Punk Bark,Female Lead + Backing Trio,Pop-Punk Guitars + Bass + Punchy Drums,Raw Garage Four-Track,,,,,,,,,,,,
The Warning - Curated v4.6.4 Reference,Artist References / Female-Fronted Rock & Alternative,The Warning,The Warning Punk 90s Riot Grrrl female_punk,A searchable The Warning reference translated into artist-neutral descriptive DNA for 90s Riot Grrrl; the artist name remains UI metadata and is never sent to the writer.,Pop-Punk Summer,Punk,90s Riot Grrrl,,Short Punk Bark,Female Lead + Backing Trio,Pop-Punk Guitars + Bass + Punchy Drums,Raw Garage Four-Track,,,,,,,,,,,,
Halestorm - Curated v4.6.4 Reference,Artist References / Female-Fronted Rock & Alternative,Halestorm,Halestorm Punk 90s Riot Grrrl female_punk,A searchable Halestorm reference translated into artist-neutral descriptive DNA for 90s Riot Grrrl; the artist name remains UI metadata and is never sent to the writer.,Pop-Punk Summer,Punk,90s Riot Grrrl,,Short Punk Bark,Female Lead + Backing Trio,Pop-Punk Guitars + Bass + Punchy Drums,Raw Garage Four-Track,,,,,,,,,,,,
PVRIS - Curated v4.6.4 Reference,Artist References / Female-Fronted Rock & Alternative,PVRIS,PVRIS Punk 90s Riot Grrrl female_punk,A searchable PVRIS reference translated into artist-neutral descriptive DNA for 90s Riot Grrrl; the artist name remains UI metadata and is never sent to the writer.,Pop-Punk Summer,Punk,90s Riot Grrrl,,Short Punk Bark,Female Lead + Backing Trio,Pop-Punk Guitars + Bass + Punchy Drums,Raw Garage Four-Track,,,,,,,,,,,,
Evanescence - Curated v4.6.4 Reference,Artist References / Female-Fronted Rock & Alternative,Evanescence,Evanescence Alternative Rock Modern Art Rock female_alt,A searchable Evanescence reference translated into artist-neutral descriptive DNA for Modern Art Rock; the artist name remains UI metadata and is never sent to the writer.,Alternative Rock Catharsis,Alternative Rock,Modern Art Rock,,Gritty Rock Shout,Alto Female Lead,Electric Guitar + Bass + Live Drums,Modern Loud Rock Master,,,,,,,,,,,,
No Doubt - Curated v4.6.4 Reference,Artist References / Female-Fronted Rock & Alternative,No Doubt,No Doubt Alternative Rock Modern Art Rock female_alt,A searchable No Doubt reference translated into artist-neutral descriptive DNA for Modern Art Rock; the artist name remains UI metadata and is never sent to the writer.,Alternative Rock Catharsis,Alternative Rock,Modern Art Rock,,Gritty Rock Shout,Alto Female Lead,Electric Guitar + Bass + Live Drums,Modern Loud Rock Master,,,,,,,,,,,,
Florence + The Machine - Curated v4.6.4 Reference,Artist References / Female-Fronted Rock & Alternative,Florence + The Machine,Florence + The Machine Alternative Rock Modern Art Rock female_alt,A searchable Florence + The Machine reference translated into artist-neutral descriptive DNA for Modern Art Rock; the artist name remains UI metadata and is never sent to the writer.,Alternative Rock Catharsis,Alternative Rock,Modern Art Rock,,Gritty Rock Shout,Alto Female Lead,Electric Guitar + Bass + Live Drums,Modern Loud Rock Master,,,,,,,,,,,,
Wolf Alice - Curated v4.6.4 Reference,Artist References / Female-Fronted Rock & Alternative,Wolf Alice,Wolf Alice Alternative Rock Modern Art Rock female_alt,A searchable Wolf Alice reference translated into artist-neutral descriptive DNA for Modern Art Rock; the artist name remains UI metadata and is never sent to the writer.,Alternative Rock Catharsis,Alternative Rock,Modern Art Rock,,Gritty Rock Shout,Alto Female Lead,Electric Guitar + Bass + Live Drums,Modern Loud Rock Master,,,,,,,,,,,,
The Pretty Reckless - Curated v4.6.4 Reference,Artist References / Female-Fronted Rock & Alternative,The Pretty Reckless,The Pretty Reckless Alternative Rock Modern Art Rock female_alt,A searchable The Pretty Reckless reference translated into artist-neutral descriptive DNA for Modern Art Rock; the artist name remains UI metadata and is never sent to the writer.,Alternative Rock Catharsis,Alternative Rock,Modern Art Rock,,Gritty Rock Shout,Alto Female Lead,Electric Guitar + Bass + Live Drums,Modern Loud Rock Master,,,,,,,,,,,,
Yeah Yeah Yeahs - Curated v4.6.4 Reference,Artist References / Female-Fronted Rock & Alternative,Yeah Yeah Yeahs,Yeah Yeah Yeahs Alternative Rock Modern Art Rock female_alt,A searchable Yeah Yeah Yeahs reference translated into artist-neutral descriptive DNA for Modern Art Rock; the artist name remains UI metadata and is never sent to the writer.,Alternative Rock Catharsis,Alternative Rock,Modern Art Rock,,Gritty Rock Shout,Alto Female Lead,Electric Guitar + Bass + Live Drums,Modern Loud Rock Master,,,,,,,,,,,,
PJ Harvey - Curated v4.6.4 Reference,Artist References / Female-Fronted Rock & Alternative,PJ Harvey,PJ Harvey Alternative Rock Modern Art Rock female_alt,A searchable PJ Harvey reference translated into artist-neutral descriptive DNA for Modern Art Rock; the artist name remains UI metadata and is never sent to the writer.,Alternative Rock Catharsis,Alternative Rock,Modern Art Rock,,Gritty Rock Shout,Alto Female Lead,Electric Guitar + Bass + Live Drums,Modern Loud Rock Master,,,,,,,,,,,,
Alanis Morissette - Curated v4.6.4 Reference,Artist References / Female-Fronted Rock & Alternative,Alanis Morissette,Alanis Morissette Alternative Rock Modern Art Rock female_alt,A searchable Alanis Morissette reference translated into artist-neutral descriptive DNA for Modern Art Rock; the artist name remains UI metadata and is never sent to the writer.,Alternative Rock Catharsis,Alternative Rock,Modern Art Rock,,Gritty Rock Shout,Alto Female Lead,Electric Guitar + Bass + Live Drums,Modern Loud Rock Master,,,,,,,,,,,,
Liz Phair - Curated v4.6.4 Reference,Artist References / Female-Fronted Rock & Alternative,Liz Phair,Liz Phair Alternative Rock Modern Art Rock female_alt,A searchable Liz Phair reference translated into artist-neutral descriptive DNA for Modern Art Rock; the artist name remains UI metadata and is never sent to the writer.,Alternative Rock Catharsis,Alternative Rock,Modern Art Rock,,Gritty Rock Shout,Alto Female Lead,Electric Guitar + Bass + Live Drums,Modern Loud Rock Master,,,,,,,,,,,,
St. Vincent - Curated v4.6.4 Reference,Artist References / Female-Fronted Rock & Alternative,St. Vincent,St. Vincent Alternative Rock Modern Art Rock female_alt,A searchable St. Vincent reference translated into artist-neutral descriptive DNA for Modern Art Rock; the artist name remains UI metadata and is never sent to the writer.,Alternative Rock Catharsis,Alternative Rock,Modern Art Rock,,Gritty Rock Shout,Alto Female Lead,Electric Guitar + Bass + Live Drums,Modern Loud Rock Master,,,,,,,,,,,,
Flyleaf - Curated v4.6.4 Reference,Artist References / Female-Fronted Rock & Alternative,Flyleaf,Flyleaf Alternative Rock Modern Art Rock female_alt,A searchable Flyleaf reference translated into artist-neutral descriptive DNA for Modern Art Rock; the artist name remains UI metadata and is never sent to the writer.,Alternative Rock Catharsis,Alternative Rock,Modern Art Rock,,Gritty Rock Shout,Alto Female Lead,Electric Guitar + Bass + Live Drums,Modern Loud Rock Master,,,,,,,,,,,,
Wet Leg - Curated v4.6.4 Reference,Artist References / Female-Fronted Rock & Alternative,Wet Leg,Wet Leg Indie Rock 2010s Bedroom Pop female_indie,A searchable Wet Leg reference translated into artist-neutral descriptive DNA for 2010s Bedroom Pop; the artist name remains UI metadata and is never sent to the writer.,Ethereal Dream Pop,Indie Rock,2010s Bedroom Pop,,Indie Deadpan,Youthful Female Lead,Clean Jangle Guitar + Bass + Live Drums,Minimal Bedroom Recording,,,,,,,,,,,,
Soccer Mommy - Curated v4.6.4 Reference,Artist References / Female-Fronted Rock & Alternative,Soccer Mommy,Soccer Mommy Indie Rock 2010s Bedroom Pop female_indie,A searchable Soccer Mommy reference translated into artist-neutral descriptive DNA for 2010s Bedroom Pop; the artist name remains UI metadata and is never sent to the writer.,Ethereal Dream Pop,Indie Rock,2010s Bedroom Pop,,Indie Deadpan,Youthful Female Lead,Clean Jangle Guitar + Bass + Live Drums,Minimal Bedroom Recording,,,,,,,,,,,,
Snail Mail - Curated v4.6.4 Reference,Artist References / Female-Fronted Rock & Alternative,Snail Mail,Snail Mail Indie Rock 2010s Bedroom Pop female_indie,A searchable Snail Mail reference translated into artist-neutral descriptive DNA for 2010s Bedroom Pop; the artist name remains UI metadata and is never sent to the writer.,Ethereal Dream Pop,Indie Rock,2010s Bedroom Pop,,Indie Deadpan,Youthful Female Lead,Clean Jangle Guitar + Bass + Live Drums,Minimal Bedroom Recording,,,,,,,,,,,,
Japanese Breakfast - Curated v4.6.4 Reference,Artist References / Female-Fronted Rock & Alternative,Japanese Breakfast,Japanese Breakfast Indie Rock 2010s Bedroom Pop female_indie,A searchable Japanese Breakfast reference translated into artist-neutral descriptive DNA for 2010s Bedroom Pop; the artist name remains UI metadata and is never sent to the writer.,Ethereal Dream Pop,Indie Rock,2010s Bedroom Pop,,Indie Deadpan,Youthful Female Lead,Clean Jangle Guitar + Bass + Live Drums,Minimal Bedroom Recording,,,,,,,,,,,,
Chappell Roan - Curated v4.6.4 Reference,Artist References / Pop & Singer-Songwriter,Chappell Roan,Chappell Roan Dance-Pop Modern Dance-Pop pop_power,A searchable Chappell Roan reference translated into artist-neutral descriptive DNA for Modern Dance-Pop; the artist name remains UI metadata and is never sent to the writer.,Bright Radio Pop,Dance-Pop,Modern Dance-Pop,,Big Belted Pop Chorus,Bright Soprano Lead,Analog Polysynths + Drum Machine + Electric Bass,Polished Streaming Pop Master,,,,,,,,,,,,
Lady Gaga - Curated v4.6.4 Reference,Artist References / Pop & Singer-Songwriter,Lady Gaga,Lady Gaga Dance-Pop Modern Dance-Pop pop_power,A searchable Lady Gaga reference translated into artist-neutral descriptive DNA for Modern Dance-Pop; the artist name remains UI metadata and is never sent to the writer.,Bright Radio Pop,Dance-Pop,Modern Dance-Pop,,Big Belted Pop Chorus,Bright Soprano Lead,Analog Polysynths + Drum Machine + Electric Bass,Polished Streaming Pop Master,,,,,,,,,,,,
Rihanna - Curated v4.6.4 Reference,Artist References / Pop & Singer-Songwriter,Rihanna,Rihanna Dance-Pop Modern Dance-Pop pop_power,A searchable Rihanna reference translated into artist-neutral descriptive DNA for Modern Dance-Pop; the artist name remains UI metadata and is never sent to the writer.,Bright Radio Pop,Dance-Pop,Modern Dance-Pop,,Big Belted Pop Chorus,Bright Soprano Lead,Analog Polysynths + Drum Machine + Electric Bass,Polished Streaming Pop Master,,,,,,,,,,,,
Ariana Grande - Curated v4.6.4 Reference,Artist References / Pop & Singer-Songwriter,Ariana Grande,Ariana Grande Dance-Pop Modern Dance-Pop pop_power,A searchable Ariana Grande reference translated into artist-neutral descriptive DNA for Modern Dance-Pop; the artist name remains UI metadata and is never sent to the writer.,Bright Radio Pop,Dance-Pop,Modern Dance-Pop,,Big Belted Pop Chorus,Bright Soprano Lead,Analog Polysynths + Drum Machine + Electric Bass,Polished Streaming Pop Master,,,,,,,,,,,,
Katy Perry - Curated v4.6.4 Reference,Artist References / Pop & Singer-Songwriter,Katy Perry,Katy Perry Dance-Pop Modern Dance-Pop pop_power,A searchable Katy Perry reference translated into artist-neutral descriptive DNA for Modern Dance-Pop; the artist name remains UI metadata and is never sent to the writer.,Bright Radio Pop,Dance-Pop,Modern Dance-Pop,,Big Belted Pop Chorus,Bright Soprano Lead,Analog Polysynths + Drum Machine + Electric Bass,Polished Streaming Pop Master,,,,,,,,,,,,
Miley Cyrus - Curated v4.6.4 Reference,Artist References / Pop & Singer-Songwriter,Miley Cyrus,Miley Cyrus Dance-Pop Modern Dance-Pop pop_power,A searchable Miley Cyrus reference translated into artist-neutral descriptive DNA for Modern Dance-Pop; the artist name remains UI metadata and is never sent to the writer.,Bright Radio Pop,Dance-Pop,Modern Dance-Pop,,Big Belted Pop Chorus,Bright Soprano Lead,Analog Polysynths + Drum Machine + Electric Bass,Polished Streaming Pop Master,,,,,,,,,,,,
Demi Lovato - Curated v4.6.4 Reference,Artist References / Pop & Singer-Songwriter,Demi Lovato,Demi Lovato Dance-Pop Modern Dance-Pop pop_power,A searchable Demi Lovato reference translated into artist-neutral descriptive DNA for Modern Dance-Pop; the artist name remains UI metadata and is never sent to the writer.,Bright Radio Pop,Dance-Pop,Modern Dance-Pop,,Big Belted Pop Chorus,Bright Soprano Lead,Analog Polysynths + Drum Machine + Electric Bass,Polished Streaming Pop Master,,,,,,,,,,,,
P!nk - Curated v4.6.4 Reference,Artist References / Pop & Singer-Songwriter,P!nk,P!nk Dance-Pop Modern Dance-Pop pop_power,A searchable P!nk reference translated into artist-neutral descriptive DNA for Modern Dance-Pop; the artist name remains UI metadata and is never sent to the writer.,Bright Radio Pop,Dance-Pop,Modern Dance-Pop,,Big Belted Pop Chorus,Bright Soprano Lead,Analog Polysynths + Drum Machine + Electric Bass,Polished Streaming Pop Master,,,,,,,,,,,,
Kelly Clarkson - Curated v4.6.4 Reference,Artist References / Pop & Singer-Songwriter,Kelly Clarkson,Kelly Clarkson Dance-Pop Modern Dance-Pop pop_power,A searchable Kelly Clarkson reference translated into artist-neutral descriptive DNA for Modern Dance-Pop; the artist name remains UI metadata and is never sent to the writer.,Bright Radio Pop,Dance-Pop,Modern Dance-Pop,,Big Belted Pop Chorus,Bright Soprano Lead,Analog Polysynths + Drum Machine + Electric Bass,Polished Streaming Pop Master,,,,,,,,,,,,
Christina Aguilera - Curated v4.6.4 Reference,Artist References / Pop & Singer-Songwriter,Christina Aguilera,Christina Aguilera Dance-Pop Modern Dance-Pop pop_power,A searchable Christina Aguilera reference translated into artist-neutral descriptive DNA for Modern Dance-Pop; the artist name remains UI metadata and is never sent to the writer.,Bright Radio Pop,Dance-Pop,Modern Dance-Pop,,Big Belted Pop Chorus,Bright Soprano Lead,Analog Polysynths + Drum Machine + Electric Bass,Polished Streaming Pop Master,,,,,,,,,,,,
Britney Spears - Curated v4.6.4 Reference,Artist References / Pop & Singer-Songwriter,Britney Spears,Britney Spears Dance-Pop Modern Dance-Pop pop_power,A searchable Britney Spears reference translated into artist-neutral descriptive DNA for Modern Dance-Pop; the artist name remains UI metadata and is never sent to the writer.,Bright Radio Pop,Dance-Pop,Modern Dance-Pop,,Big Belted Pop Chorus,Bright Soprano Lead,Analog Polysynths + Drum Machine + Electric Bass,Polished Streaming Pop Master,,,,,,,,,,,,
Cyndi Lauper - Curated v4.6.4 Reference,Artist References / Pop & Singer-Songwriter,Cyndi Lauper,Cyndi Lauper Dance-Pop Modern Dance-Pop pop_power,A searchable Cyndi Lauper reference translated into artist-neutral descriptive DNA for Modern Dance-Pop; the artist name remains UI metadata and is never sent to the writer.,Bright Radio Pop,Dance-Pop,Modern Dance-Pop,,Big Belted Pop Chorus,Bright Soprano Lead,Analog Polysynths + Drum Machine + Electric Bass,Polished Streaming Pop Master,,,,,,,,,,,,
Olivia Rodrigo - Curated v4.6.4 Reference,Artist References / Pop & Singer-Songwriter,Olivia Rodrigo,Olivia Rodrigo Pop Modern Art Pop pop_modern,A searchable Olivia Rodrigo reference translated into artist-neutral descriptive DNA for Modern Art Pop; the artist name remains UI metadata and is never sent to the writer.,Bright Radio Pop,Pop,Modern Art Pop,,Clean Controlled Pop,Youthful Female Lead,Synths + 808 Bass + Trap Drums,Polished Streaming Pop Master,,,,,,,,,,,,
Sabrina Carpenter - Curated v4.6.4 Reference,Artist References / Pop & Singer-Songwriter,Sabrina Carpenter,Sabrina Carpenter Pop Modern Art Pop pop_modern,A searchable Sabrina Carpenter reference translated into artist-neutral descriptive DNA for Modern Art Pop; the artist name remains UI metadata and is never sent to the writer.,Bright Radio Pop,Pop,Modern Art Pop,,Clean Controlled Pop,Youthful Female Lead,Synths + 808 Bass + Trap Drums,Polished Streaming Pop Master,,,,,,,,,,,,
Tate McRae - Curated v4.6.4 Reference,Artist References / Pop & Singer-Songwriter,Tate McRae,Tate McRae Pop Modern Art Pop pop_modern,A searchable Tate McRae reference translated into artist-neutral descriptive DNA for Modern Art Pop; the artist name remains UI metadata and is never sent to the writer.,Bright Radio Pop,Pop,Modern Art Pop,,Clean Controlled Pop,Youthful Female Lead,Synths + 808 Bass + Trap Drums,Polished Streaming Pop Master,,,,,,,,,,,,
Gracie Abrams - Curated v4.6.4 Reference,Artist References / Pop & Singer-Songwriter,Gracie Abrams,Gracie Abrams Pop Modern Art Pop pop_modern,A searchable Gracie Abrams reference translated into artist-neutral descriptive DNA for Modern Art Pop; the artist name remains UI metadata and is never sent to the writer.,Bright Radio Pop,Pop,Modern Art Pop,,Clean Controlled Pop,Youthful Female Lead,Synths + 808 Bass + Trap Drums,Polished Streaming Pop Master,,,,,,,,,,,,
Halsey - Curated v4.6.4 Reference,Artist References / Pop & Singer-Songwriter,Halsey,Halsey Pop Modern Art Pop pop_modern,A searchable Halsey reference translated into artist-neutral descriptive DNA for Modern Art Pop; the artist name remains UI metadata and is never sent to the writer.,Bright Radio Pop,Pop,Modern Art Pop,,Clean Controlled Pop,Youthful Female Lead,Synths + 808 Bass + Trap Drums,Polished Streaming Pop Master,,,,,,,,,,,,
Selena Gomez - Curated v4.6.4 Reference,Artist References / Pop & Singer-Songwriter,Selena Gomez,Selena Gomez Pop Modern Art Pop pop_modern,A searchable Selena Gomez reference translated into artist-neutral descriptive DNA for Modern Art Pop; the artist name remains UI metadata and is never sent to the writer.,Bright Radio Pop,Pop,Modern Art Pop,,Clean Controlled Pop,Youthful Female Lead,Synths + 808 Bass + Trap Drums,Polished Streaming Pop Master,,,,,,,,,,,,
SZA - Curated v4.6.4 Reference,Artist References / Pop & Singer-Songwriter,SZA,SZA Art Pop Modern Dark Pop alt_pop,A searchable SZA reference translated into artist-neutral descriptive DNA for Modern Dark Pop; the artist name remains UI metadata and is never sent to the writer.,Ethereal Dream Pop,Art Pop,Modern Dark Pop,,Breath-Heavy Seductive Delivery,Deep Contralto Lead,Analog Polysynths + Drum Machine + Electric Bass,Minimal Bedroom Recording,,,,,,,,,,,,
Doja Cat - Curated v4.6.4 Reference,Artist References / Pop & Singer-Songwriter,Doja Cat,Doja Cat Art Pop Modern Dark Pop alt_pop,A searchable Doja Cat reference translated into artist-neutral descriptive DNA for Modern Dark Pop; the artist name remains UI metadata and is never sent to the writer.,Ethereal Dream Pop,Art Pop,Modern Dark Pop,,Breath-Heavy Seductive Delivery,Deep Contralto Lead,Analog Polysynths + Drum Machine + Electric Bass,Minimal Bedroom Recording,,,,,,,,,,,,
Charli XCX - Curated v4.6.4 Reference,Artist References / Pop & Singer-Songwriter,Charli XCX,Charli XCX Art Pop Modern Dark Pop alt_pop,A searchable Charli XCX reference translated into artist-neutral descriptive DNA for Modern Dark Pop; the artist name remains UI metadata and is never sent to the writer.,Ethereal Dream Pop,Art Pop,Modern Dark Pop,,Breath-Heavy Seductive Delivery,Deep Contralto Lead,Analog Polysynths + Drum Machine + Electric Bass,Minimal Bedroom Recording,,,,,,,,,,,,
Lana Del Rey - Curated v4.6.4 Reference,Artist References / Pop & Singer-Songwriter,Lana Del Rey,Lana Del Rey Art Pop Modern Dark Pop alt_pop,A searchable Lana Del Rey reference translated into artist-neutral descriptive DNA for Modern Dark Pop; the artist name remains UI metadata and is never sent to the writer.,Ethereal Dream Pop,Art Pop,Modern Dark Pop,,Breath-Heavy Seductive Delivery,Deep Contralto Lead,Analog Polysynths + Drum Machine + Electric Bass,Minimal Bedroom Recording,,,,,,,,,,,,
Lorde - Curated v4.6.4 Reference,Artist References / Pop & Singer-Songwriter,Lorde,Lorde Art Pop Modern Dark Pop alt_pop,A searchable Lorde reference translated into artist-neutral descriptive DNA for Modern Dark Pop; the artist name remains UI metadata and is never sent to the writer.,Ethereal Dream Pop,Art Pop,Modern Dark Pop,,Breath-Heavy Seductive Delivery,Deep Contralto Lead,Analog Polysynths + Drum Machine + Electric Bass,Minimal Bedroom Recording,,,,,,,,,,,,
Kesha - Curated v4.6.4 Reference,Artist References / Pop & Singer-Songwriter,Kesha,Kesha Art Pop Modern Dark Pop alt_pop,A searchable Kesha reference translated into artist-neutral descriptive DNA for Modern Dark Pop; the artist name remains UI metadata and is never sent to the writer.,Ethereal Dream Pop,Art Pop,Modern Dark Pop,,Breath-Heavy Seductive Delivery,Deep Contralto Lead,Analog Polysynths + Drum Machine + Electric Bass,Minimal Bedroom Recording,,,,,,,,,,,,
Robyn - Curated v4.6.4 Reference,Artist References / Pop & Singer-Songwriter,Robyn,Robyn Art Pop Modern Dark Pop alt_pop,A searchable Robyn reference translated into artist-neutral descriptive DNA for Modern Dark Pop; the artist name remains UI metadata and is never sent to the writer.,Ethereal Dream Pop,Art Pop,Modern Dark Pop,,Breath-Heavy Seductive Delivery,Deep Contralto Lead,Analog Polysynths + Drum Machine + Electric Bass,Minimal Bedroom Recording,,,,,,,,,,,,
Spice Girls - Curated v4.6.4 Reference,Artist References / Girl Groups & Vocal Groups,Spice Girls,Spice Girls Girl Group Pop 60s Girl-Group Pop western_girl_groups,A searchable Spice Girls reference translated into artist-neutral descriptive DNA for 60s Girl-Group Pop; the artist name remains UI metadata and is never sent to the writer.,Bright Radio Pop,Girl Group Pop,60s Girl-Group Pop,,Tight Synchronized Group Delivery,Girl Group — Stacked Pop Vocals,Piano + Organ + Bass + Soul Drums,Polished Streaming Pop Master,,,,,,,,,,,,
Destiny's Child - Curated v4.6.4 Reference,Artist References / Girl Groups & Vocal Groups,Destiny's Child,Destiny's Child Girl Group Pop 60s Girl-Group Pop western_girl_groups,A searchable Destiny's Child reference translated into artist-neutral descriptive DNA for 60s Girl-Group Pop; the artist name remains UI metadata and is never sent to the writer.,Bright Radio Pop,Girl Group Pop,60s Girl-Group Pop,,Tight Synchronized Group Delivery,Girl Group — Stacked Pop Vocals,Piano + Organ + Bass + Soul Drums,Polished Streaming Pop Master,,,,,,,,,,,,
TLC - Curated v4.6.4 Reference,Artist References / Girl Groups & Vocal Groups,TLC,TLC Girl Group Pop 60s Girl-Group Pop western_girl_groups,A searchable TLC reference translated into artist-neutral descriptive DNA for 60s Girl-Group Pop; the artist name remains UI metadata and is never sent to the writer.,Bright Radio Pop,Girl Group Pop,60s Girl-Group Pop,,Tight Synchronized Group Delivery,Girl Group — Stacked Pop Vocals,Piano + Organ + Bass + Soul Drums,Polished Streaming Pop Master,,,,,,,,,,,,
Little Mix - Curated v4.6.4 Reference,Artist References / Girl Groups & Vocal Groups,Little Mix,Little Mix Girl Group Pop 60s Girl-Group Pop western_girl_groups,A searchable Little Mix reference translated into artist-neutral descriptive DNA for 60s Girl-Group Pop; the artist name remains UI metadata and is never sent to the writer.,Bright Radio Pop,Girl Group Pop,60s Girl-Group Pop,,Tight Synchronized Group Delivery,Girl Group — Stacked Pop Vocals,Piano + Organ + Bass + Soul Drums,Polished Streaming Pop Master,,,,,,,,,,,,
Fifth Harmony - Curated v4.6.4 Reference,Artist References / Girl Groups & Vocal Groups,Fifth Harmony,Fifth Harmony Girl Group Pop 60s Girl-Group Pop western_girl_groups,A searchable Fifth Harmony reference translated into artist-neutral descriptive DNA for 60s Girl-Group Pop; the artist name remains UI metadata and is never sent to the writer.,Bright Radio Pop,Girl Group Pop,60s Girl-Group Pop,,Tight Synchronized Group Delivery,Girl Group — Stacked Pop Vocals,Piano + Organ + Bass + Soul Drums,Polished Streaming Pop Master,,,,,,,,,,,,
Sugababes - Curated v4.6.4 Reference,Artist References / Girl Groups & Vocal Groups,Sugababes,Sugababes Girl Group Pop 60s Girl-Group Pop western_girl_groups,A searchable Sugababes reference translated into artist-neutral descriptive DNA for 60s Girl-Group Pop; the artist name remains UI metadata and is never sent to the writer.,Bright Radio Pop,Girl Group Pop,60s Girl-Group Pop,,Tight Synchronized Group Delivery,Girl Group — Stacked Pop Vocals,Piano + Organ + Bass + Soul Drums,Polished Streaming Pop Master,,,,,,,,,,,,
Girls Aloud - Curated v4.6.4 Reference,Artist References / Girl Groups & Vocal Groups,Girls Aloud,Girls Aloud Girl Group Pop 60s Girl-Group Pop western_girl_groups,A searchable Girls Aloud reference translated into artist-neutral descriptive DNA for 60s Girl-Group Pop; the artist name remains UI metadata and is never sent to the writer.,Bright Radio Pop,Girl Group Pop,60s Girl-Group Pop,,Tight Synchronized Group Delivery,Girl Group — Stacked Pop Vocals,Piano + Organ + Bass + Soul Drums,Polished Streaming Pop Master,,,,,,,,,,,,
The Pussycat Dolls - Curated v4.6.4 Reference,Artist References / Girl Groups & Vocal Groups,The Pussycat Dolls,The Pussycat Dolls Girl Group Pop 60s Girl-Group Pop western_girl_groups,A searchable The Pussycat Dolls reference translated into artist-neutral descriptive DNA for 60s Girl-Group Pop; the artist name remains UI metadata and is never sent to the writer.,Bright Radio Pop,Girl Group Pop,60s Girl-Group Pop,,Tight Synchronized Group Delivery,Girl Group — Stacked Pop Vocals,Piano + Organ + Bass + Soul Drums,Polished Streaming Pop Master,,,,,,,,,,,,
BLACKPINK - Curated v4.6.4 Reference,Artist References / K-Pop J-Pop & Asian Pop,BLACKPINK,BLACKPINK K-Pop Fourth-Generation K-Pop kpop_groups,A searchable BLACKPINK reference translated into artist-neutral descriptive DNA for Fourth-Generation K-Pop; the artist name remains UI metadata and is never sent to the writer.,Bright Radio Pop,K-Pop,Fourth-Generation K-Pop,,Girl-Group Call and Response,Girl Group — Tight Harmonies,Synths + 808 Bass + Trap Drums,Polished Streaming Pop Master,,,,,,,,,,,,
NewJeans - Curated v4.6.4 Reference,Artist References / K-Pop J-Pop & Asian Pop,NewJeans,NewJeans K-Pop Fourth-Generation K-Pop kpop_groups,A searchable NewJeans reference translated into artist-neutral descriptive DNA for Fourth-Generation K-Pop; the artist name remains UI metadata and is never sent to the writer.,Bright Radio Pop,K-Pop,Fourth-Generation K-Pop,,Girl-Group Call and Response,Girl Group — Tight Harmonies,Synths + 808 Bass + Trap Drums,Polished Streaming Pop Master,,,,,,,,,,,,
TWICE - Curated v4.6.4 Reference,Artist References / K-Pop J-Pop & Asian Pop,TWICE,TWICE K-Pop Fourth-Generation K-Pop kpop_groups,A searchable TWICE reference translated into artist-neutral descriptive DNA for Fourth-Generation K-Pop; the artist name remains UI metadata and is never sent to the writer.,Bright Radio Pop,K-Pop,Fourth-Generation K-Pop,,Girl-Group Call and Response,Girl Group — Tight Harmonies,Synths + 808 Bass + Trap Drums,Polished Streaming Pop Master,,,,,,,,,,,,
aespa - Curated v4.6.4 Reference,Artist References / K-Pop J-Pop & Asian Pop,aespa,aespa K-Pop Fourth-Generation K-Pop kpop_groups,A searchable aespa reference translated into artist-neutral descriptive DNA for Fourth-Generation K-Pop; the artist name remains UI metadata and is never sent to the writer.,Bright Radio Pop,K-Pop,Fourth-Generation K-Pop,,Girl-Group Call and Response,Girl Group — Tight Harmonies,Synths + 808 Bass + Trap Drums,Polished Streaming Pop Master,,,,,,,,,,,,
LE SSERAFIM - Curated v4.6.4 Reference,Artist References / K-Pop J-Pop & Asian Pop,LE SSERAFIM,LE SSERAFIM K-Pop Fourth-Generation K-Pop kpop_groups,A searchable LE SSERAFIM reference translated into artist-neutral descriptive DNA for Fourth-Generation K-Pop; the artist name remains UI metadata and is never sent to the writer.,Bright Radio Pop,K-Pop,Fourth-Generation K-Pop,,Girl-Group Call and Response,Girl Group — Tight Harmonies,Synths + 808 Bass + Trap Drums,Polished Streaming Pop Master,,,,,,,,,,,,
XG - Curated v4.6.4 Reference,Artist References / K-Pop J-Pop & Asian Pop,XG,XG K-Pop Fourth-Generation K-Pop kpop_groups,A searchable XG reference translated into artist-neutral descriptive DNA for Fourth-Generation K-Pop; the artist name remains UI metadata and is never sent to the writer.,Bright Radio Pop,K-Pop,Fourth-Generation K-Pop,,Girl-Group Call and Response,Girl Group — Tight Harmonies,Synths + 808 Bass + Trap Drums,Polished Streaming Pop Master,,,,,,,,,,,,
Red Velvet - Curated v4.6.4 Reference,Artist References / K-Pop J-Pop & Asian Pop,Red Velvet,Red Velvet K-Pop Fourth-Generation K-Pop kpop_groups,A searchable Red Velvet reference translated into artist-neutral descriptive DNA for Fourth-Generation K-Pop; the artist name remains UI metadata and is never sent to the writer.,Bright Radio Pop,K-Pop,Fourth-Generation K-Pop,,Girl-Group Call and Response,Girl Group — Tight Harmonies,Synths + 808 Bass + Trap Drums,Polished Streaming Pop Master,,,,,,,,,,,,
ITZY - Curated v4.6.4 Reference,Artist References / K-Pop J-Pop & Asian Pop,ITZY,ITZY K-Pop Fourth-Generation K-Pop kpop_groups,A searchable ITZY reference translated into artist-neutral descriptive DNA for Fourth-Generation K-Pop; the artist name remains UI metadata and is never sent to the writer.,Bright Radio Pop,K-Pop,Fourth-Generation K-Pop,,Girl-Group Call and Response,Girl Group — Tight Harmonies,Synths + 808 Bass + Trap Drums,Polished Streaming Pop Master,,,,,,,,,,,,
IVE - Curated v4.6.4 Reference,Artist References / K-Pop J-Pop & Asian Pop,IVE,IVE K-Pop Fourth-Generation K-Pop kpop_groups,A searchable IVE reference translated into artist-neutral descriptive DNA for Fourth-Generation K-Pop; the artist name remains UI metadata and is never sent to the writer.,Bright Radio Pop,K-Pop,Fourth-Generation K-Pop,,Girl-Group Call and Response,Girl Group — Tight Harmonies,Synths + 808 Bass + Trap Drums,Polished Streaming Pop Master,,,,,,,,,,,,
NMIXX - Curated v4.6.4 Reference,Artist References / K-Pop J-Pop & Asian Pop,NMIXX,NMIXX K-Pop Fourth-Generation K-Pop kpop_groups,A searchable NMIXX reference translated into artist-neutral descriptive DNA for Fourth-Generation K-Pop; the artist name remains UI metadata and is never sent to the writer.,Bright Radio Pop,K-Pop,Fourth-Generation K-Pop,,Girl-Group Call and Response,Girl Group — Tight Harmonies,Synths + 808 Bass + Trap Drums,Polished Streaming Pop Master,,,,,,,,,,,,
BABYMONSTER - Curated v4.6.4 Reference,Artist References / K-Pop J-Pop & Asian Pop,BABYMONSTER,BABYMONSTER K-Pop Fourth-Generation K-Pop kpop_groups,A searchable BABYMONSTER reference translated into artist-neutral descriptive DNA for Fourth-Generation K-Pop; the artist name remains UI metadata and is never sent to the writer.,Bright Radio Pop,K-Pop,Fourth-Generation K-Pop,,Girl-Group Call and Response,Girl Group — Tight Harmonies,Synths + 808 Bass + Trap Drums,Polished Streaming Pop Master,,,,,,,,,,,,
(G)I-DLE - Curated v4.6.4 Reference,Artist References / K-Pop J-Pop & Asian Pop,(G)I-DLE,(G)I-DLE K-Pop Fourth-Generation K-Pop kpop_groups,A searchable (G)I-DLE reference translated into artist-neutral descriptive DNA for Fourth-Generation K-Pop; the artist name remains UI metadata and is never sent to the writer.,Bright Radio Pop,K-Pop,Fourth-Generation K-Pop,,Girl-Group Call and Response,Girl Group — Tight Harmonies,Synths + 808 Bass + Trap Drums,Polished Streaming Pop Master,,,,,,,,,,,,
Perfume - Curated v4.6.4 Reference,Artist References / K-Pop J-Pop & Asian Pop,Perfume,Perfume J-Pop Japanese Idol Pop jpop_groups,A searchable Perfume reference translated into artist-neutral descriptive DNA for Japanese Idol Pop; the artist name remains UI metadata and is never sent to the writer.,Bright Radio Pop,J-Pop,Japanese Idol Pop,,Tight Synchronized Group Delivery,Girl Group — Stacked Pop Vocals,FM Synths + Gated Drums + Chorus Guitar,Bright 1980s Digital Studio,,,,,,,,,,,,
AKB48 - Curated v4.6.4 Reference,Artist References / K-Pop J-Pop & Asian Pop,AKB48,AKB48 J-Pop Japanese Idol Pop jpop_groups,A searchable AKB48 reference translated into artist-neutral descriptive DNA for Japanese Idol Pop; the artist name remains UI metadata and is never sent to the writer.,Bright Radio Pop,J-Pop,Japanese Idol Pop,,Tight Synchronized Group Delivery,Girl Group — Stacked Pop Vocals,FM Synths + Gated Drums + Chorus Guitar,Bright 1980s Digital Studio,,,,,,,,,,,,
Babymetal - Curated v4.6.4 Reference,Artist References / K-Pop J-Pop & Asian Pop,Babymetal,Babymetal J-Pop Japanese Idol Pop jpop_groups,A searchable Babymetal reference translated into artist-neutral descriptive DNA for Japanese Idol Pop; the artist name remains UI metadata and is never sent to the writer.,Bright Radio Pop,J-Pop,Japanese Idol Pop,,Tight Synchronized Group Delivery,Girl Group — Stacked Pop Vocals,FM Synths + Gated Drums + Chorus Guitar,Bright 1980s Digital Studio,,,,,,,,,,,,
Atarashii Gakko! - Curated v4.6.4 Reference,Artist References / K-Pop J-Pop & Asian Pop,Atarashii Gakko!,Atarashii Gakko! J-Pop Japanese Idol Pop jpop_groups,A searchable Atarashii Gakko! reference translated into artist-neutral descriptive DNA for Japanese Idol Pop; the artist name remains UI metadata and is never sent to the writer.,Bright Radio Pop,J-Pop,Japanese Idol Pop,,Tight Synchronized Group Delivery,Girl Group — Stacked Pop Vocals,FM Synths + Gated Drums + Chorus Guitar,Bright 1980s Digital Studio,,,,,,,,,,,,
f5ve - Curated v4.6.4 Reference,Artist References / K-Pop J-Pop & Asian Pop,f5ve,f5ve J-Pop Japanese Idol Pop jpop_groups,A searchable f5ve reference translated into artist-neutral descriptive DNA for Japanese Idol Pop; the artist name remains UI metadata and is never sent to the writer.,Bright Radio Pop,J-Pop,Japanese Idol Pop,,Tight Synchronized Group Delivery,Girl Group — Stacked Pop Vocals,FM Synths + Gated Drums + Chorus Guitar,Bright 1980s Digital Studio,,,,,,,,,,,,
The Rolling Stones - Curated v4.6.4 Reference,Artist References / Classic & Modern Rock,The Rolling Stones,The Rolling Stones Classic Rock 70s Classic Rock classic_rock,A searchable The Rolling Stones reference translated into artist-neutral descriptive DNA for 70s Classic Rock; the artist name remains UI metadata and is never sent to the writer.,Alternative Rock Catharsis,Classic Rock,70s Classic Rock,,Gritty Rock Shout,Baritone Storyteller,Two Electric Guitars + Bass + Arena Drums,Warm 1970s Tape Studio,,,,,,,,,,,,
The Beatles - Curated v4.6.4 Reference,Artist References / Classic & Modern Rock,The Beatles,The Beatles Classic Rock 70s Classic Rock classic_rock,A searchable The Beatles reference translated into artist-neutral descriptive DNA for 70s Classic Rock; the artist name remains UI metadata and is never sent to the writer.,Alternative Rock Catharsis,Classic Rock,70s Classic Rock,,Gritty Rock Shout,Baritone Storyteller,Two Electric Guitars + Bass + Arena Drums,Warm 1970s Tape Studio,,,,,,,,,,,,
The Who - Curated v4.6.4 Reference,Artist References / Classic & Modern Rock,The Who,The Who Classic Rock 70s Classic Rock classic_rock,A searchable The Who reference translated into artist-neutral descriptive DNA for 70s Classic Rock; the artist name remains UI metadata and is never sent to the writer.,Alternative Rock Catharsis,Classic Rock,70s Classic Rock,,Gritty Rock Shout,Baritone Storyteller,Two Electric Guitars + Bass + Arena Drums,Warm 1970s Tape Studio,,,,,,,,,,,,
The Doors - Curated v4.6.4 Reference,Artist References / Classic & Modern Rock,The Doors,The Doors Classic Rock 70s Classic Rock classic_rock,A searchable The Doors reference translated into artist-neutral descriptive DNA for 70s Classic Rock; the artist name remains UI metadata and is never sent to the writer.,Alternative Rock Catharsis,Classic Rock,70s Classic Rock,,Gritty Rock Shout,Baritone Storyteller,Two Electric Guitars + Bass + Arena Drums,Warm 1970s Tape Studio,,,,,,,,,,,,
Creedence Clearwater Revival - Curated v4.6.4 Reference,Artist References / Classic & Modern Rock,Creedence Clearwater Revival,Creedence Clearwater Revival Classic Rock 70s Classic Rock classic_rock,A searchable Creedence Clearwater Revival reference translated into artist-neutral descriptive DNA for 70s Classic Rock; the artist name remains UI metadata and is never sent to the writer.,Alternative Rock Catharsis,Classic Rock,70s Classic Rock,,Gritty Rock Shout,Baritone Storyteller,Two Electric Guitars + Bass + Arena Drums,Warm 1970s Tape Studio,,,,,,,,,,,,
Aerosmith - Curated v4.6.4 Reference,Artist References / Classic & Modern Rock,Aerosmith,Aerosmith Classic Rock 70s Classic Rock classic_rock,A searchable Aerosmith reference translated into artist-neutral descriptive DNA for 70s Classic Rock; the artist name remains UI metadata and is never sent to the writer.,Alternative Rock Catharsis,Classic Rock,70s Classic Rock,,Gritty Rock Shout,Baritone Storyteller,Two Electric Guitars + Bass + Arena Drums,Warm 1970s Tape Studio,,,,,,,,,,,,
Van Halen - Curated v4.6.4 Reference,Artist References / Classic & Modern Rock,Van Halen,Van Halen Classic Rock 70s Classic Rock classic_rock,A searchable Van Halen reference translated into artist-neutral descriptive DNA for 70s Classic Rock; the artist name remains UI metadata and is never sent to the writer.,Alternative Rock Catharsis,Classic Rock,70s Classic Rock,,Gritty Rock Shout,Baritone Storyteller,Two Electric Guitars + Bass + Arena Drums,Warm 1970s Tape Studio,,,,,,,,,,,,
Bon Jovi - Curated v4.6.4 Reference,Artist References / Classic & Modern Rock,Bon Jovi,Bon Jovi Classic Rock 70s Classic Rock classic_rock,A searchable Bon Jovi reference translated into artist-neutral descriptive DNA for 70s Classic Rock; the artist name remains UI metadata and is never sent to the writer.,Alternative Rock Catharsis,Classic Rock,70s Classic Rock,,Gritty Rock Shout,Baritone Storyteller,Two Electric Guitars + Bass + Arena Drums,Warm 1970s Tape Studio,,,,,,,,,,,,
Journey - Curated v4.6.4 Reference,Artist References / Classic & Modern Rock,Journey,Journey Classic Rock 70s Classic Rock classic_rock,A searchable Journey reference translated into artist-neutral descriptive DNA for 70s Classic Rock; the artist name remains UI metadata and is never sent to the writer.,Alternative Rock Catharsis,Classic Rock,70s Classic Rock,,Gritty Rock Shout,Baritone Storyteller,Two Electric Guitars + Bass + Arena Drums,Warm 1970s Tape Studio,,,,,,,,,,,,
Def Leppard - Curated v4.6.4 Reference,Artist References / Classic & Modern Rock,Def Leppard,Def Leppard Classic Rock 70s Classic Rock classic_rock,A searchable Def Leppard reference translated into artist-neutral descriptive DNA for 70s Classic Rock; the artist name remains UI metadata and is never sent to the writer.,Alternative Rock Catharsis,Classic Rock,70s Classic Rock,,Gritty Rock Shout,Baritone Storyteller,Two Electric Guitars + Bass + Arena Drums,Warm 1970s Tape Studio,,,,,,,,,,,,
Scorpions - Curated v4.6.4 Reference,Artist References / Classic & Modern Rock,Scorpions,Scorpions Classic Rock 70s Classic Rock classic_rock,A searchable Scorpions reference translated into artist-neutral descriptive DNA for 70s Classic Rock; the artist name remains UI metadata and is never sent to the writer.,Alternative Rock Catharsis,Classic Rock,70s Classic Rock,,Gritty Rock Shout,Baritone Storyteller,Two Electric Guitars + Bass + Arena Drums,Warm 1970s Tape Studio,,,,,,,,,,,,
Deep Purple - Curated v4.6.4 Reference,Artist References / Classic & Modern Rock,Deep Purple,Deep Purple Classic Rock 70s Classic Rock classic_rock,A searchable Deep Purple reference translated into artist-neutral descriptive DNA for 70s Classic Rock; the artist name remains UI metadata and is never sent to the writer.,Alternative Rock Catharsis,Classic Rock,70s Classic Rock,,Gritty Rock Shout,Baritone Storyteller,Two Electric Guitars + Bass + Arena Drums,Warm 1970s Tape Studio,,,,,,,,,,,,
Thin Lizzy - Curated v4.6.4 Reference,Artist References / Classic & Modern Rock,Thin Lizzy,Thin Lizzy Classic Rock 70s Classic Rock classic_rock,A searchable Thin Lizzy reference translated into artist-neutral descriptive DNA for 70s Classic Rock; the artist name remains UI metadata and is never sent to the writer.,Alternative Rock Catharsis,Classic Rock,70s Classic Rock,,Gritty Rock Shout,Baritone Storyteller,Two Electric Guitars + Bass + Arena Drums,Warm 1970s Tape Studio,,,,,,,,,,,,
ZZ Top - Curated v4.6.4 Reference,Artist References / Classic & Modern Rock,ZZ Top,ZZ Top Classic Rock 70s Classic Rock classic_rock,A searchable ZZ Top reference translated into artist-neutral descriptive DNA for 70s Classic Rock; the artist name remains UI metadata and is never sent to the writer.,Alternative Rock Catharsis,Classic Rock,70s Classic Rock,,Gritty Rock Shout,Baritone Storyteller,Two Electric Guitars + Bass + Arena Drums,Warm 1970s Tape Studio,,,,,,,,,,,,
The Black Crowes - Curated v4.6.4 Reference,Artist References / Classic & Modern Rock,The Black Crowes,The Black Crowes Classic Rock 70s Classic Rock classic_rock,A searchable The Black Crowes reference translated into artist-neutral descriptive DNA for 70s Classic Rock; the artist name remains UI metadata and is never sent to the writer.,Alternative Rock Catharsis,Classic Rock,70s Classic Rock,,Gritty Rock Shout,Baritone Storyteller,Two Electric Guitars + Bass + Arena Drums,Warm 1970s Tape Studio,,,,,,,,,,,,
Kings of Leon - Curated v4.6.4 Reference,Artist References / Classic & Modern Rock,Kings of Leon,Kings of Leon Rock 2000s Garage Revival modern_rock,A searchable Kings of Leon reference translated into artist-neutral descriptive DNA for 2000s Garage Revival; the artist name remains UI metadata and is never sent to the writer.,Alternative Rock Catharsis,Rock,2000s Garage Revival,,Raspy Rock Belt,Male Lead + Backing Trio,Electric Guitar + Bass + Live Drums,Modern Loud Rock Master,,,,,,,,,,,,
The Killers - Curated v4.6.4 Reference,Artist References / Classic & Modern Rock,The Killers,The Killers Rock 2000s Garage Revival modern_rock,A searchable The Killers reference translated into artist-neutral descriptive DNA for 2000s Garage Revival; the artist name remains UI metadata and is never sent to the writer.,Alternative Rock Catharsis,Rock,2000s Garage Revival,,Raspy Rock Belt,Male Lead + Backing Trio,Electric Guitar + Bass + Live Drums,Modern Loud Rock Master,,,,,,,,,,,,
The Strokes - Curated v4.6.4 Reference,Artist References / Classic & Modern Rock,The Strokes,The Strokes Rock 2000s Garage Revival modern_rock,A searchable The Strokes reference translated into artist-neutral descriptive DNA for 2000s Garage Revival; the artist name remains UI metadata and is never sent to the writer.,Alternative Rock Catharsis,Rock,2000s Garage Revival,,Raspy Rock Belt,Male Lead + Backing Trio,Electric Guitar + Bass + Live Drums,Modern Loud Rock Master,,,,,,,,,,,,
Franz Ferdinand - Curated v4.6.4 Reference,Artist References / Classic & Modern Rock,Franz Ferdinand,Franz Ferdinand Rock 2000s Garage Revival modern_rock,A searchable Franz Ferdinand reference translated into artist-neutral descriptive DNA for 2000s Garage Revival; the artist name remains UI metadata and is never sent to the writer.,Alternative Rock Catharsis,Rock,2000s Garage Revival,,Raspy Rock Belt,Male Lead + Backing Trio,Electric Guitar + Bass + Live Drums,Modern Loud Rock Master,,,,,,,,,,,,
The White Stripes - Curated v4.6.4 Reference,Artist References / Classic & Modern Rock,The White Stripes,The White Stripes Rock 2000s Garage Revival modern_rock,A searchable The White Stripes reference translated into artist-neutral descriptive DNA for 2000s Garage Revival; the artist name remains UI metadata and is never sent to the writer.,Alternative Rock Catharsis,Rock,2000s Garage Revival,,Raspy Rock Belt,Male Lead + Backing Trio,Electric Guitar + Bass + Live Drums,Modern Loud Rock Master,,,,,,,,,,,,
The Hives - Curated v4.6.4 Reference,Artist References / Classic & Modern Rock,The Hives,The Hives Rock 2000s Garage Revival modern_rock,A searchable The Hives reference translated into artist-neutral descriptive DNA for 2000s Garage Revival; the artist name remains UI metadata and is never sent to the writer.,Alternative Rock Catharsis,Rock,2000s Garage Revival,,Raspy Rock Belt,Male Lead + Backing Trio,Electric Guitar + Bass + Live Drums,Modern Loud Rock Master,,,,,,,,,,,,
Royal Blood - Curated v4.6.4 Reference,Artist References / Classic & Modern Rock,Royal Blood,Royal Blood Rock 2000s Garage Revival modern_rock,A searchable Royal Blood reference translated into artist-neutral descriptive DNA for 2000s Garage Revival; the artist name remains UI metadata and is never sent to the writer.,Alternative Rock Catharsis,Rock,2000s Garage Revival,,Raspy Rock Belt,Male Lead + Backing Trio,Electric Guitar + Bass + Live Drums,Modern Loud Rock Master,,,,,,,,,,,,
Nothing But Thieves - Curated v4.6.4 Reference,Artist References / Classic & Modern Rock,Nothing But Thieves,Nothing But Thieves Rock 2000s Garage Revival modern_rock,A searchable Nothing But Thieves reference translated into artist-neutral descriptive DNA for 2000s Garage Revival; the artist name remains UI metadata and is never sent to the writer.,Alternative Rock Catharsis,Rock,2000s Garage Revival,,Raspy Rock Belt,Male Lead + Backing Trio,Electric Guitar + Bass + Live Drums,Modern Loud Rock Master,,,,,,,,,,,,
Greta Van Fleet - Curated v4.6.4 Reference,Artist References / Classic & Modern Rock,Greta Van Fleet,Greta Van Fleet Rock 2000s Garage Revival modern_rock,A searchable Greta Van Fleet reference translated into artist-neutral descriptive DNA for 2000s Garage Revival; the artist name remains UI metadata and is never sent to the writer.,Alternative Rock Catharsis,Rock,2000s Garage Revival,,Raspy Rock Belt,Male Lead + Backing Trio,Electric Guitar + Bass + Live Drums,Modern Loud Rock Master,,,,,,,,,,,,
Rival Sons - Curated v4.6.4 Reference,Artist References / Classic & Modern Rock,Rival Sons,Rival Sons Rock 2000s Garage Revival modern_rock,A searchable Rival Sons reference translated into artist-neutral descriptive DNA for 2000s Garage Revival; the artist name remains UI metadata and is never sent to the writer.,Alternative Rock Catharsis,Rock,2000s Garage Revival,,Raspy Rock Belt,Male Lead + Backing Trio,Electric Guitar + Bass + Live Drums,Modern Loud Rock Master,,,,,,,,,,,,
Blur - Curated v4.6.4 Reference,Artist References / Indie Britpop & Post-Punk,Blur,Blur Britpop 90s Britpop brit_indie,A searchable Blur reference translated into artist-neutral descriptive DNA for 90s Britpop; the artist name remains UI metadata and is never sent to the writer.,Alternative Rock Catharsis,Britpop,90s Britpop,,Indie Deadpan,Baritone Storyteller,Clean Jangle Guitar + Bass + Live Drums,Punchy 1990s Alternative Mix,,,,,,,,,,,,
Pulp - Curated v4.6.4 Reference,Artist References / Indie Britpop & Post-Punk,Pulp,Pulp Britpop 90s Britpop brit_indie,A searchable Pulp reference translated into artist-neutral descriptive DNA for 90s Britpop; the artist name remains UI metadata and is never sent to the writer.,Alternative Rock Catharsis,Britpop,90s Britpop,,Indie Deadpan,Baritone Storyteller,Clean Jangle Guitar + Bass + Live Drums,Punchy 1990s Alternative Mix,,,,,,,,,,,,
Suede - Curated v4.6.4 Reference,Artist References / Indie Britpop & Post-Punk,Suede,Suede Britpop 90s Britpop brit_indie,A searchable Suede reference translated into artist-neutral descriptive DNA for 90s Britpop; the artist name remains UI metadata and is never sent to the writer.,Alternative Rock Catharsis,Britpop,90s Britpop,,Indie Deadpan,Baritone Storyteller,Clean Jangle Guitar + Bass + Live Drums,Punchy 1990s Alternative Mix,,,,,,,,,,,,
The Verve - Curated v4.6.4 Reference,Artist References / Indie Britpop & Post-Punk,The Verve,The Verve Britpop 90s Britpop brit_indie,A searchable The Verve reference translated into artist-neutral descriptive DNA for 90s Britpop; the artist name remains UI metadata and is never sent to the writer.,Alternative Rock Catharsis,Britpop,90s Britpop,,Indie Deadpan,Baritone Storyteller,Clean Jangle Guitar + Bass + Live Drums,Punchy 1990s Alternative Mix,,,,,,,,,,,,
The Stone Roses - Curated v4.6.4 Reference,Artist References / Indie Britpop & Post-Punk,The Stone Roses,The Stone Roses Britpop 90s Britpop brit_indie,A searchable The Stone Roses reference translated into artist-neutral descriptive DNA for 90s Britpop; the artist name remains UI metadata and is never sent to the writer.,Alternative Rock Catharsis,Britpop,90s Britpop,,Indie Deadpan,Baritone Storyteller,Clean Jangle Guitar + Bass + Live Drums,Punchy 1990s Alternative Mix,,,,,,,,,,,,
The Smiths - Curated v4.6.4 Reference,Artist References / Indie Britpop & Post-Punk,The Smiths,The Smiths Britpop 90s Britpop brit_indie,A searchable The Smiths reference translated into artist-neutral descriptive DNA for 90s Britpop; the artist name remains UI metadata and is never sent to the writer.,Alternative Rock Catharsis,Britpop,90s Britpop,,Indie Deadpan,Baritone Storyteller,Clean Jangle Guitar + Bass + Live Drums,Punchy 1990s Alternative Mix,,,,,,,,,,,,
Joy Division - Curated v4.6.4 Reference,Artist References / Indie Britpop & Post-Punk,Joy Division,Joy Division Post-Punk 2000s Post-Punk Revival postpunk,A searchable Joy Division reference translated into artist-neutral descriptive DNA for 2000s Post-Punk Revival; the artist name remains UI metadata and is never sent to the writer.,Alternative Rock Catharsis,Post-Punk,2000s Post-Punk Revival,,Coldly Controlled Vocal,Deep Male Lead,Baritone Guitar + Bass + Floor-Tom Drums,Cold Industrial Machine Mix,,,,,,,,,,,,
New Order - Curated v4.6.4 Reference,Artist References / Indie Britpop & Post-Punk,New Order,New Order Post-Punk 2000s Post-Punk Revival postpunk,A searchable New Order reference translated into artist-neutral descriptive DNA for 2000s Post-Punk Revival; the artist name remains UI metadata and is never sent to the writer.,Alternative Rock Catharsis,Post-Punk,2000s Post-Punk Revival,,Coldly Controlled Vocal,Deep Male Lead,Baritone Guitar + Bass + Floor-Tom Drums,Cold Industrial Machine Mix,,,,,,,,,,,,
Interpol - Curated v4.6.4 Reference,Artist References / Indie Britpop & Post-Punk,Interpol,Interpol Post-Punk 2000s Post-Punk Revival postpunk,A searchable Interpol reference translated into artist-neutral descriptive DNA for 2000s Post-Punk Revival; the artist name remains UI metadata and is never sent to the writer.,Alternative Rock Catharsis,Post-Punk,2000s Post-Punk Revival,,Coldly Controlled Vocal,Deep Male Lead,Baritone Guitar + Bass + Floor-Tom Drums,Cold Industrial Machine Mix,,,,,,,,,,,,
Editors - Curated v4.6.4 Reference,Artist References / Indie Britpop & Post-Punk,Editors,Editors Post-Punk 2000s Post-Punk Revival postpunk,A searchable Editors reference translated into artist-neutral descriptive DNA for 2000s Post-Punk Revival; the artist name remains UI metadata and is never sent to the writer.,Alternative Rock Catharsis,Post-Punk,2000s Post-Punk Revival,,Coldly Controlled Vocal,Deep Male Lead,Baritone Guitar + Bass + Floor-Tom Drums,Cold Industrial Machine Mix,,,,,,,,,,,,
Bloc Party - Curated v4.6.4 Reference,Artist References / Indie Britpop & Post-Punk,Bloc Party,Bloc Party Post-Punk 2000s Post-Punk Revival postpunk,A searchable Bloc Party reference translated into artist-neutral descriptive DNA for 2000s Post-Punk Revival; the artist name remains UI metadata and is never sent to the writer.,Alternative Rock Catharsis,Post-Punk,2000s Post-Punk Revival,,Coldly Controlled Vocal,Deep Male Lead,Baritone Guitar + Bass + Floor-Tom Drums,Cold Industrial Machine Mix,,,,,,,,,,,,
The National - Curated v4.6.4 Reference,Artist References / Indie Britpop & Post-Punk,The National,The National Indie Rock 90s Slacker Indie us_indie,A searchable The National reference translated into artist-neutral descriptive DNA for 90s Slacker Indie; the artist name remains UI metadata and is never sent to the writer.,Ethereal Dream Pop,Indie Rock,90s Slacker Indie,,Indie Deadpan,Androgynous Lead,Clean Jangle Guitar + Bass + Live Drums,Minimal Bedroom Recording,,,,,,,,,,,,
Arcade Fire - Curated v4.6.4 Reference,Artist References / Indie Britpop & Post-Punk,Arcade Fire,Arcade Fire Indie Rock 90s Slacker Indie us_indie,A searchable Arcade Fire reference translated into artist-neutral descriptive DNA for 90s Slacker Indie; the artist name remains UI metadata and is never sent to the writer.,Ethereal Dream Pop,Indie Rock,90s Slacker Indie,,Indie Deadpan,Androgynous Lead,Clean Jangle Guitar + Bass + Live Drums,Minimal Bedroom Recording,,,,,,,,,,,,
Modest Mouse - Curated v4.6.4 Reference,Artist References / Indie Britpop & Post-Punk,Modest Mouse,Modest Mouse Indie Rock 90s Slacker Indie us_indie,A searchable Modest Mouse reference translated into artist-neutral descriptive DNA for 90s Slacker Indie; the artist name remains UI metadata and is never sent to the writer.,Ethereal Dream Pop,Indie Rock,90s Slacker Indie,,Indie Deadpan,Androgynous Lead,Clean Jangle Guitar + Bass + Live Drums,Minimal Bedroom Recording,,,,,,,,,,,,
Pixies - Curated v4.6.4 Reference,Artist References / Indie Britpop & Post-Punk,Pixies,Pixies Indie Rock 90s Slacker Indie us_indie,A searchable Pixies reference translated into artist-neutral descriptive DNA for 90s Slacker Indie; the artist name remains UI metadata and is never sent to the writer.,Ethereal Dream Pop,Indie Rock,90s Slacker Indie,,Indie Deadpan,Androgynous Lead,Clean Jangle Guitar + Bass + Live Drums,Minimal Bedroom Recording,,,,,,,,,,,,
R.E.M. - Curated v4.6.4 Reference,Artist References / Indie Britpop & Post-Punk,R.E.M.,R.E.M. Indie Rock 90s Slacker Indie us_indie,A searchable R.E.M. reference translated into artist-neutral descriptive DNA for 90s Slacker Indie; the artist name remains UI metadata and is never sent to the writer.,Ethereal Dream Pop,Indie Rock,90s Slacker Indie,,Indie Deadpan,Androgynous Lead,Clean Jangle Guitar + Bass + Live Drums,Minimal Bedroom Recording,,,,,,,,,,,,
Pavement - Curated v4.6.4 Reference,Artist References / Indie Britpop & Post-Punk,Pavement,Pavement Indie Rock 90s Slacker Indie us_indie,A searchable Pavement reference translated into artist-neutral descriptive DNA for 90s Slacker Indie; the artist name remains UI metadata and is never sent to the writer.,Ethereal Dream Pop,Indie Rock,90s Slacker Indie,,Indie Deadpan,Androgynous Lead,Clean Jangle Guitar + Bass + Live Drums,Minimal Bedroom Recording,,,,,,,,,,,,
The War on Drugs - Curated v4.6.4 Reference,Artist References / Indie Britpop & Post-Punk,The War on Drugs,The War on Drugs Indie Rock 90s Slacker Indie us_indie,A searchable The War on Drugs reference translated into artist-neutral descriptive DNA for 90s Slacker Indie; the artist name remains UI metadata and is never sent to the writer.,Ethereal Dream Pop,Indie Rock,90s Slacker Indie,,Indie Deadpan,Androgynous Lead,Clean Jangle Guitar + Bass + Live Drums,Minimal Bedroom Recording,,,,,,,,,,,,
Tame Impala - Curated v4.6.4 Reference,Artist References / Indie Britpop & Post-Punk,Tame Impala,Tame Impala Indie Rock 90s Slacker Indie us_indie,A searchable Tame Impala reference translated into artist-neutral descriptive DNA for 90s Slacker Indie; the artist name remains UI metadata and is never sent to the writer.,Ethereal Dream Pop,Indie Rock,90s Slacker Indie,,Indie Deadpan,Androgynous Lead,Clean Jangle Guitar + Bass + Live Drums,Minimal Bedroom Recording,,,,,,,,,,,,
MGMT - Curated v4.6.4 Reference,Artist References / Indie Britpop & Post-Punk,MGMT,MGMT Indie Rock 90s Slacker Indie us_indie,A searchable MGMT reference translated into artist-neutral descriptive DNA for 90s Slacker Indie; the artist name remains UI metadata and is never sent to the writer.,Ethereal Dream Pop,Indie Rock,90s Slacker Indie,,Indie Deadpan,Androgynous Lead,Clean Jangle Guitar + Bass + Live Drums,Minimal Bedroom Recording,,,,,,,,,,,,
Judas Priest - Curated v4.6.4 Reference,Artist References / Metal Punk & Hardcore,Judas Priest,Judas Priest Metal 80s NWOBHM classic_metal,A searchable Judas Priest reference translated into artist-neutral descriptive DNA for 80s NWOBHM; the artist name remains UI metadata and is never sent to the writer.,Classic Heavy Metal,Metal,80s NWOBHM,,Clean Metal Chorus,Male Lead + Backing Trio,Heavy Guitars + Bass + Double-Kick Drums,Wide Arena Live Sound,,,,,,,,,,,,
Megadeth - Curated v4.6.4 Reference,Artist References / Metal Punk & Hardcore,Megadeth,Megadeth Metal 80s NWOBHM classic_metal,A searchable Megadeth reference translated into artist-neutral descriptive DNA for 80s NWOBHM; the artist name remains UI metadata and is never sent to the writer.,Classic Heavy Metal,Metal,80s NWOBHM,,Clean Metal Chorus,Male Lead + Backing Trio,Heavy Guitars + Bass + Double-Kick Drums,Wide Arena Live Sound,,,,,,,,,,,,
Slayer - Curated v4.6.4 Reference,Artist References / Metal Punk & Hardcore,Slayer,Slayer Metal 80s NWOBHM classic_metal,A searchable Slayer reference translated into artist-neutral descriptive DNA for 80s NWOBHM; the artist name remains UI metadata and is never sent to the writer.,Classic Heavy Metal,Metal,80s NWOBHM,,Clean Metal Chorus,Male Lead + Backing Trio,Heavy Guitars + Bass + Double-Kick Drums,Wide Arena Live Sound,,,,,,,,,,,,
Anthrax - Curated v4.6.4 Reference,Artist References / Metal Punk & Hardcore,Anthrax,Anthrax Metal 80s NWOBHM classic_metal,A searchable Anthrax reference translated into artist-neutral descriptive DNA for 80s NWOBHM; the artist name remains UI metadata and is never sent to the writer.,Classic Heavy Metal,Metal,80s NWOBHM,,Clean Metal Chorus,Male Lead + Backing Trio,Heavy Guitars + Bass + Double-Kick Drums,Wide Arena Live Sound,,,,,,,,,,,,
Pantera - Curated v4.6.4 Reference,Artist References / Metal Punk & Hardcore,Pantera,Pantera Metal 80s NWOBHM classic_metal,A searchable Pantera reference translated into artist-neutral descriptive DNA for 80s NWOBHM; the artist name remains UI metadata and is never sent to the writer.,Classic Heavy Metal,Metal,80s NWOBHM,,Clean Metal Chorus,Male Lead + Backing Trio,Heavy Guitars + Bass + Double-Kick Drums,Wide Arena Live Sound,,,,,,,,,,,,
Tool - Curated v4.6.4 Reference,Artist References / Metal Punk & Hardcore,Tool,Tool Nu Metal 90s Alternative Metal alt_metal,A searchable Tool reference translated into artist-neutral descriptive DNA for 90s Alternative Metal; the artist name remains UI metadata and is never sent to the writer.,Classic Heavy Metal,Nu Metal,90s Alternative Metal,,Gritty Rock Shout,Deep Male Lead,Heavy Guitars + Bass + Double-Kick Drums,Modern Loud Rock Master,,,,,,,,,,,,
System of a Down - Curated v4.6.4 Reference,Artist References / Metal Punk & Hardcore,System of a Down,System of a Down Nu Metal 90s Alternative Metal alt_metal,A searchable System of a Down reference translated into artist-neutral descriptive DNA for 90s Alternative Metal; the artist name remains UI metadata and is never sent to the writer.,Classic Heavy Metal,Nu Metal,90s Alternative Metal,,Gritty Rock Shout,Deep Male Lead,Heavy Guitars + Bass + Double-Kick Drums,Modern Loud Rock Master,,,,,,,,,,,,
Korn - Curated v4.6.4 Reference,Artist References / Metal Punk & Hardcore,Korn,Korn Nu Metal 90s Alternative Metal alt_metal,A searchable Korn reference translated into artist-neutral descriptive DNA for 90s Alternative Metal; the artist name remains UI metadata and is never sent to the writer.,Classic Heavy Metal,Nu Metal,90s Alternative Metal,,Gritty Rock Shout,Deep Male Lead,Heavy Guitars + Bass + Double-Kick Drums,Modern Loud Rock Master,,,,,,,,,,,,
Deftones - Curated v4.6.4 Reference,Artist References / Metal Punk & Hardcore,Deftones,Deftones Nu Metal 90s Alternative Metal alt_metal,A searchable Deftones reference translated into artist-neutral descriptive DNA for 90s Alternative Metal; the artist name remains UI metadata and is never sent to the writer.,Classic Heavy Metal,Nu Metal,90s Alternative Metal,,Gritty Rock Shout,Deep Male Lead,Heavy Guitars + Bass + Double-Kick Drums,Modern Loud Rock Master,,,,,,,,,,,,
Avenged Sevenfold - Curated v4.6.4 Reference,Artist References / Metal Punk & Hardcore,Avenged Sevenfold,Avenged Sevenfold Nu Metal 90s Alternative Metal alt_metal,A searchable Avenged Sevenfold reference translated into artist-neutral descriptive DNA for 90s Alternative Metal; the artist name remains UI metadata and is never sent to the writer.,Classic Heavy Metal,Nu Metal,90s Alternative Metal,,Gritty Rock Shout,Deep Male Lead,Heavy Guitars + Bass + Double-Kick Drums,Modern Loud Rock Master,,,,,,,,,,,,
Disturbed - Curated v4.6.4 Reference,Artist References / Metal Punk & Hardcore,Disturbed,Disturbed Nu Metal 90s Alternative Metal alt_metal,A searchable Disturbed reference translated into artist-neutral descriptive DNA for 90s Alternative Metal; the artist name remains UI metadata and is never sent to the writer.,Classic Heavy Metal,Nu Metal,90s Alternative Metal,,Gritty Rock Shout,Deep Male Lead,Heavy Guitars + Bass + Double-Kick Drums,Modern Loud Rock Master,,,,,,,,,,,,
Lamb of God - Curated v4.6.4 Reference,Artist References / Metal Punk & Hardcore,Lamb of God,Lamb of God Progressive Metal Modern Progressive Metal prog_metal,A searchable Lamb of God reference translated into artist-neutral descriptive DNA for Modern Progressive Metal; the artist name remains UI metadata and is never sent to the writer.,Metalcore Breakdown,Progressive Metal,Modern Progressive Metal,,Clean Metal Chorus,Baritone Storyteller,Heavy Guitars + Bass + Double-Kick Drums,Modern Loud Rock Master,,,,,,,,,,,,
Gojira - Curated v4.6.4 Reference,Artist References / Metal Punk & Hardcore,Gojira,Gojira Progressive Metal Modern Progressive Metal prog_metal,A searchable Gojira reference translated into artist-neutral descriptive DNA for Modern Progressive Metal; the artist name remains UI metadata and is never sent to the writer.,Metalcore Breakdown,Progressive Metal,Modern Progressive Metal,,Clean Metal Chorus,Baritone Storyteller,Heavy Guitars + Bass + Double-Kick Drums,Modern Loud Rock Master,,,,,,,,,,,,
Mastodon - Curated v4.6.4 Reference,Artist References / Metal Punk & Hardcore,Mastodon,Mastodon Progressive Metal Modern Progressive Metal prog_metal,A searchable Mastodon reference translated into artist-neutral descriptive DNA for Modern Progressive Metal; the artist name remains UI metadata and is never sent to the writer.,Metalcore Breakdown,Progressive Metal,Modern Progressive Metal,,Clean Metal Chorus,Baritone Storyteller,Heavy Guitars + Bass + Double-Kick Drums,Modern Loud Rock Master,,,,,,,,,,,,
Opeth - Curated v4.6.4 Reference,Artist References / Metal Punk & Hardcore,Opeth,Opeth Progressive Metal Modern Progressive Metal prog_metal,A searchable Opeth reference translated into artist-neutral descriptive DNA for Modern Progressive Metal; the artist name remains UI metadata and is never sent to the writer.,Metalcore Breakdown,Progressive Metal,Modern Progressive Metal,,Clean Metal Chorus,Baritone Storyteller,Heavy Guitars + Bass + Double-Kick Drums,Modern Loud Rock Master,,,,,,,,,,,,
Nightwish - Curated v4.6.4 Reference,Artist References / Metal Punk & Hardcore,Nightwish,Nightwish Progressive Metal Modern Progressive Metal prog_metal,A searchable Nightwish reference translated into artist-neutral descriptive DNA for Modern Progressive Metal; the artist name remains UI metadata and is never sent to the writer.,Metalcore Breakdown,Progressive Metal,Modern Progressive Metal,,Clean Metal Chorus,Baritone Storyteller,Heavy Guitars + Bass + Double-Kick Drums,Modern Loud Rock Master,,,,,,,,,,,,
Within Temptation - Curated v4.6.4 Reference,Artist References / Metal Punk & Hardcore,Within Temptation,Within Temptation Progressive Metal Modern Progressive Metal prog_metal,A searchable Within Temptation reference translated into artist-neutral descriptive DNA for Modern Progressive Metal; the artist name remains UI metadata and is never sent to the writer.,Metalcore Breakdown,Progressive Metal,Modern Progressive Metal,,Clean Metal Chorus,Baritone Storyteller,Heavy Guitars + Bass + Double-Kick Drums,Modern Loud Rock Master,,,,,,,,,,,,
Spiritbox - Curated v4.6.4 Reference,Artist References / Metal Punk & Hardcore,Spiritbox,Spiritbox Metalcore 2000s Metalcore modern_core,A searchable Spiritbox reference translated into artist-neutral descriptive DNA for 2000s Metalcore; the artist name remains UI metadata and is never sent to the writer.,Metalcore Breakdown,Metalcore,2000s Metalcore,,High Metal Scream,Mixed-Gender Duet — Trading Leads,Heavy Guitars + Bass + Double-Kick Drums,Modern Loud Rock Master,,,,,,,,,,,,
Architects - Curated v4.6.4 Reference,Artist References / Metal Punk & Hardcore,Architects,Architects Metalcore 2000s Metalcore modern_core,A searchable Architects reference translated into artist-neutral descriptive DNA for 2000s Metalcore; the artist name remains UI metadata and is never sent to the writer.,Metalcore Breakdown,Metalcore,2000s Metalcore,,High Metal Scream,Mixed-Gender Duet — Trading Leads,Heavy Guitars + Bass + Double-Kick Drums,Modern Loud Rock Master,,,,,,,,,,,,
Bad Omens - Curated v4.6.4 Reference,Artist References / Metal Punk & Hardcore,Bad Omens,Bad Omens Metalcore 2000s Metalcore modern_core,A searchable Bad Omens reference translated into artist-neutral descriptive DNA for 2000s Metalcore; the artist name remains UI metadata and is never sent to the writer.,Metalcore Breakdown,Metalcore,2000s Metalcore,,High Metal Scream,Mixed-Gender Duet — Trading Leads,Heavy Guitars + Bass + Double-Kick Drums,Modern Loud Rock Master,,,,,,,,,,,,
Rise Against - Curated v4.6.4 Reference,Artist References / Metal Punk & Hardcore,Rise Against,Rise Against Pop-Punk 90s Pop-Punk punk_alt,A searchable Rise Against reference translated into artist-neutral descriptive DNA for 90s Pop-Punk; the artist name remains UI metadata and is never sent to the writer.,Pop-Punk Summer,Pop-Punk,90s Pop-Punk,,Pop-Punk Snarl and Lift,Male Lead + Backing Trio,Pop-Punk Guitars + Bass + Punchy Drums,Glossy 2000s Pop-Rock Mix,,,,,,,,,,,,
The Offspring - Curated v4.6.4 Reference,Artist References / Metal Punk & Hardcore,The Offspring,The Offspring Pop-Punk 90s Pop-Punk punk_alt,A searchable The Offspring reference translated into artist-neutral descriptive DNA for 90s Pop-Punk; the artist name remains UI metadata and is never sent to the writer.,Pop-Punk Summer,Pop-Punk,90s Pop-Punk,,Pop-Punk Snarl and Lift,Male Lead + Backing Trio,Pop-Punk Guitars + Bass + Punchy Drums,Glossy 2000s Pop-Rock Mix,,,,,,,,,,,,
Sum 41 - Curated v4.6.4 Reference,Artist References / Metal Punk & Hardcore,Sum 41,Sum 41 Pop-Punk 90s Pop-Punk punk_alt,A searchable Sum 41 reference translated into artist-neutral descriptive DNA for 90s Pop-Punk; the artist name remains UI metadata and is never sent to the writer.,Pop-Punk Summer,Pop-Punk,90s Pop-Punk,,Pop-Punk Snarl and Lift,Male Lead + Backing Trio,Pop-Punk Guitars + Bass + Punchy Drums,Glossy 2000s Pop-Rock Mix,,,,,,,,,,,,
Fall Out Boy - Curated v4.6.4 Reference,Artist References / Metal Punk & Hardcore,Fall Out Boy,Fall Out Boy Pop-Punk 90s Pop-Punk punk_alt,A searchable Fall Out Boy reference translated into artist-neutral descriptive DNA for 90s Pop-Punk; the artist name remains UI metadata and is never sent to the writer.,Pop-Punk Summer,Pop-Punk,90s Pop-Punk,,Pop-Punk Snarl and Lift,Male Lead + Backing Trio,Pop-Punk Guitars + Bass + Punchy Drums,Glossy 2000s Pop-Rock Mix,,,,,,,,,,,,
Turnstile - Curated v4.6.4 Reference,Artist References / Metal Punk & Hardcore,Turnstile,Turnstile Pop-Punk 90s Pop-Punk punk_alt,A searchable Turnstile reference translated into artist-neutral descriptive DNA for 90s Pop-Punk; the artist name remains UI metadata and is never sent to the writer.,Pop-Punk Summer,Pop-Punk,90s Pop-Punk,,Pop-Punk Snarl and Lift,Male Lead + Backing Trio,Pop-Punk Guitars + Bass + Punchy Drums,Glossy 2000s Pop-Rock Mix,,,,,,,,,,,,
Jay-Z - Curated v4.6.4 Reference,Artist References / Hip-Hop Rap & Regional,Jay-Z,Jay-Z Boom Bap 90s East Coast Boom Bap boom_bap,A searchable Jay-Z reference translated into artist-neutral descriptive DNA for 90s East Coast Boom Bap; the artist name remains UI metadata and is never sent to the writer.,Golden Era Boom Bap,Boom Bap,90s East Coast Boom Bap,,Detailed Narrative Rap,Rap Duo,Boom-Bap Drums + Chopped Soul Samples + Bass,Dusty Boom-Bap Mix,,,,,,,,,,,,
J. Cole - Curated v4.6.4 Reference,Artist References / Hip-Hop Rap & Regional,J. Cole,J. Cole Boom Bap 90s East Coast Boom Bap boom_bap,A searchable J. Cole reference translated into artist-neutral descriptive DNA for 90s East Coast Boom Bap; the artist name remains UI metadata and is never sent to the writer.,Golden Era Boom Bap,Boom Bap,90s East Coast Boom Bap,,Detailed Narrative Rap,Rap Duo,Boom-Bap Drums + Chopped Soul Samples + Bass,Dusty Boom-Bap Mix,,,,,,,,,,,,
Lauryn Hill - Curated v4.6.4 Reference,Artist References / Hip-Hop Rap & Regional,Lauryn Hill,Lauryn Hill Boom Bap 90s East Coast Boom Bap boom_bap,A searchable Lauryn Hill reference translated into artist-neutral descriptive DNA for 90s East Coast Boom Bap; the artist name remains UI metadata and is never sent to the writer.,Golden Era Boom Bap,Boom Bap,90s East Coast Boom Bap,,Detailed Narrative Rap,Rap Duo,Boom-Bap Drums + Chopped Soul Samples + Bass,Dusty Boom-Bap Mix,,,,,,,,,,,,
Missy Elliott - Curated v4.6.4 Reference,Artist References / Hip-Hop Rap & Regional,Missy Elliott,Missy Elliott Boom Bap 90s East Coast Boom Bap boom_bap,A searchable Missy Elliott reference translated into artist-neutral descriptive DNA for 90s East Coast Boom Bap; the artist name remains UI metadata and is never sent to the writer.,Golden Era Boom Bap,Boom Bap,90s East Coast Boom Bap,,Detailed Narrative Rap,Rap Duo,Boom-Bap Drums + Chopped Soul Samples + Bass,Dusty Boom-Bap Mix,,,,,,,,,,,,
Lil' Kim - Curated v4.6.4 Reference,Artist References / Hip-Hop Rap & Regional,Lil' Kim,Lil' Kim Boom Bap 90s East Coast Boom Bap boom_bap,A searchable Lil' Kim reference translated into artist-neutral descriptive DNA for 90s East Coast Boom Bap; the artist name remains UI metadata and is never sent to the writer.,Golden Era Boom Bap,Boom Bap,90s East Coast Boom Bap,,Detailed Narrative Rap,Rap Duo,Boom-Bap Drums + Chopped Soul Samples + Bass,Dusty Boom-Bap Mix,,,,,,,,,,,,
Salt-N-Pepa - Curated v4.6.4 Reference,Artist References / Hip-Hop Rap & Regional,Salt-N-Pepa,Salt-N-Pepa Boom Bap 90s East Coast Boom Bap boom_bap,A searchable Salt-N-Pepa reference translated into artist-neutral descriptive DNA for 90s East Coast Boom Bap; the artist name remains UI metadata and is never sent to the writer.,Golden Era Boom Bap,Boom Bap,90s East Coast Boom Bap,,Detailed Narrative Rap,Rap Duo,Boom-Bap Drums + Chopped Soul Samples + Bass,Dusty Boom-Bap Mix,,,,,,,,,,,,
Run-D.M.C. - Curated v4.6.4 Reference,Artist References / Hip-Hop Rap & Regional,Run-D.M.C.,Run-D.M.C. Boom Bap 90s East Coast Boom Bap boom_bap,A searchable Run-D.M.C. reference translated into artist-neutral descriptive DNA for 90s East Coast Boom Bap; the artist name remains UI metadata and is never sent to the writer.,Golden Era Boom Bap,Boom Bap,90s East Coast Boom Bap,,Detailed Narrative Rap,Rap Duo,Boom-Bap Drums + Chopped Soul Samples + Bass,Dusty Boom-Bap Mix,,,,,,,,,,,,
Public Enemy - Curated v4.6.4 Reference,Artist References / Hip-Hop Rap & Regional,Public Enemy,Public Enemy Boom Bap 90s East Coast Boom Bap boom_bap,A searchable Public Enemy reference translated into artist-neutral descriptive DNA for 90s East Coast Boom Bap; the artist name remains UI metadata and is never sent to the writer.,Golden Era Boom Bap,Boom Bap,90s East Coast Boom Bap,,Detailed Narrative Rap,Rap Duo,Boom-Bap Drums + Chopped Soul Samples + Bass,Dusty Boom-Bap Mix,,,,,,,,,,,,
A Tribe Called Quest - Curated v4.6.4 Reference,Artist References / Hip-Hop Rap & Regional,A Tribe Called Quest,A Tribe Called Quest Boom Bap 90s East Coast Boom Bap boom_bap,A searchable A Tribe Called Quest reference translated into artist-neutral descriptive DNA for 90s East Coast Boom Bap; the artist name remains UI metadata and is never sent to the writer.,Golden Era Boom Bap,Boom Bap,90s East Coast Boom Bap,,Detailed Narrative Rap,Rap Duo,Boom-Bap Drums + Chopped Soul Samples + Bass,Dusty Boom-Bap Mix,,,,,,,,,,,,
De La Soul - Curated v4.6.4 Reference,Artist References / Hip-Hop Rap & Regional,De La Soul,De La Soul Boom Bap 90s East Coast Boom Bap boom_bap,A searchable De La Soul reference translated into artist-neutral descriptive DNA for 90s East Coast Boom Bap; the artist name remains UI metadata and is never sent to the writer.,Golden Era Boom Bap,Boom Bap,90s East Coast Boom Bap,,Detailed Narrative Rap,Rap Duo,Boom-Bap Drums + Chopped Soul Samples + Bass,Dusty Boom-Bap Mix,,,,,,,,,,,,
Busta Rhymes - Curated v4.6.4 Reference,Artist References / Hip-Hop Rap & Regional,Busta Rhymes,Busta Rhymes Boom Bap 90s East Coast Boom Bap boom_bap,A searchable Busta Rhymes reference translated into artist-neutral descriptive DNA for 90s East Coast Boom Bap; the artist name remains UI metadata and is never sent to the writer.,Golden Era Boom Bap,Boom Bap,90s East Coast Boom Bap,,Detailed Narrative Rap,Rap Duo,Boom-Bap Drums + Chopped Soul Samples + Bass,Dusty Boom-Bap Mix,,,,,,,,,,,,
Method Man - Curated v4.6.4 Reference,Artist References / Hip-Hop Rap & Regional,Method Man,Method Man Boom Bap 90s East Coast Boom Bap boom_bap,A searchable Method Man reference translated into artist-neutral descriptive DNA for 90s East Coast Boom Bap; the artist name remains UI metadata and is never sent to the writer.,Golden Era Boom Bap,Boom Bap,90s East Coast Boom Bap,,Detailed Narrative Rap,Rap Duo,Boom-Bap Drums + Chopped Soul Samples + Bass,Dusty Boom-Bap Mix,,,,,,,,,,,,
Redman - Curated v4.6.4 Reference,Artist References / Hip-Hop Rap & Regional,Redman,Redman Boom Bap 90s East Coast Boom Bap boom_bap,A searchable Redman reference translated into artist-neutral descriptive DNA for 90s East Coast Boom Bap; the artist name remains UI metadata and is never sent to the writer.,Golden Era Boom Bap,Boom Bap,90s East Coast Boom Bap,,Detailed Narrative Rap,Rap Duo,Boom-Bap Drums + Chopped Soul Samples + Bass,Dusty Boom-Bap Mix,,,,,,,,,,,,
MF DOOM - Curated v4.6.4 Reference,Artist References / Hip-Hop Rap & Regional,MF DOOM,MF DOOM Boom Bap 90s East Coast Boom Bap boom_bap,A searchable MF DOOM reference translated into artist-neutral descriptive DNA for 90s East Coast Boom Bap; the artist name remains UI metadata and is never sent to the writer.,Golden Era Boom Bap,Boom Bap,90s East Coast Boom Bap,,Detailed Narrative Rap,Rap Duo,Boom-Bap Drums + Chopped Soul Samples + Bass,Dusty Boom-Bap Mix,,,,,,,,,,,,
N.W.A. - Curated v4.6.4 Reference,Artist References / Hip-Hop Rap & Regional,N.W.A.,N.W.A. Hip-Hop / Rap 90s West Coast G-Funk west_south_rap,A searchable N.W.A. reference translated into artist-neutral descriptive DNA for 90s West Coast G-Funk; the artist name remains UI metadata and is never sent to the writer.,West Coast G-Funk Cruise,Hip-Hop / Rap,90s West Coast G-Funk,,Conversational Rap Storytelling,Rap Crew / Posse Vocal,Boom-Bap Drums + Chopped Soul Samples + Bass,Warm 1970s Tape Studio,,,,,,,,,,,,
Ice Cube - Curated v4.6.4 Reference,Artist References / Hip-Hop Rap & Regional,Ice Cube,Ice Cube Hip-Hop / Rap 90s West Coast G-Funk west_south_rap,A searchable Ice Cube reference translated into artist-neutral descriptive DNA for 90s West Coast G-Funk; the artist name remains UI metadata and is never sent to the writer.,West Coast G-Funk Cruise,Hip-Hop / Rap,90s West Coast G-Funk,,Conversational Rap Storytelling,Rap Crew / Posse Vocal,Boom-Bap Drums + Chopped Soul Samples + Bass,Warm 1970s Tape Studio,,,,,,,,,,,,
Dr. Dre - Curated v4.6.4 Reference,Artist References / Hip-Hop Rap & Regional,Dr. Dre,Dr. Dre Hip-Hop / Rap 90s West Coast G-Funk west_south_rap,A searchable Dr. Dre reference translated into artist-neutral descriptive DNA for 90s West Coast G-Funk; the artist name remains UI metadata and is never sent to the writer.,West Coast G-Funk Cruise,Hip-Hop / Rap,90s West Coast G-Funk,,Conversational Rap Storytelling,Rap Crew / Posse Vocal,Boom-Bap Drums + Chopped Soul Samples + Bass,Warm 1970s Tape Studio,,,,,,,,,,,,
50 Cent - Curated v4.6.4 Reference,Artist References / Hip-Hop Rap & Regional,50 Cent,50 Cent Hip-Hop / Rap 90s West Coast G-Funk west_south_rap,A searchable 50 Cent reference translated into artist-neutral descriptive DNA for 90s West Coast G-Funk; the artist name remains UI metadata and is never sent to the writer.,West Coast G-Funk Cruise,Hip-Hop / Rap,90s West Coast G-Funk,,Conversational Rap Storytelling,Rap Crew / Posse Vocal,Boom-Bap Drums + Chopped Soul Samples + Bass,Warm 1970s Tape Studio,,,,,,,,,,,,
DMX - Curated v4.6.4 Reference,Artist References / Hip-Hop Rap & Regional,DMX,DMX Hip-Hop / Rap 90s West Coast G-Funk west_south_rap,A searchable DMX reference translated into artist-neutral descriptive DNA for 90s West Coast G-Funk; the artist name remains UI metadata and is never sent to the writer.,West Coast G-Funk Cruise,Hip-Hop / Rap,90s West Coast G-Funk,,Conversational Rap Storytelling,Rap Crew / Posse Vocal,Boom-Bap Drums + Chopped Soul Samples + Bass,Warm 1970s Tape Studio,,,,,,,,,,,,
Kanye West - Curated v4.6.4 Reference,Artist References / Hip-Hop Rap & Regional,Kanye West,Kanye West Hip-Hop / Rap 90s West Coast G-Funk west_south_rap,A searchable Kanye West reference translated into artist-neutral descriptive DNA for 90s West Coast G-Funk; the artist name remains UI metadata and is never sent to the writer.,West Coast G-Funk Cruise,Hip-Hop / Rap,90s West Coast G-Funk,,Conversational Rap Storytelling,Rap Crew / Posse Vocal,Boom-Bap Drums + Chopped Soul Samples + Bass,Warm 1970s Tape Studio,,,,,,,,,,,,
Lil Wayne - Curated v4.6.4 Reference,Artist References / Hip-Hop Rap & Regional,Lil Wayne,Lil Wayne Hip-Hop / Rap 90s West Coast G-Funk west_south_rap,A searchable Lil Wayne reference translated into artist-neutral descriptive DNA for 90s West Coast G-Funk; the artist name remains UI metadata and is never sent to the writer.,West Coast G-Funk Cruise,Hip-Hop / Rap,90s West Coast G-Funk,,Conversational Rap Storytelling,Rap Crew / Posse Vocal,Boom-Bap Drums + Chopped Soul Samples + Bass,Warm 1970s Tape Studio,,,,,,,,,,,,
Nicki Minaj - Curated v4.6.4 Reference,Artist References / Hip-Hop Rap & Regional,Nicki Minaj,Nicki Minaj Trap Melodic Trap modern_trap,A searchable Nicki Minaj reference translated into artist-neutral descriptive DNA for Melodic Trap; the artist name remains UI metadata and is never sent to the writer.,Heavy Rap / Trap / Drill,Trap,Melodic Trap,,Melodic Rap and Sung Hook,Deep Male Lead,Synths + 808 Bass + Trap Drums,Clean Modern Trap Mix,,,,,,,,,,,,
Cardi B - Curated v4.6.4 Reference,Artist References / Hip-Hop Rap & Regional,Cardi B,Cardi B Trap Melodic Trap modern_trap,A searchable Cardi B reference translated into artist-neutral descriptive DNA for Melodic Trap; the artist name remains UI metadata and is never sent to the writer.,Heavy Rap / Trap / Drill,Trap,Melodic Trap,,Melodic Rap and Sung Hook,Deep Male Lead,Synths + 808 Bass + Trap Drums,Clean Modern Trap Mix,,,,,,,,,,,,
Megan Thee Stallion - Curated v4.6.4 Reference,Artist References / Hip-Hop Rap & Regional,Megan Thee Stallion,Megan Thee Stallion Trap Melodic Trap modern_trap,A searchable Megan Thee Stallion reference translated into artist-neutral descriptive DNA for Melodic Trap; the artist name remains UI metadata and is never sent to the writer.,Heavy Rap / Trap / Drill,Trap,Melodic Trap,,Melodic Rap and Sung Hook,Deep Male Lead,Synths + 808 Bass + Trap Drums,Clean Modern Trap Mix,,,,,,,,,,,,
"Tyler, the Creator - Curated v4.6.4 Reference",Artist References / Hip-Hop Rap & Regional,"Tyler, the Creator","Tyler, the Creator Trap Melodic Trap modern_trap","A searchable Tyler, the Creator reference translated into artist-neutral descriptive DNA for Melodic Trap; the artist name remains UI metadata and is never sent to the writer.",Heavy Rap / Trap / Drill,Trap,Melodic Trap,,Melodic Rap and Sung Hook,Deep Male Lead,Synths + 808 Bass + Trap Drums,Clean Modern Trap Mix,,,,,,,,,,,,
Childish Gambino - Curated v4.6.4 Reference,Artist References / Hip-Hop Rap & Regional,Childish Gambino,Childish Gambino Trap Melodic Trap modern_trap,A searchable Childish Gambino reference translated into artist-neutral descriptive DNA for Melodic Trap; the artist name remains UI metadata and is never sent to the writer.,Heavy Rap / Trap / Drill,Trap,Melodic Trap,,Melodic Rap and Sung Hook,Deep Male Lead,Synths + 808 Bass + Trap Drums,Clean Modern Trap Mix,,,,,,,,,,,,
Mac Miller - Curated v4.6.4 Reference,Artist References / Hip-Hop Rap & Regional,Mac Miller,Mac Miller Trap Melodic Trap modern_trap,A searchable Mac Miller reference translated into artist-neutral descriptive DNA for Melodic Trap; the artist name remains UI metadata and is never sent to the writer.,Heavy Rap / Trap / Drill,Trap,Melodic Trap,,Melodic Rap and Sung Hook,Deep Male Lead,Synths + 808 Bass + Trap Drums,Clean Modern Trap Mix,,,,,,,,,,,,
Juice WRLD - Curated v4.6.4 Reference,Artist References / Hip-Hop Rap & Regional,Juice WRLD,Juice WRLD Trap Melodic Trap modern_trap,A searchable Juice WRLD reference translated into artist-neutral descriptive DNA for Melodic Trap; the artist name remains UI metadata and is never sent to the writer.,Heavy Rap / Trap / Drill,Trap,Melodic Trap,,Melodic Rap and Sung Hook,Deep Male Lead,Synths + 808 Bass + Trap Drums,Clean Modern Trap Mix,,,,,,,,,,,,
XXXTentacion - Curated v4.6.4 Reference,Artist References / Hip-Hop Rap & Regional,XXXTentacion,XXXTentacion Trap Melodic Trap modern_trap,A searchable XXXTentacion reference translated into artist-neutral descriptive DNA for Melodic Trap; the artist name remains UI metadata and is never sent to the writer.,Heavy Rap / Trap / Drill,Trap,Melodic Trap,,Melodic Rap and Sung Hook,Deep Male Lead,Synths + 808 Bass + Trap Drums,Clean Modern Trap Mix,,,,,,,,,,,,
Lil Uzi Vert - Curated v4.6.4 Reference,Artist References / Hip-Hop Rap & Regional,Lil Uzi Vert,Lil Uzi Vert Trap Melodic Trap modern_trap,A searchable Lil Uzi Vert reference translated into artist-neutral descriptive DNA for Melodic Trap; the artist name remains UI metadata and is never sent to the writer.,Heavy Rap / Trap / Drill,Trap,Melodic Trap,,Melodic Rap and Sung Hook,Deep Male Lead,Synths + 808 Bass + Trap Drums,Clean Modern Trap Mix,,,,,,,,,,,,
21 Savage - Curated v4.6.4 Reference,Artist References / Hip-Hop Rap & Regional,21 Savage,21 Savage Trap Melodic Trap modern_trap,A searchable 21 Savage reference translated into artist-neutral descriptive DNA for Melodic Trap; the artist name remains UI metadata and is never sent to the writer.,Heavy Rap / Trap / Drill,Trap,Melodic Trap,,Melodic Rap and Sung Hook,Deep Male Lead,Synths + 808 Bass + Trap Drums,Clean Modern Trap Mix,,,,,,,,,,,,
Metro Boomin - Curated v4.6.4 Reference,Artist References / Hip-Hop Rap & Regional,Metro Boomin,Metro Boomin Trap Melodic Trap modern_trap,A searchable Metro Boomin reference translated into artist-neutral descriptive DNA for Melodic Trap; the artist name remains UI metadata and is never sent to the writer.,Heavy Rap / Trap / Drill,Trap,Melodic Trap,,Melodic Rap and Sung Hook,Deep Male Lead,Synths + 808 Bass + Trap Drums,Clean Modern Trap Mix,,,,,,,,,,,,
Chief Keef - Curated v4.6.4 Reference,Artist References / Hip-Hop Rap & Regional,Chief Keef,Chief Keef Trap Melodic Trap modern_trap,A searchable Chief Keef reference translated into artist-neutral descriptive DNA for Melodic Trap; the artist name remains UI metadata and is never sent to the writer.,Heavy Rap / Trap / Drill,Trap,Melodic Trap,,Melodic Rap and Sung Hook,Deep Male Lead,Synths + 808 Bass + Trap Drums,Clean Modern Trap Mix,,,,,,,,,,,,
Lil Durk - Curated v4.6.4 Reference,Artist References / Hip-Hop Rap & Regional,Lil Durk,Lil Durk Trap Melodic Trap modern_trap,A searchable Lil Durk reference translated into artist-neutral descriptive DNA for Melodic Trap; the artist name remains UI metadata and is never sent to the writer.,Heavy Rap / Trap / Drill,Trap,Melodic Trap,,Melodic Rap and Sung Hook,Deep Male Lead,Synths + 808 Bass + Trap Drums,Clean Modern Trap Mix,,,,,,,,,,,,
Stormzy - Curated v4.6.4 Reference,Artist References / Hip-Hop Rap & Regional,Stormzy,Stormzy Grime Modern UK Grime uk_rap,A searchable Stormzy reference translated into artist-neutral descriptive DNA for Modern UK Grime; the artist name remains UI metadata and is never sent to the writer.,UK Drill Pressure,Grime,Modern UK Grime,,Aggressive Rap Attack,Deep Male Lead,Sliding 808 + Sparse Piano + Drill Drums,Cold Spacious Drill Mix,,,,,,,,,,,,
Stevie Wonder - Curated v4.6.4 Reference,Artist References / R&B Soul Funk & Disco,Stevie Wonder,Stevie Wonder Soul 60s Motown Soul classic_soul,A searchable Stevie Wonder reference translated into artist-neutral descriptive DNA for 60s Motown Soul; the artist name remains UI metadata and is never sent to the writer.,Acoustic Soul Storyteller,Soul,60s Motown Soul,,Soulful Runs and Melisma,Soul Trio,Piano + Organ + Bass + Soul Drums,Vintage Mono Soul Recording,,,,,,,,,,,,
Al Green - Curated v4.6.4 Reference,Artist References / R&B Soul Funk & Disco,Al Green,Al Green Soul 60s Motown Soul classic_soul,A searchable Al Green reference translated into artist-neutral descriptive DNA for 60s Motown Soul; the artist name remains UI metadata and is never sent to the writer.,Acoustic Soul Storyteller,Soul,60s Motown Soul,,Soulful Runs and Melisma,Soul Trio,Piano + Organ + Bass + Soul Drums,Vintage Mono Soul Recording,,,,,,,,,,,,
Otis Redding - Curated v4.6.4 Reference,Artist References / R&B Soul Funk & Disco,Otis Redding,Otis Redding Soul 60s Motown Soul classic_soul,A searchable Otis Redding reference translated into artist-neutral descriptive DNA for 60s Motown Soul; the artist name remains UI metadata and is never sent to the writer.,Acoustic Soul Storyteller,Soul,60s Motown Soul,,Soulful Runs and Melisma,Soul Trio,Piano + Organ + Bass + Soul Drums,Vintage Mono Soul Recording,,,,,,,,,,,,
Sam Cooke - Curated v4.6.4 Reference,Artist References / R&B Soul Funk & Disco,Sam Cooke,Sam Cooke Soul 60s Motown Soul classic_soul,A searchable Sam Cooke reference translated into artist-neutral descriptive DNA for 60s Motown Soul; the artist name remains UI metadata and is never sent to the writer.,Acoustic Soul Storyteller,Soul,60s Motown Soul,,Soulful Runs and Melisma,Soul Trio,Piano + Organ + Bass + Soul Drums,Vintage Mono Soul Recording,,,,,,,,,,,,
Donny Hathaway - Curated v4.6.4 Reference,Artist References / R&B Soul Funk & Disco,Donny Hathaway,Donny Hathaway Soul 60s Motown Soul classic_soul,A searchable Donny Hathaway reference translated into artist-neutral descriptive DNA for 60s Motown Soul; the artist name remains UI metadata and is never sent to the writer.,Acoustic Soul Storyteller,Soul,60s Motown Soul,,Soulful Runs and Melisma,Soul Trio,Piano + Organ + Bass + Soul Drums,Vintage Mono Soul Recording,,,,,,,,,,,,
Luther Vandross - Curated v4.6.4 Reference,Artist References / R&B Soul Funk & Disco,Luther Vandross,Luther Vandross Soul 60s Motown Soul classic_soul,A searchable Luther Vandross reference translated into artist-neutral descriptive DNA for 60s Motown Soul; the artist name remains UI metadata and is never sent to the writer.,Acoustic Soul Storyteller,Soul,60s Motown Soul,,Soulful Runs and Melisma,Soul Trio,Piano + Organ + Bass + Soul Drums,Vintage Mono Soul Recording,,,,,,,,,,,,
Anita Baker - Curated v4.6.4 Reference,Artist References / R&B Soul Funk & Disco,Anita Baker,Anita Baker Soul 60s Motown Soul classic_soul,A searchable Anita Baker reference translated into artist-neutral descriptive DNA for 60s Motown Soul; the artist name remains UI metadata and is never sent to the writer.,Acoustic Soul Storyteller,Soul,60s Motown Soul,,Soulful Runs and Melisma,Soul Trio,Piano + Organ + Bass + Soul Drums,Vintage Mono Soul Recording,,,,,,,,,,,,
Chaka Khan - Curated v4.6.4 Reference,Artist References / R&B Soul Funk & Disco,Chaka Khan,Chaka Khan Soul 60s Motown Soul classic_soul,A searchable Chaka Khan reference translated into artist-neutral descriptive DNA for 60s Motown Soul; the artist name remains UI metadata and is never sent to the writer.,Acoustic Soul Storyteller,Soul,60s Motown Soul,,Soulful Runs and Melisma,Soul Trio,Piano + Organ + Bass + Soul Drums,Vintage Mono Soul Recording,,,,,,,,,,,,
Diana Ross - Curated v4.6.4 Reference,Artist References / R&B Soul Funk & Disco,Diana Ross,Diana Ross Soul 60s Motown Soul classic_soul,A searchable Diana Ross reference translated into artist-neutral descriptive DNA for 60s Motown Soul; the artist name remains UI metadata and is never sent to the writer.,Acoustic Soul Storyteller,Soul,60s Motown Soul,,Soulful Runs and Melisma,Soul Trio,Piano + Organ + Bass + Soul Drums,Vintage Mono Soul Recording,,,,,,,,,,,,
The Supremes - Curated v4.6.4 Reference,Artist References / R&B Soul Funk & Disco,The Supremes,The Supremes Soul 60s Motown Soul classic_soul,A searchable The Supremes reference translated into artist-neutral descriptive DNA for 60s Motown Soul; the artist name remains UI metadata and is never sent to the writer.,Acoustic Soul Storyteller,Soul,60s Motown Soul,,Soulful Runs and Melisma,Soul Trio,Piano + Organ + Bass + Soul Drums,Vintage Mono Soul Recording,,,,,,,,,,,,
"Earth, Wind & Fire - Curated v4.6.4 Reference",Artist References / R&B Soul Funk & Disco,"Earth, Wind & Fire","Earth, Wind & Fire Funk 70s P-Funk funk","A searchable Earth, Wind & Fire reference translated into artist-neutral descriptive DNA for 70s P-Funk; the artist name remains UI metadata and is never sent to the writer.",P-Funk Mothership,Funk,70s P-Funk,,Funky Rhythmic Vocal,Call-and-Response Group,Clavinet + Horn Section + Funk Rhythm Section,Tight Dry Funk Mix,,,,,,,,,,,,
Kool & the Gang - Curated v4.6.4 Reference,Artist References / R&B Soul Funk & Disco,Kool & the Gang,Kool & the Gang Funk 70s P-Funk funk,A searchable Kool & the Gang reference translated into artist-neutral descriptive DNA for 70s P-Funk; the artist name remains UI metadata and is never sent to the writer.,P-Funk Mothership,Funk,70s P-Funk,,Funky Rhythmic Vocal,Call-and-Response Group,Clavinet + Horn Section + Funk Rhythm Section,Tight Dry Funk Mix,,,,,,,,,,,,
Parliament-Funkadelic - Curated v4.6.4 Reference,Artist References / R&B Soul Funk & Disco,Parliament-Funkadelic,Parliament-Funkadelic Funk 70s P-Funk funk,A searchable Parliament-Funkadelic reference translated into artist-neutral descriptive DNA for 70s P-Funk; the artist name remains UI metadata and is never sent to the writer.,P-Funk Mothership,Funk,70s P-Funk,,Funky Rhythmic Vocal,Call-and-Response Group,Clavinet + Horn Section + Funk Rhythm Section,Tight Dry Funk Mix,,,,,,,,,,,,
Rick James - Curated v4.6.4 Reference,Artist References / R&B Soul Funk & Disco,Rick James,Rick James Funk 70s P-Funk funk,A searchable Rick James reference translated into artist-neutral descriptive DNA for 70s P-Funk; the artist name remains UI metadata and is never sent to the writer.,P-Funk Mothership,Funk,70s P-Funk,,Funky Rhythmic Vocal,Call-and-Response Group,Clavinet + Horn Section + Funk Rhythm Section,Tight Dry Funk Mix,,,,,,,,,,,,
Jill Scott - Curated v4.6.4 Reference,Artist References / R&B Soul Funk & Disco,Jill Scott,Jill Scott Alternative R&B 2010s Alternative R&B modern_rnb,A searchable Jill Scott reference translated into artist-neutral descriptive DNA for 2010s Alternative R&B; the artist name remains UI metadata and is never sent to the writer.,Contemporary R&B Night,Alternative R&B,2010s Alternative R&B,,Silky R&B Lead,Alto Female Lead,Rhodes + Electric Bass + Pocket Drums,Vocal-Forward R&B Mix,,,,,,,,,,,,
Maxwell - Curated v4.6.4 Reference,Artist References / R&B Soul Funk & Disco,Maxwell,Maxwell Alternative R&B 2010s Alternative R&B modern_rnb,A searchable Maxwell reference translated into artist-neutral descriptive DNA for 2010s Alternative R&B; the artist name remains UI metadata and is never sent to the writer.,Contemporary R&B Night,Alternative R&B,2010s Alternative R&B,,Silky R&B Lead,Alto Female Lead,Rhodes + Electric Bass + Pocket Drums,Vocal-Forward R&B Mix,,,,,,,,,,,,
Alicia Keys - Curated v4.6.4 Reference,Artist References / R&B Soul Funk & Disco,Alicia Keys,Alicia Keys Alternative R&B 2010s Alternative R&B modern_rnb,A searchable Alicia Keys reference translated into artist-neutral descriptive DNA for 2010s Alternative R&B; the artist name remains UI metadata and is never sent to the writer.,Contemporary R&B Night,Alternative R&B,2010s Alternative R&B,,Silky R&B Lead,Alto Female Lead,Rhodes + Electric Bass + Pocket Drums,Vocal-Forward R&B Mix,,,,,,,,,,,,
Usher - Curated v4.6.4 Reference,Artist References / R&B Soul Funk & Disco,Usher,Usher Alternative R&B 2010s Alternative R&B modern_rnb,A searchable Usher reference translated into artist-neutral descriptive DNA for 2010s Alternative R&B; the artist name remains UI metadata and is never sent to the writer.,Contemporary R&B Night,Alternative R&B,2010s Alternative R&B,,Silky R&B Lead,Alto Female Lead,Rhodes + Electric Bass + Pocket Drums,Vocal-Forward R&B Mix,,,,,,,,,,,,
Mary J. Blige - Curated v4.6.4 Reference,Artist References / R&B Soul Funk & Disco,Mary J. Blige,Mary J. Blige Alternative R&B 2010s Alternative R&B modern_rnb,A searchable Mary J. Blige reference translated into artist-neutral descriptive DNA for 2010s Alternative R&B; the artist name remains UI metadata and is never sent to the writer.,Contemporary R&B Night,Alternative R&B,2010s Alternative R&B,,Silky R&B Lead,Alto Female Lead,Rhodes + Electric Bass + Pocket Drums,Vocal-Forward R&B Mix,,,,,,,,,,,,
Aaliyah - Curated v4.6.4 Reference,Artist References / R&B Soul Funk & Disco,Aaliyah,Aaliyah Alternative R&B 2010s Alternative R&B modern_rnb,A searchable Aaliyah reference translated into artist-neutral descriptive DNA for 2010s Alternative R&B; the artist name remains UI metadata and is never sent to the writer.,Contemporary R&B Night,Alternative R&B,2010s Alternative R&B,,Silky R&B Lead,Alto Female Lead,Rhodes + Electric Bass + Pocket Drums,Vocal-Forward R&B Mix,,,,,,,,,,,,
Brandy - Curated v4.6.4 Reference,Artist References / R&B Soul Funk & Disco,Brandy,Brandy Alternative R&B 2010s Alternative R&B modern_rnb,A searchable Brandy reference translated into artist-neutral descriptive DNA for 2010s Alternative R&B; the artist name remains UI metadata and is never sent to the writer.,Contemporary R&B Night,Alternative R&B,2010s Alternative R&B,,Silky R&B Lead,Alto Female Lead,Rhodes + Electric Bass + Pocket Drums,Vocal-Forward R&B Mix,,,,,,,,,,,,
Monica - Curated v4.6.4 Reference,Artist References / R&B Soul Funk & Disco,Monica,Monica Alternative R&B 2010s Alternative R&B modern_rnb,A searchable Monica reference translated into artist-neutral descriptive DNA for 2010s Alternative R&B; the artist name remains UI metadata and is never sent to the writer.,Contemporary R&B Night,Alternative R&B,2010s Alternative R&B,,Silky R&B Lead,Alto Female Lead,Rhodes + Electric Bass + Pocket Drums,Vocal-Forward R&B Mix,,,,,,,,,,,,
Jhené Aiko - Curated v4.6.4 Reference,Artist References / R&B Soul Funk & Disco,Jhené Aiko,Jhené Aiko Alternative R&B 2010s Alternative R&B modern_rnb,A searchable Jhené Aiko reference translated into artist-neutral descriptive DNA for 2010s Alternative R&B; the artist name remains UI metadata and is never sent to the writer.,Contemporary R&B Night,Alternative R&B,2010s Alternative R&B,,Silky R&B Lead,Alto Female Lead,Rhodes + Electric Bass + Pocket Drums,Vocal-Forward R&B Mix,,,,,,,,,,,,
Summer Walker - Curated v4.6.4 Reference,Artist References / R&B Soul Funk & Disco,Summer Walker,Summer Walker Alternative R&B 2010s Alternative R&B modern_rnb,A searchable Summer Walker reference translated into artist-neutral descriptive DNA for 2010s Alternative R&B; the artist name remains UI metadata and is never sent to the writer.,Contemporary R&B Night,Alternative R&B,2010s Alternative R&B,,Silky R&B Lead,Alto Female Lead,Rhodes + Electric Bass + Pocket Drums,Vocal-Forward R&B Mix,,,,,,,,,,,,
Giveon - Curated v4.6.4 Reference,Artist References / R&B Soul Funk & Disco,Giveon,Giveon Alternative R&B 2010s Alternative R&B modern_rnb,A searchable Giveon reference translated into artist-neutral descriptive DNA for 2010s Alternative R&B; the artist name remains UI metadata and is never sent to the writer.,Contemporary R&B Night,Alternative R&B,2010s Alternative R&B,,Silky R&B Lead,Alto Female Lead,Rhodes + Electric Bass + Pocket Drums,Vocal-Forward R&B Mix,,,,,,,,,,,,
Kraftwerk - Curated v4.6.4 Reference,Artist References / Electronic & Club,Kraftwerk,Kraftwerk Electronic 70s Berlin-School Electronic electronic_pioneers,A searchable Kraftwerk reference translated into artist-neutral descriptive DNA for 70s Berlin-School Electronic; the artist name remains UI metadata and is never sent to the writer.,Cinematic Synthwave,Electronic,70s Berlin-School Electronic,,Vocoder Lead with Human Doubles,Androgynous Lead,Analog Polysynths + Drum Machine + Electric Bass,Retro Synthwave Cinema Mix,,,,,,,,,,,,
Tangerine Dream - Curated v4.6.4 Reference,Artist References / Electronic & Club,Tangerine Dream,Tangerine Dream Electronic 70s Berlin-School Electronic electronic_pioneers,A searchable Tangerine Dream reference translated into artist-neutral descriptive DNA for 70s Berlin-School Electronic; the artist name remains UI metadata and is never sent to the writer.,Cinematic Synthwave,Electronic,70s Berlin-School Electronic,,Vocoder Lead with Human Doubles,Androgynous Lead,Analog Polysynths + Drum Machine + Electric Bass,Retro Synthwave Cinema Mix,,,,,,,,,,,,
Jean-Michel Jarre - Curated v4.6.4 Reference,Artist References / Electronic & Club,Jean-Michel Jarre,Jean-Michel Jarre Electronic 70s Berlin-School Electronic electronic_pioneers,A searchable Jean-Michel Jarre reference translated into artist-neutral descriptive DNA for 70s Berlin-School Electronic; the artist name remains UI metadata and is never sent to the writer.,Cinematic Synthwave,Electronic,70s Berlin-School Electronic,,Vocoder Lead with Human Doubles,Androgynous Lead,Analog Polysynths + Drum Machine + Electric Bass,Retro Synthwave Cinema Mix,,,,,,,,,,,,
Giorgio Moroder - Curated v4.6.4 Reference,Artist References / Electronic & Club,Giorgio Moroder,Giorgio Moroder Electronic 70s Berlin-School Electronic electronic_pioneers,A searchable Giorgio Moroder reference translated into artist-neutral descriptive DNA for 70s Berlin-School Electronic; the artist name remains UI metadata and is never sent to the writer.,Cinematic Synthwave,Electronic,70s Berlin-School Electronic,,Vocoder Lead with Human Doubles,Androgynous Lead,Analog Polysynths + Drum Machine + Electric Bass,Retro Synthwave Cinema Mix,,,,,,,,,,,,
The Chemical Brothers - Curated v4.6.4 Reference,Artist References / Electronic & Club,The Chemical Brothers,The Chemical Brothers Breakbeat 90s Big Beat bigbeat,A searchable The Chemical Brothers reference translated into artist-neutral descriptive DNA for 90s Big Beat; the artist name remains UI metadata and is never sent to the writer.,Industrial Dark Techno,Breakbeat,90s Big Beat,,Aggressive Rap Attack,Spoken Male Lead,Techno Kick + Rumble Bass + Modular Sequencers,Open-Air Festival Dance Mix,,,,,,,,,,,,
Fatboy Slim - Curated v4.6.4 Reference,Artist References / Electronic & Club,Fatboy Slim,Fatboy Slim Breakbeat 90s Big Beat bigbeat,A searchable Fatboy Slim reference translated into artist-neutral descriptive DNA for 90s Big Beat; the artist name remains UI metadata and is never sent to the writer.,Industrial Dark Techno,Breakbeat,90s Big Beat,,Aggressive Rap Attack,Spoken Male Lead,Techno Kick + Rumble Bass + Modular Sequencers,Open-Air Festival Dance Mix,,,,,,,,,,,,
Underworld - Curated v4.6.4 Reference,Artist References / Electronic & Club,Underworld,Underworld Breakbeat 90s Big Beat bigbeat,A searchable Underworld reference translated into artist-neutral descriptive DNA for 90s Big Beat; the artist name remains UI metadata and is never sent to the writer.,Industrial Dark Techno,Breakbeat,90s Big Beat,,Aggressive Rap Attack,Spoken Male Lead,Techno Kick + Rumble Bass + Modular Sequencers,Open-Air Festival Dance Mix,,,,,,,,,,,,
Orbital - Curated v4.6.4 Reference,Artist References / Electronic & Club,Orbital,Orbital Breakbeat 90s Big Beat bigbeat,A searchable Orbital reference translated into artist-neutral descriptive DNA for 90s Big Beat; the artist name remains UI metadata and is never sent to the writer.,Industrial Dark Techno,Breakbeat,90s Big Beat,,Aggressive Rap Attack,Spoken Male Lead,Techno Kick + Rumble Bass + Modular Sequencers,Open-Air Festival Dance Mix,,,,,,,,,,,,
Moby - Curated v4.6.4 Reference,Artist References / Electronic & Club,Moby,Moby Breakbeat 90s Big Beat bigbeat,A searchable Moby reference translated into artist-neutral descriptive DNA for 90s Big Beat; the artist name remains UI metadata and is never sent to the writer.,Industrial Dark Techno,Breakbeat,90s Big Beat,,Aggressive Rap Attack,Spoken Male Lead,Techno Kick + Rumble Bass + Modular Sequencers,Open-Air Festival Dance Mix,,,,,,,,,,,,
Röyksopp - Curated v4.6.4 Reference,Artist References / Electronic & Club,Röyksopp,Röyksopp Electronic 2000s French Electro electro,A searchable Röyksopp reference translated into artist-neutral descriptive DNA for 2000s French Electro; the artist name remains UI metadata and is never sent to the writer.,Cinematic Synthwave,Electronic,2000s French Electro,,Vocoder Lead with Human Doubles,Androgynous Lead,Analog Polysynths + Drum Machine + Electric Bass,Cold Industrial Machine Mix,,,,,,,,,,,,
Justice - Curated v4.6.4 Reference,Artist References / Electronic & Club,Justice,Justice Electronic 2000s French Electro electro,A searchable Justice reference translated into artist-neutral descriptive DNA for 2000s French Electro; the artist name remains UI metadata and is never sent to the writer.,Cinematic Synthwave,Electronic,2000s French Electro,,Vocoder Lead with Human Doubles,Androgynous Lead,Analog Polysynths + Drum Machine + Electric Bass,Cold Industrial Machine Mix,,,,,,,,,,,,
Gesaffelstein - Curated v4.6.4 Reference,Artist References / Electronic & Club,Gesaffelstein,Gesaffelstein Electronic 2000s French Electro electro,A searchable Gesaffelstein reference translated into artist-neutral descriptive DNA for 2000s French Electro; the artist name remains UI metadata and is never sent to the writer.,Cinematic Synthwave,Electronic,2000s French Electro,,Vocoder Lead with Human Doubles,Androgynous Lead,Analog Polysynths + Drum Machine + Electric Bass,Cold Industrial Machine Mix,,,,,,,,,,,,
Kavinsky - Curated v4.6.4 Reference,Artist References / Electronic & Club,Kavinsky,Kavinsky Electronic 2000s French Electro electro,A searchable Kavinsky reference translated into artist-neutral descriptive DNA for 2000s French Electro; the artist name remains UI metadata and is never sent to the writer.,Cinematic Synthwave,Electronic,2000s French Electro,,Vocoder Lead with Human Doubles,Androgynous Lead,Analog Polysynths + Drum Machine + Electric Bass,Cold Industrial Machine Mix,,,,,,,,,,,,
Carpenter Brut - Curated v4.6.4 Reference,Artist References / Electronic & Club,Carpenter Brut,Carpenter Brut Electronic 2000s French Electro electro,A searchable Carpenter Brut reference translated into artist-neutral descriptive DNA for 2000s French Electro; the artist name remains UI metadata and is never sent to the writer.,Cinematic Synthwave,Electronic,2000s French Electro,,Vocoder Lead with Human Doubles,Androgynous Lead,Analog Polysynths + Drum Machine + Electric Bass,Cold Industrial Machine Mix,,,,,,,,,,,,
Perturbator - Curated v4.6.4 Reference,Artist References / Electronic & Club,Perturbator,Perturbator Electronic 2000s French Electro electro,A searchable Perturbator reference translated into artist-neutral descriptive DNA for 2000s French Electro; the artist name remains UI metadata and is never sent to the writer.,Cinematic Synthwave,Electronic,2000s French Electro,,Vocoder Lead with Human Doubles,Androgynous Lead,Analog Polysynths + Drum Machine + Electric Bass,Cold Industrial Machine Mix,,,,,,,,,,,,
Flume - Curated v4.6.4 Reference,Artist References / Electronic & Club,Flume,Flume Electronic Modern Organic Electronica future_electronic,A searchable Flume reference translated into artist-neutral descriptive DNA for Modern Organic Electronica; the artist name remains UI metadata and is never sent to the writer.,Deep House Sunset,Electronic,Modern Organic Electronica,,Ethereal Layered Vocal,Androgynous Lead,House Piano + Disco Bass + Four-on-the-Floor Drums,Open-Air Festival Dance Mix,,,,,,,,,,,,
Disclosure - Curated v4.6.4 Reference,Artist References / Electronic & Club,Disclosure,Disclosure Electronic Modern Organic Electronica future_electronic,A searchable Disclosure reference translated into artist-neutral descriptive DNA for Modern Organic Electronica; the artist name remains UI metadata and is never sent to the writer.,Deep House Sunset,Electronic,Modern Organic Electronica,,Ethereal Layered Vocal,Androgynous Lead,House Piano + Disco Bass + Four-on-the-Floor Drums,Open-Air Festival Dance Mix,,,,,,,,,,,,
Fred again.. - Curated v4.6.4 Reference,Artist References / Electronic & Club,Fred again..,Fred again.. Electronic Modern Organic Electronica future_electronic,A searchable Fred again.. reference translated into artist-neutral descriptive DNA for Modern Organic Electronica; the artist name remains UI metadata and is never sent to the writer.,Deep House Sunset,Electronic,Modern Organic Electronica,,Ethereal Layered Vocal,Androgynous Lead,House Piano + Disco Bass + Four-on-the-Floor Drums,Open-Air Festival Dance Mix,,,,,,,,,,,,
Four Tet - Curated v4.6.4 Reference,Artist References / Electronic & Club,Four Tet,Four Tet Electronic Modern Organic Electronica future_electronic,A searchable Four Tet reference translated into artist-neutral descriptive DNA for Modern Organic Electronica; the artist name remains UI metadata and is never sent to the writer.,Deep House Sunset,Electronic,Modern Organic Electronica,,Ethereal Layered Vocal,Androgynous Lead,House Piano + Disco Bass + Four-on-the-Floor Drums,Open-Air Festival Dance Mix,,,,,,,,,,,,
Bicep - Curated v4.6.4 Reference,Artist References / Electronic & Club,Bicep,Bicep Electronic Modern Organic Electronica future_electronic,A searchable Bicep reference translated into artist-neutral descriptive DNA for Modern Organic Electronica; the artist name remains UI metadata and is never sent to the writer.,Deep House Sunset,Electronic,Modern Organic Electronica,,Ethereal Layered Vocal,Androgynous Lead,House Piano + Disco Bass + Four-on-the-Floor Drums,Open-Air Festival Dance Mix,,,,,,,,,,,,
Bonobo - Curated v4.6.4 Reference,Artist References / Electronic & Club,Bonobo,Bonobo Electronic Modern Organic Electronica future_electronic,A searchable Bonobo reference translated into artist-neutral descriptive DNA for Modern Organic Electronica; the artist name remains UI metadata and is never sent to the writer.,Deep House Sunset,Electronic,Modern Organic Electronica,,Ethereal Layered Vocal,Androgynous Lead,House Piano + Disco Bass + Four-on-the-Floor Drums,Open-Air Festival Dance Mix,,,,,,,,,,,,
Boards of Canada - Curated v4.6.4 Reference,Artist References / Electronic & Club,Boards of Canada,Boards of Canada IDM 90s Intelligent Techno idm_bass,A searchable Boards of Canada reference translated into artist-neutral descriptive DNA for 90s Intelligent Techno; the artist name remains UI metadata and is never sent to the writer.,Dark Ambient Void,IDM,90s Intelligent Techno,,Instrumental - No Vocals,Instrumental / No Lead Vocal,DnB Breaks + Reese Bass + Vocal Pads,Aggressive Neurofunk Master,,,,,,,,,,,,
Autechre - Curated v4.6.4 Reference,Artist References / Electronic & Club,Autechre,Autechre IDM 90s Intelligent Techno idm_bass,A searchable Autechre reference translated into artist-neutral descriptive DNA for 90s Intelligent Techno; the artist name remains UI metadata and is never sent to the writer.,Dark Ambient Void,IDM,90s Intelligent Techno,,Instrumental - No Vocals,Instrumental / No Lead Vocal,DnB Breaks + Reese Bass + Vocal Pads,Aggressive Neurofunk Master,,,,,,,,,,,,
Squarepusher - Curated v4.6.4 Reference,Artist References / Electronic & Club,Squarepusher,Squarepusher IDM 90s Intelligent Techno idm_bass,A searchable Squarepusher reference translated into artist-neutral descriptive DNA for 90s Intelligent Techno; the artist name remains UI metadata and is never sent to the writer.,Dark Ambient Void,IDM,90s Intelligent Techno,,Instrumental - No Vocals,Instrumental / No Lead Vocal,DnB Breaks + Reese Bass + Vocal Pads,Aggressive Neurofunk Master,,,,,,,,,,,,
Noisia - Curated v4.6.4 Reference,Artist References / Electronic & Club,Noisia,Noisia IDM 90s Intelligent Techno idm_bass,A searchable Noisia reference translated into artist-neutral descriptive DNA for 90s Intelligent Techno; the artist name remains UI metadata and is never sent to the writer.,Dark Ambient Void,IDM,90s Intelligent Techno,,Instrumental - No Vocals,Instrumental / No Lead Vocal,DnB Breaks + Reese Bass + Vocal Pads,Aggressive Neurofunk Master,,,,,,,,,,,,
Willie Nelson - Curated v4.6.4 Reference,Artist References / Country Folk & Americana,Willie Nelson,Willie Nelson Country 80s Neo-Traditional Country classic_country,A searchable Willie Nelson reference translated into artist-neutral descriptive DNA for 80s Neo-Traditional Country; the artist name remains UI metadata and is never sent to the writer.,Modern Country Road,Country,80s Neo-Traditional Country,,Country Conversational Twang,Baritone Storyteller,Pedal Steel + Telecaster + Country Rhythm Section,Modern Country Radio Mix,,,,,,,,,,,,
Waylon Jennings - Curated v4.6.4 Reference,Artist References / Country Folk & Americana,Waylon Jennings,Waylon Jennings Country 80s Neo-Traditional Country classic_country,A searchable Waylon Jennings reference translated into artist-neutral descriptive DNA for 80s Neo-Traditional Country; the artist name remains UI metadata and is never sent to the writer.,Modern Country Road,Country,80s Neo-Traditional Country,,Country Conversational Twang,Baritone Storyteller,Pedal Steel + Telecaster + Country Rhythm Section,Modern Country Radio Mix,,,,,,,,,,,,
Merle Haggard - Curated v4.6.4 Reference,Artist References / Country Folk & Americana,Merle Haggard,Merle Haggard Country 80s Neo-Traditional Country classic_country,A searchable Merle Haggard reference translated into artist-neutral descriptive DNA for 80s Neo-Traditional Country; the artist name remains UI metadata and is never sent to the writer.,Modern Country Road,Country,80s Neo-Traditional Country,,Country Conversational Twang,Baritone Storyteller,Pedal Steel + Telecaster + Country Rhythm Section,Modern Country Radio Mix,,,,,,,,,,,,
Loretta Lynn - Curated v4.6.4 Reference,Artist References / Country Folk & Americana,Loretta Lynn,Loretta Lynn Country 80s Neo-Traditional Country classic_country,A searchable Loretta Lynn reference translated into artist-neutral descriptive DNA for 80s Neo-Traditional Country; the artist name remains UI metadata and is never sent to the writer.,Modern Country Road,Country,80s Neo-Traditional Country,,Country Conversational Twang,Baritone Storyteller,Pedal Steel + Telecaster + Country Rhythm Section,Modern Country Radio Mix,,,,,,,,,,,,
Patsy Cline - Curated v4.6.4 Reference,Artist References / Country Folk & Americana,Patsy Cline,Patsy Cline Country 80s Neo-Traditional Country classic_country,A searchable Patsy Cline reference translated into artist-neutral descriptive DNA for 80s Neo-Traditional Country; the artist name remains UI metadata and is never sent to the writer.,Modern Country Road,Country,80s Neo-Traditional Country,,Country Conversational Twang,Baritone Storyteller,Pedal Steel + Telecaster + Country Rhythm Section,Modern Country Radio Mix,,,,,,,,,,,,
Reba McEntire - Curated v4.6.4 Reference,Artist References / Country Folk & Americana,Reba McEntire,Reba McEntire Country 80s Neo-Traditional Country classic_country,A searchable Reba McEntire reference translated into artist-neutral descriptive DNA for 80s Neo-Traditional Country; the artist name remains UI metadata and is never sent to the writer.,Modern Country Road,Country,80s Neo-Traditional Country,,Country Conversational Twang,Baritone Storyteller,Pedal Steel + Telecaster + Country Rhythm Section,Modern Country Radio Mix,,,,,,,,,,,,
Garth Brooks - Curated v4.6.4 Reference,Artist References / Country Folk & Americana,Garth Brooks,Garth Brooks Country 80s Neo-Traditional Country classic_country,A searchable Garth Brooks reference translated into artist-neutral descriptive DNA for 80s Neo-Traditional Country; the artist name remains UI metadata and is never sent to the writer.,Modern Country Road,Country,80s Neo-Traditional Country,,Country Conversational Twang,Baritone Storyteller,Pedal Steel + Telecaster + Country Rhythm Section,Modern Country Radio Mix,,,,,,,,,,,,
George Strait - Curated v4.6.4 Reference,Artist References / Country Folk & Americana,George Strait,George Strait Country 80s Neo-Traditional Country classic_country,A searchable George Strait reference translated into artist-neutral descriptive DNA for 80s Neo-Traditional Country; the artist name remains UI metadata and is never sent to the writer.,Modern Country Road,Country,80s Neo-Traditional Country,,Country Conversational Twang,Baritone Storyteller,Pedal Steel + Telecaster + Country Rhythm Section,Modern Country Radio Mix,,,,,,,,,,,,
Alan Jackson - Curated v4.6.4 Reference,Artist References / Country Folk & Americana,Alan Jackson,Alan Jackson Country 80s Neo-Traditional Country classic_country,A searchable Alan Jackson reference translated into artist-neutral descriptive DNA for 80s Neo-Traditional Country; the artist name remains UI metadata and is never sent to the writer.,Modern Country Road,Country,80s Neo-Traditional Country,,Country Conversational Twang,Baritone Storyteller,Pedal Steel + Telecaster + Country Rhythm Section,Modern Country Radio Mix,,,,,,,,,,,,
Kacey Musgraves - Curated v4.6.4 Reference,Artist References / Country Folk & Americana,Kacey Musgraves,Kacey Musgraves Americana Modern Americana americana,A searchable Kacey Musgraves reference translated into artist-neutral descriptive DNA for Modern Americana; the artist name remains UI metadata and is never sent to the writer.,Appalachian Folk Tale,Americana,Modern Americana,,Country Conversational Twang,Three-Part Harmony Group,Acoustic Guitar + Mandolin + Upright Bass,Rustic Americana Live Mix,,,,,,,,,,,,
Zach Bryan - Curated v4.6.4 Reference,Artist References / Country Folk & Americana,Zach Bryan,Zach Bryan Americana Modern Americana americana,A searchable Zach Bryan reference translated into artist-neutral descriptive DNA for Modern Americana; the artist name remains UI metadata and is never sent to the writer.,Appalachian Folk Tale,Americana,Modern Americana,,Country Conversational Twang,Three-Part Harmony Group,Acoustic Guitar + Mandolin + Upright Bass,Rustic Americana Live Mix,,,,,,,,,,,,
Tyler Childers - Curated v4.6.4 Reference,Artist References / Country Folk & Americana,Tyler Childers,Tyler Childers Americana Modern Americana americana,A searchable Tyler Childers reference translated into artist-neutral descriptive DNA for Modern Americana; the artist name remains UI metadata and is never sent to the writer.,Appalachian Folk Tale,Americana,Modern Americana,,Country Conversational Twang,Three-Part Harmony Group,Acoustic Guitar + Mandolin + Upright Bass,Rustic Americana Live Mix,,,,,,,,,,,,
Jason Isbell - Curated v4.6.4 Reference,Artist References / Country Folk & Americana,Jason Isbell,Jason Isbell Americana Modern Americana americana,A searchable Jason Isbell reference translated into artist-neutral descriptive DNA for Modern Americana; the artist name remains UI metadata and is never sent to the writer.,Appalachian Folk Tale,Americana,Modern Americana,,Country Conversational Twang,Three-Part Harmony Group,Acoustic Guitar + Mandolin + Upright Bass,Rustic Americana Live Mix,,,,,,,,,,,,
Brandi Carlile - Curated v4.6.4 Reference,Artist References / Country Folk & Americana,Brandi Carlile,Brandi Carlile Americana Modern Americana americana,A searchable Brandi Carlile reference translated into artist-neutral descriptive DNA for Modern Americana; the artist name remains UI metadata and is never sent to the writer.,Appalachian Folk Tale,Americana,Modern Americana,,Country Conversational Twang,Three-Part Harmony Group,Acoustic Guitar + Mandolin + Upright Bass,Rustic Americana Live Mix,,,,,,,,,,,,
Noah Kahan - Curated v4.6.4 Reference,Artist References / Country Folk & Americana,Noah Kahan,Noah Kahan Americana Modern Americana americana,A searchable Noah Kahan reference translated into artist-neutral descriptive DNA for Modern Americana; the artist name remains UI metadata and is never sent to the writer.,Appalachian Folk Tale,Americana,Modern Americana,,Country Conversational Twang,Three-Part Harmony Group,Acoustic Guitar + Mandolin + Upright Bass,Rustic Americana Live Mix,,,,,,,,,,,,
Peter Tosh - Curated v4.6.4 Reference,Artist References / Reggae Latin Afro & Global,Peter Tosh,Peter Tosh Reggae / Dancehall 70s Roots Reggae roots_reggae,A searchable Peter Tosh reference translated into artist-neutral descriptive DNA for 70s Roots Reggae; the artist name remains UI metadata and is never sent to the writer.,Roots Reggae Reflection,Reggae / Dancehall,70s Roots Reggae,,Reggae Toasting,Male Lead + Backing Trio,Dub Bass + Skank Guitar + Organ + Live Drums,Dubwise Tape Echo and Spring Reverb,,,,,,,,,,,,
Jimmy Cliff - Curated v4.6.4 Reference,Artist References / Reggae Latin Afro & Global,Jimmy Cliff,Jimmy Cliff Reggae / Dancehall 70s Roots Reggae roots_reggae,A searchable Jimmy Cliff reference translated into artist-neutral descriptive DNA for 70s Roots Reggae; the artist name remains UI metadata and is never sent to the writer.,Roots Reggae Reflection,Reggae / Dancehall,70s Roots Reggae,,Reggae Toasting,Male Lead + Backing Trio,Dub Bass + Skank Guitar + Organ + Live Drums,Dubwise Tape Echo and Spring Reverb,,,,,,,,,,,,
Toots and the Maytals - Curated v4.6.4 Reference,Artist References / Reggae Latin Afro & Global,Toots and the Maytals,Toots and the Maytals Reggae / Dancehall 70s Roots Reggae roots_reggae,A searchable Toots and the Maytals reference translated into artist-neutral descriptive DNA for 70s Roots Reggae; the artist name remains UI metadata and is never sent to the writer.,Roots Reggae Reflection,Reggae / Dancehall,70s Roots Reggae,,Reggae Toasting,Male Lead + Backing Trio,Dub Bass + Skank Guitar + Organ + Live Drums,Dubwise Tape Echo and Spring Reverb,,,,,,,,,,,,
Damian Marley - Curated v4.6.4 Reference,Artist References / Reggae Latin Afro & Global,Damian Marley,Damian Marley Reggae / Dancehall 70s Roots Reggae roots_reggae,A searchable Damian Marley reference translated into artist-neutral descriptive DNA for 70s Roots Reggae; the artist name remains UI metadata and is never sent to the writer.,Roots Reggae Reflection,Reggae / Dancehall,70s Roots Reggae,,Reggae Toasting,Male Lead + Backing Trio,Dub Bass + Skank Guitar + Organ + Live Drums,Dubwise Tape Echo and Spring Reverb,,,,,,,,,,,,
Shaggy - Curated v4.6.4 Reference,Artist References / Reggae Latin Afro & Global,Shaggy,Shaggy Reggae / Dancehall 70s Roots Reggae roots_reggae,A searchable Shaggy reference translated into artist-neutral descriptive DNA for 70s Roots Reggae; the artist name remains UI metadata and is never sent to the writer.,Roots Reggae Reflection,Reggae / Dancehall,70s Roots Reggae,,Reggae Toasting,Male Lead + Backing Trio,Dub Bass + Skank Guitar + Organ + Live Drums,Dubwise Tape Echo and Spring Reverb,,,,,,,,,,,,
Wizkid - Curated v4.6.4 Reference,Artist References / Reggae Latin Afro & Global,Wizkid,Wizkid Afrobeats Nigerian Afrobeats afro,A searchable Wizkid reference translated into artist-neutral descriptive DNA for Nigerian Afrobeats; the artist name remains UI metadata and is never sent to the writer.,Afrobeat Golden Hour,Afrobeats,Nigerian Afrobeats,,Funky Rhythmic Vocal,Call-and-Response Group,Afrobeats Guitars + Shakers + Bass + Horns,Crisp Afrobeats Radio Mix,,,,,,,,,,,,
Davido - Curated v4.6.4 Reference,Artist References / Reggae Latin Afro & Global,Davido,Davido Afrobeats Nigerian Afrobeats afro,A searchable Davido reference translated into artist-neutral descriptive DNA for Nigerian Afrobeats; the artist name remains UI metadata and is never sent to the writer.,Afrobeat Golden Hour,Afrobeats,Nigerian Afrobeats,,Funky Rhythmic Vocal,Call-and-Response Group,Afrobeats Guitars + Shakers + Bass + Horns,Crisp Afrobeats Radio Mix,,,,,,,,,,,,
Tems - Curated v4.6.4 Reference,Artist References / Reggae Latin Afro & Global,Tems,Tems Afrobeats Nigerian Afrobeats afro,A searchable Tems reference translated into artist-neutral descriptive DNA for Nigerian Afrobeats; the artist name remains UI metadata and is never sent to the writer.,Afrobeat Golden Hour,Afrobeats,Nigerian Afrobeats,,Funky Rhythmic Vocal,Call-and-Response Group,Afrobeats Guitars + Shakers + Bass + Horns,Crisp Afrobeats Radio Mix,,,,,,,,,,,,
Rema - Curated v4.6.4 Reference,Artist References / Reggae Latin Afro & Global,Rema,Rema Afrobeats Nigerian Afrobeats afro,A searchable Rema reference translated into artist-neutral descriptive DNA for Nigerian Afrobeats; the artist name remains UI metadata and is never sent to the writer.,Afrobeat Golden Hour,Afrobeats,Nigerian Afrobeats,,Funky Rhythmic Vocal,Call-and-Response Group,Afrobeats Guitars + Shakers + Bass + Horns,Crisp Afrobeats Radio Mix,,,,,,,,,,,,
Tyla - Curated v4.6.4 Reference,Artist References / Reggae Latin Afro & Global,Tyla,Tyla Afrobeats Nigerian Afrobeats afro,A searchable Tyla reference translated into artist-neutral descriptive DNA for Nigerian Afrobeats; the artist name remains UI metadata and is never sent to the writer.,Afrobeat Golden Hour,Afrobeats,Nigerian Afrobeats,,Funky Rhythmic Vocal,Call-and-Response Group,Afrobeats Guitars + Shakers + Bass + Horns,Crisp Afrobeats Radio Mix,,,,,,,,,,,,
Karol G - Curated v4.6.4 Reference,Artist References / Reggae Latin Afro & Global,Karol G,Karol G Latin / Reggaeton Modern Reggaeton latin,A searchable Karol G reference translated into artist-neutral descriptive DNA for Modern Reggaeton; the artist name remains UI metadata and is never sent to the writer.,Reggaeton Neon,Latin / Reggaeton,Modern Reggaeton,,Dance-Pop Club Vocal,Male/Female Duet,Dembow Drums + Sub Bass + Bright Synth Plucks,Polished Streaming Pop Master,,,,,,,,,,,,
J Balvin - Curated v4.6.4 Reference,Artist References / Reggae Latin Afro & Global,J Balvin,J Balvin Latin / Reggaeton Modern Reggaeton latin,A searchable J Balvin reference translated into artist-neutral descriptive DNA for Modern Reggaeton; the artist name remains UI metadata and is never sent to the writer.,Reggaeton Neon,Latin / Reggaeton,Modern Reggaeton,,Dance-Pop Club Vocal,Male/Female Duet,Dembow Drums + Sub Bass + Bright Synth Plucks,Polished Streaming Pop Master,,,,,,,,,,,,
Daddy Yankee - Curated v4.6.4 Reference,Artist References / Reggae Latin Afro & Global,Daddy Yankee,Daddy Yankee Latin / Reggaeton Modern Reggaeton latin,A searchable Daddy Yankee reference translated into artist-neutral descriptive DNA for Modern Reggaeton; the artist name remains UI metadata and is never sent to the writer.,Reggaeton Neon,Latin / Reggaeton,Modern Reggaeton,,Dance-Pop Club Vocal,Male/Female Duet,Dembow Drums + Sub Bass + Bright Synth Plucks,Polished Streaming Pop Master,,,,,,,,,,,,
Rosalía - Curated v4.6.4 Reference,Artist References / Reggae Latin Afro & Global,Rosalía,Rosalía Latin / Reggaeton Modern Reggaeton latin,A searchable Rosalía reference translated into artist-neutral descriptive DNA for Modern Reggaeton; the artist name remains UI metadata and is never sent to the writer.,Reggaeton Neon,Latin / Reggaeton,Modern Reggaeton,,Dance-Pop Club Vocal,Male/Female Duet,Dembow Drums + Sub Bass + Bright Synth Plucks,Polished Streaming Pop Master,,,,,,,,,,,,
Shakira - Curated v4.6.4 Reference,Artist References / Reggae Latin Afro & Global,Shakira,Shakira Latin / Reggaeton Modern Reggaeton latin,A searchable Shakira reference translated into artist-neutral descriptive DNA for Modern Reggaeton; the artist name remains UI metadata and is never sent to the writer.,Reggaeton Neon,Latin / Reggaeton,Modern Reggaeton,,Dance-Pop Club Vocal,Male/Female Duet,Dembow Drums + Sub Bass + Bright Synth Plucks,Polished Streaming Pop Master,,,,,,,,,,,,
Duke Ellington - Curated v4.6.4 Reference,Artist References / Jazz Blues Cinematic & Vocal,Duke Ellington,Duke Ellington Jazz 50s Hard Bop jazz,A searchable Duke Ellington reference translated into artist-neutral descriptive DNA for 50s Hard Bop; the artist name remains UI metadata and is never sent to the writer.,Late-Night Jazz Club,Jazz,50s Hard Bop,,Jazz Torch-Song Phrasing,Mature Smoky Female Lead,Saxophone + Piano + Upright Bass + Brushes,Natural Jazz Club Recording,,,,,,,,,,,,
Thelonious Monk - Curated v4.6.4 Reference,Artist References / Jazz Blues Cinematic & Vocal,Thelonious Monk,Thelonious Monk Jazz 50s Hard Bop jazz,A searchable Thelonious Monk reference translated into artist-neutral descriptive DNA for 50s Hard Bop; the artist name remains UI metadata and is never sent to the writer.,Late-Night Jazz Club,Jazz,50s Hard Bop,,Jazz Torch-Song Phrasing,Mature Smoky Female Lead,Saxophone + Piano + Upright Bass + Brushes,Natural Jazz Club Recording,,,,,,,,,,,,
Charlie Parker - Curated v4.6.4 Reference,Artist References / Jazz Blues Cinematic & Vocal,Charlie Parker,Charlie Parker Jazz 50s Hard Bop jazz,A searchable Charlie Parker reference translated into artist-neutral descriptive DNA for 50s Hard Bop; the artist name remains UI metadata and is never sent to the writer.,Late-Night Jazz Club,Jazz,50s Hard Bop,,Jazz Torch-Song Phrasing,Mature Smoky Female Lead,Saxophone + Piano + Upright Bass + Brushes,Natural Jazz Club Recording,,,,,,,,,,,,
Ella Fitzgerald - Curated v4.6.4 Reference,Artist References / Jazz Blues Cinematic & Vocal,Ella Fitzgerald,Ella Fitzgerald Jazz 50s Hard Bop jazz,A searchable Ella Fitzgerald reference translated into artist-neutral descriptive DNA for 50s Hard Bop; the artist name remains UI metadata and is never sent to the writer.,Late-Night Jazz Club,Jazz,50s Hard Bop,,Jazz Torch-Song Phrasing,Mature Smoky Female Lead,Saxophone + Piano + Upright Bass + Brushes,Natural Jazz Club Recording,,,,,,,,,,,,
Billie Holiday - Curated v4.6.4 Reference,Artist References / Jazz Blues Cinematic & Vocal,Billie Holiday,Billie Holiday Jazz 50s Hard Bop jazz,A searchable Billie Holiday reference translated into artist-neutral descriptive DNA for 50s Hard Bop; the artist name remains UI metadata and is never sent to the writer.,Late-Night Jazz Club,Jazz,50s Hard Bop,,Jazz Torch-Song Phrasing,Mature Smoky Female Lead,Saxophone + Piano + Upright Bass + Brushes,Natural Jazz Club Recording,,,,,,,,,,,,
Nina Simone - Curated v4.6.4 Reference,Artist References / Jazz Blues Cinematic & Vocal,Nina Simone,Nina Simone Jazz 50s Hard Bop jazz,A searchable Nina Simone reference translated into artist-neutral descriptive DNA for 50s Hard Bop; the artist name remains UI metadata and is never sent to the writer.,Late-Night Jazz Club,Jazz,50s Hard Bop,,Jazz Torch-Song Phrasing,Mature Smoky Female Lead,Saxophone + Piano + Upright Bass + Brushes,Natural Jazz Club Recording,,,,,,,,,,,,
Sarah Vaughan - Curated v4.6.4 Reference,Artist References / Jazz Blues Cinematic & Vocal,Sarah Vaughan,Sarah Vaughan Jazz 50s Hard Bop jazz,A searchable Sarah Vaughan reference translated into artist-neutral descriptive DNA for 50s Hard Bop; the artist name remains UI metadata and is never sent to the writer.,Late-Night Jazz Club,Jazz,50s Hard Bop,,Jazz Torch-Song Phrasing,Mature Smoky Female Lead,Saxophone + Piano + Upright Bass + Brushes,Natural Jazz Club Recording,,,,,,,,,,,,
Chet Baker - Curated v4.6.4 Reference,Artist References / Jazz Blues Cinematic & Vocal,Chet Baker,Chet Baker Jazz 50s Hard Bop jazz,A searchable Chet Baker reference translated into artist-neutral descriptive DNA for 50s Hard Bop; the artist name remains UI metadata and is never sent to the writer.,Late-Night Jazz Club,Jazz,50s Hard Bop,,Jazz Torch-Song Phrasing,Mature Smoky Female Lead,Saxophone + Piano + Upright Bass + Brushes,Natural Jazz Club Recording,,,,,,,,,,,,
Muddy Waters - Curated v4.6.4 Reference,Artist References / Jazz Blues Cinematic & Vocal,Muddy Waters,Muddy Waters Blues Chicago Electric Blues blues,A searchable Muddy Waters reference translated into artist-neutral descriptive DNA for Chicago Electric Blues; the artist name remains UI metadata and is never sent to the writer.,Chicago Blues Confession,Blues,Chicago Electric Blues,,Raspy Blues Delivery,Baritone Storyteller,Blues Guitar + Hammond Organ + Shuffle Rhythm Section,Natural Rehearsal-Room Recording,,,,,,,,,,,,
Howlin' Wolf - Curated v4.6.4 Reference,Artist References / Jazz Blues Cinematic & Vocal,Howlin' Wolf,Howlin' Wolf Blues Chicago Electric Blues blues,A searchable Howlin' Wolf reference translated into artist-neutral descriptive DNA for Chicago Electric Blues; the artist name remains UI metadata and is never sent to the writer.,Chicago Blues Confession,Blues,Chicago Electric Blues,,Raspy Blues Delivery,Baritone Storyteller,Blues Guitar + Hammond Organ + Shuffle Rhythm Section,Natural Rehearsal-Room Recording,,,,,,,,,,,,
Etta James - Curated v4.6.4 Reference,Artist References / Jazz Blues Cinematic & Vocal,Etta James,Etta James Blues Chicago Electric Blues blues,A searchable Etta James reference translated into artist-neutral descriptive DNA for Chicago Electric Blues; the artist name remains UI metadata and is never sent to the writer.,Chicago Blues Confession,Blues,Chicago Electric Blues,,Raspy Blues Delivery,Baritone Storyteller,Blues Guitar + Hammond Organ + Shuffle Rhythm Section,Natural Rehearsal-Room Recording,,,,,,,,,,,,
Ray Charles - Curated v4.6.4 Reference,Artist References / Jazz Blues Cinematic & Vocal,Ray Charles,Ray Charles Blues Chicago Electric Blues blues,A searchable Ray Charles reference translated into artist-neutral descriptive DNA for Chicago Electric Blues; the artist name remains UI metadata and is never sent to the writer.,Chicago Blues Confession,Blues,Chicago Electric Blues,,Raspy Blues Delivery,Baritone Storyteller,Blues Guitar + Hammond Organ + Shuffle Rhythm Section,Natural Rehearsal-Room Recording,,,,,,,,,,,,
Danny Elfman - Curated v4.6.4 Reference,Artist References / Jazz Blues Cinematic & Vocal,Danny Elfman,Danny Elfman Film Score Modern Hybrid Trailer cinematic,A searchable Danny Elfman reference translated into artist-neutral descriptive DNA for Modern Hybrid Trailer; the artist name remains UI metadata and is never sent to the writer.,Epic Trailer Last Stand,Film Score,Modern Hybrid Trailer,,Choir-Only Performance,Large Gospel Choir,Full Orchestra + Choir + Taiko,Massive Hybrid Trailer Mix,,,,,,,,,,,,
Howard Shore - Curated v4.6.4 Reference,Artist References / Jazz Blues Cinematic & Vocal,Howard Shore,Howard Shore Film Score Modern Hybrid Trailer cinematic,A searchable Howard Shore reference translated into artist-neutral descriptive DNA for Modern Hybrid Trailer; the artist name remains UI metadata and is never sent to the writer.,Epic Trailer Last Stand,Film Score,Modern Hybrid Trailer,,Choir-Only Performance,Large Gospel Choir,Full Orchestra + Choir + Taiko,Massive Hybrid Trailer Mix,,,,,,,,,,,,
Two Steps from Hell - Curated v4.6.4 Reference,Artist References / Jazz Blues Cinematic & Vocal,Two Steps from Hell,Two Steps from Hell Film Score Modern Hybrid Trailer cinematic,A searchable Two Steps from Hell reference translated into artist-neutral descriptive DNA for Modern Hybrid Trailer; the artist name remains UI metadata and is never sent to the writer.,Epic Trailer Last Stand,Film Score,Modern Hybrid Trailer,,Choir-Only Performance,Large Gospel Choir,Full Orchestra + Choir + Taiko,Massive Hybrid Trailer Mix,,,,,,,,,,,,
